ISO-10303-21;
HEADER;
/* Generated by software containing ST-Developer
 * from STEP Tools, Inc. (www.steptools.com) 
 */
/* OPTION: strings as raw bytes, not using required /X/ escapes */

FILE_DESCRIPTION(
/* description */ ('Unknown'),
/* implementation_level */ '2;1');

FILE_NAME(
/* name */ 'EVQ-V5B00215B',
/* time_stamp */ '2024-08-12T19:00:24+02:00',
/* author */ ('Unknown'),
/* organization */ ('Unknown'),
/* preprocessor_version */ 'ST-DEVELOPER v18.102',
/* originating_system */ 'Solid Edge',
/* authorisation */ 'Unknown');

FILE_SCHEMA (('AUTOMOTIVE_DESIGN {1 0 10303 214 3 1 1}'));
ENDSEC;

DATA;
#10=PROPERTY_DEFINITION_REPRESENTATION(#14,#12);
#11=PROPERTY_DEFINITION_REPRESENTATION(#15,#13);
#12=REPRESENTATION('',(#16),#14668);
#13=REPRESENTATION('',(#17),#14668);
#14=PROPERTY_DEFINITION('pmi validation property','',#14673);
#15=PROPERTY_DEFINITION('pmi validation property','',#14673);
#16=VALUE_REPRESENTATION_ITEM('number of annotations',COUNT_MEASURE(0.));
#17=VALUE_REPRESENTATION_ITEM('number of views',COUNT_MEASURE(0.));
#18=B_SPLINE_CURVE_WITH_KNOTS('',3,(#14468,#14469,#14470,#14471),
 .UNSPECIFIED.,.F.,.F.,(4,4),(4.79292169255294E-18,0.000506623103571682),
 .UNSPECIFIED.);
#19=B_SPLINE_CURVE_WITH_KNOTS('',3,(#14476,#14477,#14478,#14479),
 .UNSPECIFIED.,.F.,.F.,(4,4),(0.,0.000498198947321691),.UNSPECIFIED.);
#20=B_SPLINE_CURVE_WITH_KNOTS('',3,(#14492,#14493,#14494,#14495),
 .UNSPECIFIED.,.F.,.F.,(4,4),(5.51159802245456E-18,0.000498198947321687),
 .UNSPECIFIED.);
#21=B_SPLINE_CURVE_WITH_KNOTS('',3,(#14500,#14501,#14502,#14503),
 .UNSPECIFIED.,.F.,.F.,(4,4),(0.,0.000516365627675322),.UNSPECIFIED.);
#22=B_SPLINE_CURVE_WITH_KNOTS('',3,(#14516,#14517,#14518,#14519),
 .UNSPECIFIED.,.F.,.F.,(4,4),(4.68219709568442E-18,0.000516365627675318),
 .UNSPECIFIED.);
#23=B_SPLINE_CURVE_WITH_KNOTS('',3,(#14524,#14525,#14526,#14527),
 .UNSPECIFIED.,.F.,.F.,(4,4),(0.,0.000498198947321691),.UNSPECIFIED.);
#24=B_SPLINE_CURVE_WITH_KNOTS('',3,(#14571,#14572,#14573,#14574),
 .UNSPECIFIED.,.F.,.F.,(4,4),(4.86835751033697E-18,0.000498198947321687),
 .UNSPECIFIED.);
#25=B_SPLINE_CURVE_WITH_KNOTS('',3,(#14578,#14579,#14580,#14581),
 .UNSPECIFIED.,.F.,.F.,(4,4),(0.,0.000506623103571685),.UNSPECIFIED.);
#26=SHAPE_REPRESENTATION_RELATIONSHIP('','',#9665,#27);
#27=ADVANCED_BREP_SHAPE_REPRESENTATION('',(#9662,#9663),#14668);
#28=ELLIPSE('',#9734,15.0930470492102,10.425);
#29=ELLIPSE('',#9736,15.0930470492102,10.425);
#30=ELLIPSE('',#9739,15.0930470492102,10.425);
#31=ELLIPSE('',#9741,15.0930470492102,10.425);
#32=ELLIPSE('',#9853,15.8531285552856,10.95);
#33=ELLIPSE('',#9859,15.8531285552856,10.95);
#34=ELLIPSE('',#9865,49.2588013283948,10.95);
#35=ELLIPSE('',#9871,15.8531285552856,10.95);
#36=ELLIPSE('',#9877,15.8531285552856,10.95);
#37=ELLIPSE('',#9891,49.2588013283948,10.95);
#38=LINE('',#12511,#769);
#39=LINE('',#12514,#770);
#40=LINE('',#12516,#771);
#41=LINE('',#12518,#772);
#42=LINE('',#12520,#773);
#43=LINE('',#12523,#774);
#44=LINE('',#12525,#775);
#45=LINE('',#12527,#776);
#46=LINE('',#12529,#777);
#47=LINE('',#12532,#778);
#48=LINE('',#12533,#779);
#49=LINE('',#12535,#780);
#50=LINE('',#12536,#781);
#51=LINE('',#12538,#782);
#52=LINE('',#12540,#783);
#53=LINE('',#12542,#784);
#54=LINE('',#12544,#785);
#55=LINE('',#12547,#786);
#56=LINE('',#12549,#787);
#57=LINE('',#12551,#788);
#58=LINE('',#12553,#789);
#59=LINE('',#12556,#790);
#60=LINE('',#12558,#791);
#61=LINE('',#12560,#792);
#62=LINE('',#12562,#793);
#63=LINE('',#12564,#794);
#64=LINE('',#12566,#795);
#65=LINE('',#12568,#796);
#66=LINE('',#12571,#797);
#67=LINE('',#12572,#798);
#68=LINE('',#12574,#799);
#69=LINE('',#12575,#800);
#70=LINE('',#12577,#801);
#71=LINE('',#12580,#802);
#72=LINE('',#12582,#803);
#73=LINE('',#12584,#804);
#74=LINE('',#12586,#805);
#75=LINE('',#12589,#806);
#76=LINE('',#12591,#807);
#77=LINE('',#12593,#808);
#78=LINE('',#12595,#809);
#79=LINE('',#12598,#810);
#80=LINE('',#12599,#811);
#81=LINE('',#12601,#812);
#82=LINE('',#12604,#813);
#83=LINE('',#12605,#814);
#84=LINE('',#12607,#815);
#85=LINE('',#12608,#816);
#86=LINE('',#12619,#817);
#87=LINE('',#12623,#818);
#88=LINE('',#12625,#819);
#89=LINE('',#12627,#820);
#90=LINE('',#12629,#821);
#91=LINE('',#12631,#822);
#92=LINE('',#12633,#823);
#93=LINE('',#12635,#824);
#94=LINE('',#12637,#825);
#95=LINE('',#12639,#826);
#96=LINE('',#12641,#827);
#97=LINE('',#12643,#828);
#98=LINE('',#12645,#829);
#99=LINE('',#12647,#830);
#100=LINE('',#12651,#831);
#101=LINE('',#12658,#832);
#102=LINE('',#12662,#833);
#103=LINE('',#12667,#834);
#104=LINE('',#12671,#835);
#105=LINE('',#12673,#836);
#106=LINE('',#12675,#837);
#107=LINE('',#12677,#838);
#108=LINE('',#12682,#839);
#109=LINE('',#12686,#840);
#110=LINE('',#12688,#841);
#111=LINE('',#12689,#842);
#112=LINE('',#12691,#843);
#113=LINE('',#12693,#844);
#114=LINE('',#12695,#845);
#115=LINE('',#12697,#846);
#116=LINE('',#12699,#847);
#117=LINE('',#12701,#848);
#118=LINE('',#12703,#849);
#119=LINE('',#12705,#850);
#120=LINE('',#12707,#851);
#121=LINE('',#12712,#852);
#122=LINE('',#12716,#853);
#123=LINE('',#12718,#854);
#124=LINE('',#12719,#855);
#125=LINE('',#12721,#856);
#126=LINE('',#12723,#857);
#127=LINE('',#12725,#858);
#128=LINE('',#12727,#859);
#129=LINE('',#12729,#860);
#130=LINE('',#12731,#861);
#131=LINE('',#12736,#862);
#132=LINE('',#12740,#863);
#133=LINE('',#12745,#864);
#134=LINE('',#12749,#865);
#135=LINE('',#12756,#866);
#136=LINE('',#12760,#867);
#137=LINE('',#12769,#868);
#138=LINE('',#12773,#869);
#139=LINE('',#12780,#870);
#140=LINE('',#12784,#871);
#141=LINE('',#12789,#872);
#142=LINE('',#12793,#873);
#143=LINE('',#12797,#874);
#144=LINE('',#12801,#875);
#145=LINE('',#12806,#876);
#146=LINE('',#12810,#877);
#147=LINE('',#12814,#878);
#148=LINE('',#12818,#879);
#149=LINE('',#12825,#880);
#150=LINE('',#12827,#881);
#151=LINE('',#12829,#882);
#152=LINE('',#12831,#883);
#153=LINE('',#12833,#884);
#154=LINE('',#12835,#885);
#155=LINE('',#12837,#886);
#156=LINE('',#12841,#887);
#157=LINE('',#12843,#888);
#158=LINE('',#12845,#889);
#159=LINE('',#12847,#890);
#160=LINE('',#12849,#891);
#161=LINE('',#12862,#892);
#162=LINE('',#12866,#893);
#163=LINE('',#12868,#894);
#164=LINE('',#12873,#895);
#165=LINE('',#12877,#896);
#166=LINE('',#12879,#897);
#167=LINE('',#12880,#898);
#168=LINE('',#12884,#899);
#169=LINE('',#12886,#900);
#170=LINE('',#12888,#901);
#171=LINE('',#12890,#902);
#172=LINE('',#12894,#903);
#173=LINE('',#12898,#904);
#174=LINE('',#12900,#905);
#175=LINE('',#12902,#906);
#176=LINE('',#12904,#907);
#177=LINE('',#12906,#908);
#178=LINE('',#12908,#909);
#179=LINE('',#12910,#910);
#180=LINE('',#12912,#911);
#181=LINE('',#12914,#912);
#182=LINE('',#12918,#913);
#183=LINE('',#12923,#914);
#184=LINE('',#12927,#915);
#185=LINE('',#12929,#916);
#186=LINE('',#12931,#917);
#187=LINE('',#12932,#918);
#188=LINE('',#12936,#919);
#189=LINE('',#12938,#920);
#190=LINE('',#12940,#921);
#191=LINE('',#12942,#922);
#192=LINE('',#12948,#923);
#193=LINE('',#12950,#924);
#194=LINE('',#12952,#925);
#195=LINE('',#12956,#926);
#196=LINE('',#12961,#927);
#197=LINE('',#12965,#928);
#198=LINE('',#12967,#929);
#199=LINE('',#12968,#930);
#200=LINE('',#12972,#931);
#201=LINE('',#12974,#932);
#202=LINE('',#12976,#933);
#203=LINE('',#12978,#934);
#204=LINE('',#12982,#935);
#205=LINE('',#12986,#936);
#206=LINE('',#12988,#937);
#207=LINE('',#12990,#938);
#208=LINE('',#12992,#939);
#209=LINE('',#12994,#940);
#210=LINE('',#12996,#941);
#211=LINE('',#12998,#942);
#212=LINE('',#13000,#943);
#213=LINE('',#13002,#944);
#214=LINE('',#13004,#945);
#215=LINE('',#13006,#946);
#216=LINE('',#13008,#947);
#217=LINE('',#13010,#948);
#218=LINE('',#13012,#949);
#219=LINE('',#13014,#950);
#220=LINE('',#13016,#951);
#221=LINE('',#13021,#952);
#222=LINE('',#13022,#953);
#223=LINE('',#13027,#954);
#224=LINE('',#13031,#955);
#225=LINE('',#13033,#956);
#226=LINE('',#13035,#957);
#227=LINE('',#13036,#958);
#228=LINE('',#13040,#959);
#229=LINE('',#13042,#960);
#230=LINE('',#13044,#961);
#231=LINE('',#13046,#962);
#232=LINE('',#13052,#963);
#233=LINE('',#13057,#964);
#234=LINE('',#13061,#965);
#235=LINE('',#13063,#966);
#236=LINE('',#13065,#967);
#237=LINE('',#13067,#968);
#238=LINE('',#13073,#969);
#239=LINE('',#13075,#970);
#240=LINE('',#13076,#971);
#241=LINE('',#13081,#972);
#242=LINE('',#13085,#973);
#243=LINE('',#13087,#974);
#244=LINE('',#13090,#975);
#245=LINE('',#13091,#976);
#246=LINE('',#13097,#977);
#247=LINE('',#13099,#978);
#248=LINE('',#13100,#979);
#249=LINE('',#13102,#980);
#250=LINE('',#13104,#981);
#251=LINE('',#13106,#982);
#252=LINE('',#13108,#983);
#253=LINE('',#13112,#984);
#254=LINE('',#13114,#985);
#255=LINE('',#13116,#986);
#256=LINE('',#13120,#987);
#257=LINE('',#13122,#988);
#258=LINE('',#13124,#989);
#259=LINE('',#13128,#990);
#260=LINE('',#13130,#991);
#261=LINE('',#13132,#992);
#262=LINE('',#13136,#993);
#263=LINE('',#13138,#994);
#264=LINE('',#13140,#995);
#265=LINE('',#13142,#996);
#266=LINE('',#13144,#997);
#267=LINE('',#13148,#998);
#268=LINE('',#13150,#999);
#269=LINE('',#13155,#1000);
#270=LINE('',#13157,#1001);
#271=LINE('',#13159,#1002);
#272=LINE('',#13161,#1003);
#273=LINE('',#13163,#1004);
#274=LINE('',#13167,#1005);
#275=LINE('',#13169,#1006);
#276=LINE('',#13171,#1007);
#277=LINE('',#13175,#1008);
#278=LINE('',#13177,#1009);
#279=LINE('',#13179,#1010);
#280=LINE('',#13183,#1011);
#281=LINE('',#13185,#1012);
#282=LINE('',#13187,#1013);
#283=LINE('',#13191,#1014);
#284=LINE('',#13198,#1015);
#285=LINE('',#13203,#1016);
#286=LINE('',#13205,#1017);
#287=LINE('',#13207,#1018);
#288=LINE('',#13211,#1019);
#289=LINE('',#13213,#1020);
#290=LINE('',#13215,#1021);
#291=LINE('',#13224,#1022);
#292=LINE('',#13229,#1023);
#293=LINE('',#13233,#1024);
#294=LINE('',#13236,#1025);
#295=LINE('',#13237,#1026);
#296=LINE('',#13239,#1027);
#297=LINE('',#13245,#1028);
#298=LINE('',#13248,#1029);
#299=LINE('',#13250,#1030);
#300=LINE('',#13252,#1031);
#301=LINE('',#13254,#1032);
#302=LINE('',#13257,#1033);
#303=LINE('',#13259,#1034);
#304=LINE('',#13261,#1035);
#305=LINE('',#13266,#1036);
#306=LINE('',#13270,#1037);
#307=LINE('',#13272,#1038);
#308=LINE('',#13274,#1039);
#309=LINE('',#13276,#1040);
#310=LINE('',#13282,#1041);
#311=LINE('',#13284,#1042);
#312=LINE('',#13287,#1043);
#313=LINE('',#13289,#1044);
#314=LINE('',#13291,#1045);
#315=LINE('',#13293,#1046);
#316=LINE('',#13296,#1047);
#317=LINE('',#13298,#1048);
#318=LINE('',#13300,#1049);
#319=LINE('',#13302,#1050);
#320=LINE('',#13305,#1051);
#321=LINE('',#13307,#1052);
#322=LINE('',#13309,#1053);
#323=LINE('',#13311,#1054);
#324=LINE('',#13316,#1055);
#325=LINE('',#13320,#1056);
#326=LINE('',#13323,#1057);
#327=LINE('',#13324,#1058);
#328=LINE('',#13326,#1059);
#329=LINE('',#13332,#1060);
#330=LINE('',#13335,#1061);
#331=LINE('',#13337,#1062);
#332=LINE('',#13339,#1063);
#333=LINE('',#13341,#1064);
#334=LINE('',#13344,#1065);
#335=LINE('',#13346,#1066);
#336=LINE('',#13348,#1067);
#337=LINE('',#13350,#1068);
#338=LINE('',#13355,#1069);
#339=LINE('',#13359,#1070);
#340=LINE('',#13362,#1071);
#341=LINE('',#13363,#1072);
#342=LINE('',#13365,#1073);
#343=LINE('',#13371,#1074);
#344=LINE('',#13374,#1075);
#345=LINE('',#13376,#1076);
#346=LINE('',#13378,#1077);
#347=LINE('',#13383,#1078);
#348=LINE('',#13384,#1079);
#349=LINE('',#13397,#1080);
#350=LINE('',#13400,#1081);
#351=LINE('',#13402,#1082);
#352=LINE('',#13404,#1083);
#353=LINE('',#13406,#1084);
#354=LINE('',#13409,#1085);
#355=LINE('',#13410,#1086);
#356=LINE('',#13414,#1087);
#357=LINE('',#13416,#1088);
#358=LINE('',#13418,#1089);
#359=LINE('',#13424,#1090);
#360=LINE('',#13426,#1091);
#361=LINE('',#13428,#1092);
#362=LINE('',#13430,#1093);
#363=LINE('',#13434,#1094);
#364=LINE('',#13438,#1095);
#365=LINE('',#13440,#1096);
#366=LINE('',#13442,#1097);
#367=LINE('',#13446,#1098);
#368=LINE('',#13450,#1099);
#369=LINE('',#13452,#1100);
#370=LINE('',#13453,#1101);
#371=LINE('',#13457,#1102);
#372=LINE('',#13465,#1103);
#373=LINE('',#13467,#1104);
#374=LINE('',#13469,#1105);
#375=LINE('',#13471,#1106);
#376=LINE('',#13473,#1107);
#377=LINE('',#13479,#1108);
#378=LINE('',#13482,#1109);
#379=LINE('',#13483,#1110);
#380=LINE('',#13485,#1111);
#381=LINE('',#13491,#1112);
#382=LINE('',#13493,#1113);
#383=LINE('',#13495,#1114);
#384=LINE('',#13501,#1115);
#385=LINE('',#13505,#1116);
#386=LINE('',#13508,#1117);
#387=LINE('',#13510,#1118);
#388=LINE('',#13512,#1119);
#389=LINE('',#13516,#1120);
#390=LINE('',#13520,#1121);
#391=LINE('',#13522,#1122);
#392=LINE('',#13524,#1123);
#393=LINE('',#13528,#1124);
#394=LINE('',#13532,#1125);
#395=LINE('',#13533,#1126);
#396=LINE('',#13535,#1127);
#397=LINE('',#13537,#1128);
#398=LINE('',#13539,#1129);
#399=LINE('',#13541,#1130);
#400=LINE('',#13545,#1131);
#401=LINE('',#13547,#1132);
#402=LINE('',#13549,#1133);
#403=LINE('',#13553,#1134);
#404=LINE('',#13558,#1135);
#405=LINE('',#13561,#1136);
#406=LINE('',#13562,#1137);
#407=LINE('',#13564,#1138);
#408=LINE('',#13567,#1139);
#409=LINE('',#13569,#1140);
#410=LINE('',#13571,#1141);
#411=LINE('',#13573,#1142);
#412=LINE('',#13576,#1143);
#413=LINE('',#13577,#1144);
#414=LINE('',#13581,#1145);
#415=LINE('',#13583,#1146);
#416=LINE('',#13585,#1147);
#417=LINE('',#13591,#1148);
#418=LINE('',#13593,#1149);
#419=LINE('',#13595,#1150);
#420=LINE('',#13597,#1151);
#421=LINE('',#13601,#1152);
#422=LINE('',#13605,#1153);
#423=LINE('',#13607,#1154);
#424=LINE('',#13609,#1155);
#425=LINE('',#13613,#1156);
#426=LINE('',#13617,#1157);
#427=LINE('',#13619,#1158);
#428=LINE('',#13620,#1159);
#429=LINE('',#13624,#1160);
#430=LINE('',#13632,#1161);
#431=LINE('',#13634,#1162);
#432=LINE('',#13636,#1163);
#433=LINE('',#13638,#1164);
#434=LINE('',#13640,#1165);
#435=LINE('',#13646,#1166);
#436=LINE('',#13649,#1167);
#437=LINE('',#13650,#1168);
#438=LINE('',#13652,#1169);
#439=LINE('',#13658,#1170);
#440=LINE('',#13660,#1171);
#441=LINE('',#13662,#1172);
#442=LINE('',#13668,#1173);
#443=LINE('',#13672,#1174);
#444=LINE('',#13675,#1175);
#445=LINE('',#13677,#1176);
#446=LINE('',#13679,#1177);
#447=LINE('',#13683,#1178);
#448=LINE('',#13687,#1179);
#449=LINE('',#13689,#1180);
#450=LINE('',#13691,#1181);
#451=LINE('',#13695,#1182);
#452=LINE('',#13699,#1183);
#453=LINE('',#13701,#1184);
#454=LINE('',#13703,#1185);
#455=LINE('',#13705,#1186);
#456=LINE('',#13707,#1187);
#457=LINE('',#13709,#1188);
#458=LINE('',#13713,#1189);
#459=LINE('',#13715,#1190);
#460=LINE('',#13717,#1191);
#461=LINE('',#13719,#1192);
#462=LINE('',#13722,#1193);
#463=LINE('',#13724,#1194);
#464=LINE('',#13726,#1195);
#465=LINE('',#13728,#1196);
#466=LINE('',#13731,#1197);
#467=LINE('',#13733,#1198);
#468=LINE('',#13735,#1199);
#469=LINE('',#13739,#1200);
#470=LINE('',#13743,#1201);
#471=LINE('',#13746,#1202);
#472=LINE('',#13747,#1203);
#473=LINE('',#13767,#1204);
#474=LINE('',#13770,#1205);
#475=LINE('',#13771,#1206);
#476=LINE('',#13773,#1207);
#477=LINE('',#13775,#1208);
#478=LINE('',#13777,#1209);
#479=LINE('',#13779,#1210);
#480=LINE('',#13782,#1211);
#481=LINE('',#13783,#1212);
#482=LINE('',#13785,#1213);
#483=LINE('',#13787,#1214);
#484=LINE('',#13788,#1215);
#485=LINE('',#13790,#1216);
#486=LINE('',#13792,#1217);
#487=LINE('',#13794,#1218);
#488=LINE('',#13797,#1219);
#489=LINE('',#13799,#1220);
#490=LINE('',#13801,#1221);
#491=LINE('',#13807,#1222);
#492=LINE('',#13809,#1223);
#493=LINE('',#13810,#1224);
#494=LINE('',#13812,#1225);
#495=LINE('',#13818,#1226);
#496=LINE('',#13822,#1227);
#497=LINE('',#13826,#1228);
#498=LINE('',#13832,#1229);
#499=LINE('',#13834,#1230);
#500=LINE('',#13836,#1231);
#501=LINE('',#13838,#1232);
#502=LINE('',#13840,#1233);
#503=LINE('',#13842,#1234);
#504=LINE('',#13844,#1235);
#505=LINE('',#13846,#1236);
#506=LINE('',#13848,#1237);
#507=LINE('',#13850,#1238);
#508=LINE('',#13852,#1239);
#509=LINE('',#13853,#1240);
#510=LINE('',#13855,#1241);
#511=LINE('',#13857,#1242);
#512=LINE('',#13859,#1243);
#513=LINE('',#13861,#1244);
#514=LINE('',#13864,#1245);
#515=LINE('',#13866,#1246);
#516=LINE('',#13868,#1247);
#517=LINE('',#13872,#1248);
#518=LINE('',#13876,#1249);
#519=LINE('',#13877,#1250);
#520=LINE('',#13882,#1251);
#521=LINE('',#13884,#1252);
#522=LINE('',#13885,#1253);
#523=LINE('',#13887,#1254);
#524=LINE('',#13889,#1255);
#525=LINE('',#13893,#1256);
#526=LINE('',#13900,#1257);
#527=LINE('',#13904,#1258);
#528=LINE('',#13906,#1259);
#529=LINE('',#13908,#1260);
#530=LINE('',#13910,#1261);
#531=LINE('',#13914,#1262);
#532=LINE('',#13918,#1263);
#533=LINE('',#13921,#1264);
#534=LINE('',#13922,#1265);
#535=LINE('',#13924,#1266);
#536=LINE('',#13926,#1267);
#537=LINE('',#13928,#1268);
#538=LINE('',#13930,#1269);
#539=LINE('',#13933,#1270);
#540=LINE('',#13935,#1271);
#541=LINE('',#13937,#1272);
#542=LINE('',#13939,#1273);
#543=LINE('',#13941,#1274);
#544=LINE('',#13943,#1275);
#545=LINE('',#13947,#1276);
#546=LINE('',#13951,#1277);
#547=LINE('',#13954,#1278);
#548=LINE('',#13958,#1279);
#549=LINE('',#13960,#1280);
#550=LINE('',#13961,#1281);
#551=LINE('',#13963,#1282);
#552=LINE('',#13967,#1283);
#553=LINE('',#13969,#1284);
#554=LINE('',#13971,#1285);
#555=LINE('',#13973,#1286);
#556=LINE('',#13975,#1287);
#557=LINE('',#13977,#1288);
#558=LINE('',#13979,#1289);
#559=LINE('',#13981,#1290);
#560=LINE('',#13984,#1291);
#561=LINE('',#13985,#1292);
#562=LINE('',#13987,#1293);
#563=LINE('',#13989,#1294);
#564=LINE('',#13990,#1295);
#565=LINE('',#13992,#1296);
#566=LINE('',#13994,#1297);
#567=LINE('',#13996,#1298);
#568=LINE('',#13999,#1299);
#569=LINE('',#14001,#1300);
#570=LINE('',#14003,#1301);
#571=LINE('',#14009,#1302);
#572=LINE('',#14011,#1303);
#573=LINE('',#14012,#1304);
#574=LINE('',#14014,#1305);
#575=LINE('',#14020,#1306);
#576=LINE('',#14024,#1307);
#577=LINE('',#14028,#1308);
#578=LINE('',#14034,#1309);
#579=LINE('',#14036,#1310);
#580=LINE('',#14038,#1311);
#581=LINE('',#14040,#1312);
#582=LINE('',#14042,#1313);
#583=LINE('',#14044,#1314);
#584=LINE('',#14046,#1315);
#585=LINE('',#14048,#1316);
#586=LINE('',#14051,#1317);
#587=LINE('',#14052,#1318);
#588=LINE('',#14054,#1319);
#589=LINE('',#14056,#1320);
#590=LINE('',#14057,#1321);
#591=LINE('',#14059,#1322);
#592=LINE('',#14061,#1323);
#593=LINE('',#14063,#1324);
#594=LINE('',#14066,#1325);
#595=LINE('',#14068,#1326);
#596=LINE('',#14070,#1327);
#597=LINE('',#14074,#1328);
#598=LINE('',#14078,#1329);
#599=LINE('',#14079,#1330);
#600=LINE('',#14081,#1331);
#601=LINE('',#14084,#1332);
#602=LINE('',#14085,#1333);
#603=LINE('',#14089,#1334);
#604=LINE('',#14091,#1335);
#605=LINE('',#14097,#1336);
#606=LINE('',#14102,#1337);
#607=LINE('',#14106,#1338);
#608=LINE('',#14108,#1339);
#609=LINE('',#14110,#1340);
#610=LINE('',#14112,#1341);
#611=LINE('',#14118,#1342);
#612=LINE('',#14120,#1343);
#613=LINE('',#14123,#1344);
#614=LINE('',#14124,#1345);
#615=LINE('',#14126,#1346);
#616=LINE('',#14128,#1347);
#617=LINE('',#14129,#1348);
#618=LINE('',#14130,#1349);
#619=LINE('',#14131,#1350);
#620=LINE('',#14133,#1351);
#621=LINE('',#14135,#1352);
#622=LINE('',#14137,#1353);
#623=LINE('',#14140,#1354);
#624=LINE('',#14142,#1355);
#625=LINE('',#14144,#1356);
#626=LINE('',#14146,#1357);
#627=LINE('',#14148,#1358);
#628=LINE('',#14150,#1359);
#629=LINE('',#14156,#1360);
#630=LINE('',#14158,#1361);
#631=LINE('',#14161,#1362);
#632=LINE('',#14163,#1363);
#633=LINE('',#14167,#1364);
#634=LINE('',#14168,#1365);
#635=LINE('',#14170,#1366);
#636=LINE('',#14174,#1367);
#637=LINE('',#14194,#1368);
#638=LINE('',#14196,#1369);
#639=LINE('',#14200,#1370);
#640=LINE('',#14204,#1371);
#641=LINE('',#14206,#1372);
#642=LINE('',#14210,#1373);
#643=LINE('',#14214,#1374);
#644=LINE('',#14216,#1375);
#645=LINE('',#14218,#1376);
#646=LINE('',#14222,#1377);
#647=LINE('',#14224,#1378);
#648=LINE('',#14226,#1379);
#649=LINE('',#14230,#1380);
#650=LINE('',#14232,#1381);
#651=LINE('',#14234,#1382);
#652=LINE('',#14238,#1383);
#653=LINE('',#14242,#1384);
#654=LINE('',#14244,#1385);
#655=LINE('',#14250,#1386);
#656=LINE('',#14252,#1387);
#657=LINE('',#14254,#1388);
#658=LINE('',#14258,#1389);
#659=LINE('',#14260,#1390);
#660=LINE('',#14266,#1391);
#661=LINE('',#14268,#1392);
#662=LINE('',#14270,#1393);
#663=LINE('',#14274,#1394);
#664=LINE('',#14276,#1395);
#665=LINE('',#14280,#1396);
#666=LINE('',#14284,#1397);
#667=LINE('',#14286,#1398);
#668=LINE('',#14290,#1399);
#669=LINE('',#14294,#1400);
#670=LINE('',#14296,#1401);
#671=LINE('',#14298,#1402);
#672=LINE('',#14302,#1403);
#673=LINE('',#14304,#1404);
#674=LINE('',#14306,#1405);
#675=LINE('',#14310,#1406);
#676=LINE('',#14312,#1407);
#677=LINE('',#14314,#1408);
#678=LINE('',#14318,#1409);
#679=LINE('',#14322,#1410);
#680=LINE('',#14324,#1411);
#681=LINE('',#14330,#1412);
#682=LINE('',#14332,#1413);
#683=LINE('',#14334,#1414);
#684=LINE('',#14336,#1415);
#685=LINE('',#14340,#1416);
#686=LINE('',#14344,#1417);
#687=LINE('',#14348,#1418);
#688=LINE('',#14350,#1419);
#689=LINE('',#14376,#1420);
#690=LINE('',#14380,#1421);
#691=LINE('',#14384,#1422);
#692=LINE('',#14388,#1423);
#693=LINE('',#14392,#1424);
#694=LINE('',#14396,#1425);
#695=LINE('',#14400,#1426);
#696=LINE('',#14404,#1427);
#697=LINE('',#14408,#1428);
#698=LINE('',#14412,#1429);
#699=LINE('',#14416,#1430);
#700=LINE('',#14420,#1431);
#701=LINE('',#14424,#1432);
#702=LINE('',#14428,#1433);
#703=LINE('',#14432,#1434);
#704=LINE('',#14436,#1435);
#705=LINE('',#14440,#1436);
#706=LINE('',#14444,#1437);
#707=LINE('',#14448,#1438);
#708=LINE('',#14452,#1439);
#709=LINE('',#14459,#1440);
#710=LINE('',#14464,#1441);
#711=LINE('',#14486,#1442);
#712=LINE('',#14490,#1443);
#713=LINE('',#14507,#1444);
#714=LINE('',#14512,#1445);
#715=LINE('',#14531,#1446);
#716=LINE('',#14533,#1447);
#717=LINE('',#14537,#1448);
#718=LINE('',#14538,#1449);
#719=LINE('',#14542,#1450);
#720=LINE('',#14546,#1451);
#721=LINE('',#14550,#1452);
#722=LINE('',#14551,#1453);
#723=LINE('',#14555,#1454);
#724=LINE('',#14559,#1455);
#725=LINE('',#14563,#1456);
#726=LINE('',#14567,#1457);
#727=LINE('',#14586,#1458);
#728=LINE('',#14590,#1459);
#729=LINE('',#14592,#1460);
#730=LINE('',#14593,#1461);
#731=LINE('',#14595,#1462);
#732=LINE('',#14596,#1463);
#733=LINE('',#14598,#1464);
#734=LINE('',#14600,#1465);
#735=LINE('',#14602,#1466);
#736=LINE('',#14604,#1467);
#737=LINE('',#14606,#1468);
#738=LINE('',#14608,#1469);
#739=LINE('',#14610,#1470);
#740=LINE('',#14611,#1471);
#741=LINE('',#14613,#1472);
#742=LINE('',#14615,#1473);
#743=LINE('',#14617,#1474);
#744=LINE('',#14619,#1475);
#745=LINE('',#14621,#1476);
#746=LINE('',#14623,#1477);
#747=LINE('',#14625,#1478);
#748=LINE('',#14626,#1479);
#749=LINE('',#14628,#1480);
#750=LINE('',#14630,#1481);
#751=LINE('',#14632,#1482);
#752=LINE('',#14634,#1483);
#753=LINE('',#14636,#1484);
#754=LINE('',#14638,#1485);
#755=LINE('',#14640,#1486);
#756=LINE('',#14642,#1487);
#757=LINE('',#14644,#1488);
#758=LINE('',#14646,#1489);
#759=LINE('',#14648,#1490);
#760=LINE('',#14649,#1491);
#761=LINE('',#14651,#1492);
#762=LINE('',#14653,#1493);
#763=LINE('',#14655,#1494);
#764=LINE('',#14657,#1495);
#765=LINE('',#14659,#1496);
#766=LINE('',#14661,#1497);
#767=LINE('',#14663,#1498);
#768=LINE('',#14665,#1499);
#769=VECTOR('',#10389,1000.);
#770=VECTOR('',#10390,1000.);
#771=VECTOR('',#10391,1000.);
#772=VECTOR('',#10392,1000.);
#773=VECTOR('',#10395,1000.);
#774=VECTOR('',#10396,1000.);
#775=VECTOR('',#10397,1000.);
#776=VECTOR('',#10398,1000.);
#777=VECTOR('',#10401,1000.);
#778=VECTOR('',#10402,1000.);
#779=VECTOR('',#10403,1000.);
#780=VECTOR('',#10406,1000.);
#781=VECTOR('',#10407,1000.);
#782=VECTOR('',#10410,1000.);
#783=VECTOR('',#10411,1000.);
#784=VECTOR('',#10412,1000.);
#785=VECTOR('',#10415,1000.);
#786=VECTOR('',#10416,1000.);
#787=VECTOR('',#10417,1000.);
#788=VECTOR('',#10418,1000.);
#789=VECTOR('',#10421,1000.);
#790=VECTOR('',#10422,1000.);
#791=VECTOR('',#10423,1000.);
#792=VECTOR('',#10424,1000.);
#793=VECTOR('',#10427,1000.);
#794=VECTOR('',#10428,1000.);
#795=VECTOR('',#10429,1000.);
#796=VECTOR('',#10432,1000.);
#797=VECTOR('',#10433,1000.);
#798=VECTOR('',#10434,1000.);
#799=VECTOR('',#10437,1000.);
#800=VECTOR('',#10438,1000.);
#801=VECTOR('',#10441,1000.);
#802=VECTOR('',#10442,1000.);
#803=VECTOR('',#10443,1000.);
#804=VECTOR('',#10444,1000.);
#805=VECTOR('',#10447,1000.);
#806=VECTOR('',#10448,1000.);
#807=VECTOR('',#10449,1000.);
#808=VECTOR('',#10450,1000.);
#809=VECTOR('',#10453,1000.);
#810=VECTOR('',#10454,1000.);
#811=VECTOR('',#10455,1000.);
#812=VECTOR('',#10458,1000.);
#813=VECTOR('',#10459,1000.);
#814=VECTOR('',#10460,1000.);
#815=VECTOR('',#10463,1000.);
#816=VECTOR('',#10464,1000.);
#817=VECTOR('',#10477,1000.);
#818=VECTOR('',#10480,1000.);
#819=VECTOR('',#10483,1000.);
#820=VECTOR('',#10484,1000.);
#821=VECTOR('',#10485,1000.);
#822=VECTOR('',#10488,1000.);
#823=VECTOR('',#10489,1000.);
#824=VECTOR('',#10490,1000.);
#825=VECTOR('',#10491,1000.);
#826=VECTOR('',#10494,1000.);
#827=VECTOR('',#10495,1000.);
#828=VECTOR('',#10496,1000.);
#829=VECTOR('',#10497,1000.);
#830=VECTOR('',#10500,1000.);
#831=VECTOR('',#10505,1000.);
#832=VECTOR('',#10512,1000.);
#833=VECTOR('',#10515,1000.);
#834=VECTOR('',#10520,1000.);
#835=VECTOR('',#10523,1000.);
#836=VECTOR('',#10526,1000.);
#837=VECTOR('',#10527,1000.);
#838=VECTOR('',#10528,1000.);
#839=VECTOR('',#10533,1000.);
#840=VECTOR('',#10536,1000.);
#841=VECTOR('',#10539,1000.);
#842=VECTOR('',#10540,1000.);
#843=VECTOR('',#10541,1000.);
#844=VECTOR('',#10544,1000.);
#845=VECTOR('',#10545,1000.);
#846=VECTOR('',#10548,1000.);
#847=VECTOR('',#10549,1000.);
#848=VECTOR('',#10550,1000.);
#849=VECTOR('',#10553,1000.);
#850=VECTOR('',#10554,1000.);
#851=VECTOR('',#10555,1000.);
#852=VECTOR('',#10560,1000.);
#853=VECTOR('',#10563,1000.);
#854=VECTOR('',#10566,1000.);
#855=VECTOR('',#10567,1000.);
#856=VECTOR('',#10568,1000.);
#857=VECTOR('',#10571,1000.);
#858=VECTOR('',#10572,1000.);
#859=VECTOR('',#10575,1000.);
#860=VECTOR('',#10576,1000.);
#861=VECTOR('',#10577,1000.);
#862=VECTOR('',#10582,1000.);
#863=VECTOR('',#10585,1000.);
#864=VECTOR('',#10590,1000.);
#865=VECTOR('',#10593,1000.);
#866=VECTOR('',#10600,1000.);
#867=VECTOR('',#10603,1000.);
#868=VECTOR('',#10612,1000.);
#869=VECTOR('',#10615,1000.);
#870=VECTOR('',#10622,1000.);
#871=VECTOR('',#10625,1000.);
#872=VECTOR('',#10630,1000.);
#873=VECTOR('',#10633,1000.);
#874=VECTOR('',#10636,1000.);
#875=VECTOR('',#10639,1000.);
#876=VECTOR('',#10644,1000.);
#877=VECTOR('',#10647,1000.);
#878=VECTOR('',#10650,1000.);
#879=VECTOR('',#10653,1000.);
#880=VECTOR('',#10662,1000.);
#881=VECTOR('',#10663,1000.);
#882=VECTOR('',#10664,1000.);
#883=VECTOR('',#10667,1000.);
#884=VECTOR('',#10668,1000.);
#885=VECTOR('',#10669,1000.);
#886=VECTOR('',#10672,1000.);
#887=VECTOR('',#10677,1000.);
#888=VECTOR('',#10678,1000.);
#889=VECTOR('',#10681,1000.);
#890=VECTOR('',#10682,1000.);
#891=VECTOR('',#10683,1000.);
#892=VECTOR('',#10702,1000.);
#893=VECTOR('',#10705,1000.);
#894=VECTOR('',#10708,1000.);
#895=VECTOR('',#10711,1000.);
#896=VECTOR('',#10716,1000.);
#897=VECTOR('',#10717,1000.);
#898=VECTOR('',#10718,1000.);
#899=VECTOR('',#10723,1000.);
#900=VECTOR('',#10726,1000.);
#901=VECTOR('',#10727,1000.);
#902=VECTOR('',#10728,1000.);
#903=VECTOR('',#10733,1000.);
#904=VECTOR('',#10738,1000.);
#905=VECTOR('',#10739,1000.);
#906=VECTOR('',#10740,1000.);
#907=VECTOR('',#10743,1000.);
#908=VECTOR('',#10744,1000.);
#909=VECTOR('',#10747,1000.);
#910=VECTOR('',#10748,1000.);
#911=VECTOR('',#10751,1000.);
#912=VECTOR('',#10754,1000.);
#913=VECTOR('',#10757,1000.);
#914=VECTOR('',#10762,1000.);
#915=VECTOR('',#10765,1000.);
#916=VECTOR('',#10768,1000.);
#917=VECTOR('',#10769,1000.);
#918=VECTOR('',#10770,1000.);
#919=VECTOR('',#10775,1000.);
#920=VECTOR('',#10778,1000.);
#921=VECTOR('',#10779,1000.);
#922=VECTOR('',#10780,1000.);
#923=VECTOR('',#10787,1000.);
#924=VECTOR('',#10790,1000.);
#925=VECTOR('',#10791,1000.);
#926=VECTOR('',#10796,1000.);
#927=VECTOR('',#10799,1000.);
#928=VECTOR('',#10804,1000.);
#929=VECTOR('',#10805,1000.);
#930=VECTOR('',#10806,1000.);
#931=VECTOR('',#10811,1000.);
#932=VECTOR('',#10814,1000.);
#933=VECTOR('',#10815,1000.);
#934=VECTOR('',#10816,1000.);
#935=VECTOR('',#10821,1000.);
#936=VECTOR('',#10826,1000.);
#937=VECTOR('',#10827,1000.);
#938=VECTOR('',#10828,1000.);
#939=VECTOR('',#10831,1000.);
#940=VECTOR('',#10832,1000.);
#941=VECTOR('',#10835,1000.);
#942=VECTOR('',#10836,1000.);
#943=VECTOR('',#10839,1000.);
#944=VECTOR('',#10842,1000.);
#945=VECTOR('',#10843,1000.);
#946=VECTOR('',#10844,1000.);
#947=VECTOR('',#10847,1000.);
#948=VECTOR('',#10848,1000.);
#949=VECTOR('',#10851,1000.);
#950=VECTOR('',#10852,1000.);
#951=VECTOR('',#10855,1000.);
#952=VECTOR('',#10860,1000.);
#953=VECTOR('',#10861,1000.);
#954=VECTOR('',#10866,1000.);
#955=VECTOR('',#10869,1000.);
#956=VECTOR('',#10872,1000.);
#957=VECTOR('',#10873,1000.);
#958=VECTOR('',#10874,1000.);
#959=VECTOR('',#10879,1000.);
#960=VECTOR('',#10882,1000.);
#961=VECTOR('',#10883,1000.);
#962=VECTOR('',#10884,1000.);
#963=VECTOR('',#10891,1000.);
#964=VECTOR('',#10896,1000.);
#965=VECTOR('',#10899,1000.);
#966=VECTOR('',#10902,1000.);
#967=VECTOR('',#10903,1000.);
#968=VECTOR('',#10904,1000.);
#969=VECTOR('',#10911,1000.);
#970=VECTOR('',#10914,1000.);
#971=VECTOR('',#10915,1000.);
#972=VECTOR('',#10920,1000.);
#973=VECTOR('',#10923,1000.);
#974=VECTOR('',#10926,1000.);
#975=VECTOR('',#10927,1000.);
#976=VECTOR('',#10928,1000.);
#977=VECTOR('',#10935,1000.);
#978=VECTOR('',#10938,1000.);
#979=VECTOR('',#10939,1000.);
#980=VECTOR('',#10942,1000.);
#981=VECTOR('',#10943,1000.);
#982=VECTOR('',#10944,1000.);
#983=VECTOR('',#10947,1000.);
#984=VECTOR('',#10952,1000.);
#985=VECTOR('',#10953,1000.);
#986=VECTOR('',#10956,1000.);
#987=VECTOR('',#10959,1000.);
#988=VECTOR('',#10962,1000.);
#989=VECTOR('',#10963,1000.);
#990=VECTOR('',#10968,1000.);
#991=VECTOR('',#10971,1000.);
#992=VECTOR('',#10972,1000.);
#993=VECTOR('',#10977,1000.);
#994=VECTOR('',#10980,1000.);
#995=VECTOR('',#10981,1000.);
#996=VECTOR('',#10982,1000.);
#997=VECTOR('',#10985,1000.);
#998=VECTOR('',#10990,1000.);
#999=VECTOR('',#10991,1000.);
#1000=VECTOR('',#10996,1000.);
#1001=VECTOR('',#10999,1000.);
#1002=VECTOR('',#11000,1000.);
#1003=VECTOR('',#11001,1000.);
#1004=VECTOR('',#11004,1000.);
#1005=VECTOR('',#11009,1000.);
#1006=VECTOR('',#11010,1000.);
#1007=VECTOR('',#11013,1000.);
#1008=VECTOR('',#11016,1000.);
#1009=VECTOR('',#11019,1000.);
#1010=VECTOR('',#11020,1000.);
#1011=VECTOR('',#11025,1000.);
#1012=VECTOR('',#11028,1000.);
#1013=VECTOR('',#11029,1000.);
#1014=VECTOR('',#11034,1000.);
#1015=VECTOR('',#11045,1000.);
#1016=VECTOR('',#11054,1000.);
#1017=VECTOR('',#11055,1000.);
#1018=VECTOR('',#11058,1000.);
#1019=VECTOR('',#11063,1000.);
#1020=VECTOR('',#11064,1000.);
#1021=VECTOR('',#11067,1000.);
#1022=VECTOR('',#11080,1000.);
#1023=VECTOR('',#11083,1000.);
#1024=VECTOR('',#11088,1000.);
#1025=VECTOR('',#11089,1000.);
#1026=VECTOR('',#11090,1000.);
#1027=VECTOR('',#11093,1000.);
#1028=VECTOR('',#11100,1000.);
#1029=VECTOR('',#11101,1000.);
#1030=VECTOR('',#11102,1000.);
#1031=VECTOR('',#11103,1000.);
#1032=VECTOR('',#11106,1000.);
#1033=VECTOR('',#11107,1000.);
#1034=VECTOR('',#11108,1000.);
#1035=VECTOR('',#11109,1000.);
#1036=VECTOR('',#11114,1000.);
#1037=VECTOR('',#11117,1000.);
#1038=VECTOR('',#11120,1000.);
#1039=VECTOR('',#11121,1000.);
#1040=VECTOR('',#11122,1000.);
#1041=VECTOR('',#11129,1000.);
#1042=VECTOR('',#11132,1000.);
#1043=VECTOR('',#11133,1000.);
#1044=VECTOR('',#11134,1000.);
#1045=VECTOR('',#11135,1000.);
#1046=VECTOR('',#11138,1000.);
#1047=VECTOR('',#11139,1000.);
#1048=VECTOR('',#11140,1000.);
#1049=VECTOR('',#11141,1000.);
#1050=VECTOR('',#11144,1000.);
#1051=VECTOR('',#11145,1000.);
#1052=VECTOR('',#11146,1000.);
#1053=VECTOR('',#11147,1000.);
#1054=VECTOR('',#11150,1000.);
#1055=VECTOR('',#11153,1000.);
#1056=VECTOR('',#11158,1000.);
#1057=VECTOR('',#11159,1000.);
#1058=VECTOR('',#11160,1000.);
#1059=VECTOR('',#11163,1000.);
#1060=VECTOR('',#11170,1000.);
#1061=VECTOR('',#11171,1000.);
#1062=VECTOR('',#11172,1000.);
#1063=VECTOR('',#11173,1000.);
#1064=VECTOR('',#11176,1000.);
#1065=VECTOR('',#11177,1000.);
#1066=VECTOR('',#11178,1000.);
#1067=VECTOR('',#11179,1000.);
#1068=VECTOR('',#11182,1000.);
#1069=VECTOR('',#11185,1000.);
#1070=VECTOR('',#11190,1000.);
#1071=VECTOR('',#11191,1000.);
#1072=VECTOR('',#11192,1000.);
#1073=VECTOR('',#11195,1000.);
#1074=VECTOR('',#11202,1000.);
#1075=VECTOR('',#11203,1000.);
#1076=VECTOR('',#11204,1000.);
#1077=VECTOR('',#11205,1000.);
#1078=VECTOR('',#11210,1000.);
#1079=VECTOR('',#11211,1000.);
#1080=VECTOR('',#11230,1000.);
#1081=VECTOR('',#11231,1000.);
#1082=VECTOR('',#11232,1000.);
#1083=VECTOR('',#11233,1000.);
#1084=VECTOR('',#11236,1000.);
#1085=VECTOR('',#11237,1000.);
#1086=VECTOR('',#11238,1000.);
#1087=VECTOR('',#11243,1000.);
#1088=VECTOR('',#11246,1000.);
#1089=VECTOR('',#11247,1000.);
#1090=VECTOR('',#11256,1000.);
#1091=VECTOR('',#11259,1000.);
#1092=VECTOR('',#11260,1000.);
#1093=VECTOR('',#11261,1000.);
#1094=VECTOR('',#11266,1000.);
#1095=VECTOR('',#11271,1000.);
#1096=VECTOR('',#11272,1000.);
#1097=VECTOR('',#11273,1000.);
#1098=VECTOR('',#11278,1000.);
#1099=VECTOR('',#11283,1000.);
#1100=VECTOR('',#11284,1000.);
#1101=VECTOR('',#11285,1000.);
#1102=VECTOR('',#11290,1000.);
#1103=VECTOR('',#11299,1000.);
#1104=VECTOR('',#11302,1000.);
#1105=VECTOR('',#11303,1000.);
#1106=VECTOR('',#11304,1000.);
#1107=VECTOR('',#11307,1000.);
#1108=VECTOR('',#11314,1000.);
#1109=VECTOR('',#11315,1000.);
#1110=VECTOR('',#11316,1000.);
#1111=VECTOR('',#11319,1000.);
#1112=VECTOR('',#11326,1000.);
#1113=VECTOR('',#11327,1000.);
#1114=VECTOR('',#11328,1000.);
#1115=VECTOR('',#11335,1000.);
#1116=VECTOR('',#11340,1000.);
#1117=VECTOR('',#11345,1000.);
#1118=VECTOR('',#11346,1000.);
#1119=VECTOR('',#11347,1000.);
#1120=VECTOR('',#11352,1000.);
#1121=VECTOR('',#11357,1000.);
#1122=VECTOR('',#11358,1000.);
#1123=VECTOR('',#11359,1000.);
#1124=VECTOR('',#11364,1000.);
#1125=VECTOR('',#11369,1000.);
#1126=VECTOR('',#11370,1000.);
#1127=VECTOR('',#11371,1000.);
#1128=VECTOR('',#11374,1000.);
#1129=VECTOR('',#11375,1000.);
#1130=VECTOR('',#11376,1000.);
#1131=VECTOR('',#11381,1000.);
#1132=VECTOR('',#11384,1000.);
#1133=VECTOR('',#11385,1000.);
#1134=VECTOR('',#11390,1000.);
#1135=VECTOR('',#11397,1000.);
#1136=VECTOR('',#11398,1000.);
#1137=VECTOR('',#11399,1000.);
#1138=VECTOR('',#11402,1000.);
#1139=VECTOR('',#11403,1000.);
#1140=VECTOR('',#11404,1000.);
#1141=VECTOR('',#11405,1000.);
#1142=VECTOR('',#11408,1000.);
#1143=VECTOR('',#11409,1000.);
#1144=VECTOR('',#11410,1000.);
#1145=VECTOR('',#11415,1000.);
#1146=VECTOR('',#11418,1000.);
#1147=VECTOR('',#11419,1000.);
#1148=VECTOR('',#11428,1000.);
#1149=VECTOR('',#11431,1000.);
#1150=VECTOR('',#11432,1000.);
#1151=VECTOR('',#11433,1000.);
#1152=VECTOR('',#11438,1000.);
#1153=VECTOR('',#11443,1000.);
#1154=VECTOR('',#11444,1000.);
#1155=VECTOR('',#11445,1000.);
#1156=VECTOR('',#11450,1000.);
#1157=VECTOR('',#11455,1000.);
#1158=VECTOR('',#11456,1000.);
#1159=VECTOR('',#11457,1000.);
#1160=VECTOR('',#11462,1000.);
#1161=VECTOR('',#11471,1000.);
#1162=VECTOR('',#11474,1000.);
#1163=VECTOR('',#11475,1000.);
#1164=VECTOR('',#11476,1000.);
#1165=VECTOR('',#11479,1000.);
#1166=VECTOR('',#11486,1000.);
#1167=VECTOR('',#11487,1000.);
#1168=VECTOR('',#11488,1000.);
#1169=VECTOR('',#11491,1000.);
#1170=VECTOR('',#11498,1000.);
#1171=VECTOR('',#11499,1000.);
#1172=VECTOR('',#11500,1000.);
#1173=VECTOR('',#11507,1000.);
#1174=VECTOR('',#11512,1000.);
#1175=VECTOR('',#11517,1000.);
#1176=VECTOR('',#11518,1000.);
#1177=VECTOR('',#11519,1000.);
#1178=VECTOR('',#11524,1000.);
#1179=VECTOR('',#11529,1000.);
#1180=VECTOR('',#11530,1000.);
#1181=VECTOR('',#11531,1000.);
#1182=VECTOR('',#11536,1000.);
#1183=VECTOR('',#11541,1000.);
#1184=VECTOR('',#11542,1000.);
#1185=VECTOR('',#11543,1000.);
#1186=VECTOR('',#11546,1000.);
#1187=VECTOR('',#11547,1000.);
#1188=VECTOR('',#11548,1000.);
#1189=VECTOR('',#11553,1000.);
#1190=VECTOR('',#11556,1000.);
#1191=VECTOR('',#11557,1000.);
#1192=VECTOR('',#11560,1000.);
#1193=VECTOR('',#11561,1000.);
#1194=VECTOR('',#11562,1000.);
#1195=VECTOR('',#11563,1000.);
#1196=VECTOR('',#11566,1000.);
#1197=VECTOR('',#11567,1000.);
#1198=VECTOR('',#11568,1000.);
#1199=VECTOR('',#11569,1000.);
#1200=VECTOR('',#11574,1000.);
#1201=VECTOR('',#11581,1000.);
#1202=VECTOR('',#11582,1000.);
#1203=VECTOR('',#11583,1000.);
#1204=VECTOR('',#11610,1000.);
#1205=VECTOR('',#11611,1000.);
#1206=VECTOR('',#11612,1000.);
#1207=VECTOR('',#11615,1000.);
#1208=VECTOR('',#11616,1000.);
#1209=VECTOR('',#11617,1000.);
#1210=VECTOR('',#11620,1000.);
#1211=VECTOR('',#11621,1000.);
#1212=VECTOR('',#11622,1000.);
#1213=VECTOR('',#11625,1000.);
#1214=VECTOR('',#11626,1000.);
#1215=VECTOR('',#11627,1000.);
#1216=VECTOR('',#11630,1000.);
#1217=VECTOR('',#11631,1000.);
#1218=VECTOR('',#11634,1000.);
#1219=VECTOR('',#11635,1000.);
#1220=VECTOR('',#11636,1000.);
#1221=VECTOR('',#11637,1000.);
#1222=VECTOR('',#11644,1000.);
#1223=VECTOR('',#11647,1000.);
#1224=VECTOR('',#11648,1000.);
#1225=VECTOR('',#11651,1000.);
#1226=VECTOR('',#11656,1000.);
#1227=VECTOR('',#11659,1000.);
#1228=VECTOR('',#11662,1000.);
#1229=VECTOR('',#11667,1000.);
#1230=VECTOR('',#11668,1000.);
#1231=VECTOR('',#11671,1000.);
#1232=VECTOR('',#11672,1000.);
#1233=VECTOR('',#11675,1000.);
#1234=VECTOR('',#11676,1000.);
#1235=VECTOR('',#11677,1000.);
#1236=VECTOR('',#11680,1000.);
#1237=VECTOR('',#11681,1000.);
#1238=VECTOR('',#11682,1000.);
#1239=VECTOR('',#11685,1000.);
#1240=VECTOR('',#11686,1000.);
#1241=VECTOR('',#11687,1000.);
#1242=VECTOR('',#11690,1000.);
#1243=VECTOR('',#11691,1000.);
#1244=VECTOR('',#11694,1000.);
#1245=VECTOR('',#11695,1000.);
#1246=VECTOR('',#11696,1000.);
#1247=VECTOR('',#11697,1000.);
#1248=VECTOR('',#11702,1000.);
#1249=VECTOR('',#11707,1000.);
#1250=VECTOR('',#11708,1000.);
#1251=VECTOR('',#11713,1000.);
#1252=VECTOR('',#11714,1000.);
#1253=VECTOR('',#11715,1000.);
#1254=VECTOR('',#11718,1000.);
#1255=VECTOR('',#11719,1000.);
#1256=VECTOR('',#11724,1000.);
#1257=VECTOR('',#11731,1000.);
#1258=VECTOR('',#11734,1000.);
#1259=VECTOR('',#11737,1000.);
#1260=VECTOR('',#11738,1000.);
#1261=VECTOR('',#11739,1000.);
#1262=VECTOR('',#11744,1000.);
#1263=VECTOR('',#11749,1000.);
#1264=VECTOR('',#11750,1000.);
#1265=VECTOR('',#11751,1000.);
#1266=VECTOR('',#11754,1000.);
#1267=VECTOR('',#11755,1000.);
#1268=VECTOR('',#11756,1000.);
#1269=VECTOR('',#11759,1000.);
#1270=VECTOR('',#11760,1000.);
#1271=VECTOR('',#11761,1000.);
#1272=VECTOR('',#11762,1000.);
#1273=VECTOR('',#11765,1000.);
#1274=VECTOR('',#11766,1000.);
#1275=VECTOR('',#11767,1000.);
#1276=VECTOR('',#11772,1000.);
#1277=VECTOR('',#11777,1000.);
#1278=VECTOR('',#11780,1000.);
#1279=VECTOR('',#11785,1000.);
#1280=VECTOR('',#11788,1000.);
#1281=VECTOR('',#11789,1000.);
#1282=VECTOR('',#11792,1000.);
#1283=VECTOR('',#11795,1000.);
#1284=VECTOR('',#11796,1000.);
#1285=VECTOR('',#11799,1000.);
#1286=VECTOR('',#11800,1000.);
#1287=VECTOR('',#11803,1000.);
#1288=VECTOR('',#11804,1000.);
#1289=VECTOR('',#11805,1000.);
#1290=VECTOR('',#11808,1000.);
#1291=VECTOR('',#11809,1000.);
#1292=VECTOR('',#11810,1000.);
#1293=VECTOR('',#11813,1000.);
#1294=VECTOR('',#11814,1000.);
#1295=VECTOR('',#11815,1000.);
#1296=VECTOR('',#11818,1000.);
#1297=VECTOR('',#11819,1000.);
#1298=VECTOR('',#11822,1000.);
#1299=VECTOR('',#11823,1000.);
#1300=VECTOR('',#11824,1000.);
#1301=VECTOR('',#11825,1000.);
#1302=VECTOR('',#11832,1000.);
#1303=VECTOR('',#11835,1000.);
#1304=VECTOR('',#11836,1000.);
#1305=VECTOR('',#11839,1000.);
#1306=VECTOR('',#11844,1000.);
#1307=VECTOR('',#11847,1000.);
#1308=VECTOR('',#11850,1000.);
#1309=VECTOR('',#11855,1000.);
#1310=VECTOR('',#11856,1000.);
#1311=VECTOR('',#11859,1000.);
#1312=VECTOR('',#11860,1000.);
#1313=VECTOR('',#11863,1000.);
#1314=VECTOR('',#11864,1000.);
#1315=VECTOR('',#11865,1000.);
#1316=VECTOR('',#11868,1000.);
#1317=VECTOR('',#11869,1000.);
#1318=VECTOR('',#11870,1000.);
#1319=VECTOR('',#11873,1000.);
#1320=VECTOR('',#11874,1000.);
#1321=VECTOR('',#11875,1000.);
#1322=VECTOR('',#11878,1000.);
#1323=VECTOR('',#11879,1000.);
#1324=VECTOR('',#11882,1000.);
#1325=VECTOR('',#11883,1000.);
#1326=VECTOR('',#11884,1000.);
#1327=VECTOR('',#11885,1000.);
#1328=VECTOR('',#11890,1000.);
#1329=VECTOR('',#11895,1000.);
#1330=VECTOR('',#11896,1000.);
#1331=VECTOR('',#11899,1000.);
#1332=VECTOR('',#11900,1000.);
#1333=VECTOR('',#11901,1000.);
#1334=VECTOR('',#11906,1000.);
#1335=VECTOR('',#11907,1000.);
#1336=VECTOR('',#11914,1000.);
#1337=VECTOR('',#11919,1000.);
#1338=VECTOR('',#11922,1000.);
#1339=VECTOR('',#11925,1000.);
#1340=VECTOR('',#11926,1000.);
#1341=VECTOR('',#11927,1000.);
#1342=VECTOR('',#11934,1000.);
#1343=VECTOR('',#11937,1000.);
#1344=VECTOR('',#11938,1000.);
#1345=VECTOR('',#11939,1000.);
#1346=VECTOR('',#11942,1000.);
#1347=VECTOR('',#11943,1000.);
#1348=VECTOR('',#11944,1000.);
#1349=VECTOR('',#11945,1000.);
#1350=VECTOR('',#11946,1000.);
#1351=VECTOR('',#11949,1000.);
#1352=VECTOR('',#11950,1000.);
#1353=VECTOR('',#11953,1000.);
#1354=VECTOR('',#11954,1000.);
#1355=VECTOR('',#11955,1000.);
#1356=VECTOR('',#11956,1000.);
#1357=VECTOR('',#11959,1000.);
#1358=VECTOR('',#11960,1000.);
#1359=VECTOR('',#11961,1000.);
#1360=VECTOR('',#11968,1000.);
#1361=VECTOR('',#11971,1000.);
#1362=VECTOR('',#11974,1000.);
#1363=VECTOR('',#11977,1000.);
#1364=VECTOR('',#11982,1000.);
#1365=VECTOR('',#11983,1000.);
#1366=VECTOR('',#11986,1000.);
#1367=VECTOR('',#11989,1000.);
#1368=VECTOR('',#12016,1000.);
#1369=VECTOR('',#12017,1000.);
#1370=VECTOR('',#12022,1000.);
#1371=VECTOR('',#12027,1000.);
#1372=VECTOR('',#12028,1000.);
#1373=VECTOR('',#12033,1000.);
#1374=VECTOR('',#12038,1000.);
#1375=VECTOR('',#12041,1000.);
#1376=VECTOR('',#12042,1000.);
#1377=VECTOR('',#12047,1000.);
#1378=VECTOR('',#12050,1000.);
#1379=VECTOR('',#12051,1000.);
#1380=VECTOR('',#12056,1000.);
#1381=VECTOR('',#12059,1000.);
#1382=VECTOR('',#12060,1000.);
#1383=VECTOR('',#12065,1000.);
#1384=VECTOR('',#12070,1000.);
#1385=VECTOR('',#12073,1000.);
#1386=VECTOR('',#12080,1000.);
#1387=VECTOR('',#12083,1000.);
#1388=VECTOR('',#12084,1000.);
#1389=VECTOR('',#12089,1000.);
#1390=VECTOR('',#12092,1000.);
#1391=VECTOR('',#12099,1000.);
#1392=VECTOR('',#12102,1000.);
#1393=VECTOR('',#12103,1000.);
#1394=VECTOR('',#12108,1000.);
#1395=VECTOR('',#12111,1000.);
#1396=VECTOR('',#12116,1000.);
#1397=VECTOR('',#12121,1000.);
#1398=VECTOR('',#12122,1000.);
#1399=VECTOR('',#12127,1000.);
#1400=VECTOR('',#12132,1000.);
#1401=VECTOR('',#12135,1000.);
#1402=VECTOR('',#12136,1000.);
#1403=VECTOR('',#12141,1000.);
#1404=VECTOR('',#12144,1000.);
#1405=VECTOR('',#12145,1000.);
#1406=VECTOR('',#12150,1000.);
#1407=VECTOR('',#12153,1000.);
#1408=VECTOR('',#12154,1000.);
#1409=VECTOR('',#12159,1000.);
#1410=VECTOR('',#12164,1000.);
#1411=VECTOR('',#12167,1000.);
#1412=VECTOR('',#12174,1000.);
#1413=VECTOR('',#12177,1000.);
#1414=VECTOR('',#12178,1000.);
#1415=VECTOR('',#12181,1000.);
#1416=VECTOR('',#12186,1000.);
#1417=VECTOR('',#12191,1000.);
#1418=VECTOR('',#12196,1000.);
#1419=VECTOR('',#12197,1000.);
#1420=VECTOR('',#12232,1000.);
#1421=VECTOR('',#12235,1000.);
#1422=VECTOR('',#12238,1000.);
#1423=VECTOR('',#12241,1000.);
#1424=VECTOR('',#12244,1000.);
#1425=VECTOR('',#12247,1000.);
#1426=VECTOR('',#12250,1000.);
#1427=VECTOR('',#12253,1000.);
#1428=VECTOR('',#12256,1000.);
#1429=VECTOR('',#12259,1000.);
#1430=VECTOR('',#12262,1000.);
#1431=VECTOR('',#12265,1000.);
#1432=VECTOR('',#12268,1000.);
#1433=VECTOR('',#12271,1000.);
#1434=VECTOR('',#12274,1000.);
#1435=VECTOR('',#12277,1000.);
#1436=VECTOR('',#12280,1000.);
#1437=VECTOR('',#12283,1000.);
#1438=VECTOR('',#12286,1000.);
#1439=VECTOR('',#12289,1000.);
#1440=VECTOR('',#12298,1000.);
#1441=VECTOR('',#12301,1000.);
#1442=VECTOR('',#12314,1000.);
#1443=VECTOR('',#12317,1000.);
#1444=VECTOR('',#12326,1000.);
#1445=VECTOR('',#12329,1000.);
#1446=VECTOR('',#12340,1000.);
#1447=VECTOR('',#12341,1000.);
#1448=VECTOR('',#12344,1000.);
#1449=VECTOR('',#12345,1000.);
#1450=VECTOR('',#12348,1000.);
#1451=VECTOR('',#12351,1000.);
#1452=VECTOR('',#12354,1000.);
#1453=VECTOR('',#12355,1000.);
#1454=VECTOR('',#12358,1000.);
#1455=VECTOR('',#12361,1000.);
#1456=VECTOR('',#12364,1000.);
#1457=VECTOR('',#12367,1000.);
#1458=VECTOR('',#12378,1000.);
#1459=VECTOR('',#12381,1000.);
#1460=VECTOR('',#12384,1000.);
#1461=VECTOR('',#12385,1000.);
#1462=VECTOR('',#12388,1000.);
#1463=VECTOR('',#12389,1000.);
#1464=VECTOR('',#12392,1000.);
#1465=VECTOR('',#12395,1000.);
#1466=VECTOR('',#12398,1000.);
#1467=VECTOR('',#12401,1000.);
#1468=VECTOR('',#12404,1000.);
#1469=VECTOR('',#12407,1000.);
#1470=VECTOR('',#12410,1000.);
#1471=VECTOR('',#12411,1000.);
#1472=VECTOR('',#12414,1000.);
#1473=VECTOR('',#12417,1000.);
#1474=VECTOR('',#12420,1000.);
#1475=VECTOR('',#12423,1000.);
#1476=VECTOR('',#12426,1000.);
#1477=VECTOR('',#12429,1000.);
#1478=VECTOR('',#12432,1000.);
#1479=VECTOR('',#12433,1000.);
#1480=VECTOR('',#12436,1000.);
#1481=VECTOR('',#12439,1000.);
#1482=VECTOR('',#12442,1000.);
#1483=VECTOR('',#12445,1000.);
#1484=VECTOR('',#12448,1000.);
#1485=VECTOR('',#12451,1000.);
#1486=VECTOR('',#12454,1000.);
#1487=VECTOR('',#12457,1000.);
#1488=VECTOR('',#12460,1000.);
#1489=VECTOR('',#12463,1000.);
#1490=VECTOR('',#12466,1000.);
#1491=VECTOR('',#12467,1000.);
#1492=VECTOR('',#12470,1000.);
#1493=VECTOR('',#12473,1000.);
#1494=VECTOR('',#12476,1000.);
#1495=VECTOR('',#12479,1000.);
#1496=VECTOR('',#12482,1000.);
#1497=VECTOR('',#12485,1000.);
#1498=VECTOR('',#12488,1000.);
#1499=VECTOR('',#12491,1000.);
#1500=CONICAL_SURFACE('',#9675,0.799999999999997,0.49072454283884);
#1501=CONICAL_SURFACE('',#9766,0.544010208071719,0.537423170574615);
#1502=CONICAL_SURFACE('',#10299,9.15,0.785398163397448);
#1503=CONICAL_SURFACE('',#10305,9.15,0.785398163397448);
#1504=CONICAL_SURFACE('',#10311,9.15,0.785398163397448);
#1505=CONICAL_SURFACE('',#10324,9.15,0.785398163397448);
#1506=TOROIDAL_SURFACE('',#9671,0.35,0.0499999999999998);
#1507=TOROIDAL_SURFACE('',#10261,0.35,0.0499999999999998);
#1508=TOROIDAL_SURFACE('',#10263,0.3,0.0499999999999998);
#1509=TOROIDAL_SURFACE('',#10265,0.475,0.0499999999999998);
#1510=TOROIDAL_SURFACE('',#10267,0.475,0.0499999999999998);
#1511=TOROIDAL_SURFACE('',#10269,0.3,0.0499999999999998);
#1512=CYLINDRICAL_SURFACE('',#9669,0.3);
#1513=CYLINDRICAL_SURFACE('',#9692,0.799999999999997);
#1514=CYLINDRICAL_SURFACE('',#9696,13.9);
#1515=CYLINDRICAL_SURFACE('',#9703,0.416571711248417);
#1516=CYLINDRICAL_SURFACE('',#9706,13.9);
#1517=CYLINDRICAL_SURFACE('',#9709,13.9);
#1518=CYLINDRICAL_SURFACE('',#9713,0.416571711248417);
#1519=CYLINDRICAL_SURFACE('',#9720,0.416571711248417);
#1520=CYLINDRICAL_SURFACE('',#9726,13.9);
#1521=CYLINDRICAL_SURFACE('',#9729,10.725);
#1522=CYLINDRICAL_SURFACE('',#9732,10.425);
#1523=CYLINDRICAL_SURFACE('',#9737,10.425);
#1524=CYLINDRICAL_SURFACE('',#9742,10.725);
#1525=CYLINDRICAL_SURFACE('',#9745,10.725);
#1526=CYLINDRICAL_SURFACE('',#9750,10.725);
#1527=CYLINDRICAL_SURFACE('',#9896,0.7);
#1528=CYLINDRICAL_SURFACE('',#9900,0.7);
#1529=CYLINDRICAL_SURFACE('',#9905,0.7);
#1530=CYLINDRICAL_SURFACE('',#9909,0.7);
#1531=CYLINDRICAL_SURFACE('',#9915,0.7);
#1532=CYLINDRICAL_SURFACE('',#9919,0.7);
#1533=CYLINDRICAL_SURFACE('',#9924,0.7);
#1534=CYLINDRICAL_SURFACE('',#9928,0.7);
#1535=CYLINDRICAL_SURFACE('',#9932,1.30293633917187);
#1536=CYLINDRICAL_SURFACE('',#9934,9.85);
#1537=CYLINDRICAL_SURFACE('',#9936,0.848497590214476);
#1538=CYLINDRICAL_SURFACE('',#9938,0.875000000000001);
#1539=CYLINDRICAL_SURFACE('',#9940,0.875000000000001);
#1540=CYLINDRICAL_SURFACE('',#9944,12.8258801890976);
#1541=CYLINDRICAL_SURFACE('',#9947,13.5);
#1542=CYLINDRICAL_SURFACE('',#9952,1.15);
#1543=CYLINDRICAL_SURFACE('',#9956,1.15);
#1544=CYLINDRICAL_SURFACE('',#9960,13.5);
#1545=CYLINDRICAL_SURFACE('',#9963,0.2);
#1546=CYLINDRICAL_SURFACE('',#9967,0.2);
#1547=CYLINDRICAL_SURFACE('',#9971,0.2);
#1548=CYLINDRICAL_SURFACE('',#9975,0.2);
#1549=CYLINDRICAL_SURFACE('',#9978,13.5);
#1550=CYLINDRICAL_SURFACE('',#9982,1.15);
#1551=CYLINDRICAL_SURFACE('',#9986,1.15);
#1552=CYLINDRICAL_SURFACE('',#9991,12.8258801890976);
#1553=CYLINDRICAL_SURFACE('',#9994,13.5);
#1554=CYLINDRICAL_SURFACE('',#10001,12.8258801890976);
#1555=CYLINDRICAL_SURFACE('',#10004,13.5);
#1556=CYLINDRICAL_SURFACE('',#10009,1.15);
#1557=CYLINDRICAL_SURFACE('',#10013,1.15);
#1558=CYLINDRICAL_SURFACE('',#10017,13.5);
#1559=CYLINDRICAL_SURFACE('',#10020,0.2);
#1560=CYLINDRICAL_SURFACE('',#10024,0.2);
#1561=CYLINDRICAL_SURFACE('',#10028,0.2);
#1562=CYLINDRICAL_SURFACE('',#10032,0.2);
#1563=CYLINDRICAL_SURFACE('',#10035,13.5);
#1564=CYLINDRICAL_SURFACE('',#10039,1.15);
#1565=CYLINDRICAL_SURFACE('',#10043,1.15);
#1566=CYLINDRICAL_SURFACE('',#10048,12.8258801890976);
#1567=CYLINDRICAL_SURFACE('',#10053,13.5);
#1568=CYLINDRICAL_SURFACE('',#10058,10.95);
#1569=CYLINDRICAL_SURFACE('',#10076,0.500000000000001);
#1570=CYLINDRICAL_SURFACE('',#10093,0.500000000000001);
#1571=CYLINDRICAL_SURFACE('',#10100,1.2);
#1572=CYLINDRICAL_SURFACE('',#10103,0.179283719945432);
#1573=CYLINDRICAL_SURFACE('',#10107,0.279637568636632);
#1574=CYLINDRICAL_SURFACE('',#10114,0.2262294691448);
#1575=CYLINDRICAL_SURFACE('',#10119,1.2);
#1576=CYLINDRICAL_SURFACE('',#10130,0.500000000000001);
#1577=CYLINDRICAL_SURFACE('',#10147,0.500000000000001);
#1578=CYLINDRICAL_SURFACE('',#10154,1.2);
#1579=CYLINDRICAL_SURFACE('',#10157,0.179283719945432);
#1580=CYLINDRICAL_SURFACE('',#10161,0.279637568636632);
#1581=CYLINDRICAL_SURFACE('',#10169,0.2262294691448);
#1582=CYLINDRICAL_SURFACE('',#10174,1.2);
#1583=CYLINDRICAL_SURFACE('',#10181,0.3);
#1584=CYLINDRICAL_SURFACE('',#10183,0.25);
#1585=CYLINDRICAL_SURFACE('',#10185,0.425);
#1586=CYLINDRICAL_SURFACE('',#10187,0.425);
#1587=CYLINDRICAL_SURFACE('',#10189,0.25);
#1588=CYLINDRICAL_SURFACE('',#10193,0.479999999999995);
#1589=CYLINDRICAL_SURFACE('',#10196,13.4165654668925);
#1590=CYLINDRICAL_SURFACE('',#10198,0.283434533107497);
#1591=CYLINDRICAL_SURFACE('',#10201,0.116565466892506);
#1592=CYLINDRICAL_SURFACE('',#10204,0.116565466892506);
#1593=CYLINDRICAL_SURFACE('',#10207,0.283434533107495);
#1594=CYLINDRICAL_SURFACE('',#10209,13.4165654668925);
#1595=CYLINDRICAL_SURFACE('',#10213,0.479999999999995);
#1596=CYLINDRICAL_SURFACE('',#10216,13.4165654668925);
#1597=CYLINDRICAL_SURFACE('',#10220,0.339437457783115);
#1598=CYLINDRICAL_SURFACE('',#10223,13.4165654668925);
#1599=CYLINDRICAL_SURFACE('',#10227,0.479999999999995);
#1600=CYLINDRICAL_SURFACE('',#10230,13.4165654668925);
#1601=CYLINDRICAL_SURFACE('',#10232,0.283434533107497);
#1602=CYLINDRICAL_SURFACE('',#10235,0.116565466892506);
#1603=CYLINDRICAL_SURFACE('',#10238,0.116565466892506);
#1604=CYLINDRICAL_SURFACE('',#10241,0.283434533107495);
#1605=CYLINDRICAL_SURFACE('',#10243,13.4165654668925);
#1606=CYLINDRICAL_SURFACE('',#10247,0.479999999999995);
#1607=CYLINDRICAL_SURFACE('',#10250,13.4165654668925);
#1608=CYLINDRICAL_SURFACE('',#10254,0.339437457783115);
#1609=CYLINDRICAL_SURFACE('',#10257,13.4165654668925);
#1610=CYLINDRICAL_SURFACE('',#10259,11.05);
#1611=CYLINDRICAL_SURFACE('',#10294,9.8);
#1612=CYLINDRICAL_SURFACE('',#10331,9.3);
#1613=CYLINDRICAL_SURFACE('',#10333,8.8);
#1614=CYLINDRICAL_SURFACE('',#10335,9.3);
#1615=CYLINDRICAL_SURFACE('',#10338,9.31264121237693);
#1616=CYLINDRICAL_SURFACE('',#10340,8.8);
#1617=CYLINDRICAL_SURFACE('',#10342,9.3);
#1618=CYLINDRICAL_SURFACE('',#10345,9.31264121237693);
#1619=CYLINDRICAL_SURFACE('',#10347,8.8);
#1620=CYLINDRICAL_SURFACE('',#10349,9.3);
#1621=CYLINDRICAL_SURFACE('',#10351,8.8);
#1622=CYLINDRICAL_SURFACE('',#10353,9.3);
#1623=CYLINDRICAL_SURFACE('',#10356,9.31264121237693);
#1624=CYLINDRICAL_SURFACE('',#10358,8.8);
#1625=CYLINDRICAL_SURFACE('',#10360,9.3);
#1626=CYLINDRICAL_SURFACE('',#10362,8.8);
#1627=CYLINDRICAL_SURFACE('',#10364,9.31264121237693);
#1628=ORIENTED_EDGE('',*,*,#3736,.T.);
#1629=ORIENTED_EDGE('',*,*,#3737,.F.);
#1630=ORIENTED_EDGE('',*,*,#3736,.F.);
#1631=ORIENTED_EDGE('',*,*,#3737,.T.);
#1632=ORIENTED_EDGE('',*,*,#3738,.F.);
#1633=ORIENTED_EDGE('',*,*,#3739,.T.);
#1634=ORIENTED_EDGE('',*,*,#3739,.F.);
#1635=ORIENTED_EDGE('',*,*,#3740,.T.);
#1636=ORIENTED_EDGE('',*,*,#3741,.T.);
#1637=ORIENTED_EDGE('',*,*,#3742,.T.);
#1638=ORIENTED_EDGE('',*,*,#3743,.F.);
#1639=ORIENTED_EDGE('',*,*,#3744,.F.);
#1640=ORIENTED_EDGE('',*,*,#3745,.T.);
#1641=ORIENTED_EDGE('',*,*,#3746,.T.);
#1642=ORIENTED_EDGE('',*,*,#3747,.F.);
#1643=ORIENTED_EDGE('',*,*,#3748,.F.);
#1644=ORIENTED_EDGE('',*,*,#3749,.T.);
#1645=ORIENTED_EDGE('',*,*,#3750,.T.);
#1646=ORIENTED_EDGE('',*,*,#3745,.F.);
#1647=ORIENTED_EDGE('',*,*,#3751,.F.);
#1648=ORIENTED_EDGE('',*,*,#3752,.F.);
#1649=ORIENTED_EDGE('',*,*,#3749,.F.);
#1650=ORIENTED_EDGE('',*,*,#3753,.T.);
#1651=ORIENTED_EDGE('',*,*,#3744,.T.);
#1652=ORIENTED_EDGE('',*,*,#3754,.T.);
#1653=ORIENTED_EDGE('',*,*,#3755,.T.);
#1654=ORIENTED_EDGE('',*,*,#3756,.F.);
#1655=ORIENTED_EDGE('',*,*,#3742,.F.);
#1656=ORIENTED_EDGE('',*,*,#3757,.T.);
#1657=ORIENTED_EDGE('',*,*,#3758,.T.);
#1658=ORIENTED_EDGE('',*,*,#3759,.T.);
#1659=ORIENTED_EDGE('',*,*,#3760,.F.);
#1660=ORIENTED_EDGE('',*,*,#3761,.T.);
#1661=ORIENTED_EDGE('',*,*,#3762,.F.);
#1662=ORIENTED_EDGE('',*,*,#3763,.F.);
#1663=ORIENTED_EDGE('',*,*,#3764,.F.);
#1664=ORIENTED_EDGE('',*,*,#3763,.T.);
#1665=ORIENTED_EDGE('',*,*,#3765,.F.);
#1666=ORIENTED_EDGE('',*,*,#3766,.F.);
#1667=ORIENTED_EDGE('',*,*,#3767,.F.);
#1668=ORIENTED_EDGE('',*,*,#3768,.F.);
#1669=ORIENTED_EDGE('',*,*,#3769,.T.);
#1670=ORIENTED_EDGE('',*,*,#3766,.T.);
#1671=ORIENTED_EDGE('',*,*,#3770,.F.);
#1672=ORIENTED_EDGE('',*,*,#3771,.T.);
#1673=ORIENTED_EDGE('',*,*,#3768,.T.);
#1674=ORIENTED_EDGE('',*,*,#3772,.T.);
#1675=ORIENTED_EDGE('',*,*,#3758,.F.);
#1676=ORIENTED_EDGE('',*,*,#3773,.T.);
#1677=ORIENTED_EDGE('',*,*,#3774,.F.);
#1678=ORIENTED_EDGE('',*,*,#3775,.T.);
#1679=ORIENTED_EDGE('',*,*,#3776,.T.);
#1680=ORIENTED_EDGE('',*,*,#3777,.F.);
#1681=ORIENTED_EDGE('',*,*,#3778,.F.);
#1682=ORIENTED_EDGE('',*,*,#3779,.T.);
#1683=ORIENTED_EDGE('',*,*,#3780,.F.);
#1684=ORIENTED_EDGE('',*,*,#3781,.F.);
#1685=ORIENTED_EDGE('',*,*,#3782,.F.);
#1686=ORIENTED_EDGE('',*,*,#3777,.T.);
#1687=ORIENTED_EDGE('',*,*,#3783,.F.);
#1688=ORIENTED_EDGE('',*,*,#3784,.F.);
#1689=ORIENTED_EDGE('',*,*,#3785,.T.);
#1690=ORIENTED_EDGE('',*,*,#3781,.T.);
#1691=ORIENTED_EDGE('',*,*,#3786,.F.);
#1692=ORIENTED_EDGE('',*,*,#3787,.T.);
#1693=ORIENTED_EDGE('',*,*,#3776,.F.);
#1694=ORIENTED_EDGE('',*,*,#3788,.T.);
#1695=ORIENTED_EDGE('',*,*,#3784,.T.);
#1696=ORIENTED_EDGE('',*,*,#3740,.F.);
#1697=ORIENTED_EDGE('',*,*,#3789,.T.);
#1698=ORIENTED_EDGE('',*,*,#3790,.F.);
#1699=ORIENTED_EDGE('',*,*,#3791,.T.);
#1700=ORIENTED_EDGE('',*,*,#3792,.F.);
#1701=ORIENTED_EDGE('',*,*,#3793,.F.);
#1702=ORIENTED_EDGE('',*,*,#3794,.T.);
#1703=ORIENTED_EDGE('',*,*,#3747,.T.);
#1704=ORIENTED_EDGE('',*,*,#3795,.T.);
#1705=ORIENTED_EDGE('',*,*,#3796,.F.);
#1706=ORIENTED_EDGE('',*,*,#3797,.F.);
#1707=ORIENTED_EDGE('',*,*,#3750,.F.);
#1708=ORIENTED_EDGE('',*,*,#3752,.T.);
#1709=ORIENTED_EDGE('',*,*,#3743,.T.);
#1710=ORIENTED_EDGE('',*,*,#3756,.T.);
#1711=ORIENTED_EDGE('',*,*,#3798,.T.);
#1712=ORIENTED_EDGE('',*,*,#3799,.T.);
#1713=ORIENTED_EDGE('',*,*,#3800,.F.);
#1714=ORIENTED_EDGE('',*,*,#3801,.F.);
#1715=ORIENTED_EDGE('',*,*,#3795,.F.);
#1716=ORIENTED_EDGE('',*,*,#3746,.F.);
#1717=ORIENTED_EDGE('',*,*,#3753,.F.);
#1718=ORIENTED_EDGE('',*,*,#3751,.T.);
#1719=ORIENTED_EDGE('',*,*,#3748,.T.);
#1720=ORIENTED_EDGE('',*,*,#3797,.T.);
#1721=ORIENTED_EDGE('',*,*,#3802,.F.);
#1722=ORIENTED_EDGE('',*,*,#3803,.T.);
#1723=ORIENTED_EDGE('',*,*,#3804,.T.);
#1724=ORIENTED_EDGE('',*,*,#3805,.F.);
#1725=ORIENTED_EDGE('',*,*,#3754,.F.);
#1726=ORIENTED_EDGE('',*,*,#3741,.F.);
#1727=ORIENTED_EDGE('',*,*,#3805,.T.);
#1728=ORIENTED_EDGE('',*,*,#3806,.T.);
#1729=ORIENTED_EDGE('',*,*,#3798,.F.);
#1730=ORIENTED_EDGE('',*,*,#3755,.F.);
#1731=ORIENTED_EDGE('',*,*,#3807,.T.);
#1732=ORIENTED_EDGE('',*,*,#3808,.F.);
#1733=ORIENTED_EDGE('',*,*,#3809,.F.);
#1734=ORIENTED_EDGE('',*,*,#3800,.T.);
#1735=ORIENTED_EDGE('',*,*,#3810,.F.);
#1736=ORIENTED_EDGE('',*,*,#3811,.F.);
#1737=ORIENTED_EDGE('',*,*,#3812,.T.);
#1738=ORIENTED_EDGE('',*,*,#3813,.T.);
#1739=ORIENTED_EDGE('',*,*,#3814,.T.);
#1740=ORIENTED_EDGE('',*,*,#3815,.F.);
#1741=ORIENTED_EDGE('',*,*,#3816,.F.);
#1742=ORIENTED_EDGE('',*,*,#3817,.T.);
#1743=ORIENTED_EDGE('',*,*,#3818,.T.);
#1744=ORIENTED_EDGE('',*,*,#3760,.T.);
#1745=ORIENTED_EDGE('',*,*,#3819,.T.);
#1746=ORIENTED_EDGE('',*,*,#3820,.F.);
#1747=ORIENTED_EDGE('',*,*,#3821,.F.);
#1748=ORIENTED_EDGE('',*,*,#3822,.F.);
#1749=ORIENTED_EDGE('',*,*,#3823,.T.);
#1750=ORIENTED_EDGE('',*,*,#3824,.T.);
#1751=ORIENTED_EDGE('',*,*,#3771,.F.);
#1752=ORIENTED_EDGE('',*,*,#3757,.F.);
#1753=ORIENTED_EDGE('',*,*,#3818,.F.);
#1754=ORIENTED_EDGE('',*,*,#3825,.T.);
#1755=ORIENTED_EDGE('',*,*,#3822,.T.);
#1756=ORIENTED_EDGE('',*,*,#3826,.F.);
#1757=ORIENTED_EDGE('',*,*,#3827,.T.);
#1758=ORIENTED_EDGE('',*,*,#3764,.T.);
#1759=ORIENTED_EDGE('',*,*,#3767,.T.);
#1760=ORIENTED_EDGE('',*,*,#3769,.F.);
#1761=ORIENTED_EDGE('',*,*,#3828,.T.);
#1762=ORIENTED_EDGE('',*,*,#3829,.F.);
#1763=ORIENTED_EDGE('',*,*,#3761,.F.);
#1764=ORIENTED_EDGE('',*,*,#3827,.F.);
#1765=ORIENTED_EDGE('',*,*,#3772,.F.);
#1766=ORIENTED_EDGE('',*,*,#3770,.T.);
#1767=ORIENTED_EDGE('',*,*,#3765,.T.);
#1768=ORIENTED_EDGE('',*,*,#3762,.T.);
#1769=ORIENTED_EDGE('',*,*,#3829,.T.);
#1770=ORIENTED_EDGE('',*,*,#3830,.F.);
#1771=ORIENTED_EDGE('',*,*,#3831,.F.);
#1772=ORIENTED_EDGE('',*,*,#3832,.T.);
#1773=ORIENTED_EDGE('',*,*,#3819,.F.);
#1774=ORIENTED_EDGE('',*,*,#3759,.F.);
#1775=ORIENTED_EDGE('',*,*,#3833,.T.);
#1776=ORIENTED_EDGE('',*,*,#3834,.F.);
#1777=ORIENTED_EDGE('',*,*,#3835,.T.);
#1778=ORIENTED_EDGE('',*,*,#3774,.T.);
#1779=ORIENTED_EDGE('',*,*,#3836,.F.);
#1780=ORIENTED_EDGE('',*,*,#3837,.F.);
#1781=ORIENTED_EDGE('',*,*,#3838,.T.);
#1782=ORIENTED_EDGE('',*,*,#3839,.T.);
#1783=ORIENTED_EDGE('',*,*,#3788,.F.);
#1784=ORIENTED_EDGE('',*,*,#3775,.F.);
#1785=ORIENTED_EDGE('',*,*,#3835,.F.);
#1786=ORIENTED_EDGE('',*,*,#3840,.T.);
#1787=ORIENTED_EDGE('',*,*,#3837,.T.);
#1788=ORIENTED_EDGE('',*,*,#3841,.F.);
#1789=ORIENTED_EDGE('',*,*,#3842,.T.);
#1790=ORIENTED_EDGE('',*,*,#3778,.T.);
#1791=ORIENTED_EDGE('',*,*,#3782,.T.);
#1792=ORIENTED_EDGE('',*,*,#3785,.F.);
#1793=ORIENTED_EDGE('',*,*,#3779,.F.);
#1794=ORIENTED_EDGE('',*,*,#3842,.F.);
#1795=ORIENTED_EDGE('',*,*,#3843,.T.);
#1796=ORIENTED_EDGE('',*,*,#3844,.F.);
#1797=ORIENTED_EDGE('',*,*,#3787,.F.);
#1798=ORIENTED_EDGE('',*,*,#3786,.T.);
#1799=ORIENTED_EDGE('',*,*,#3783,.T.);
#1800=ORIENTED_EDGE('',*,*,#3780,.T.);
#1801=ORIENTED_EDGE('',*,*,#3844,.T.);
#1802=ORIENTED_EDGE('',*,*,#3845,.F.);
#1803=ORIENTED_EDGE('',*,*,#3846,.F.);
#1804=ORIENTED_EDGE('',*,*,#3847,.T.);
#1805=ORIENTED_EDGE('',*,*,#3833,.F.);
#1806=ORIENTED_EDGE('',*,*,#3773,.F.);
#1807=ORIENTED_EDGE('',*,*,#3848,.F.);
#1808=ORIENTED_EDGE('',*,*,#3849,.F.);
#1809=ORIENTED_EDGE('',*,*,#3850,.T.);
#1810=ORIENTED_EDGE('',*,*,#3851,.T.);
#1811=ORIENTED_EDGE('',*,*,#3852,.F.);
#1812=ORIENTED_EDGE('',*,*,#3853,.F.);
#1813=ORIENTED_EDGE('',*,*,#3854,.T.);
#1814=ORIENTED_EDGE('',*,*,#3855,.T.);
#1815=ORIENTED_EDGE('',*,*,#3856,.T.);
#1816=ORIENTED_EDGE('',*,*,#3857,.T.);
#1817=ORIENTED_EDGE('',*,*,#3858,.T.);
#1818=ORIENTED_EDGE('',*,*,#3859,.T.);
#1819=ORIENTED_EDGE('',*,*,#3860,.T.);
#1820=ORIENTED_EDGE('',*,*,#3861,.T.);
#1821=ORIENTED_EDGE('',*,*,#3862,.T.);
#1822=ORIENTED_EDGE('',*,*,#3863,.F.);
#1823=ORIENTED_EDGE('',*,*,#3864,.F.);
#1824=ORIENTED_EDGE('',*,*,#3865,.F.);
#1825=ORIENTED_EDGE('',*,*,#3866,.F.);
#1826=ORIENTED_EDGE('',*,*,#3867,.F.);
#1827=ORIENTED_EDGE('',*,*,#3868,.F.);
#1828=ORIENTED_EDGE('',*,*,#3869,.F.);
#1829=ORIENTED_EDGE('',*,*,#3870,.T.);
#1830=ORIENTED_EDGE('',*,*,#3871,.T.);
#1831=ORIENTED_EDGE('',*,*,#3872,.T.);
#1832=ORIENTED_EDGE('',*,*,#3873,.F.);
#1833=ORIENTED_EDGE('',*,*,#3874,.F.);
#1834=ORIENTED_EDGE('',*,*,#3875,.T.);
#1835=ORIENTED_EDGE('',*,*,#3876,.F.);
#1836=ORIENTED_EDGE('',*,*,#3877,.F.);
#1837=ORIENTED_EDGE('',*,*,#3878,.F.);
#1838=ORIENTED_EDGE('',*,*,#3879,.T.);
#1839=ORIENTED_EDGE('',*,*,#3880,.T.);
#1840=ORIENTED_EDGE('',*,*,#3881,.F.);
#1841=ORIENTED_EDGE('',*,*,#3882,.F.);
#1842=ORIENTED_EDGE('',*,*,#3883,.T.);
#1843=ORIENTED_EDGE('',*,*,#3884,.F.);
#1844=ORIENTED_EDGE('',*,*,#3885,.F.);
#1845=ORIENTED_EDGE('',*,*,#3886,.F.);
#1846=ORIENTED_EDGE('',*,*,#3887,.T.);
#1847=ORIENTED_EDGE('',*,*,#3789,.F.);
#1848=ORIENTED_EDGE('',*,*,#3888,.T.);
#1849=ORIENTED_EDGE('',*,*,#3889,.F.);
#1850=ORIENTED_EDGE('',*,*,#3883,.F.);
#1851=ORIENTED_EDGE('',*,*,#3890,.T.);
#1852=ORIENTED_EDGE('',*,*,#3891,.T.);
#1853=ORIENTED_EDGE('',*,*,#3892,.F.);
#1854=ORIENTED_EDGE('',*,*,#3893,.T.);
#1855=ORIENTED_EDGE('',*,*,#3873,.T.);
#1856=ORIENTED_EDGE('',*,*,#3894,.F.);
#1857=ORIENTED_EDGE('',*,*,#3895,.F.);
#1858=ORIENTED_EDGE('',*,*,#3896,.F.);
#1859=ORIENTED_EDGE('',*,*,#3874,.T.);
#1860=ORIENTED_EDGE('',*,*,#3893,.F.);
#1861=ORIENTED_EDGE('',*,*,#3897,.F.);
#1862=ORIENTED_EDGE('',*,*,#3875,.F.);
#1863=ORIENTED_EDGE('',*,*,#3896,.T.);
#1864=ORIENTED_EDGE('',*,*,#3898,.T.);
#1865=ORIENTED_EDGE('',*,*,#3899,.F.);
#1866=ORIENTED_EDGE('',*,*,#3900,.T.);
#1867=ORIENTED_EDGE('',*,*,#3881,.T.);
#1868=ORIENTED_EDGE('',*,*,#3901,.F.);
#1869=ORIENTED_EDGE('',*,*,#3902,.F.);
#1870=ORIENTED_EDGE('',*,*,#3890,.F.);
#1871=ORIENTED_EDGE('',*,*,#3882,.T.);
#1872=ORIENTED_EDGE('',*,*,#3900,.F.);
#1873=ORIENTED_EDGE('',*,*,#3903,.F.);
#1874=ORIENTED_EDGE('',*,*,#3904,.F.);
#1875=ORIENTED_EDGE('',*,*,#3790,.T.);
#1876=ORIENTED_EDGE('',*,*,#3905,.T.);
#1877=ORIENTED_EDGE('',*,*,#3906,.F.);
#1878=ORIENTED_EDGE('',*,*,#3793,.T.);
#1879=ORIENTED_EDGE('',*,*,#3907,.T.);
#1880=ORIENTED_EDGE('',*,*,#3908,.T.);
#1881=ORIENTED_EDGE('',*,*,#3909,.T.);
#1882=ORIENTED_EDGE('',*,*,#3910,.F.);
#1883=ORIENTED_EDGE('',*,*,#3911,.T.);
#1884=ORIENTED_EDGE('',*,*,#3912,.T.);
#1885=ORIENTED_EDGE('',*,*,#3913,.T.);
#1886=ORIENTED_EDGE('',*,*,#3910,.T.);
#1887=ORIENTED_EDGE('',*,*,#3914,.T.);
#1888=ORIENTED_EDGE('',*,*,#3915,.T.);
#1889=ORIENTED_EDGE('',*,*,#3794,.F.);
#1890=ORIENTED_EDGE('',*,*,#3909,.F.);
#1891=ORIENTED_EDGE('',*,*,#3916,.T.);
#1892=ORIENTED_EDGE('',*,*,#3917,.F.);
#1893=ORIENTED_EDGE('',*,*,#3918,.F.);
#1894=ORIENTED_EDGE('',*,*,#3791,.F.);
#1895=ORIENTED_EDGE('',*,*,#3915,.F.);
#1896=ORIENTED_EDGE('',*,*,#3918,.T.);
#1897=ORIENTED_EDGE('',*,*,#3919,.T.);
#1898=ORIENTED_EDGE('',*,*,#3920,.T.);
#1899=ORIENTED_EDGE('',*,*,#3921,.F.);
#1900=ORIENTED_EDGE('',*,*,#3907,.F.);
#1901=ORIENTED_EDGE('',*,*,#3792,.T.);
#1902=ORIENTED_EDGE('',*,*,#3920,.F.);
#1903=ORIENTED_EDGE('',*,*,#3922,.T.);
#1904=ORIENTED_EDGE('',*,*,#3923,.T.);
#1905=ORIENTED_EDGE('',*,*,#3924,.T.);
#1906=ORIENTED_EDGE('',*,*,#3796,.T.);
#1907=ORIENTED_EDGE('',*,*,#3801,.T.);
#1908=ORIENTED_EDGE('',*,*,#3809,.T.);
#1909=ORIENTED_EDGE('',*,*,#3925,.T.);
#1910=ORIENTED_EDGE('',*,*,#3926,.T.);
#1911=ORIENTED_EDGE('',*,*,#3927,.T.);
#1912=ORIENTED_EDGE('',*,*,#3802,.T.);
#1913=ORIENTED_EDGE('',*,*,#3928,.F.);
#1914=ORIENTED_EDGE('',*,*,#3929,.T.);
#1915=ORIENTED_EDGE('',*,*,#3803,.F.);
#1916=ORIENTED_EDGE('',*,*,#3927,.F.);
#1917=ORIENTED_EDGE('',*,*,#3806,.F.);
#1918=ORIENTED_EDGE('',*,*,#3804,.F.);
#1919=ORIENTED_EDGE('',*,*,#3929,.F.);
#1920=ORIENTED_EDGE('',*,*,#3930,.F.);
#1921=ORIENTED_EDGE('',*,*,#3931,.F.);
#1922=ORIENTED_EDGE('',*,*,#3807,.F.);
#1923=ORIENTED_EDGE('',*,*,#3799,.F.);
#1924=ORIENTED_EDGE('',*,*,#3932,.F.);
#1925=ORIENTED_EDGE('',*,*,#3925,.F.);
#1926=ORIENTED_EDGE('',*,*,#3808,.T.);
#1927=ORIENTED_EDGE('',*,*,#3931,.T.);
#1928=ORIENTED_EDGE('',*,*,#3933,.F.);
#1929=ORIENTED_EDGE('',*,*,#3934,.F.);
#1930=ORIENTED_EDGE('',*,*,#3935,.F.);
#1931=ORIENTED_EDGE('',*,*,#3812,.F.);
#1932=ORIENTED_EDGE('',*,*,#3936,.F.);
#1933=ORIENTED_EDGE('',*,*,#3937,.T.);
#1934=ORIENTED_EDGE('',*,*,#3938,.F.);
#1935=ORIENTED_EDGE('',*,*,#3939,.F.);
#1936=ORIENTED_EDGE('',*,*,#3940,.F.);
#1937=ORIENTED_EDGE('',*,*,#3941,.F.);
#1938=ORIENTED_EDGE('',*,*,#3813,.F.);
#1939=ORIENTED_EDGE('',*,*,#3935,.T.);
#1940=ORIENTED_EDGE('',*,*,#3942,.T.);
#1941=ORIENTED_EDGE('',*,*,#3937,.F.);
#1942=ORIENTED_EDGE('',*,*,#3943,.F.);
#1943=ORIENTED_EDGE('',*,*,#3944,.T.);
#1944=ORIENTED_EDGE('',*,*,#3810,.T.);
#1945=ORIENTED_EDGE('',*,*,#3941,.T.);
#1946=ORIENTED_EDGE('',*,*,#3945,.F.);
#1947=ORIENTED_EDGE('',*,*,#3946,.F.);
#1948=ORIENTED_EDGE('',*,*,#3947,.F.);
#1949=ORIENTED_EDGE('',*,*,#3933,.T.);
#1950=ORIENTED_EDGE('',*,*,#3811,.T.);
#1951=ORIENTED_EDGE('',*,*,#3944,.F.);
#1952=ORIENTED_EDGE('',*,*,#3948,.F.);
#1953=ORIENTED_EDGE('',*,*,#3946,.T.);
#1954=ORIENTED_EDGE('',*,*,#3949,.F.);
#1955=ORIENTED_EDGE('',*,*,#3950,.F.);
#1956=ORIENTED_EDGE('',*,*,#3951,.T.);
#1957=ORIENTED_EDGE('',*,*,#3816,.T.);
#1958=ORIENTED_EDGE('',*,*,#3952,.T.);
#1959=ORIENTED_EDGE('',*,*,#3953,.T.);
#1960=ORIENTED_EDGE('',*,*,#3954,.F.);
#1961=ORIENTED_EDGE('',*,*,#3955,.T.);
#1962=ORIENTED_EDGE('',*,*,#3956,.T.);
#1963=ORIENTED_EDGE('',*,*,#3957,.T.);
#1964=ORIENTED_EDGE('',*,*,#3954,.T.);
#1965=ORIENTED_EDGE('',*,*,#3958,.T.);
#1966=ORIENTED_EDGE('',*,*,#3959,.T.);
#1967=ORIENTED_EDGE('',*,*,#3817,.F.);
#1968=ORIENTED_EDGE('',*,*,#3951,.F.);
#1969=ORIENTED_EDGE('',*,*,#3960,.T.);
#1970=ORIENTED_EDGE('',*,*,#3959,.F.);
#1971=ORIENTED_EDGE('',*,*,#3961,.T.);
#1972=ORIENTED_EDGE('',*,*,#3962,.F.);
#1973=ORIENTED_EDGE('',*,*,#3814,.F.);
#1974=ORIENTED_EDGE('',*,*,#3962,.T.);
#1975=ORIENTED_EDGE('',*,*,#3963,.T.);
#1976=ORIENTED_EDGE('',*,*,#3964,.T.);
#1977=ORIENTED_EDGE('',*,*,#3965,.F.);
#1978=ORIENTED_EDGE('',*,*,#3952,.F.);
#1979=ORIENTED_EDGE('',*,*,#3815,.T.);
#1980=ORIENTED_EDGE('',*,*,#3964,.F.);
#1981=ORIENTED_EDGE('',*,*,#3966,.T.);
#1982=ORIENTED_EDGE('',*,*,#3967,.T.);
#1983=ORIENTED_EDGE('',*,*,#3968,.T.);
#1984=ORIENTED_EDGE('',*,*,#3969,.F.);
#1985=ORIENTED_EDGE('',*,*,#3970,.T.);
#1986=ORIENTED_EDGE('',*,*,#3971,.T.);
#1987=ORIENTED_EDGE('',*,*,#3831,.T.);
#1988=ORIENTED_EDGE('',*,*,#3825,.F.);
#1989=ORIENTED_EDGE('',*,*,#3820,.T.);
#1990=ORIENTED_EDGE('',*,*,#3832,.F.);
#1991=ORIENTED_EDGE('',*,*,#3971,.F.);
#1992=ORIENTED_EDGE('',*,*,#3972,.F.);
#1993=ORIENTED_EDGE('',*,*,#3973,.F.);
#1994=ORIENTED_EDGE('',*,*,#3823,.F.);
#1995=ORIENTED_EDGE('',*,*,#3973,.T.);
#1996=ORIENTED_EDGE('',*,*,#3974,.T.);
#1997=ORIENTED_EDGE('',*,*,#3975,.F.);
#1998=ORIENTED_EDGE('',*,*,#3824,.F.);
#1999=ORIENTED_EDGE('',*,*,#3830,.T.);
#2000=ORIENTED_EDGE('',*,*,#3828,.F.);
#2001=ORIENTED_EDGE('',*,*,#3826,.T.);
#2002=ORIENTED_EDGE('',*,*,#3821,.T.);
#2003=ORIENTED_EDGE('',*,*,#3975,.T.);
#2004=ORIENTED_EDGE('',*,*,#3976,.T.);
#2005=ORIENTED_EDGE('',*,*,#3969,.T.);
#2006=ORIENTED_EDGE('',*,*,#3977,.F.);
#2007=ORIENTED_EDGE('',*,*,#3978,.T.);
#2008=ORIENTED_EDGE('',*,*,#3979,.T.);
#2009=ORIENTED_EDGE('',*,*,#3846,.T.);
#2010=ORIENTED_EDGE('',*,*,#3840,.F.);
#2011=ORIENTED_EDGE('',*,*,#3834,.T.);
#2012=ORIENTED_EDGE('',*,*,#3847,.F.);
#2013=ORIENTED_EDGE('',*,*,#3979,.F.);
#2014=ORIENTED_EDGE('',*,*,#3980,.F.);
#2015=ORIENTED_EDGE('',*,*,#3981,.F.);
#2016=ORIENTED_EDGE('',*,*,#3838,.F.);
#2017=ORIENTED_EDGE('',*,*,#3981,.T.);
#2018=ORIENTED_EDGE('',*,*,#3982,.T.);
#2019=ORIENTED_EDGE('',*,*,#3983,.F.);
#2020=ORIENTED_EDGE('',*,*,#3839,.F.);
#2021=ORIENTED_EDGE('',*,*,#3845,.T.);
#2022=ORIENTED_EDGE('',*,*,#3843,.F.);
#2023=ORIENTED_EDGE('',*,*,#3841,.T.);
#2024=ORIENTED_EDGE('',*,*,#3836,.T.);
#2025=ORIENTED_EDGE('',*,*,#3983,.T.);
#2026=ORIENTED_EDGE('',*,*,#3984,.T.);
#2027=ORIENTED_EDGE('',*,*,#3977,.T.);
#2028=ORIENTED_EDGE('',*,*,#3985,.F.);
#2029=ORIENTED_EDGE('',*,*,#3986,.F.);
#2030=ORIENTED_EDGE('',*,*,#3850,.F.);
#2031=ORIENTED_EDGE('',*,*,#3987,.F.);
#2032=ORIENTED_EDGE('',*,*,#3988,.F.);
#2033=ORIENTED_EDGE('',*,*,#3989,.T.);
#2034=ORIENTED_EDGE('',*,*,#3990,.F.);
#2035=ORIENTED_EDGE('',*,*,#3991,.F.);
#2036=ORIENTED_EDGE('',*,*,#3992,.F.);
#2037=ORIENTED_EDGE('',*,*,#3993,.F.);
#2038=ORIENTED_EDGE('',*,*,#3851,.F.);
#2039=ORIENTED_EDGE('',*,*,#3986,.T.);
#2040=ORIENTED_EDGE('',*,*,#3994,.T.);
#2041=ORIENTED_EDGE('',*,*,#3989,.F.);
#2042=ORIENTED_EDGE('',*,*,#3993,.T.);
#2043=ORIENTED_EDGE('',*,*,#3995,.T.);
#2044=ORIENTED_EDGE('',*,*,#3996,.T.);
#2045=ORIENTED_EDGE('',*,*,#3848,.T.);
#2046=ORIENTED_EDGE('',*,*,#3997,.F.);
#2047=ORIENTED_EDGE('',*,*,#3998,.F.);
#2048=ORIENTED_EDGE('',*,*,#3999,.F.);
#2049=ORIENTED_EDGE('',*,*,#3987,.T.);
#2050=ORIENTED_EDGE('',*,*,#3849,.T.);
#2051=ORIENTED_EDGE('',*,*,#3996,.F.);
#2052=ORIENTED_EDGE('',*,*,#4000,.F.);
#2053=ORIENTED_EDGE('',*,*,#3998,.T.);
#2054=ORIENTED_EDGE('',*,*,#4001,.F.);
#2055=ORIENTED_EDGE('',*,*,#4002,.F.);
#2056=ORIENTED_EDGE('',*,*,#4003,.T.);
#2057=ORIENTED_EDGE('',*,*,#4004,.T.);
#2058=ORIENTED_EDGE('',*,*,#4005,.F.);
#2059=ORIENTED_EDGE('',*,*,#4006,.F.);
#2060=ORIENTED_EDGE('',*,*,#4007,.T.);
#2061=ORIENTED_EDGE('',*,*,#4006,.T.);
#2062=ORIENTED_EDGE('',*,*,#4008,.F.);
#2063=ORIENTED_EDGE('',*,*,#4009,.F.);
#2064=ORIENTED_EDGE('',*,*,#4010,.T.);
#2065=ORIENTED_EDGE('',*,*,#4009,.T.);
#2066=ORIENTED_EDGE('',*,*,#4011,.F.);
#2067=ORIENTED_EDGE('',*,*,#4012,.F.);
#2068=ORIENTED_EDGE('',*,*,#4012,.T.);
#2069=ORIENTED_EDGE('',*,*,#4013,.T.);
#2070=ORIENTED_EDGE('',*,*,#4004,.F.);
#2071=ORIENTED_EDGE('',*,*,#4014,.F.);
#2072=ORIENTED_EDGE('',*,*,#4015,.T.);
#2073=ORIENTED_EDGE('',*,*,#4016,.T.);
#2074=ORIENTED_EDGE('',*,*,#4017,.F.);
#2075=ORIENTED_EDGE('',*,*,#4018,.F.);
#2076=ORIENTED_EDGE('',*,*,#4019,.F.);
#2077=ORIENTED_EDGE('',*,*,#4020,.T.);
#2078=ORIENTED_EDGE('',*,*,#4018,.T.);
#2079=ORIENTED_EDGE('',*,*,#4021,.F.);
#2080=ORIENTED_EDGE('',*,*,#4022,.F.);
#2081=ORIENTED_EDGE('',*,*,#4019,.T.);
#2082=ORIENTED_EDGE('',*,*,#4023,.F.);
#2083=ORIENTED_EDGE('',*,*,#4024,.F.);
#2084=ORIENTED_EDGE('',*,*,#4025,.T.);
#2085=ORIENTED_EDGE('',*,*,#4024,.T.);
#2086=ORIENTED_EDGE('',*,*,#4026,.F.);
#2087=ORIENTED_EDGE('',*,*,#4016,.F.);
#2088=ORIENTED_EDGE('',*,*,#4027,.F.);
#2089=ORIENTED_EDGE('',*,*,#4028,.F.);
#2090=ORIENTED_EDGE('',*,*,#4029,.T.);
#2091=ORIENTED_EDGE('',*,*,#3885,.T.);
#2092=ORIENTED_EDGE('',*,*,#4030,.T.);
#2093=ORIENTED_EDGE('',*,*,#3886,.T.);
#2094=ORIENTED_EDGE('',*,*,#4029,.F.);
#2095=ORIENTED_EDGE('',*,*,#4031,.T.);
#2096=ORIENTED_EDGE('',*,*,#4032,.T.);
#2097=ORIENTED_EDGE('',*,*,#3887,.F.);
#2098=ORIENTED_EDGE('',*,*,#4030,.F.);
#2099=ORIENTED_EDGE('',*,*,#4033,.T.);
#2100=ORIENTED_EDGE('',*,*,#3857,.F.);
#2101=ORIENTED_EDGE('',*,*,#4034,.T.);
#2102=ORIENTED_EDGE('',*,*,#4035,.F.);
#2103=ORIENTED_EDGE('',*,*,#4036,.F.);
#2104=ORIENTED_EDGE('',*,*,#3858,.F.);
#2105=ORIENTED_EDGE('',*,*,#4036,.T.);
#2106=ORIENTED_EDGE('',*,*,#4037,.F.);
#2107=ORIENTED_EDGE('',*,*,#4038,.F.);
#2108=ORIENTED_EDGE('',*,*,#3859,.F.);
#2109=ORIENTED_EDGE('',*,*,#4038,.T.);
#2110=ORIENTED_EDGE('',*,*,#4039,.F.);
#2111=ORIENTED_EDGE('',*,*,#4040,.F.);
#2112=ORIENTED_EDGE('',*,*,#3860,.F.);
#2113=ORIENTED_EDGE('',*,*,#4040,.T.);
#2114=ORIENTED_EDGE('',*,*,#4041,.F.);
#2115=ORIENTED_EDGE('',*,*,#4042,.F.);
#2116=ORIENTED_EDGE('',*,*,#3861,.F.);
#2117=ORIENTED_EDGE('',*,*,#4042,.T.);
#2118=ORIENTED_EDGE('',*,*,#4043,.F.);
#2119=ORIENTED_EDGE('',*,*,#4044,.F.);
#2120=ORIENTED_EDGE('',*,*,#4045,.F.);
#2121=ORIENTED_EDGE('',*,*,#4046,.F.);
#2122=ORIENTED_EDGE('',*,*,#4047,.T.);
#2123=ORIENTED_EDGE('',*,*,#3853,.T.);
#2124=ORIENTED_EDGE('',*,*,#4048,.F.);
#2125=ORIENTED_EDGE('',*,*,#3854,.F.);
#2126=ORIENTED_EDGE('',*,*,#4047,.F.);
#2127=ORIENTED_EDGE('',*,*,#4049,.F.);
#2128=ORIENTED_EDGE('',*,*,#4050,.F.);
#2129=ORIENTED_EDGE('',*,*,#3855,.F.);
#2130=ORIENTED_EDGE('',*,*,#4048,.T.);
#2131=ORIENTED_EDGE('',*,*,#4051,.T.);
#2132=ORIENTED_EDGE('',*,*,#4052,.T.);
#2133=ORIENTED_EDGE('',*,*,#4053,.F.);
#2134=ORIENTED_EDGE('',*,*,#4054,.F.);
#2135=ORIENTED_EDGE('',*,*,#4055,.F.);
#2136=ORIENTED_EDGE('',*,*,#4056,.T.);
#2137=ORIENTED_EDGE('',*,*,#3869,.T.);
#2138=ORIENTED_EDGE('',*,*,#4057,.F.);
#2139=ORIENTED_EDGE('',*,*,#3870,.F.);
#2140=ORIENTED_EDGE('',*,*,#4056,.F.);
#2141=ORIENTED_EDGE('',*,*,#4058,.F.);
#2142=ORIENTED_EDGE('',*,*,#4059,.F.);
#2143=ORIENTED_EDGE('',*,*,#3871,.F.);
#2144=ORIENTED_EDGE('',*,*,#4057,.T.);
#2145=ORIENTED_EDGE('',*,*,#4060,.T.);
#2146=ORIENTED_EDGE('',*,*,#3863,.T.);
#2147=ORIENTED_EDGE('',*,*,#4061,.T.);
#2148=ORIENTED_EDGE('',*,*,#4062,.T.);
#2149=ORIENTED_EDGE('',*,*,#4063,.F.);
#2150=ORIENTED_EDGE('',*,*,#3864,.T.);
#2151=ORIENTED_EDGE('',*,*,#4063,.T.);
#2152=ORIENTED_EDGE('',*,*,#4064,.T.);
#2153=ORIENTED_EDGE('',*,*,#4065,.F.);
#2154=ORIENTED_EDGE('',*,*,#3865,.T.);
#2155=ORIENTED_EDGE('',*,*,#4065,.T.);
#2156=ORIENTED_EDGE('',*,*,#4066,.F.);
#2157=ORIENTED_EDGE('',*,*,#4067,.F.);
#2158=ORIENTED_EDGE('',*,*,#3866,.T.);
#2159=ORIENTED_EDGE('',*,*,#4067,.T.);
#2160=ORIENTED_EDGE('',*,*,#4068,.F.);
#2161=ORIENTED_EDGE('',*,*,#4069,.F.);
#2162=ORIENTED_EDGE('',*,*,#3867,.T.);
#2163=ORIENTED_EDGE('',*,*,#4069,.T.);
#2164=ORIENTED_EDGE('',*,*,#4070,.T.);
#2165=ORIENTED_EDGE('',*,*,#4071,.F.);
#2166=ORIENTED_EDGE('',*,*,#4072,.F.);
#2167=ORIENTED_EDGE('',*,*,#4053,.T.);
#2168=ORIENTED_EDGE('',*,*,#4073,.F.);
#2169=ORIENTED_EDGE('',*,*,#4054,.T.);
#2170=ORIENTED_EDGE('',*,*,#3868,.T.);
#2171=ORIENTED_EDGE('',*,*,#4059,.T.);
#2172=ORIENTED_EDGE('',*,*,#4074,.F.);
#2173=ORIENTED_EDGE('',*,*,#4061,.F.);
#2174=ORIENTED_EDGE('',*,*,#3862,.F.);
#2175=ORIENTED_EDGE('',*,*,#4071,.T.);
#2176=ORIENTED_EDGE('',*,*,#4075,.F.);
#2177=ORIENTED_EDGE('',*,*,#4076,.T.);
#2178=ORIENTED_EDGE('',*,*,#3876,.T.);
#2179=ORIENTED_EDGE('',*,*,#3899,.T.);
#2180=ORIENTED_EDGE('',*,*,#4077,.T.);
#2181=ORIENTED_EDGE('',*,*,#3901,.T.);
#2182=ORIENTED_EDGE('',*,*,#3880,.F.);
#2183=ORIENTED_EDGE('',*,*,#4032,.F.);
#2184=ORIENTED_EDGE('',*,*,#4078,.F.);
#2185=ORIENTED_EDGE('',*,*,#4034,.F.);
#2186=ORIENTED_EDGE('',*,*,#3856,.F.);
#2187=ORIENTED_EDGE('',*,*,#4044,.T.);
#2188=ORIENTED_EDGE('',*,*,#4079,.F.);
#2189=ORIENTED_EDGE('',*,*,#4045,.T.);
#2190=ORIENTED_EDGE('',*,*,#3852,.T.);
#2191=ORIENTED_EDGE('',*,*,#4050,.T.);
#2192=ORIENTED_EDGE('',*,*,#4076,.F.);
#2193=ORIENTED_EDGE('',*,*,#4080,.F.);
#2194=ORIENTED_EDGE('',*,*,#4081,.T.);
#2195=ORIENTED_EDGE('',*,*,#3877,.T.);
#2196=ORIENTED_EDGE('',*,*,#4082,.T.);
#2197=ORIENTED_EDGE('',*,*,#3878,.T.);
#2198=ORIENTED_EDGE('',*,*,#4081,.F.);
#2199=ORIENTED_EDGE('',*,*,#4083,.T.);
#2200=ORIENTED_EDGE('',*,*,#4084,.T.);
#2201=ORIENTED_EDGE('',*,*,#3879,.F.);
#2202=ORIENTED_EDGE('',*,*,#4082,.F.);
#2203=ORIENTED_EDGE('',*,*,#4085,.T.);
#2204=ORIENTED_EDGE('',*,*,#4086,.T.);
#2205=ORIENTED_EDGE('',*,*,#4087,.F.);
#2206=ORIENTED_EDGE('',*,*,#4086,.F.);
#2207=ORIENTED_EDGE('',*,*,#4088,.F.);
#2208=ORIENTED_EDGE('',*,*,#4027,.T.);
#2209=ORIENTED_EDGE('',*,*,#3884,.T.);
#2210=ORIENTED_EDGE('',*,*,#3892,.T.);
#2211=ORIENTED_EDGE('',*,*,#4089,.T.);
#2212=ORIENTED_EDGE('',*,*,#3894,.T.);
#2213=ORIENTED_EDGE('',*,*,#3872,.F.);
#2214=ORIENTED_EDGE('',*,*,#4084,.F.);
#2215=ORIENTED_EDGE('',*,*,#4090,.F.);
#2216=ORIENTED_EDGE('',*,*,#4091,.F.);
#2217=ORIENTED_EDGE('',*,*,#4092,.T.);
#2218=ORIENTED_EDGE('',*,*,#4093,.T.);
#2219=ORIENTED_EDGE('',*,*,#4094,.T.);
#2220=ORIENTED_EDGE('',*,*,#4095,.F.);
#2221=ORIENTED_EDGE('',*,*,#4096,.T.);
#2222=ORIENTED_EDGE('',*,*,#4091,.T.);
#2223=ORIENTED_EDGE('',*,*,#4097,.T.);
#2224=ORIENTED_EDGE('',*,*,#4098,.F.);
#2225=ORIENTED_EDGE('',*,*,#4099,.T.);
#2226=ORIENTED_EDGE('',*,*,#4095,.T.);
#2227=ORIENTED_EDGE('',*,*,#4100,.T.);
#2228=ORIENTED_EDGE('',*,*,#4101,.F.);
#2229=ORIENTED_EDGE('',*,*,#4102,.T.);
#2230=ORIENTED_EDGE('',*,*,#4103,.T.);
#2231=ORIENTED_EDGE('',*,*,#4104,.F.);
#2232=ORIENTED_EDGE('',*,*,#4105,.F.);
#2233=ORIENTED_EDGE('',*,*,#4106,.T.);
#2234=ORIENTED_EDGE('',*,*,#4107,.T.);
#2235=ORIENTED_EDGE('',*,*,#4108,.F.);
#2236=ORIENTED_EDGE('',*,*,#4109,.F.);
#2237=ORIENTED_EDGE('',*,*,#4110,.T.);
#2238=ORIENTED_EDGE('',*,*,#4111,.T.);
#2239=ORIENTED_EDGE('',*,*,#4112,.F.);
#2240=ORIENTED_EDGE('',*,*,#4113,.F.);
#2241=ORIENTED_EDGE('',*,*,#4112,.T.);
#2242=ORIENTED_EDGE('',*,*,#4114,.T.);
#2243=ORIENTED_EDGE('',*,*,#4115,.F.);
#2244=ORIENTED_EDGE('',*,*,#4116,.F.);
#2245=ORIENTED_EDGE('',*,*,#4115,.T.);
#2246=ORIENTED_EDGE('',*,*,#4117,.T.);
#2247=ORIENTED_EDGE('',*,*,#4118,.F.);
#2248=ORIENTED_EDGE('',*,*,#4119,.F.);
#2249=ORIENTED_EDGE('',*,*,#4120,.T.);
#2250=ORIENTED_EDGE('',*,*,#4121,.T.);
#2251=ORIENTED_EDGE('',*,*,#4122,.T.);
#2252=ORIENTED_EDGE('',*,*,#4123,.T.);
#2253=ORIENTED_EDGE('',*,*,#4124,.T.);
#2254=ORIENTED_EDGE('',*,*,#4125,.F.);
#2255=ORIENTED_EDGE('',*,*,#4126,.T.);
#2256=ORIENTED_EDGE('',*,*,#4127,.F.);
#2257=ORIENTED_EDGE('',*,*,#4128,.T.);
#2258=ORIENTED_EDGE('',*,*,#4129,.F.);
#2259=ORIENTED_EDGE('',*,*,#4130,.F.);
#2260=ORIENTED_EDGE('',*,*,#4131,.F.);
#2261=ORIENTED_EDGE('',*,*,#4132,.T.);
#2262=ORIENTED_EDGE('',*,*,#4133,.T.);
#2263=ORIENTED_EDGE('',*,*,#4134,.T.);
#2264=ORIENTED_EDGE('',*,*,#4135,.F.);
#2265=ORIENTED_EDGE('',*,*,#4136,.T.);
#2266=ORIENTED_EDGE('',*,*,#4131,.T.);
#2267=ORIENTED_EDGE('',*,*,#4137,.T.);
#2268=ORIENTED_EDGE('',*,*,#4138,.F.);
#2269=ORIENTED_EDGE('',*,*,#4139,.T.);
#2270=ORIENTED_EDGE('',*,*,#4135,.T.);
#2271=ORIENTED_EDGE('',*,*,#4140,.T.);
#2272=ORIENTED_EDGE('',*,*,#4141,.F.);
#2273=ORIENTED_EDGE('',*,*,#4142,.T.);
#2274=ORIENTED_EDGE('',*,*,#4143,.T.);
#2275=ORIENTED_EDGE('',*,*,#4144,.F.);
#2276=ORIENTED_EDGE('',*,*,#4145,.F.);
#2277=ORIENTED_EDGE('',*,*,#4146,.T.);
#2278=ORIENTED_EDGE('',*,*,#4147,.T.);
#2279=ORIENTED_EDGE('',*,*,#4148,.F.);
#2280=ORIENTED_EDGE('',*,*,#4149,.F.);
#2281=ORIENTED_EDGE('',*,*,#4150,.T.);
#2282=ORIENTED_EDGE('',*,*,#4151,.T.);
#2283=ORIENTED_EDGE('',*,*,#4152,.F.);
#2284=ORIENTED_EDGE('',*,*,#4153,.F.);
#2285=ORIENTED_EDGE('',*,*,#4154,.T.);
#2286=ORIENTED_EDGE('',*,*,#4149,.T.);
#2287=ORIENTED_EDGE('',*,*,#4155,.F.);
#2288=ORIENTED_EDGE('',*,*,#4156,.F.);
#2289=ORIENTED_EDGE('',*,*,#4157,.T.);
#2290=ORIENTED_EDGE('',*,*,#4153,.T.);
#2291=ORIENTED_EDGE('',*,*,#4158,.F.);
#2292=ORIENTED_EDGE('',*,*,#4159,.F.);
#2293=ORIENTED_EDGE('',*,*,#4160,.T.);
#2294=ORIENTED_EDGE('',*,*,#4161,.T.);
#2295=ORIENTED_EDGE('',*,*,#4162,.T.);
#2296=ORIENTED_EDGE('',*,*,#4163,.T.);
#2297=ORIENTED_EDGE('',*,*,#4164,.F.);
#2298=ORIENTED_EDGE('',*,*,#3888,.F.);
#2299=ORIENTED_EDGE('',*,*,#4165,.F.);
#2300=ORIENTED_EDGE('',*,*,#4010,.F.);
#2301=ORIENTED_EDGE('',*,*,#4014,.T.);
#2302=ORIENTED_EDGE('',*,*,#4003,.F.);
#2303=ORIENTED_EDGE('',*,*,#4007,.F.);
#2304=ORIENTED_EDGE('',*,*,#3903,.T.);
#2305=ORIENTED_EDGE('',*,*,#3902,.T.);
#2306=ORIENTED_EDGE('',*,*,#4077,.F.);
#2307=ORIENTED_EDGE('',*,*,#3898,.F.);
#2308=ORIENTED_EDGE('',*,*,#3897,.T.);
#2309=ORIENTED_EDGE('',*,*,#3895,.T.);
#2310=ORIENTED_EDGE('',*,*,#4089,.F.);
#2311=ORIENTED_EDGE('',*,*,#3891,.F.);
#2312=ORIENTED_EDGE('',*,*,#4020,.F.);
#2313=ORIENTED_EDGE('',*,*,#4022,.T.);
#2314=ORIENTED_EDGE('',*,*,#4025,.F.);
#2315=ORIENTED_EDGE('',*,*,#4015,.F.);
#2316=ORIENTED_EDGE('',*,*,#4165,.T.);
#2317=ORIENTED_EDGE('',*,*,#3889,.T.);
#2318=ORIENTED_EDGE('',*,*,#4164,.T.);
#2319=ORIENTED_EDGE('',*,*,#4166,.F.);
#2320=ORIENTED_EDGE('',*,*,#4167,.T.);
#2321=ORIENTED_EDGE('',*,*,#3904,.T.);
#2322=ORIENTED_EDGE('',*,*,#3905,.F.);
#2323=ORIENTED_EDGE('',*,*,#4168,.T.);
#2324=ORIENTED_EDGE('',*,*,#3906,.T.);
#2325=ORIENTED_EDGE('',*,*,#4169,.F.);
#2326=ORIENTED_EDGE('',*,*,#4170,.F.);
#2327=ORIENTED_EDGE('',*,*,#4171,.F.);
#2328=ORIENTED_EDGE('',*,*,#4172,.T.);
#2329=ORIENTED_EDGE('',*,*,#4173,.T.);
#2330=ORIENTED_EDGE('',*,*,#4174,.T.);
#2331=ORIENTED_EDGE('',*,*,#4175,.T.);
#2332=ORIENTED_EDGE('',*,*,#3923,.F.);
#2333=ORIENTED_EDGE('',*,*,#4176,.F.);
#2334=ORIENTED_EDGE('',*,*,#3916,.F.);
#2335=ORIENTED_EDGE('',*,*,#3908,.F.);
#2336=ORIENTED_EDGE('',*,*,#3921,.T.);
#2337=ORIENTED_EDGE('',*,*,#3924,.F.);
#2338=ORIENTED_EDGE('',*,*,#4175,.F.);
#2339=ORIENTED_EDGE('',*,*,#4177,.T.);
#2340=ORIENTED_EDGE('',*,*,#4178,.T.);
#2341=ORIENTED_EDGE('',*,*,#3911,.F.);
#2342=ORIENTED_EDGE('',*,*,#4179,.T.);
#2343=ORIENTED_EDGE('',*,*,#4180,.T.);
#2344=ORIENTED_EDGE('',*,*,#3912,.F.);
#2345=ORIENTED_EDGE('',*,*,#4178,.F.);
#2346=ORIENTED_EDGE('',*,*,#4162,.F.);
#2347=ORIENTED_EDGE('',*,*,#4181,.F.);
#2348=ORIENTED_EDGE('',*,*,#4172,.F.);
#2349=ORIENTED_EDGE('',*,*,#4182,.F.);
#2350=ORIENTED_EDGE('',*,*,#4176,.T.);
#2351=ORIENTED_EDGE('',*,*,#3922,.F.);
#2352=ORIENTED_EDGE('',*,*,#3919,.F.);
#2353=ORIENTED_EDGE('',*,*,#3917,.T.);
#2354=ORIENTED_EDGE('',*,*,#3914,.F.);
#2355=ORIENTED_EDGE('',*,*,#3913,.F.);
#2356=ORIENTED_EDGE('',*,*,#4180,.F.);
#2357=ORIENTED_EDGE('',*,*,#4183,.F.);
#2358=ORIENTED_EDGE('',*,*,#4184,.F.);
#2359=ORIENTED_EDGE('',*,*,#4184,.T.);
#2360=ORIENTED_EDGE('',*,*,#4185,.T.);
#2361=ORIENTED_EDGE('',*,*,#4186,.F.);
#2362=ORIENTED_EDGE('',*,*,#4187,.F.);
#2363=ORIENTED_EDGE('',*,*,#4188,.T.);
#2364=ORIENTED_EDGE('',*,*,#4189,.F.);
#2365=ORIENTED_EDGE('',*,*,#4190,.F.);
#2366=ORIENTED_EDGE('',*,*,#4186,.T.);
#2367=ORIENTED_EDGE('',*,*,#4191,.T.);
#2368=ORIENTED_EDGE('',*,*,#4192,.F.);
#2369=ORIENTED_EDGE('',*,*,#4193,.F.);
#2370=ORIENTED_EDGE('',*,*,#4189,.T.);
#2371=ORIENTED_EDGE('',*,*,#4194,.T.);
#2372=ORIENTED_EDGE('',*,*,#4195,.F.);
#2373=ORIENTED_EDGE('',*,*,#4196,.F.);
#2374=ORIENTED_EDGE('',*,*,#4192,.T.);
#2375=ORIENTED_EDGE('',*,*,#4197,.T.);
#2376=ORIENTED_EDGE('',*,*,#4198,.F.);
#2377=ORIENTED_EDGE('',*,*,#4195,.T.);
#2378=ORIENTED_EDGE('',*,*,#4199,.T.);
#2379=ORIENTED_EDGE('',*,*,#4197,.F.);
#2380=ORIENTED_EDGE('',*,*,#4200,.F.);
#2381=ORIENTED_EDGE('',*,*,#4201,.T.);
#2382=ORIENTED_EDGE('',*,*,#4202,.F.);
#2383=ORIENTED_EDGE('',*,*,#4146,.F.);
#2384=ORIENTED_EDGE('',*,*,#4203,.F.);
#2385=ORIENTED_EDGE('',*,*,#4201,.F.);
#2386=ORIENTED_EDGE('',*,*,#4204,.F.);
#2387=ORIENTED_EDGE('',*,*,#4205,.F.);
#2388=ORIENTED_EDGE('',*,*,#4206,.F.);
#2389=ORIENTED_EDGE('',*,*,#4205,.T.);
#2390=ORIENTED_EDGE('',*,*,#4207,.F.);
#2391=ORIENTED_EDGE('',*,*,#4208,.T.);
#2392=ORIENTED_EDGE('',*,*,#4209,.F.);
#2393=ORIENTED_EDGE('',*,*,#4210,.T.);
#2394=ORIENTED_EDGE('',*,*,#4208,.F.);
#2395=ORIENTED_EDGE('',*,*,#4211,.F.);
#2396=ORIENTED_EDGE('',*,*,#4212,.T.);
#2397=ORIENTED_EDGE('',*,*,#4213,.T.);
#2398=ORIENTED_EDGE('',*,*,#4209,.T.);
#2399=ORIENTED_EDGE('',*,*,#4214,.T.);
#2400=ORIENTED_EDGE('',*,*,#3932,.T.);
#2401=ORIENTED_EDGE('',*,*,#3930,.T.);
#2402=ORIENTED_EDGE('',*,*,#3928,.T.);
#2403=ORIENTED_EDGE('',*,*,#3926,.F.);
#2404=ORIENTED_EDGE('',*,*,#4215,.F.);
#2405=ORIENTED_EDGE('',*,*,#4216,.T.);
#2406=ORIENTED_EDGE('',*,*,#4212,.F.);
#2407=ORIENTED_EDGE('',*,*,#4217,.F.);
#2408=ORIENTED_EDGE('',*,*,#4218,.F.);
#2409=ORIENTED_EDGE('',*,*,#4215,.T.);
#2410=ORIENTED_EDGE('',*,*,#4219,.F.);
#2411=ORIENTED_EDGE('',*,*,#4220,.T.);
#2412=ORIENTED_EDGE('',*,*,#4221,.F.);
#2413=ORIENTED_EDGE('',*,*,#4220,.F.);
#2414=ORIENTED_EDGE('',*,*,#4222,.F.);
#2415=ORIENTED_EDGE('',*,*,#4223,.F.);
#2416=ORIENTED_EDGE('',*,*,#4224,.F.);
#2417=ORIENTED_EDGE('',*,*,#4225,.T.);
#2418=ORIENTED_EDGE('',*,*,#4141,.T.);
#2419=ORIENTED_EDGE('',*,*,#4226,.F.);
#2420=ORIENTED_EDGE('',*,*,#4223,.T.);
#2421=ORIENTED_EDGE('',*,*,#4227,.F.);
#2422=ORIENTED_EDGE('',*,*,#4228,.F.);
#2423=ORIENTED_EDGE('',*,*,#4229,.T.);
#2424=ORIENTED_EDGE('',*,*,#4225,.F.);
#2425=ORIENTED_EDGE('',*,*,#4230,.F.);
#2426=ORIENTED_EDGE('',*,*,#4231,.F.);
#2427=ORIENTED_EDGE('',*,*,#4232,.T.);
#2428=ORIENTED_EDGE('',*,*,#4228,.T.);
#2429=ORIENTED_EDGE('',*,*,#4233,.F.);
#2430=ORIENTED_EDGE('',*,*,#4234,.F.);
#2431=ORIENTED_EDGE('',*,*,#4235,.T.);
#2432=ORIENTED_EDGE('',*,*,#4231,.T.);
#2433=ORIENTED_EDGE('',*,*,#4236,.F.);
#2434=ORIENTED_EDGE('',*,*,#4237,.F.);
#2435=ORIENTED_EDGE('',*,*,#4238,.T.);
#2436=ORIENTED_EDGE('',*,*,#4234,.T.);
#2437=ORIENTED_EDGE('',*,*,#4239,.T.);
#2438=ORIENTED_EDGE('',*,*,#4237,.T.);
#2439=ORIENTED_EDGE('',*,*,#4240,.F.);
#2440=ORIENTED_EDGE('',*,*,#4241,.F.);
#2441=ORIENTED_EDGE('',*,*,#4242,.T.);
#2442=ORIENTED_EDGE('',*,*,#3950,.T.);
#2443=ORIENTED_EDGE('',*,*,#4243,.F.);
#2444=ORIENTED_EDGE('',*,*,#4244,.F.);
#2445=ORIENTED_EDGE('',*,*,#3942,.F.);
#2446=ORIENTED_EDGE('',*,*,#3934,.T.);
#2447=ORIENTED_EDGE('',*,*,#3947,.T.);
#2448=ORIENTED_EDGE('',*,*,#3948,.T.);
#2449=ORIENTED_EDGE('',*,*,#4242,.F.);
#2450=ORIENTED_EDGE('',*,*,#4245,.F.);
#2451=ORIENTED_EDGE('',*,*,#4246,.T.);
#2452=ORIENTED_EDGE('',*,*,#3938,.T.);
#2453=ORIENTED_EDGE('',*,*,#4247,.T.);
#2454=ORIENTED_EDGE('',*,*,#3939,.T.);
#2455=ORIENTED_EDGE('',*,*,#4246,.F.);
#2456=ORIENTED_EDGE('',*,*,#4248,.F.);
#2457=ORIENTED_EDGE('',*,*,#4249,.F.);
#2458=ORIENTED_EDGE('',*,*,#4250,.T.);
#2459=ORIENTED_EDGE('',*,*,#4251,.F.);
#2460=ORIENTED_EDGE('',*,*,#4129,.T.);
#2461=ORIENTED_EDGE('',*,*,#4241,.T.);
#2462=ORIENTED_EDGE('',*,*,#4252,.F.);
#2463=ORIENTED_EDGE('',*,*,#4243,.T.);
#2464=ORIENTED_EDGE('',*,*,#3949,.T.);
#2465=ORIENTED_EDGE('',*,*,#3945,.T.);
#2466=ORIENTED_EDGE('',*,*,#3943,.T.);
#2467=ORIENTED_EDGE('',*,*,#3940,.T.);
#2468=ORIENTED_EDGE('',*,*,#3936,.T.);
#2469=ORIENTED_EDGE('',*,*,#4247,.F.);
#2470=ORIENTED_EDGE('',*,*,#4253,.F.);
#2471=ORIENTED_EDGE('',*,*,#4254,.F.);
#2472=ORIENTED_EDGE('',*,*,#4250,.F.);
#2473=ORIENTED_EDGE('',*,*,#4255,.T.);
#2474=ORIENTED_EDGE('',*,*,#4256,.F.);
#2475=ORIENTED_EDGE('',*,*,#4257,.T.);
#2476=ORIENTED_EDGE('',*,*,#4258,.F.);
#2477=ORIENTED_EDGE('',*,*,#4259,.F.);
#2478=ORIENTED_EDGE('',*,*,#4260,.T.);
#2479=ORIENTED_EDGE('',*,*,#4261,.T.);
#2480=ORIENTED_EDGE('',*,*,#3967,.F.);
#2481=ORIENTED_EDGE('',*,*,#4262,.F.);
#2482=ORIENTED_EDGE('',*,*,#3960,.F.);
#2483=ORIENTED_EDGE('',*,*,#3953,.F.);
#2484=ORIENTED_EDGE('',*,*,#3965,.T.);
#2485=ORIENTED_EDGE('',*,*,#3968,.F.);
#2486=ORIENTED_EDGE('',*,*,#4261,.F.);
#2487=ORIENTED_EDGE('',*,*,#4263,.T.);
#2488=ORIENTED_EDGE('',*,*,#4264,.T.);
#2489=ORIENTED_EDGE('',*,*,#3955,.F.);
#2490=ORIENTED_EDGE('',*,*,#4265,.T.);
#2491=ORIENTED_EDGE('',*,*,#4266,.T.);
#2492=ORIENTED_EDGE('',*,*,#3956,.F.);
#2493=ORIENTED_EDGE('',*,*,#4264,.F.);
#2494=ORIENTED_EDGE('',*,*,#4267,.F.);
#2495=ORIENTED_EDGE('',*,*,#4258,.T.);
#2496=ORIENTED_EDGE('',*,*,#4268,.F.);
#2497=ORIENTED_EDGE('',*,*,#4262,.T.);
#2498=ORIENTED_EDGE('',*,*,#3966,.F.);
#2499=ORIENTED_EDGE('',*,*,#3963,.F.);
#2500=ORIENTED_EDGE('',*,*,#3961,.F.);
#2501=ORIENTED_EDGE('',*,*,#3958,.F.);
#2502=ORIENTED_EDGE('',*,*,#3957,.F.);
#2503=ORIENTED_EDGE('',*,*,#4266,.F.);
#2504=ORIENTED_EDGE('',*,*,#4269,.F.);
#2505=ORIENTED_EDGE('',*,*,#4270,.F.);
#2506=ORIENTED_EDGE('',*,*,#4122,.F.);
#2507=ORIENTED_EDGE('',*,*,#4270,.T.);
#2508=ORIENTED_EDGE('',*,*,#4271,.T.);
#2509=ORIENTED_EDGE('',*,*,#4272,.F.);
#2510=ORIENTED_EDGE('',*,*,#4273,.F.);
#2511=ORIENTED_EDGE('',*,*,#4274,.T.);
#2512=ORIENTED_EDGE('',*,*,#4275,.F.);
#2513=ORIENTED_EDGE('',*,*,#4276,.F.);
#2514=ORIENTED_EDGE('',*,*,#4272,.T.);
#2515=ORIENTED_EDGE('',*,*,#4277,.T.);
#2516=ORIENTED_EDGE('',*,*,#4278,.F.);
#2517=ORIENTED_EDGE('',*,*,#4279,.F.);
#2518=ORIENTED_EDGE('',*,*,#4275,.T.);
#2519=ORIENTED_EDGE('',*,*,#4280,.T.);
#2520=ORIENTED_EDGE('',*,*,#4281,.F.);
#2521=ORIENTED_EDGE('',*,*,#4282,.F.);
#2522=ORIENTED_EDGE('',*,*,#4278,.T.);
#2523=ORIENTED_EDGE('',*,*,#4283,.T.);
#2524=ORIENTED_EDGE('',*,*,#4284,.F.);
#2525=ORIENTED_EDGE('',*,*,#4281,.T.);
#2526=ORIENTED_EDGE('',*,*,#4285,.T.);
#2527=ORIENTED_EDGE('',*,*,#4283,.F.);
#2528=ORIENTED_EDGE('',*,*,#4286,.F.);
#2529=ORIENTED_EDGE('',*,*,#4287,.T.);
#2530=ORIENTED_EDGE('',*,*,#4288,.F.);
#2531=ORIENTED_EDGE('',*,*,#4106,.F.);
#2532=ORIENTED_EDGE('',*,*,#4289,.F.);
#2533=ORIENTED_EDGE('',*,*,#4287,.F.);
#2534=ORIENTED_EDGE('',*,*,#4290,.F.);
#2535=ORIENTED_EDGE('',*,*,#4291,.F.);
#2536=ORIENTED_EDGE('',*,*,#4292,.F.);
#2537=ORIENTED_EDGE('',*,*,#4291,.T.);
#2538=ORIENTED_EDGE('',*,*,#4293,.F.);
#2539=ORIENTED_EDGE('',*,*,#4294,.T.);
#2540=ORIENTED_EDGE('',*,*,#4295,.F.);
#2541=ORIENTED_EDGE('',*,*,#4296,.T.);
#2542=ORIENTED_EDGE('',*,*,#4294,.F.);
#2543=ORIENTED_EDGE('',*,*,#4297,.F.);
#2544=ORIENTED_EDGE('',*,*,#3984,.F.);
#2545=ORIENTED_EDGE('',*,*,#3982,.F.);
#2546=ORIENTED_EDGE('',*,*,#3980,.T.);
#2547=ORIENTED_EDGE('',*,*,#3978,.F.);
#2548=ORIENTED_EDGE('',*,*,#3976,.F.);
#2549=ORIENTED_EDGE('',*,*,#3974,.F.);
#2550=ORIENTED_EDGE('',*,*,#3972,.T.);
#2551=ORIENTED_EDGE('',*,*,#3970,.F.);
#2552=ORIENTED_EDGE('',*,*,#4298,.T.);
#2553=ORIENTED_EDGE('',*,*,#4299,.T.);
#2554=ORIENTED_EDGE('',*,*,#4295,.T.);
#2555=ORIENTED_EDGE('',*,*,#4300,.T.);
#2556=ORIENTED_EDGE('',*,*,#4301,.F.);
#2557=ORIENTED_EDGE('',*,*,#4302,.T.);
#2558=ORIENTED_EDGE('',*,*,#4298,.F.);
#2559=ORIENTED_EDGE('',*,*,#4303,.F.);
#2560=ORIENTED_EDGE('',*,*,#4304,.F.);
#2561=ORIENTED_EDGE('',*,*,#4301,.T.);
#2562=ORIENTED_EDGE('',*,*,#4305,.F.);
#2563=ORIENTED_EDGE('',*,*,#4306,.T.);
#2564=ORIENTED_EDGE('',*,*,#4307,.F.);
#2565=ORIENTED_EDGE('',*,*,#4306,.F.);
#2566=ORIENTED_EDGE('',*,*,#4308,.F.);
#2567=ORIENTED_EDGE('',*,*,#4309,.F.);
#2568=ORIENTED_EDGE('',*,*,#4310,.F.);
#2569=ORIENTED_EDGE('',*,*,#4311,.T.);
#2570=ORIENTED_EDGE('',*,*,#4101,.T.);
#2571=ORIENTED_EDGE('',*,*,#4312,.F.);
#2572=ORIENTED_EDGE('',*,*,#4309,.T.);
#2573=ORIENTED_EDGE('',*,*,#4313,.F.);
#2574=ORIENTED_EDGE('',*,*,#4314,.F.);
#2575=ORIENTED_EDGE('',*,*,#4315,.T.);
#2576=ORIENTED_EDGE('',*,*,#4311,.F.);
#2577=ORIENTED_EDGE('',*,*,#4316,.F.);
#2578=ORIENTED_EDGE('',*,*,#4317,.F.);
#2579=ORIENTED_EDGE('',*,*,#4318,.T.);
#2580=ORIENTED_EDGE('',*,*,#4314,.T.);
#2581=ORIENTED_EDGE('',*,*,#4319,.F.);
#2582=ORIENTED_EDGE('',*,*,#4320,.F.);
#2583=ORIENTED_EDGE('',*,*,#4321,.T.);
#2584=ORIENTED_EDGE('',*,*,#4317,.T.);
#2585=ORIENTED_EDGE('',*,*,#4322,.F.);
#2586=ORIENTED_EDGE('',*,*,#4323,.F.);
#2587=ORIENTED_EDGE('',*,*,#4324,.T.);
#2588=ORIENTED_EDGE('',*,*,#4320,.T.);
#2589=ORIENTED_EDGE('',*,*,#4325,.T.);
#2590=ORIENTED_EDGE('',*,*,#4323,.T.);
#2591=ORIENTED_EDGE('',*,*,#4326,.F.);
#2592=ORIENTED_EDGE('',*,*,#4327,.F.);
#2593=ORIENTED_EDGE('',*,*,#4328,.T.);
#2594=ORIENTED_EDGE('',*,*,#4002,.T.);
#2595=ORIENTED_EDGE('',*,*,#4329,.F.);
#2596=ORIENTED_EDGE('',*,*,#4330,.F.);
#2597=ORIENTED_EDGE('',*,*,#3994,.F.);
#2598=ORIENTED_EDGE('',*,*,#3985,.T.);
#2599=ORIENTED_EDGE('',*,*,#3999,.T.);
#2600=ORIENTED_EDGE('',*,*,#4000,.T.);
#2601=ORIENTED_EDGE('',*,*,#4328,.F.);
#2602=ORIENTED_EDGE('',*,*,#4331,.F.);
#2603=ORIENTED_EDGE('',*,*,#4332,.T.);
#2604=ORIENTED_EDGE('',*,*,#3990,.T.);
#2605=ORIENTED_EDGE('',*,*,#4333,.T.);
#2606=ORIENTED_EDGE('',*,*,#3991,.T.);
#2607=ORIENTED_EDGE('',*,*,#4332,.F.);
#2608=ORIENTED_EDGE('',*,*,#4334,.F.);
#2609=ORIENTED_EDGE('',*,*,#4335,.F.);
#2610=ORIENTED_EDGE('',*,*,#4336,.T.);
#2611=ORIENTED_EDGE('',*,*,#4337,.T.);
#2612=ORIENTED_EDGE('',*,*,#4338,.T.);
#2613=ORIENTED_EDGE('',*,*,#4339,.F.);
#2614=ORIENTED_EDGE('',*,*,#4340,.T.);
#2615=ORIENTED_EDGE('',*,*,#4341,.T.);
#2616=ORIENTED_EDGE('',*,*,#4342,.F.);
#2617=ORIENTED_EDGE('',*,*,#4343,.F.);
#2618=ORIENTED_EDGE('',*,*,#4344,.T.);
#2619=ORIENTED_EDGE('',*,*,#4327,.T.);
#2620=ORIENTED_EDGE('',*,*,#4345,.F.);
#2621=ORIENTED_EDGE('',*,*,#4329,.T.);
#2622=ORIENTED_EDGE('',*,*,#4001,.T.);
#2623=ORIENTED_EDGE('',*,*,#3997,.T.);
#2624=ORIENTED_EDGE('',*,*,#3995,.F.);
#2625=ORIENTED_EDGE('',*,*,#3992,.T.);
#2626=ORIENTED_EDGE('',*,*,#3988,.T.);
#2627=ORIENTED_EDGE('',*,*,#4333,.F.);
#2628=ORIENTED_EDGE('',*,*,#4346,.F.);
#2629=ORIENTED_EDGE('',*,*,#4341,.F.);
#2630=ORIENTED_EDGE('',*,*,#4347,.F.);
#2631=ORIENTED_EDGE('',*,*,#4348,.T.);
#2632=ORIENTED_EDGE('',*,*,#4344,.F.);
#2633=ORIENTED_EDGE('',*,*,#4349,.F.);
#2634=ORIENTED_EDGE('',*,*,#4088,.T.);
#2635=ORIENTED_EDGE('',*,*,#4087,.T.);
#2636=ORIENTED_EDGE('',*,*,#4090,.T.);
#2637=ORIENTED_EDGE('',*,*,#4085,.F.);
#2638=ORIENTED_EDGE('',*,*,#4083,.F.);
#2639=ORIENTED_EDGE('',*,*,#4080,.T.);
#2640=ORIENTED_EDGE('',*,*,#4075,.T.);
#2641=ORIENTED_EDGE('',*,*,#4070,.F.);
#2642=ORIENTED_EDGE('',*,*,#4068,.T.);
#2643=ORIENTED_EDGE('',*,*,#4066,.T.);
#2644=ORIENTED_EDGE('',*,*,#4064,.F.);
#2645=ORIENTED_EDGE('',*,*,#4062,.F.);
#2646=ORIENTED_EDGE('',*,*,#4074,.T.);
#2647=ORIENTED_EDGE('',*,*,#4060,.F.);
#2648=ORIENTED_EDGE('',*,*,#4058,.T.);
#2649=ORIENTED_EDGE('',*,*,#4055,.T.);
#2650=ORIENTED_EDGE('',*,*,#4073,.T.);
#2651=ORIENTED_EDGE('',*,*,#4052,.F.);
#2652=ORIENTED_EDGE('',*,*,#4072,.T.);
#2653=ORIENTED_EDGE('',*,*,#4051,.F.);
#2654=ORIENTED_EDGE('',*,*,#4049,.T.);
#2655=ORIENTED_EDGE('',*,*,#4046,.T.);
#2656=ORIENTED_EDGE('',*,*,#4079,.T.);
#2657=ORIENTED_EDGE('',*,*,#4043,.T.);
#2658=ORIENTED_EDGE('',*,*,#4041,.T.);
#2659=ORIENTED_EDGE('',*,*,#4039,.T.);
#2660=ORIENTED_EDGE('',*,*,#4037,.T.);
#2661=ORIENTED_EDGE('',*,*,#4035,.T.);
#2662=ORIENTED_EDGE('',*,*,#4078,.T.);
#2663=ORIENTED_EDGE('',*,*,#4033,.F.);
#2664=ORIENTED_EDGE('',*,*,#4031,.F.);
#2665=ORIENTED_EDGE('',*,*,#4028,.T.);
#2666=ORIENTED_EDGE('',*,*,#4026,.T.);
#2667=ORIENTED_EDGE('',*,*,#4023,.T.);
#2668=ORIENTED_EDGE('',*,*,#4021,.T.);
#2669=ORIENTED_EDGE('',*,*,#4017,.T.);
#2670=ORIENTED_EDGE('',*,*,#4013,.F.);
#2671=ORIENTED_EDGE('',*,*,#4011,.T.);
#2672=ORIENTED_EDGE('',*,*,#4008,.T.);
#2673=ORIENTED_EDGE('',*,*,#4005,.T.);
#2674=ORIENTED_EDGE('',*,*,#4350,.F.);
#2675=ORIENTED_EDGE('',*,*,#4351,.F.);
#2676=ORIENTED_EDGE('',*,*,#4352,.F.);
#2677=ORIENTED_EDGE('',*,*,#4353,.F.);
#2678=ORIENTED_EDGE('',*,*,#4354,.T.);
#2679=ORIENTED_EDGE('',*,*,#4355,.T.);
#2680=ORIENTED_EDGE('',*,*,#4356,.F.);
#2681=ORIENTED_EDGE('',*,*,#4357,.T.);
#2682=ORIENTED_EDGE('',*,*,#4347,.T.);
#2683=ORIENTED_EDGE('',*,*,#4358,.F.);
#2684=ORIENTED_EDGE('',*,*,#4093,.F.);
#2685=ORIENTED_EDGE('',*,*,#4359,.T.);
#2686=ORIENTED_EDGE('',*,*,#4360,.T.);
#2687=ORIENTED_EDGE('',*,*,#4361,.T.);
#2688=ORIENTED_EDGE('',*,*,#4362,.F.);
#2689=ORIENTED_EDGE('',*,*,#4363,.T.);
#2690=ORIENTED_EDGE('',*,*,#4098,.T.);
#2691=ORIENTED_EDGE('',*,*,#4364,.T.);
#2692=ORIENTED_EDGE('',*,*,#4363,.F.);
#2693=ORIENTED_EDGE('',*,*,#4365,.T.);
#2694=ORIENTED_EDGE('',*,*,#4366,.F.);
#2695=ORIENTED_EDGE('',*,*,#4102,.F.);
#2696=ORIENTED_EDGE('',*,*,#4315,.F.);
#2697=ORIENTED_EDGE('',*,*,#4318,.F.);
#2698=ORIENTED_EDGE('',*,*,#4321,.F.);
#2699=ORIENTED_EDGE('',*,*,#4324,.F.);
#2700=ORIENTED_EDGE('',*,*,#4325,.F.);
#2701=ORIENTED_EDGE('',*,*,#4348,.F.);
#2702=ORIENTED_EDGE('',*,*,#4357,.F.);
#2703=ORIENTED_EDGE('',*,*,#4367,.T.);
#2704=ORIENTED_EDGE('',*,*,#4359,.F.);
#2705=ORIENTED_EDGE('',*,*,#4092,.F.);
#2706=ORIENTED_EDGE('',*,*,#4096,.F.);
#2707=ORIENTED_EDGE('',*,*,#4099,.F.);
#2708=ORIENTED_EDGE('',*,*,#4368,.F.);
#2709=ORIENTED_EDGE('',*,*,#4369,.F.);
#2710=ORIENTED_EDGE('',*,*,#4103,.F.);
#2711=ORIENTED_EDGE('',*,*,#4366,.T.);
#2712=ORIENTED_EDGE('',*,*,#4370,.T.);
#2713=ORIENTED_EDGE('',*,*,#4371,.T.);
#2714=ORIENTED_EDGE('',*,*,#4372,.F.);
#2715=ORIENTED_EDGE('',*,*,#4373,.T.);
#2716=ORIENTED_EDGE('',*,*,#4374,.F.);
#2717=ORIENTED_EDGE('',*,*,#4371,.F.);
#2718=ORIENTED_EDGE('',*,*,#4375,.F.);
#2719=ORIENTED_EDGE('',*,*,#4376,.F.);
#2720=ORIENTED_EDGE('',*,*,#4377,.T.);
#2721=ORIENTED_EDGE('',*,*,#4376,.T.);
#2722=ORIENTED_EDGE('',*,*,#4378,.T.);
#2723=ORIENTED_EDGE('',*,*,#4364,.F.);
#2724=ORIENTED_EDGE('',*,*,#4100,.F.);
#2725=ORIENTED_EDGE('',*,*,#4097,.F.);
#2726=ORIENTED_EDGE('',*,*,#4094,.F.);
#2727=ORIENTED_EDGE('',*,*,#4361,.F.);
#2728=ORIENTED_EDGE('',*,*,#4379,.F.);
#2729=ORIENTED_EDGE('',*,*,#4380,.T.);
#2730=ORIENTED_EDGE('',*,*,#4381,.T.);
#2731=ORIENTED_EDGE('',*,*,#4382,.T.);
#2732=ORIENTED_EDGE('',*,*,#4383,.T.);
#2733=ORIENTED_EDGE('',*,*,#4384,.T.);
#2734=ORIENTED_EDGE('',*,*,#4385,.T.);
#2735=ORIENTED_EDGE('',*,*,#4386,.T.);
#2736=ORIENTED_EDGE('',*,*,#4387,.T.);
#2737=ORIENTED_EDGE('',*,*,#4388,.T.);
#2738=ORIENTED_EDGE('',*,*,#4389,.T.);
#2739=ORIENTED_EDGE('',*,*,#4390,.F.);
#2740=ORIENTED_EDGE('',*,*,#4107,.F.);
#2741=ORIENTED_EDGE('',*,*,#4288,.T.);
#2742=ORIENTED_EDGE('',*,*,#4289,.T.);
#2743=ORIENTED_EDGE('',*,*,#4292,.T.);
#2744=ORIENTED_EDGE('',*,*,#4296,.F.);
#2745=ORIENTED_EDGE('',*,*,#4299,.F.);
#2746=ORIENTED_EDGE('',*,*,#4302,.F.);
#2747=ORIENTED_EDGE('',*,*,#4304,.T.);
#2748=ORIENTED_EDGE('',*,*,#4307,.T.);
#2749=ORIENTED_EDGE('',*,*,#4312,.T.);
#2750=ORIENTED_EDGE('',*,*,#4104,.T.);
#2751=ORIENTED_EDGE('',*,*,#4369,.T.);
#2752=ORIENTED_EDGE('',*,*,#4391,.F.);
#2753=ORIENTED_EDGE('',*,*,#4392,.F.);
#2754=ORIENTED_EDGE('',*,*,#4108,.T.);
#2755=ORIENTED_EDGE('',*,*,#4390,.T.);
#2756=ORIENTED_EDGE('',*,*,#4393,.F.);
#2757=ORIENTED_EDGE('',*,*,#4394,.T.);
#2758=ORIENTED_EDGE('',*,*,#4395,.T.);
#2759=ORIENTED_EDGE('',*,*,#4110,.F.);
#2760=ORIENTED_EDGE('',*,*,#4396,.F.);
#2761=ORIENTED_EDGE('',*,*,#4118,.T.);
#2762=ORIENTED_EDGE('',*,*,#4397,.T.);
#2763=ORIENTED_EDGE('',*,*,#4398,.F.);
#2764=ORIENTED_EDGE('',*,*,#4399,.T.);
#2765=ORIENTED_EDGE('',*,*,#4393,.T.);
#2766=ORIENTED_EDGE('',*,*,#4109,.T.);
#2767=ORIENTED_EDGE('',*,*,#4113,.T.);
#2768=ORIENTED_EDGE('',*,*,#4116,.T.);
#2769=ORIENTED_EDGE('',*,*,#4396,.T.);
#2770=ORIENTED_EDGE('',*,*,#4400,.T.);
#2771=ORIENTED_EDGE('',*,*,#4401,.T.);
#2772=ORIENTED_EDGE('',*,*,#4119,.T.);
#2773=ORIENTED_EDGE('',*,*,#4273,.T.);
#2774=ORIENTED_EDGE('',*,*,#4276,.T.);
#2775=ORIENTED_EDGE('',*,*,#4279,.T.);
#2776=ORIENTED_EDGE('',*,*,#4282,.T.);
#2777=ORIENTED_EDGE('',*,*,#4284,.T.);
#2778=ORIENTED_EDGE('',*,*,#4105,.T.);
#2779=ORIENTED_EDGE('',*,*,#4392,.T.);
#2780=ORIENTED_EDGE('',*,*,#4402,.F.);
#2781=ORIENTED_EDGE('',*,*,#4403,.T.);
#2782=ORIENTED_EDGE('',*,*,#4120,.F.);
#2783=ORIENTED_EDGE('',*,*,#4401,.F.);
#2784=ORIENTED_EDGE('',*,*,#4404,.T.);
#2785=ORIENTED_EDGE('',*,*,#4405,.T.);
#2786=ORIENTED_EDGE('',*,*,#4406,.F.);
#2787=ORIENTED_EDGE('',*,*,#4407,.T.);
#2788=ORIENTED_EDGE('',*,*,#4408,.F.);
#2789=ORIENTED_EDGE('',*,*,#4409,.F.);
#2790=ORIENTED_EDGE('',*,*,#4410,.F.);
#2791=ORIENTED_EDGE('',*,*,#4405,.F.);
#2792=ORIENTED_EDGE('',*,*,#4411,.F.);
#2793=ORIENTED_EDGE('',*,*,#4409,.T.);
#2794=ORIENTED_EDGE('',*,*,#4412,.F.);
#2795=ORIENTED_EDGE('',*,*,#4397,.F.);
#2796=ORIENTED_EDGE('',*,*,#4117,.F.);
#2797=ORIENTED_EDGE('',*,*,#4114,.F.);
#2798=ORIENTED_EDGE('',*,*,#4111,.F.);
#2799=ORIENTED_EDGE('',*,*,#4395,.F.);
#2800=ORIENTED_EDGE('',*,*,#4413,.T.);
#2801=ORIENTED_EDGE('',*,*,#4414,.T.);
#2802=ORIENTED_EDGE('',*,*,#4415,.F.);
#2803=ORIENTED_EDGE('',*,*,#4259,.T.);
#2804=ORIENTED_EDGE('',*,*,#4267,.T.);
#2805=ORIENTED_EDGE('',*,*,#4121,.F.);
#2806=ORIENTED_EDGE('',*,*,#4403,.F.);
#2807=ORIENTED_EDGE('',*,*,#4416,.T.);
#2808=ORIENTED_EDGE('',*,*,#4417,.F.);
#2809=ORIENTED_EDGE('',*,*,#4418,.F.);
#2810=ORIENTED_EDGE('',*,*,#4256,.T.);
#2811=ORIENTED_EDGE('',*,*,#4415,.T.);
#2812=ORIENTED_EDGE('',*,*,#4419,.F.);
#2813=ORIENTED_EDGE('',*,*,#4420,.F.);
#2814=ORIENTED_EDGE('',*,*,#4421,.F.);
#2815=ORIENTED_EDGE('',*,*,#4126,.F.);
#2816=ORIENTED_EDGE('',*,*,#4422,.F.);
#2817=ORIENTED_EDGE('',*,*,#4423,.F.);
#2818=ORIENTED_EDGE('',*,*,#4424,.T.);
#2819=ORIENTED_EDGE('',*,*,#4425,.T.);
#2820=ORIENTED_EDGE('',*,*,#4426,.F.);
#2821=ORIENTED_EDGE('',*,*,#4427,.F.);
#2822=ORIENTED_EDGE('',*,*,#4428,.T.);
#2823=ORIENTED_EDGE('',*,*,#4423,.T.);
#2824=ORIENTED_EDGE('',*,*,#4429,.F.);
#2825=ORIENTED_EDGE('',*,*,#4430,.F.);
#2826=ORIENTED_EDGE('',*,*,#4431,.T.);
#2827=ORIENTED_EDGE('',*,*,#4427,.T.);
#2828=ORIENTED_EDGE('',*,*,#4432,.F.);
#2829=ORIENTED_EDGE('',*,*,#4433,.T.);
#2830=ORIENTED_EDGE('',*,*,#4430,.T.);
#2831=ORIENTED_EDGE('',*,*,#4434,.F.);
#2832=ORIENTED_EDGE('',*,*,#4435,.F.);
#2833=ORIENTED_EDGE('',*,*,#4436,.T.);
#2834=ORIENTED_EDGE('',*,*,#4437,.T.);
#2835=ORIENTED_EDGE('',*,*,#4253,.T.);
#2836=ORIENTED_EDGE('',*,*,#4438,.F.);
#2837=ORIENTED_EDGE('',*,*,#4439,.F.);
#2838=ORIENTED_EDGE('',*,*,#4440,.T.);
#2839=ORIENTED_EDGE('',*,*,#4441,.T.);
#2840=ORIENTED_EDGE('',*,*,#4442,.F.);
#2841=ORIENTED_EDGE('',*,*,#4443,.F.);
#2842=ORIENTED_EDGE('',*,*,#4444,.T.);
#2843=ORIENTED_EDGE('',*,*,#4439,.T.);
#2844=ORIENTED_EDGE('',*,*,#4445,.F.);
#2845=ORIENTED_EDGE('',*,*,#4446,.F.);
#2846=ORIENTED_EDGE('',*,*,#4447,.T.);
#2847=ORIENTED_EDGE('',*,*,#4443,.T.);
#2848=ORIENTED_EDGE('',*,*,#4448,.F.);
#2849=ORIENTED_EDGE('',*,*,#4449,.T.);
#2850=ORIENTED_EDGE('',*,*,#4123,.F.);
#2851=ORIENTED_EDGE('',*,*,#4421,.T.);
#2852=ORIENTED_EDGE('',*,*,#4450,.T.);
#2853=ORIENTED_EDGE('',*,*,#4446,.T.);
#2854=ORIENTED_EDGE('',*,*,#4451,.F.);
#2855=ORIENTED_EDGE('',*,*,#4124,.F.);
#2856=ORIENTED_EDGE('',*,*,#4449,.F.);
#2857=ORIENTED_EDGE('',*,*,#4452,.F.);
#2858=ORIENTED_EDGE('',*,*,#4125,.T.);
#2859=ORIENTED_EDGE('',*,*,#4451,.T.);
#2860=ORIENTED_EDGE('',*,*,#4453,.F.);
#2861=ORIENTED_EDGE('',*,*,#4425,.F.);
#2862=ORIENTED_EDGE('',*,*,#4454,.T.);
#2863=ORIENTED_EDGE('',*,*,#4419,.T.);
#2864=ORIENTED_EDGE('',*,*,#4455,.F.);
#2865=ORIENTED_EDGE('',*,*,#4456,.T.);
#2866=ORIENTED_EDGE('',*,*,#4457,.F.);
#2867=ORIENTED_EDGE('',*,*,#4458,.T.);
#2868=ORIENTED_EDGE('',*,*,#4130,.T.);
#2869=ORIENTED_EDGE('',*,*,#4251,.T.);
#2870=ORIENTED_EDGE('',*,*,#4254,.T.);
#2871=ORIENTED_EDGE('',*,*,#4437,.F.);
#2872=ORIENTED_EDGE('',*,*,#4459,.F.);
#2873=ORIENTED_EDGE('',*,*,#4460,.T.);
#2874=ORIENTED_EDGE('',*,*,#4127,.T.);
#2875=ORIENTED_EDGE('',*,*,#4458,.F.);
#2876=ORIENTED_EDGE('',*,*,#4133,.F.);
#2877=ORIENTED_EDGE('',*,*,#4461,.T.);
#2878=ORIENTED_EDGE('',*,*,#4462,.T.);
#2879=ORIENTED_EDGE('',*,*,#4463,.T.);
#2880=ORIENTED_EDGE('',*,*,#4464,.F.);
#2881=ORIENTED_EDGE('',*,*,#4465,.T.);
#2882=ORIENTED_EDGE('',*,*,#4138,.T.);
#2883=ORIENTED_EDGE('',*,*,#4466,.T.);
#2884=ORIENTED_EDGE('',*,*,#4461,.F.);
#2885=ORIENTED_EDGE('',*,*,#4132,.F.);
#2886=ORIENTED_EDGE('',*,*,#4136,.F.);
#2887=ORIENTED_EDGE('',*,*,#4139,.F.);
#2888=ORIENTED_EDGE('',*,*,#4465,.F.);
#2889=ORIENTED_EDGE('',*,*,#4467,.T.);
#2890=ORIENTED_EDGE('',*,*,#4468,.F.);
#2891=ORIENTED_EDGE('',*,*,#4142,.F.);
#2892=ORIENTED_EDGE('',*,*,#4229,.F.);
#2893=ORIENTED_EDGE('',*,*,#4232,.F.);
#2894=ORIENTED_EDGE('',*,*,#4235,.F.);
#2895=ORIENTED_EDGE('',*,*,#4238,.F.);
#2896=ORIENTED_EDGE('',*,*,#4239,.F.);
#2897=ORIENTED_EDGE('',*,*,#4128,.F.);
#2898=ORIENTED_EDGE('',*,*,#4460,.F.);
#2899=ORIENTED_EDGE('',*,*,#4469,.T.);
#2900=ORIENTED_EDGE('',*,*,#4470,.F.);
#2901=ORIENTED_EDGE('',*,*,#4471,.F.);
#2902=ORIENTED_EDGE('',*,*,#4143,.F.);
#2903=ORIENTED_EDGE('',*,*,#4468,.T.);
#2904=ORIENTED_EDGE('',*,*,#4472,.T.);
#2905=ORIENTED_EDGE('',*,*,#4473,.T.);
#2906=ORIENTED_EDGE('',*,*,#4474,.F.);
#2907=ORIENTED_EDGE('',*,*,#4475,.T.);
#2908=ORIENTED_EDGE('',*,*,#4476,.F.);
#2909=ORIENTED_EDGE('',*,*,#4473,.F.);
#2910=ORIENTED_EDGE('',*,*,#4477,.F.);
#2911=ORIENTED_EDGE('',*,*,#4478,.F.);
#2912=ORIENTED_EDGE('',*,*,#4479,.T.);
#2913=ORIENTED_EDGE('',*,*,#4478,.T.);
#2914=ORIENTED_EDGE('',*,*,#4480,.T.);
#2915=ORIENTED_EDGE('',*,*,#4466,.F.);
#2916=ORIENTED_EDGE('',*,*,#4140,.F.);
#2917=ORIENTED_EDGE('',*,*,#4137,.F.);
#2918=ORIENTED_EDGE('',*,*,#4134,.F.);
#2919=ORIENTED_EDGE('',*,*,#4463,.F.);
#2920=ORIENTED_EDGE('',*,*,#4481,.F.);
#2921=ORIENTED_EDGE('',*,*,#4482,.T.);
#2922=ORIENTED_EDGE('',*,*,#4483,.T.);
#2923=ORIENTED_EDGE('',*,*,#4484,.T.);
#2924=ORIENTED_EDGE('',*,*,#4485,.T.);
#2925=ORIENTED_EDGE('',*,*,#4486,.T.);
#2926=ORIENTED_EDGE('',*,*,#4487,.T.);
#2927=ORIENTED_EDGE('',*,*,#4488,.T.);
#2928=ORIENTED_EDGE('',*,*,#4489,.T.);
#2929=ORIENTED_EDGE('',*,*,#4490,.T.);
#2930=ORIENTED_EDGE('',*,*,#4491,.T.);
#2931=ORIENTED_EDGE('',*,*,#4492,.F.);
#2932=ORIENTED_EDGE('',*,*,#4147,.F.);
#2933=ORIENTED_EDGE('',*,*,#4202,.T.);
#2934=ORIENTED_EDGE('',*,*,#4203,.T.);
#2935=ORIENTED_EDGE('',*,*,#4206,.T.);
#2936=ORIENTED_EDGE('',*,*,#4210,.F.);
#2937=ORIENTED_EDGE('',*,*,#4213,.F.);
#2938=ORIENTED_EDGE('',*,*,#4216,.F.);
#2939=ORIENTED_EDGE('',*,*,#4218,.T.);
#2940=ORIENTED_EDGE('',*,*,#4221,.T.);
#2941=ORIENTED_EDGE('',*,*,#4226,.T.);
#2942=ORIENTED_EDGE('',*,*,#4144,.T.);
#2943=ORIENTED_EDGE('',*,*,#4471,.T.);
#2944=ORIENTED_EDGE('',*,*,#4493,.F.);
#2945=ORIENTED_EDGE('',*,*,#4494,.F.);
#2946=ORIENTED_EDGE('',*,*,#4148,.T.);
#2947=ORIENTED_EDGE('',*,*,#4492,.T.);
#2948=ORIENTED_EDGE('',*,*,#4151,.F.);
#2949=ORIENTED_EDGE('',*,*,#4495,.T.);
#2950=ORIENTED_EDGE('',*,*,#4496,.T.);
#2951=ORIENTED_EDGE('',*,*,#4497,.F.);
#2952=ORIENTED_EDGE('',*,*,#4498,.F.);
#2953=ORIENTED_EDGE('',*,*,#4499,.T.);
#2954=ORIENTED_EDGE('',*,*,#4156,.T.);
#2955=ORIENTED_EDGE('',*,*,#4500,.F.);
#2956=ORIENTED_EDGE('',*,*,#4499,.F.);
#2957=ORIENTED_EDGE('',*,*,#4501,.T.);
#2958=ORIENTED_EDGE('',*,*,#4502,.T.);
#2959=ORIENTED_EDGE('',*,*,#4159,.T.);
#2960=ORIENTED_EDGE('',*,*,#4187,.T.);
#2961=ORIENTED_EDGE('',*,*,#4190,.T.);
#2962=ORIENTED_EDGE('',*,*,#4193,.T.);
#2963=ORIENTED_EDGE('',*,*,#4196,.T.);
#2964=ORIENTED_EDGE('',*,*,#4198,.T.);
#2965=ORIENTED_EDGE('',*,*,#4145,.T.);
#2966=ORIENTED_EDGE('',*,*,#4494,.T.);
#2967=ORIENTED_EDGE('',*,*,#4503,.T.);
#2968=ORIENTED_EDGE('',*,*,#4495,.F.);
#2969=ORIENTED_EDGE('',*,*,#4150,.F.);
#2970=ORIENTED_EDGE('',*,*,#4154,.F.);
#2971=ORIENTED_EDGE('',*,*,#4157,.F.);
#2972=ORIENTED_EDGE('',*,*,#4504,.F.);
#2973=ORIENTED_EDGE('',*,*,#4505,.T.);
#2974=ORIENTED_EDGE('',*,*,#4160,.F.);
#2975=ORIENTED_EDGE('',*,*,#4502,.F.);
#2976=ORIENTED_EDGE('',*,*,#4506,.T.);
#2977=ORIENTED_EDGE('',*,*,#4507,.T.);
#2978=ORIENTED_EDGE('',*,*,#4508,.F.);
#2979=ORIENTED_EDGE('',*,*,#4509,.T.);
#2980=ORIENTED_EDGE('',*,*,#4510,.F.);
#2981=ORIENTED_EDGE('',*,*,#4511,.F.);
#2982=ORIENTED_EDGE('',*,*,#4512,.F.);
#2983=ORIENTED_EDGE('',*,*,#4507,.F.);
#2984=ORIENTED_EDGE('',*,*,#4513,.F.);
#2985=ORIENTED_EDGE('',*,*,#4511,.T.);
#2986=ORIENTED_EDGE('',*,*,#4514,.F.);
#2987=ORIENTED_EDGE('',*,*,#4500,.T.);
#2988=ORIENTED_EDGE('',*,*,#4158,.T.);
#2989=ORIENTED_EDGE('',*,*,#4155,.T.);
#2990=ORIENTED_EDGE('',*,*,#4152,.T.);
#2991=ORIENTED_EDGE('',*,*,#4497,.T.);
#2992=ORIENTED_EDGE('',*,*,#4515,.F.);
#2993=ORIENTED_EDGE('',*,*,#4516,.T.);
#2994=ORIENTED_EDGE('',*,*,#4173,.F.);
#2995=ORIENTED_EDGE('',*,*,#4181,.T.);
#2996=ORIENTED_EDGE('',*,*,#4161,.F.);
#2997=ORIENTED_EDGE('',*,*,#4505,.F.);
#2998=ORIENTED_EDGE('',*,*,#4517,.T.);
#2999=ORIENTED_EDGE('',*,*,#4518,.T.);
#3000=ORIENTED_EDGE('',*,*,#4519,.F.);
#3001=ORIENTED_EDGE('',*,*,#4520,.T.);
#3002=ORIENTED_EDGE('',*,*,#4170,.T.);
#3003=ORIENTED_EDGE('',*,*,#4516,.F.);
#3004=ORIENTED_EDGE('',*,*,#4521,.F.);
#3005=ORIENTED_EDGE('',*,*,#4338,.F.);
#3006=ORIENTED_EDGE('',*,*,#4522,.F.);
#3007=ORIENTED_EDGE('',*,*,#4523,.F.);
#3008=ORIENTED_EDGE('',*,*,#4524,.F.);
#3009=ORIENTED_EDGE('',*,*,#4525,.F.);
#3010=ORIENTED_EDGE('',*,*,#4526,.T.);
#3011=ORIENTED_EDGE('',*,*,#4527,.T.);
#3012=ORIENTED_EDGE('',*,*,#4528,.F.);
#3013=ORIENTED_EDGE('',*,*,#4527,.F.);
#3014=ORIENTED_EDGE('',*,*,#4529,.T.);
#3015=ORIENTED_EDGE('',*,*,#4530,.T.);
#3016=ORIENTED_EDGE('',*,*,#4531,.F.);
#3017=ORIENTED_EDGE('',*,*,#4530,.F.);
#3018=ORIENTED_EDGE('',*,*,#4532,.T.);
#3019=ORIENTED_EDGE('',*,*,#4533,.T.);
#3020=ORIENTED_EDGE('',*,*,#4534,.F.);
#3021=ORIENTED_EDGE('',*,*,#4535,.F.);
#3022=ORIENTED_EDGE('',*,*,#4533,.F.);
#3023=ORIENTED_EDGE('',*,*,#4536,.T.);
#3024=ORIENTED_EDGE('',*,*,#4537,.F.);
#3025=ORIENTED_EDGE('',*,*,#4538,.F.);
#3026=ORIENTED_EDGE('',*,*,#4342,.T.);
#3027=ORIENTED_EDGE('',*,*,#4346,.T.);
#3028=ORIENTED_EDGE('',*,*,#4334,.T.);
#3029=ORIENTED_EDGE('',*,*,#4331,.T.);
#3030=ORIENTED_EDGE('',*,*,#4330,.T.);
#3031=ORIENTED_EDGE('',*,*,#4345,.T.);
#3032=ORIENTED_EDGE('',*,*,#4326,.T.);
#3033=ORIENTED_EDGE('',*,*,#4322,.T.);
#3034=ORIENTED_EDGE('',*,*,#4319,.T.);
#3035=ORIENTED_EDGE('',*,*,#4316,.T.);
#3036=ORIENTED_EDGE('',*,*,#4313,.T.);
#3037=ORIENTED_EDGE('',*,*,#4310,.T.);
#3038=ORIENTED_EDGE('',*,*,#4308,.T.);
#3039=ORIENTED_EDGE('',*,*,#4305,.T.);
#3040=ORIENTED_EDGE('',*,*,#4303,.T.);
#3041=ORIENTED_EDGE('',*,*,#4300,.F.);
#3042=ORIENTED_EDGE('',*,*,#4297,.T.);
#3043=ORIENTED_EDGE('',*,*,#4293,.T.);
#3044=ORIENTED_EDGE('',*,*,#4290,.T.);
#3045=ORIENTED_EDGE('',*,*,#4286,.T.);
#3046=ORIENTED_EDGE('',*,*,#4285,.F.);
#3047=ORIENTED_EDGE('',*,*,#4280,.F.);
#3048=ORIENTED_EDGE('',*,*,#4277,.F.);
#3049=ORIENTED_EDGE('',*,*,#4274,.F.);
#3050=ORIENTED_EDGE('',*,*,#4271,.F.);
#3051=ORIENTED_EDGE('',*,*,#4269,.T.);
#3052=ORIENTED_EDGE('',*,*,#4265,.F.);
#3053=ORIENTED_EDGE('',*,*,#4263,.F.);
#3054=ORIENTED_EDGE('',*,*,#4260,.F.);
#3055=ORIENTED_EDGE('',*,*,#4268,.T.);
#3056=ORIENTED_EDGE('',*,*,#4257,.F.);
#3057=ORIENTED_EDGE('',*,*,#4418,.T.);
#3058=ORIENTED_EDGE('',*,*,#4539,.F.);
#3059=ORIENTED_EDGE('',*,*,#4432,.T.);
#3060=ORIENTED_EDGE('',*,*,#4540,.T.);
#3061=ORIENTED_EDGE('',*,*,#4435,.T.);
#3062=ORIENTED_EDGE('',*,*,#4255,.F.);
#3063=ORIENTED_EDGE('',*,*,#4249,.T.);
#3064=ORIENTED_EDGE('',*,*,#4248,.T.);
#3065=ORIENTED_EDGE('',*,*,#4245,.T.);
#3066=ORIENTED_EDGE('',*,*,#4244,.T.);
#3067=ORIENTED_EDGE('',*,*,#4252,.T.);
#3068=ORIENTED_EDGE('',*,*,#4240,.T.);
#3069=ORIENTED_EDGE('',*,*,#4236,.T.);
#3070=ORIENTED_EDGE('',*,*,#4233,.T.);
#3071=ORIENTED_EDGE('',*,*,#4230,.T.);
#3072=ORIENTED_EDGE('',*,*,#4227,.T.);
#3073=ORIENTED_EDGE('',*,*,#4224,.T.);
#3074=ORIENTED_EDGE('',*,*,#4222,.T.);
#3075=ORIENTED_EDGE('',*,*,#4219,.T.);
#3076=ORIENTED_EDGE('',*,*,#4217,.T.);
#3077=ORIENTED_EDGE('',*,*,#4214,.F.);
#3078=ORIENTED_EDGE('',*,*,#4211,.T.);
#3079=ORIENTED_EDGE('',*,*,#4207,.T.);
#3080=ORIENTED_EDGE('',*,*,#4204,.T.);
#3081=ORIENTED_EDGE('',*,*,#4200,.T.);
#3082=ORIENTED_EDGE('',*,*,#4199,.F.);
#3083=ORIENTED_EDGE('',*,*,#4194,.F.);
#3084=ORIENTED_EDGE('',*,*,#4191,.F.);
#3085=ORIENTED_EDGE('',*,*,#4188,.F.);
#3086=ORIENTED_EDGE('',*,*,#4185,.F.);
#3087=ORIENTED_EDGE('',*,*,#4183,.T.);
#3088=ORIENTED_EDGE('',*,*,#4179,.F.);
#3089=ORIENTED_EDGE('',*,*,#4177,.F.);
#3090=ORIENTED_EDGE('',*,*,#4174,.F.);
#3091=ORIENTED_EDGE('',*,*,#4182,.T.);
#3092=ORIENTED_EDGE('',*,*,#4171,.T.);
#3093=ORIENTED_EDGE('',*,*,#4520,.F.);
#3094=ORIENTED_EDGE('',*,*,#4541,.T.);
#3095=ORIENTED_EDGE('',*,*,#4534,.T.);
#3096=ORIENTED_EDGE('',*,*,#4169,.T.);
#3097=ORIENTED_EDGE('',*,*,#4168,.F.);
#3098=ORIENTED_EDGE('',*,*,#4167,.F.);
#3099=ORIENTED_EDGE('',*,*,#4166,.T.);
#3100=ORIENTED_EDGE('',*,*,#4163,.F.);
#3101=ORIENTED_EDGE('',*,*,#4538,.T.);
#3102=ORIENTED_EDGE('',*,*,#4542,.T.);
#3103=ORIENTED_EDGE('',*,*,#4543,.F.);
#3104=ORIENTED_EDGE('',*,*,#4339,.T.);
#3105=ORIENTED_EDGE('',*,*,#4544,.F.);
#3106=ORIENTED_EDGE('',*,*,#4545,.F.);
#3107=ORIENTED_EDGE('',*,*,#4546,.T.);
#3108=ORIENTED_EDGE('',*,*,#4547,.T.);
#3109=ORIENTED_EDGE('',*,*,#4548,.F.);
#3110=ORIENTED_EDGE('',*,*,#4547,.F.);
#3111=ORIENTED_EDGE('',*,*,#4549,.T.);
#3112=ORIENTED_EDGE('',*,*,#4550,.T.);
#3113=ORIENTED_EDGE('',*,*,#4551,.F.);
#3114=ORIENTED_EDGE('',*,*,#4550,.F.);
#3115=ORIENTED_EDGE('',*,*,#4552,.T.);
#3116=ORIENTED_EDGE('',*,*,#4553,.T.);
#3117=ORIENTED_EDGE('',*,*,#4554,.T.);
#3118=ORIENTED_EDGE('',*,*,#4555,.T.);
#3119=ORIENTED_EDGE('',*,*,#4335,.T.);
#3120=ORIENTED_EDGE('',*,*,#4521,.T.);
#3121=ORIENTED_EDGE('',*,*,#4556,.F.);
#3122=ORIENTED_EDGE('',*,*,#4553,.F.);
#3123=ORIENTED_EDGE('',*,*,#4555,.F.);
#3124=ORIENTED_EDGE('',*,*,#4557,.F.);
#3125=ORIENTED_EDGE('',*,*,#4558,.F.);
#3126=ORIENTED_EDGE('',*,*,#4336,.F.);
#3127=ORIENTED_EDGE('',*,*,#4337,.F.);
#3128=ORIENTED_EDGE('',*,*,#4558,.T.);
#3129=ORIENTED_EDGE('',*,*,#4559,.T.);
#3130=ORIENTED_EDGE('',*,*,#4525,.T.);
#3131=ORIENTED_EDGE('',*,*,#4560,.F.);
#3132=ORIENTED_EDGE('',*,*,#4522,.T.);
#3133=ORIENTED_EDGE('',*,*,#4543,.T.);
#3134=ORIENTED_EDGE('',*,*,#4561,.T.);
#3135=ORIENTED_EDGE('',*,*,#4562,.T.);
#3136=ORIENTED_EDGE('',*,*,#4563,.F.);
#3137=ORIENTED_EDGE('',*,*,#4358,.T.);
#3138=ORIENTED_EDGE('',*,*,#4349,.T.);
#3139=ORIENTED_EDGE('',*,*,#4343,.T.);
#3140=ORIENTED_EDGE('',*,*,#4340,.F.);
#3141=ORIENTED_EDGE('',*,*,#4350,.T.);
#3142=ORIENTED_EDGE('',*,*,#4564,.F.);
#3143=ORIENTED_EDGE('',*,*,#4565,.T.);
#3144=ORIENTED_EDGE('',*,*,#4351,.T.);
#3145=ORIENTED_EDGE('',*,*,#4566,.T.);
#3146=ORIENTED_EDGE('',*,*,#4352,.T.);
#3147=ORIENTED_EDGE('',*,*,#4567,.T.);
#3148=ORIENTED_EDGE('',*,*,#4353,.T.);
#3149=ORIENTED_EDGE('',*,*,#4568,.F.);
#3150=ORIENTED_EDGE('',*,*,#4354,.F.);
#3151=ORIENTED_EDGE('',*,*,#4569,.F.);
#3152=ORIENTED_EDGE('',*,*,#4355,.F.);
#3153=ORIENTED_EDGE('',*,*,#4372,.T.);
#3154=ORIENTED_EDGE('',*,*,#4374,.T.);
#3155=ORIENTED_EDGE('',*,*,#4377,.F.);
#3156=ORIENTED_EDGE('',*,*,#4360,.F.);
#3157=ORIENTED_EDGE('',*,*,#4367,.F.);
#3158=ORIENTED_EDGE('',*,*,#4356,.T.);
#3159=ORIENTED_EDGE('',*,*,#4563,.T.);
#3160=ORIENTED_EDGE('',*,*,#4570,.T.);
#3161=ORIENTED_EDGE('',*,*,#4571,.T.);
#3162=ORIENTED_EDGE('',*,*,#4572,.T.);
#3163=ORIENTED_EDGE('',*,*,#4572,.F.);
#3164=ORIENTED_EDGE('',*,*,#4573,.F.);
#3165=ORIENTED_EDGE('',*,*,#4574,.F.);
#3166=ORIENTED_EDGE('',*,*,#4373,.F.);
#3167=ORIENTED_EDGE('',*,*,#4378,.F.);
#3168=ORIENTED_EDGE('',*,*,#4375,.T.);
#3169=ORIENTED_EDGE('',*,*,#4370,.F.);
#3170=ORIENTED_EDGE('',*,*,#4574,.T.);
#3171=ORIENTED_EDGE('',*,*,#4575,.T.);
#3172=ORIENTED_EDGE('',*,*,#4576,.T.);
#3173=ORIENTED_EDGE('',*,*,#4379,.T.);
#3174=ORIENTED_EDGE('',*,*,#4368,.T.);
#3175=ORIENTED_EDGE('',*,*,#4365,.F.);
#3176=ORIENTED_EDGE('',*,*,#4362,.T.);
#3177=ORIENTED_EDGE('',*,*,#4576,.F.);
#3178=ORIENTED_EDGE('',*,*,#4577,.T.);
#3179=ORIENTED_EDGE('',*,*,#4578,.F.);
#3180=ORIENTED_EDGE('',*,*,#4380,.F.);
#3181=ORIENTED_EDGE('',*,*,#4579,.T.);
#3182=ORIENTED_EDGE('',*,*,#4580,.F.);
#3183=ORIENTED_EDGE('',*,*,#4381,.F.);
#3184=ORIENTED_EDGE('',*,*,#4578,.T.);
#3185=ORIENTED_EDGE('',*,*,#4581,.T.);
#3186=ORIENTED_EDGE('',*,*,#4582,.F.);
#3187=ORIENTED_EDGE('',*,*,#4382,.F.);
#3188=ORIENTED_EDGE('',*,*,#4580,.T.);
#3189=ORIENTED_EDGE('',*,*,#4583,.T.);
#3190=ORIENTED_EDGE('',*,*,#4584,.F.);
#3191=ORIENTED_EDGE('',*,*,#4383,.F.);
#3192=ORIENTED_EDGE('',*,*,#4582,.T.);
#3193=ORIENTED_EDGE('',*,*,#4585,.T.);
#3194=ORIENTED_EDGE('',*,*,#4586,.F.);
#3195=ORIENTED_EDGE('',*,*,#4384,.F.);
#3196=ORIENTED_EDGE('',*,*,#4584,.T.);
#3197=ORIENTED_EDGE('',*,*,#4587,.T.);
#3198=ORIENTED_EDGE('',*,*,#4588,.F.);
#3199=ORIENTED_EDGE('',*,*,#4385,.F.);
#3200=ORIENTED_EDGE('',*,*,#4586,.T.);
#3201=ORIENTED_EDGE('',*,*,#4589,.T.);
#3202=ORIENTED_EDGE('',*,*,#4590,.F.);
#3203=ORIENTED_EDGE('',*,*,#4386,.F.);
#3204=ORIENTED_EDGE('',*,*,#4588,.T.);
#3205=ORIENTED_EDGE('',*,*,#4591,.T.);
#3206=ORIENTED_EDGE('',*,*,#4592,.F.);
#3207=ORIENTED_EDGE('',*,*,#4387,.F.);
#3208=ORIENTED_EDGE('',*,*,#4590,.T.);
#3209=ORIENTED_EDGE('',*,*,#4593,.T.);
#3210=ORIENTED_EDGE('',*,*,#4594,.T.);
#3211=ORIENTED_EDGE('',*,*,#4388,.F.);
#3212=ORIENTED_EDGE('',*,*,#4592,.T.);
#3213=ORIENTED_EDGE('',*,*,#4406,.T.);
#3214=ORIENTED_EDGE('',*,*,#4410,.T.);
#3215=ORIENTED_EDGE('',*,*,#4411,.T.);
#3216=ORIENTED_EDGE('',*,*,#4394,.F.);
#3217=ORIENTED_EDGE('',*,*,#4399,.F.);
#3218=ORIENTED_EDGE('',*,*,#4391,.T.);
#3219=ORIENTED_EDGE('',*,*,#4389,.F.);
#3220=ORIENTED_EDGE('',*,*,#4594,.F.);
#3221=ORIENTED_EDGE('',*,*,#4595,.F.);
#3222=ORIENTED_EDGE('',*,*,#4596,.T.);
#3223=ORIENTED_EDGE('',*,*,#4597,.F.);
#3224=ORIENTED_EDGE('',*,*,#4407,.F.);
#3225=ORIENTED_EDGE('',*,*,#4596,.F.);
#3226=ORIENTED_EDGE('',*,*,#4598,.F.);
#3227=ORIENTED_EDGE('',*,*,#4412,.T.);
#3228=ORIENTED_EDGE('',*,*,#4408,.T.);
#3229=ORIENTED_EDGE('',*,*,#4404,.F.);
#3230=ORIENTED_EDGE('',*,*,#4597,.T.);
#3231=ORIENTED_EDGE('',*,*,#4599,.F.);
#3232=ORIENTED_EDGE('',*,*,#4600,.F.);
#3233=ORIENTED_EDGE('',*,*,#4416,.F.);
#3234=ORIENTED_EDGE('',*,*,#4402,.T.);
#3235=ORIENTED_EDGE('',*,*,#4400,.F.);
#3236=ORIENTED_EDGE('',*,*,#4398,.T.);
#3237=ORIENTED_EDGE('',*,*,#4601,.T.);
#3238=ORIENTED_EDGE('',*,*,#4602,.T.);
#3239=ORIENTED_EDGE('',*,*,#4413,.F.);
#3240=ORIENTED_EDGE('',*,*,#4600,.T.);
#3241=ORIENTED_EDGE('',*,*,#4450,.F.);
#3242=ORIENTED_EDGE('',*,*,#4420,.T.);
#3243=ORIENTED_EDGE('',*,*,#4454,.F.);
#3244=ORIENTED_EDGE('',*,*,#4424,.F.);
#3245=ORIENTED_EDGE('',*,*,#4428,.F.);
#3246=ORIENTED_EDGE('',*,*,#4431,.F.);
#3247=ORIENTED_EDGE('',*,*,#4433,.F.);
#3248=ORIENTED_EDGE('',*,*,#4539,.T.);
#3249=ORIENTED_EDGE('',*,*,#4417,.T.);
#3250=ORIENTED_EDGE('',*,*,#4414,.F.);
#3251=ORIENTED_EDGE('',*,*,#4602,.F.);
#3252=ORIENTED_EDGE('',*,*,#4603,.F.);
#3253=ORIENTED_EDGE('',*,*,#4604,.F.);
#3254=ORIENTED_EDGE('',*,*,#4440,.F.);
#3255=ORIENTED_EDGE('',*,*,#4444,.F.);
#3256=ORIENTED_EDGE('',*,*,#4447,.F.);
#3257=ORIENTED_EDGE('',*,*,#4605,.F.);
#3258=ORIENTED_EDGE('',*,*,#4441,.F.);
#3259=ORIENTED_EDGE('',*,*,#4604,.T.);
#3260=ORIENTED_EDGE('',*,*,#4606,.T.);
#3261=ORIENTED_EDGE('',*,*,#4453,.T.);
#3262=ORIENTED_EDGE('',*,*,#4452,.T.);
#3263=ORIENTED_EDGE('',*,*,#4448,.T.);
#3264=ORIENTED_EDGE('',*,*,#4445,.T.);
#3265=ORIENTED_EDGE('',*,*,#4442,.T.);
#3266=ORIENTED_EDGE('',*,*,#4438,.T.);
#3267=ORIENTED_EDGE('',*,*,#4605,.T.);
#3268=ORIENTED_EDGE('',*,*,#4607,.T.);
#3269=ORIENTED_EDGE('',*,*,#4608,.T.);
#3270=ORIENTED_EDGE('',*,*,#4455,.T.);
#3271=ORIENTED_EDGE('',*,*,#4436,.F.);
#3272=ORIENTED_EDGE('',*,*,#4540,.F.);
#3273=ORIENTED_EDGE('',*,*,#4434,.T.);
#3274=ORIENTED_EDGE('',*,*,#4429,.T.);
#3275=ORIENTED_EDGE('',*,*,#4426,.T.);
#3276=ORIENTED_EDGE('',*,*,#4422,.T.);
#3277=ORIENTED_EDGE('',*,*,#4608,.F.);
#3278=ORIENTED_EDGE('',*,*,#4609,.T.);
#3279=ORIENTED_EDGE('',*,*,#4610,.F.);
#3280=ORIENTED_EDGE('',*,*,#4456,.F.);
#3281=ORIENTED_EDGE('',*,*,#4474,.T.);
#3282=ORIENTED_EDGE('',*,*,#4476,.T.);
#3283=ORIENTED_EDGE('',*,*,#4479,.F.);
#3284=ORIENTED_EDGE('',*,*,#4462,.F.);
#3285=ORIENTED_EDGE('',*,*,#4469,.F.);
#3286=ORIENTED_EDGE('',*,*,#4459,.T.);
#3287=ORIENTED_EDGE('',*,*,#4457,.T.);
#3288=ORIENTED_EDGE('',*,*,#4610,.T.);
#3289=ORIENTED_EDGE('',*,*,#4611,.T.);
#3290=ORIENTED_EDGE('',*,*,#4612,.T.);
#3291=ORIENTED_EDGE('',*,*,#4612,.F.);
#3292=ORIENTED_EDGE('',*,*,#4613,.F.);
#3293=ORIENTED_EDGE('',*,*,#4614,.F.);
#3294=ORIENTED_EDGE('',*,*,#4475,.F.);
#3295=ORIENTED_EDGE('',*,*,#4480,.F.);
#3296=ORIENTED_EDGE('',*,*,#4477,.T.);
#3297=ORIENTED_EDGE('',*,*,#4472,.F.);
#3298=ORIENTED_EDGE('',*,*,#4614,.T.);
#3299=ORIENTED_EDGE('',*,*,#4615,.T.);
#3300=ORIENTED_EDGE('',*,*,#4616,.T.);
#3301=ORIENTED_EDGE('',*,*,#4481,.T.);
#3302=ORIENTED_EDGE('',*,*,#4470,.T.);
#3303=ORIENTED_EDGE('',*,*,#4467,.F.);
#3304=ORIENTED_EDGE('',*,*,#4464,.T.);
#3305=ORIENTED_EDGE('',*,*,#4616,.F.);
#3306=ORIENTED_EDGE('',*,*,#4617,.T.);
#3307=ORIENTED_EDGE('',*,*,#4618,.F.);
#3308=ORIENTED_EDGE('',*,*,#4482,.F.);
#3309=ORIENTED_EDGE('',*,*,#4619,.T.);
#3310=ORIENTED_EDGE('',*,*,#4620,.F.);
#3311=ORIENTED_EDGE('',*,*,#4483,.F.);
#3312=ORIENTED_EDGE('',*,*,#4618,.T.);
#3313=ORIENTED_EDGE('',*,*,#4621,.T.);
#3314=ORIENTED_EDGE('',*,*,#4622,.F.);
#3315=ORIENTED_EDGE('',*,*,#4484,.F.);
#3316=ORIENTED_EDGE('',*,*,#4620,.T.);
#3317=ORIENTED_EDGE('',*,*,#4623,.T.);
#3318=ORIENTED_EDGE('',*,*,#4624,.F.);
#3319=ORIENTED_EDGE('',*,*,#4485,.F.);
#3320=ORIENTED_EDGE('',*,*,#4622,.T.);
#3321=ORIENTED_EDGE('',*,*,#4625,.T.);
#3322=ORIENTED_EDGE('',*,*,#4626,.F.);
#3323=ORIENTED_EDGE('',*,*,#4486,.F.);
#3324=ORIENTED_EDGE('',*,*,#4624,.T.);
#3325=ORIENTED_EDGE('',*,*,#4627,.T.);
#3326=ORIENTED_EDGE('',*,*,#4628,.F.);
#3327=ORIENTED_EDGE('',*,*,#4487,.F.);
#3328=ORIENTED_EDGE('',*,*,#4626,.T.);
#3329=ORIENTED_EDGE('',*,*,#4629,.T.);
#3330=ORIENTED_EDGE('',*,*,#4630,.F.);
#3331=ORIENTED_EDGE('',*,*,#4488,.F.);
#3332=ORIENTED_EDGE('',*,*,#4628,.T.);
#3333=ORIENTED_EDGE('',*,*,#4631,.T.);
#3334=ORIENTED_EDGE('',*,*,#4632,.F.);
#3335=ORIENTED_EDGE('',*,*,#4489,.F.);
#3336=ORIENTED_EDGE('',*,*,#4630,.T.);
#3337=ORIENTED_EDGE('',*,*,#4633,.T.);
#3338=ORIENTED_EDGE('',*,*,#4634,.T.);
#3339=ORIENTED_EDGE('',*,*,#4490,.F.);
#3340=ORIENTED_EDGE('',*,*,#4632,.T.);
#3341=ORIENTED_EDGE('',*,*,#4508,.T.);
#3342=ORIENTED_EDGE('',*,*,#4512,.T.);
#3343=ORIENTED_EDGE('',*,*,#4513,.T.);
#3344=ORIENTED_EDGE('',*,*,#4496,.F.);
#3345=ORIENTED_EDGE('',*,*,#4503,.F.);
#3346=ORIENTED_EDGE('',*,*,#4493,.T.);
#3347=ORIENTED_EDGE('',*,*,#4491,.F.);
#3348=ORIENTED_EDGE('',*,*,#4634,.F.);
#3349=ORIENTED_EDGE('',*,*,#4635,.F.);
#3350=ORIENTED_EDGE('',*,*,#4636,.T.);
#3351=ORIENTED_EDGE('',*,*,#4637,.F.);
#3352=ORIENTED_EDGE('',*,*,#4509,.F.);
#3353=ORIENTED_EDGE('',*,*,#4636,.F.);
#3354=ORIENTED_EDGE('',*,*,#4638,.F.);
#3355=ORIENTED_EDGE('',*,*,#4514,.T.);
#3356=ORIENTED_EDGE('',*,*,#4510,.T.);
#3357=ORIENTED_EDGE('',*,*,#4506,.F.);
#3358=ORIENTED_EDGE('',*,*,#4637,.T.);
#3359=ORIENTED_EDGE('',*,*,#4639,.F.);
#3360=ORIENTED_EDGE('',*,*,#4640,.F.);
#3361=ORIENTED_EDGE('',*,*,#4517,.F.);
#3362=ORIENTED_EDGE('',*,*,#4504,.T.);
#3363=ORIENTED_EDGE('',*,*,#4501,.F.);
#3364=ORIENTED_EDGE('',*,*,#4498,.T.);
#3365=ORIENTED_EDGE('',*,*,#4641,.F.);
#3366=ORIENTED_EDGE('',*,*,#4518,.F.);
#3367=ORIENTED_EDGE('',*,*,#4640,.T.);
#3368=ORIENTED_EDGE('',*,*,#4642,.T.);
#3369=ORIENTED_EDGE('',*,*,#4556,.T.);
#3370=ORIENTED_EDGE('',*,*,#4523,.T.);
#3371=ORIENTED_EDGE('',*,*,#4560,.T.);
#3372=ORIENTED_EDGE('',*,*,#4524,.T.);
#3373=ORIENTED_EDGE('',*,*,#4528,.T.);
#3374=ORIENTED_EDGE('',*,*,#4531,.T.);
#3375=ORIENTED_EDGE('',*,*,#4535,.T.);
#3376=ORIENTED_EDGE('',*,*,#4541,.F.);
#3377=ORIENTED_EDGE('',*,*,#4519,.T.);
#3378=ORIENTED_EDGE('',*,*,#4515,.T.);
#3379=ORIENTED_EDGE('',*,*,#4641,.T.);
#3380=ORIENTED_EDGE('',*,*,#4643,.T.);
#3381=ORIENTED_EDGE('',*,*,#4644,.T.);
#3382=ORIENTED_EDGE('',*,*,#4544,.T.);
#3383=ORIENTED_EDGE('',*,*,#4548,.T.);
#3384=ORIENTED_EDGE('',*,*,#4551,.T.);
#3385=ORIENTED_EDGE('',*,*,#4644,.F.);
#3386=ORIENTED_EDGE('',*,*,#4645,.F.);
#3387=ORIENTED_EDGE('',*,*,#4646,.T.);
#3388=ORIENTED_EDGE('',*,*,#4545,.T.);
#3389=ORIENTED_EDGE('',*,*,#4559,.F.);
#3390=ORIENTED_EDGE('',*,*,#4557,.T.);
#3391=ORIENTED_EDGE('',*,*,#4554,.F.);
#3392=ORIENTED_EDGE('',*,*,#4552,.F.);
#3393=ORIENTED_EDGE('',*,*,#4549,.F.);
#3394=ORIENTED_EDGE('',*,*,#4546,.F.);
#3395=ORIENTED_EDGE('',*,*,#4646,.F.);
#3396=ORIENTED_EDGE('',*,*,#4647,.F.);
#3397=ORIENTED_EDGE('',*,*,#4648,.F.);
#3398=ORIENTED_EDGE('',*,*,#4561,.F.);
#3399=ORIENTED_EDGE('',*,*,#4542,.F.);
#3400=ORIENTED_EDGE('',*,*,#4537,.T.);
#3401=ORIENTED_EDGE('',*,*,#4536,.F.);
#3402=ORIENTED_EDGE('',*,*,#4532,.F.);
#3403=ORIENTED_EDGE('',*,*,#4529,.F.);
#3404=ORIENTED_EDGE('',*,*,#4526,.F.);
#3405=ORIENTED_EDGE('',*,*,#4562,.F.);
#3406=ORIENTED_EDGE('',*,*,#4648,.T.);
#3407=ORIENTED_EDGE('',*,*,#4649,.T.);
#3408=ORIENTED_EDGE('',*,*,#4570,.F.);
#3409=ORIENTED_EDGE('',*,*,#4564,.T.);
#3410=ORIENTED_EDGE('',*,*,#4650,.F.);
#3411=ORIENTED_EDGE('',*,*,#4565,.F.);
#3412=ORIENTED_EDGE('',*,*,#4651,.F.);
#3413=ORIENTED_EDGE('',*,*,#4566,.F.);
#3414=ORIENTED_EDGE('',*,*,#4652,.F.);
#3415=ORIENTED_EDGE('',*,*,#4567,.F.);
#3416=ORIENTED_EDGE('',*,*,#4653,.F.);
#3417=ORIENTED_EDGE('',*,*,#4568,.T.);
#3418=ORIENTED_EDGE('',*,*,#4654,.F.);
#3419=ORIENTED_EDGE('',*,*,#4569,.T.);
#3420=ORIENTED_EDGE('',*,*,#4655,.F.);
#3421=ORIENTED_EDGE('',*,*,#3738,.T.);
#3422=ORIENTED_EDGE('',*,*,#4655,.T.);
#3423=ORIENTED_EDGE('',*,*,#4654,.T.);
#3424=ORIENTED_EDGE('',*,*,#4653,.T.);
#3425=ORIENTED_EDGE('',*,*,#4652,.T.);
#3426=ORIENTED_EDGE('',*,*,#4651,.T.);
#3427=ORIENTED_EDGE('',*,*,#4650,.T.);
#3428=ORIENTED_EDGE('',*,*,#4649,.F.);
#3429=ORIENTED_EDGE('',*,*,#4647,.T.);
#3430=ORIENTED_EDGE('',*,*,#4645,.T.);
#3431=ORIENTED_EDGE('',*,*,#4643,.F.);
#3432=ORIENTED_EDGE('',*,*,#4642,.F.);
#3433=ORIENTED_EDGE('',*,*,#4639,.T.);
#3434=ORIENTED_EDGE('',*,*,#4638,.T.);
#3435=ORIENTED_EDGE('',*,*,#4635,.T.);
#3436=ORIENTED_EDGE('',*,*,#4633,.F.);
#3437=ORIENTED_EDGE('',*,*,#4631,.F.);
#3438=ORIENTED_EDGE('',*,*,#4629,.F.);
#3439=ORIENTED_EDGE('',*,*,#4627,.F.);
#3440=ORIENTED_EDGE('',*,*,#4625,.F.);
#3441=ORIENTED_EDGE('',*,*,#4623,.F.);
#3442=ORIENTED_EDGE('',*,*,#4621,.F.);
#3443=ORIENTED_EDGE('',*,*,#4619,.F.);
#3444=ORIENTED_EDGE('',*,*,#4617,.F.);
#3445=ORIENTED_EDGE('',*,*,#4615,.F.);
#3446=ORIENTED_EDGE('',*,*,#4613,.T.);
#3447=ORIENTED_EDGE('',*,*,#4611,.F.);
#3448=ORIENTED_EDGE('',*,*,#4609,.F.);
#3449=ORIENTED_EDGE('',*,*,#4607,.F.);
#3450=ORIENTED_EDGE('',*,*,#4606,.F.);
#3451=ORIENTED_EDGE('',*,*,#4603,.T.);
#3452=ORIENTED_EDGE('',*,*,#4601,.F.);
#3453=ORIENTED_EDGE('',*,*,#4599,.T.);
#3454=ORIENTED_EDGE('',*,*,#4598,.T.);
#3455=ORIENTED_EDGE('',*,*,#4595,.T.);
#3456=ORIENTED_EDGE('',*,*,#4593,.F.);
#3457=ORIENTED_EDGE('',*,*,#4591,.F.);
#3458=ORIENTED_EDGE('',*,*,#4589,.F.);
#3459=ORIENTED_EDGE('',*,*,#4587,.F.);
#3460=ORIENTED_EDGE('',*,*,#4585,.F.);
#3461=ORIENTED_EDGE('',*,*,#4583,.F.);
#3462=ORIENTED_EDGE('',*,*,#4581,.F.);
#3463=ORIENTED_EDGE('',*,*,#4579,.F.);
#3464=ORIENTED_EDGE('',*,*,#4577,.F.);
#3465=ORIENTED_EDGE('',*,*,#4575,.F.);
#3466=ORIENTED_EDGE('',*,*,#4573,.T.);
#3467=ORIENTED_EDGE('',*,*,#4571,.F.);
#3468=ORIENTED_EDGE('',*,*,#4656,.T.);
#3469=ORIENTED_EDGE('',*,*,#4657,.T.);
#3470=ORIENTED_EDGE('',*,*,#4658,.F.);
#3471=ORIENTED_EDGE('',*,*,#4659,.T.);
#3472=ORIENTED_EDGE('',*,*,#4660,.T.);
#3473=ORIENTED_EDGE('',*,*,#4661,.T.);
#3474=ORIENTED_EDGE('',*,*,#4662,.F.);
#3475=ORIENTED_EDGE('',*,*,#4663,.T.);
#3476=ORIENTED_EDGE('',*,*,#4664,.T.);
#3477=ORIENTED_EDGE('',*,*,#4665,.T.);
#3478=ORIENTED_EDGE('',*,*,#4666,.F.);
#3479=ORIENTED_EDGE('',*,*,#4667,.F.);
#3480=ORIENTED_EDGE('',*,*,#4668,.F.);
#3481=ORIENTED_EDGE('',*,*,#4669,.F.);
#3482=ORIENTED_EDGE('',*,*,#4670,.F.);
#3483=ORIENTED_EDGE('',*,*,#4671,.T.);
#3484=ORIENTED_EDGE('',*,*,#4672,.T.);
#3485=ORIENTED_EDGE('',*,*,#4673,.T.);
#3486=ORIENTED_EDGE('',*,*,#4674,.F.);
#3487=ORIENTED_EDGE('',*,*,#4675,.T.);
#3488=ORIENTED_EDGE('',*,*,#4676,.T.);
#3489=ORIENTED_EDGE('',*,*,#4677,.T.);
#3490=ORIENTED_EDGE('',*,*,#4678,.F.);
#3491=ORIENTED_EDGE('',*,*,#4679,.F.);
#3492=ORIENTED_EDGE('',*,*,#4680,.F.);
#3493=ORIENTED_EDGE('',*,*,#4681,.F.);
#3494=ORIENTED_EDGE('',*,*,#4682,.F.);
#3495=ORIENTED_EDGE('',*,*,#4683,.T.);
#3496=ORIENTED_EDGE('',*,*,#4684,.T.);
#3497=ORIENTED_EDGE('',*,*,#4685,.T.);
#3498=ORIENTED_EDGE('',*,*,#4686,.F.);
#3499=ORIENTED_EDGE('',*,*,#4687,.F.);
#3500=ORIENTED_EDGE('',*,*,#4688,.F.);
#3501=ORIENTED_EDGE('',*,*,#4689,.F.);
#3502=ORIENTED_EDGE('',*,*,#4690,.F.);
#3503=ORIENTED_EDGE('',*,*,#4691,.F.);
#3504=ORIENTED_EDGE('',*,*,#4692,.F.);
#3505=ORIENTED_EDGE('',*,*,#4693,.F.);
#3506=ORIENTED_EDGE('',*,*,#4694,.F.);
#3507=ORIENTED_EDGE('',*,*,#4695,.T.);
#3508=ORIENTED_EDGE('',*,*,#4696,.F.);
#3509=ORIENTED_EDGE('',*,*,#4696,.T.);
#3510=ORIENTED_EDGE('',*,*,#4697,.T.);
#3511=ORIENTED_EDGE('',*,*,#4698,.F.);
#3512=ORIENTED_EDGE('',*,*,#4699,.F.);
#3513=ORIENTED_EDGE('',*,*,#4700,.F.);
#3514=ORIENTED_EDGE('',*,*,#4701,.F.);
#3515=ORIENTED_EDGE('',*,*,#4702,.F.);
#3516=ORIENTED_EDGE('',*,*,#4703,.F.);
#3517=ORIENTED_EDGE('',*,*,#4704,.F.);
#3518=ORIENTED_EDGE('',*,*,#4705,.F.);
#3519=ORIENTED_EDGE('',*,*,#4706,.F.);
#3520=ORIENTED_EDGE('',*,*,#4707,.F.);
#3521=ORIENTED_EDGE('',*,*,#4708,.F.);
#3522=ORIENTED_EDGE('',*,*,#4709,.F.);
#3523=ORIENTED_EDGE('',*,*,#4710,.F.);
#3524=ORIENTED_EDGE('',*,*,#4711,.F.);
#3525=ORIENTED_EDGE('',*,*,#4712,.F.);
#3526=ORIENTED_EDGE('',*,*,#4713,.F.);
#3527=ORIENTED_EDGE('',*,*,#4714,.F.);
#3528=ORIENTED_EDGE('',*,*,#4715,.F.);
#3529=ORIENTED_EDGE('',*,*,#4716,.F.);
#3530=ORIENTED_EDGE('',*,*,#4717,.F.);
#3531=ORIENTED_EDGE('',*,*,#4718,.F.);
#3532=ORIENTED_EDGE('',*,*,#4719,.F.);
#3533=ORIENTED_EDGE('',*,*,#4720,.F.);
#3534=ORIENTED_EDGE('',*,*,#4721,.F.);
#3535=ORIENTED_EDGE('',*,*,#4722,.T.);
#3536=ORIENTED_EDGE('',*,*,#4705,.T.);
#3537=ORIENTED_EDGE('',*,*,#4723,.T.);
#3538=ORIENTED_EDGE('',*,*,#4724,.T.);
#3539=ORIENTED_EDGE('',*,*,#4725,.T.);
#3540=ORIENTED_EDGE('',*,*,#4713,.T.);
#3541=ORIENTED_EDGE('',*,*,#4726,.F.);
#3542=ORIENTED_EDGE('',*,*,#4727,.F.);
#3543=ORIENTED_EDGE('',*,*,#4728,.F.);
#3544=ORIENTED_EDGE('',*,*,#4729,.T.);
#3545=ORIENTED_EDGE('',*,*,#4730,.T.);
#3546=ORIENTED_EDGE('',*,*,#4731,.T.);
#3547=ORIENTED_EDGE('',*,*,#4732,.T.);
#3548=ORIENTED_EDGE('',*,*,#4721,.T.);
#3549=ORIENTED_EDGE('',*,*,#4733,.F.);
#3550=ORIENTED_EDGE('',*,*,#4734,.F.);
#3551=ORIENTED_EDGE('',*,*,#4735,.F.);
#3552=ORIENTED_EDGE('',*,*,#4736,.T.);
#3553=ORIENTED_EDGE('',*,*,#4737,.T.);
#3554=ORIENTED_EDGE('',*,*,#4738,.T.);
#3555=ORIENTED_EDGE('',*,*,#4739,.T.);
#3556=ORIENTED_EDGE('',*,*,#4740,.T.);
#3557=ORIENTED_EDGE('',*,*,#4741,.T.);
#3558=ORIENTED_EDGE('',*,*,#4742,.T.);
#3559=ORIENTED_EDGE('',*,*,#4697,.F.);
#3560=ORIENTED_EDGE('',*,*,#4743,.F.);
#3561=ORIENTED_EDGE('',*,*,#4744,.F.);
#3562=ORIENTED_EDGE('',*,*,#4745,.F.);
#3563=ORIENTED_EDGE('',*,*,#4736,.F.);
#3564=ORIENTED_EDGE('',*,*,#4746,.F.);
#3565=ORIENTED_EDGE('',*,*,#4747,.F.);
#3566=ORIENTED_EDGE('',*,*,#4748,.F.);
#3567=ORIENTED_EDGE('',*,*,#4749,.F.);
#3568=ORIENTED_EDGE('',*,*,#4750,.T.);
#3569=ORIENTED_EDGE('',*,*,#4747,.T.);
#3570=ORIENTED_EDGE('',*,*,#4751,.F.);
#3571=ORIENTED_EDGE('',*,*,#4695,.F.);
#3572=ORIENTED_EDGE('',*,*,#4752,.T.);
#3573=ORIENTED_EDGE('',*,*,#4737,.F.);
#3574=ORIENTED_EDGE('',*,*,#4745,.T.);
#3575=ORIENTED_EDGE('',*,*,#4753,.F.);
#3576=ORIENTED_EDGE('',*,*,#4693,.T.);
#3577=ORIENTED_EDGE('',*,*,#4754,.T.);
#3578=ORIENTED_EDGE('',*,*,#4738,.F.);
#3579=ORIENTED_EDGE('',*,*,#4752,.F.);
#3580=ORIENTED_EDGE('',*,*,#4692,.T.);
#3581=ORIENTED_EDGE('',*,*,#4755,.T.);
#3582=ORIENTED_EDGE('',*,*,#4739,.F.);
#3583=ORIENTED_EDGE('',*,*,#4754,.F.);
#3584=ORIENTED_EDGE('',*,*,#4691,.T.);
#3585=ORIENTED_EDGE('',*,*,#4756,.T.);
#3586=ORIENTED_EDGE('',*,*,#4740,.F.);
#3587=ORIENTED_EDGE('',*,*,#4755,.F.);
#3588=ORIENTED_EDGE('',*,*,#4690,.T.);
#3589=ORIENTED_EDGE('',*,*,#4757,.T.);
#3590=ORIENTED_EDGE('',*,*,#4741,.F.);
#3591=ORIENTED_EDGE('',*,*,#4756,.F.);
#3592=ORIENTED_EDGE('',*,*,#4689,.T.);
#3593=ORIENTED_EDGE('',*,*,#4758,.T.);
#3594=ORIENTED_EDGE('',*,*,#4742,.F.);
#3595=ORIENTED_EDGE('',*,*,#4757,.F.);
#3596=ORIENTED_EDGE('',*,*,#4688,.T.);
#3597=ORIENTED_EDGE('',*,*,#4759,.T.);
#3598=ORIENTED_EDGE('',*,*,#4702,.T.);
#3599=ORIENTED_EDGE('',*,*,#4722,.F.);
#3600=ORIENTED_EDGE('',*,*,#4758,.F.);
#3601=ORIENTED_EDGE('',*,*,#4687,.T.);
#3602=ORIENTED_EDGE('',*,*,#4760,.T.);
#3603=ORIENTED_EDGE('',*,*,#4700,.T.);
#3604=ORIENTED_EDGE('',*,*,#4761,.F.);
#3605=ORIENTED_EDGE('',*,*,#4685,.F.);
#3606=ORIENTED_EDGE('',*,*,#4762,.T.);
#3607=ORIENTED_EDGE('',*,*,#4701,.T.);
#3608=ORIENTED_EDGE('',*,*,#4760,.F.);
#3609=ORIENTED_EDGE('',*,*,#4684,.F.);
#3610=ORIENTED_EDGE('',*,*,#4763,.T.);
#3611=ORIENTED_EDGE('',*,*,#4698,.T.);
#3612=ORIENTED_EDGE('',*,*,#4762,.F.);
#3613=ORIENTED_EDGE('',*,*,#4683,.F.);
#3614=ORIENTED_EDGE('',*,*,#4686,.T.);
#3615=ORIENTED_EDGE('',*,*,#4761,.T.);
#3616=ORIENTED_EDGE('',*,*,#4699,.T.);
#3617=ORIENTED_EDGE('',*,*,#4763,.F.);
#3618=ORIENTED_EDGE('',*,*,#4682,.T.);
#3619=ORIENTED_EDGE('',*,*,#4764,.T.);
#3620=ORIENTED_EDGE('',*,*,#4703,.T.);
#3621=ORIENTED_EDGE('',*,*,#4759,.F.);
#3622=ORIENTED_EDGE('',*,*,#4765,.T.);
#3623=ORIENTED_EDGE('',*,*,#4723,.F.);
#3624=ORIENTED_EDGE('',*,*,#4704,.T.);
#3625=ORIENTED_EDGE('',*,*,#4764,.F.);
#3626=ORIENTED_EDGE('',*,*,#4681,.T.);
#3627=ORIENTED_EDGE('',*,*,#4766,.T.);
#3628=ORIENTED_EDGE('',*,*,#4724,.F.);
#3629=ORIENTED_EDGE('',*,*,#4765,.F.);
#3630=ORIENTED_EDGE('',*,*,#4680,.T.);
#3631=ORIENTED_EDGE('',*,*,#4767,.T.);
#3632=ORIENTED_EDGE('',*,*,#4710,.T.);
#3633=ORIENTED_EDGE('',*,*,#4725,.F.);
#3634=ORIENTED_EDGE('',*,*,#4766,.F.);
#3635=ORIENTED_EDGE('',*,*,#4679,.T.);
#3636=ORIENTED_EDGE('',*,*,#4768,.T.);
#3637=ORIENTED_EDGE('',*,*,#4709,.T.);
#3638=ORIENTED_EDGE('',*,*,#4769,.F.);
#3639=ORIENTED_EDGE('',*,*,#4677,.F.);
#3640=ORIENTED_EDGE('',*,*,#4770,.T.);
#3641=ORIENTED_EDGE('',*,*,#4706,.T.);
#3642=ORIENTED_EDGE('',*,*,#4768,.F.);
#3643=ORIENTED_EDGE('',*,*,#4676,.F.);
#3644=ORIENTED_EDGE('',*,*,#4771,.T.);
#3645=ORIENTED_EDGE('',*,*,#4707,.T.);
#3646=ORIENTED_EDGE('',*,*,#4770,.F.);
#3647=ORIENTED_EDGE('',*,*,#4675,.F.);
#3648=ORIENTED_EDGE('',*,*,#4678,.T.);
#3649=ORIENTED_EDGE('',*,*,#4769,.T.);
#3650=ORIENTED_EDGE('',*,*,#4708,.T.);
#3651=ORIENTED_EDGE('',*,*,#4771,.F.);
#3652=ORIENTED_EDGE('',*,*,#4674,.T.);
#3653=ORIENTED_EDGE('',*,*,#4772,.T.);
#3654=ORIENTED_EDGE('',*,*,#4711,.T.);
#3655=ORIENTED_EDGE('',*,*,#4767,.F.);
#3656=ORIENTED_EDGE('',*,*,#4773,.T.);
#3657=ORIENTED_EDGE('',*,*,#4726,.T.);
#3658=ORIENTED_EDGE('',*,*,#4712,.T.);
#3659=ORIENTED_EDGE('',*,*,#4772,.F.);
#3660=ORIENTED_EDGE('',*,*,#4673,.F.);
#3661=ORIENTED_EDGE('',*,*,#4774,.T.);
#3662=ORIENTED_EDGE('',*,*,#4727,.T.);
#3663=ORIENTED_EDGE('',*,*,#4773,.F.);
#3664=ORIENTED_EDGE('',*,*,#4672,.F.);
#3665=ORIENTED_EDGE('',*,*,#4775,.T.);
#3666=ORIENTED_EDGE('',*,*,#4728,.T.);
#3667=ORIENTED_EDGE('',*,*,#4774,.F.);
#3668=ORIENTED_EDGE('',*,*,#4671,.F.);
#3669=ORIENTED_EDGE('',*,*,#4776,.T.);
#3670=ORIENTED_EDGE('',*,*,#4729,.F.);
#3671=ORIENTED_EDGE('',*,*,#4775,.F.);
#3672=ORIENTED_EDGE('',*,*,#4670,.T.);
#3673=ORIENTED_EDGE('',*,*,#4777,.T.);
#3674=ORIENTED_EDGE('',*,*,#4730,.F.);
#3675=ORIENTED_EDGE('',*,*,#4776,.F.);
#3676=ORIENTED_EDGE('',*,*,#4669,.T.);
#3677=ORIENTED_EDGE('',*,*,#4778,.T.);
#3678=ORIENTED_EDGE('',*,*,#4731,.F.);
#3679=ORIENTED_EDGE('',*,*,#4777,.F.);
#3680=ORIENTED_EDGE('',*,*,#4668,.T.);
#3681=ORIENTED_EDGE('',*,*,#4779,.T.);
#3682=ORIENTED_EDGE('',*,*,#4718,.T.);
#3683=ORIENTED_EDGE('',*,*,#4732,.F.);
#3684=ORIENTED_EDGE('',*,*,#4778,.F.);
#3685=ORIENTED_EDGE('',*,*,#4667,.T.);
#3686=ORIENTED_EDGE('',*,*,#4780,.T.);
#3687=ORIENTED_EDGE('',*,*,#4716,.T.);
#3688=ORIENTED_EDGE('',*,*,#4781,.F.);
#3689=ORIENTED_EDGE('',*,*,#4665,.F.);
#3690=ORIENTED_EDGE('',*,*,#4782,.T.);
#3691=ORIENTED_EDGE('',*,*,#4717,.T.);
#3692=ORIENTED_EDGE('',*,*,#4780,.F.);
#3693=ORIENTED_EDGE('',*,*,#4664,.F.);
#3694=ORIENTED_EDGE('',*,*,#4783,.T.);
#3695=ORIENTED_EDGE('',*,*,#4714,.T.);
#3696=ORIENTED_EDGE('',*,*,#4782,.F.);
#3697=ORIENTED_EDGE('',*,*,#4663,.F.);
#3698=ORIENTED_EDGE('',*,*,#4666,.T.);
#3699=ORIENTED_EDGE('',*,*,#4781,.T.);
#3700=ORIENTED_EDGE('',*,*,#4715,.T.);
#3701=ORIENTED_EDGE('',*,*,#4783,.F.);
#3702=ORIENTED_EDGE('',*,*,#4662,.T.);
#3703=ORIENTED_EDGE('',*,*,#4784,.T.);
#3704=ORIENTED_EDGE('',*,*,#4719,.T.);
#3705=ORIENTED_EDGE('',*,*,#4779,.F.);
#3706=ORIENTED_EDGE('',*,*,#4785,.T.);
#3707=ORIENTED_EDGE('',*,*,#4733,.T.);
#3708=ORIENTED_EDGE('',*,*,#4720,.T.);
#3709=ORIENTED_EDGE('',*,*,#4784,.F.);
#3710=ORIENTED_EDGE('',*,*,#4661,.F.);
#3711=ORIENTED_EDGE('',*,*,#4786,.T.);
#3712=ORIENTED_EDGE('',*,*,#4734,.T.);
#3713=ORIENTED_EDGE('',*,*,#4785,.F.);
#3714=ORIENTED_EDGE('',*,*,#4660,.F.);
#3715=ORIENTED_EDGE('',*,*,#4787,.T.);
#3716=ORIENTED_EDGE('',*,*,#4743,.T.);
#3717=ORIENTED_EDGE('',*,*,#4735,.T.);
#3718=ORIENTED_EDGE('',*,*,#4786,.F.);
#3719=ORIENTED_EDGE('',*,*,#4659,.F.);
#3720=ORIENTED_EDGE('',*,*,#4658,.T.);
#3721=ORIENTED_EDGE('',*,*,#4788,.T.);
#3722=ORIENTED_EDGE('',*,*,#4748,.T.);
#3723=ORIENTED_EDGE('',*,*,#4750,.F.);
#3724=ORIENTED_EDGE('',*,*,#4694,.T.);
#3725=ORIENTED_EDGE('',*,*,#4753,.T.);
#3726=ORIENTED_EDGE('',*,*,#4744,.T.);
#3727=ORIENTED_EDGE('',*,*,#4787,.F.);
#3728=ORIENTED_EDGE('',*,*,#4789,.T.);
#3729=ORIENTED_EDGE('',*,*,#4749,.T.);
#3730=ORIENTED_EDGE('',*,*,#4788,.F.);
#3731=ORIENTED_EDGE('',*,*,#4657,.F.);
#3732=ORIENTED_EDGE('',*,*,#4751,.T.);
#3733=ORIENTED_EDGE('',*,*,#4746,.T.);
#3734=ORIENTED_EDGE('',*,*,#4789,.F.);
#3735=ORIENTED_EDGE('',*,*,#4656,.F.);
#3736=EDGE_CURVE('',#4790,#4790,#5501,.T.);
#3737=EDGE_CURVE('',#4791,#4791,#5502,.F.);
#3738=EDGE_CURVE('',#4792,#4792,#5503,.T.);
#3739=EDGE_CURVE('',#4793,#4793,#5504,.T.);
#3740=EDGE_CURVE('',#4794,#4794,#5505,.T.);
#3741=EDGE_CURVE('',#4795,#4796,#38,.T.);
#3742=EDGE_CURVE('',#4796,#4797,#39,.T.);
#3743=EDGE_CURVE('',#4798,#4797,#40,.T.);
#3744=EDGE_CURVE('',#4795,#4798,#41,.T.);
#3745=EDGE_CURVE('',#4799,#4800,#42,.T.);
#3746=EDGE_CURVE('',#4800,#4801,#43,.T.);
#3747=EDGE_CURVE('',#4802,#4801,#44,.T.);
#3748=EDGE_CURVE('',#4799,#4802,#45,.T.);
#3749=EDGE_CURVE('',#4803,#4804,#46,.T.);
#3750=EDGE_CURVE('',#4804,#4800,#47,.T.);
#3751=EDGE_CURVE('',#4803,#4799,#48,.T.);
#3752=EDGE_CURVE('',#4804,#4798,#49,.T.);
#3753=EDGE_CURVE('',#4803,#4795,#50,.T.);
#3754=EDGE_CURVE('',#4796,#4805,#51,.T.);
#3755=EDGE_CURVE('',#4805,#4806,#52,.T.);
#3756=EDGE_CURVE('',#4797,#4806,#53,.T.);
#3757=EDGE_CURVE('',#4807,#4808,#54,.T.);
#3758=EDGE_CURVE('',#4808,#4809,#55,.T.);
#3759=EDGE_CURVE('',#4809,#4810,#56,.T.);
#3760=EDGE_CURVE('',#4807,#4810,#57,.T.);
#3761=EDGE_CURVE('',#4811,#4812,#58,.T.);
#3762=EDGE_CURVE('',#4813,#4812,#59,.T.);
#3763=EDGE_CURVE('',#4814,#4813,#60,.T.);
#3764=EDGE_CURVE('',#4811,#4814,#61,.T.);
#3765=EDGE_CURVE('',#4815,#4813,#62,.T.);
#3766=EDGE_CURVE('',#4816,#4815,#63,.T.);
#3767=EDGE_CURVE('',#4814,#4816,#64,.T.);
#3768=EDGE_CURVE('',#4817,#4818,#65,.T.);
#3769=EDGE_CURVE('',#4817,#4816,#66,.T.);
#3770=EDGE_CURVE('',#4818,#4815,#67,.T.);
#3771=EDGE_CURVE('',#4808,#4817,#68,.T.);
#3772=EDGE_CURVE('',#4818,#4809,#69,.T.);
#3773=EDGE_CURVE('',#4819,#4820,#70,.T.);
#3774=EDGE_CURVE('',#4821,#4820,#71,.T.);
#3775=EDGE_CURVE('',#4821,#4822,#72,.T.);
#3776=EDGE_CURVE('',#4822,#4819,#73,.T.);
#3777=EDGE_CURVE('',#4823,#4824,#74,.T.);
#3778=EDGE_CURVE('',#4825,#4823,#75,.T.);
#3779=EDGE_CURVE('',#4825,#4826,#76,.T.);
#3780=EDGE_CURVE('',#4824,#4826,#77,.T.);
#3781=EDGE_CURVE('',#4827,#4828,#78,.T.);
#3782=EDGE_CURVE('',#4823,#4827,#79,.T.);
#3783=EDGE_CURVE('',#4828,#4824,#80,.T.);
#3784=EDGE_CURVE('',#4829,#4830,#81,.T.);
#3785=EDGE_CURVE('',#4829,#4827,#82,.T.);
#3786=EDGE_CURVE('',#4830,#4828,#83,.T.);
#3787=EDGE_CURVE('',#4830,#4819,#84,.T.);
#3788=EDGE_CURVE('',#4822,#4829,#85,.T.);
#3789=EDGE_CURVE('',#4831,#4831,#5506,.T.);
#3790=EDGE_CURVE('',#4832,#4832,#5507,.T.);
#3791=EDGE_CURVE('',#4833,#4834,#5508,.T.);
#3792=EDGE_CURVE('',#4835,#4834,#86,.T.);
#3793=EDGE_CURVE('',#4836,#4835,#5509,.T.);
#3794=EDGE_CURVE('',#4836,#4833,#87,.T.);
#3795=EDGE_CURVE('',#4801,#4837,#88,.T.);
#3796=EDGE_CURVE('',#4838,#4837,#89,.T.);
#3797=EDGE_CURVE('',#4802,#4838,#90,.T.);
#3798=EDGE_CURVE('',#4806,#4839,#91,.T.);
#3799=EDGE_CURVE('',#4839,#4840,#92,.T.);
#3800=EDGE_CURVE('',#4841,#4840,#93,.T.);
#3801=EDGE_CURVE('',#4837,#4841,#94,.T.);
#3802=EDGE_CURVE('',#4842,#4838,#95,.T.);
#3803=EDGE_CURVE('',#4842,#4843,#96,.T.);
#3804=EDGE_CURVE('',#4843,#4844,#97,.T.);
#3805=EDGE_CURVE('',#4805,#4844,#98,.T.);
#3806=EDGE_CURVE('',#4844,#4839,#99,.T.);
#3807=EDGE_CURVE('',#4840,#4845,#5510,.T.);
#3808=EDGE_CURVE('',#4846,#4845,#100,.T.);
#3809=EDGE_CURVE('',#4841,#4846,#5511,.T.);
#3810=EDGE_CURVE('',#4847,#4848,#5512,.T.);
#3811=EDGE_CURVE('',#4849,#4847,#101,.T.);
#3812=EDGE_CURVE('',#4849,#4850,#5513,.T.);
#3813=EDGE_CURVE('',#4850,#4848,#102,.T.);
#3814=EDGE_CURVE('',#4851,#4852,#5514,.T.);
#3815=EDGE_CURVE('',#4853,#4852,#103,.T.);
#3816=EDGE_CURVE('',#4854,#4853,#5515,.T.);
#3817=EDGE_CURVE('',#4854,#4851,#104,.T.);
#3818=EDGE_CURVE('',#4855,#4807,#105,.T.);
#3819=EDGE_CURVE('',#4810,#4856,#106,.T.);
#3820=EDGE_CURVE('',#4855,#4856,#107,.T.);
#3821=EDGE_CURVE('',#4857,#4858,#5516,.T.);
#3822=EDGE_CURVE('',#4859,#4857,#108,.T.);
#3823=EDGE_CURVE('',#4859,#4860,#5517,.T.);
#3824=EDGE_CURVE('',#4860,#4858,#109,.T.);
#3825=EDGE_CURVE('',#4855,#4859,#110,.T.);
#3826=EDGE_CURVE('',#4861,#4857,#111,.T.);
#3827=EDGE_CURVE('',#4861,#4811,#112,.T.);
#3828=EDGE_CURVE('',#4861,#4862,#113,.T.);
#3829=EDGE_CURVE('',#4812,#4862,#114,.T.);
#3830=EDGE_CURVE('',#4863,#4862,#115,.T.);
#3831=EDGE_CURVE('',#4864,#4863,#116,.T.);
#3832=EDGE_CURVE('',#4864,#4856,#117,.T.);
#3833=EDGE_CURVE('',#4820,#4865,#118,.T.);
#3834=EDGE_CURVE('',#4866,#4865,#119,.T.);
#3835=EDGE_CURVE('',#4866,#4821,#120,.T.);
#3836=EDGE_CURVE('',#4867,#4868,#5518,.T.);
#3837=EDGE_CURVE('',#4869,#4867,#121,.T.);
#3838=EDGE_CURVE('',#4869,#4870,#5519,.T.);
#3839=EDGE_CURVE('',#4870,#4868,#122,.T.);
#3840=EDGE_CURVE('',#4866,#4869,#123,.T.);
#3841=EDGE_CURVE('',#4871,#4867,#124,.T.);
#3842=EDGE_CURVE('',#4871,#4825,#125,.T.);
#3843=EDGE_CURVE('',#4871,#4872,#126,.T.);
#3844=EDGE_CURVE('',#4826,#4872,#127,.T.);
#3845=EDGE_CURVE('',#4873,#4872,#128,.T.);
#3846=EDGE_CURVE('',#4874,#4873,#129,.T.);
#3847=EDGE_CURVE('',#4874,#4865,#130,.T.);
#3848=EDGE_CURVE('',#4875,#4876,#5520,.T.);
#3849=EDGE_CURVE('',#4877,#4875,#131,.T.);
#3850=EDGE_CURVE('',#4877,#4878,#5521,.T.);
#3851=EDGE_CURVE('',#4878,#4876,#132,.T.);
#3852=EDGE_CURVE('',#4879,#4880,#5522,.T.);
#3853=EDGE_CURVE('',#4881,#4879,#133,.T.);
#3854=EDGE_CURVE('',#4881,#4882,#5523,.T.);
#3855=EDGE_CURVE('',#4882,#4880,#134,.T.);
#3856=EDGE_CURVE('',#4883,#4884,#5524,.T.);
#3857=EDGE_CURVE('',#4884,#4885,#28,.F.);
#3858=EDGE_CURVE('',#4885,#4886,#135,.F.);
#3859=EDGE_CURVE('',#4886,#4887,#5525,.F.);
#3860=EDGE_CURVE('',#4887,#4888,#136,.T.);
#3861=EDGE_CURVE('',#4888,#4883,#29,.F.);
#3862=EDGE_CURVE('',#4889,#4890,#5526,.F.);
#3863=EDGE_CURVE('',#4891,#4890,#30,.F.);
#3864=EDGE_CURVE('',#4892,#4891,#137,.T.);
#3865=EDGE_CURVE('',#4893,#4892,#5527,.F.);
#3866=EDGE_CURVE('',#4894,#4893,#138,.F.);
#3867=EDGE_CURVE('',#4889,#4894,#31,.F.);
#3868=EDGE_CURVE('',#4895,#4896,#5528,.T.);
#3869=EDGE_CURVE('',#4897,#4895,#139,.T.);
#3870=EDGE_CURVE('',#4897,#4898,#5529,.T.);
#3871=EDGE_CURVE('',#4898,#4896,#140,.T.);
#3872=EDGE_CURVE('',#4899,#4900,#5530,.T.);
#3873=EDGE_CURVE('',#4901,#4900,#141,.T.);
#3874=EDGE_CURVE('',#4902,#4901,#5531,.T.);
#3875=EDGE_CURVE('',#4902,#4903,#142,.T.);
#3876=EDGE_CURVE('',#4904,#4903,#5532,.T.);
#3877=EDGE_CURVE('',#4905,#4904,#143,.T.);
#3878=EDGE_CURVE('',#4906,#4905,#5533,.T.);
#3879=EDGE_CURVE('',#4906,#4899,#144,.T.);
#3880=EDGE_CURVE('',#4907,#4908,#5534,.T.);
#3881=EDGE_CURVE('',#4909,#4908,#145,.T.);
#3882=EDGE_CURVE('',#4910,#4909,#5535,.T.);
#3883=EDGE_CURVE('',#4910,#4911,#146,.T.);
#3884=EDGE_CURVE('',#4912,#4911,#5536,.T.);
#3885=EDGE_CURVE('',#4913,#4912,#147,.T.);
#3886=EDGE_CURVE('',#4914,#4913,#5537,.T.);
#3887=EDGE_CURVE('',#4914,#4907,#148,.T.);
#3888=EDGE_CURVE('',#4915,#4916,#5538,.T.);
#3889=EDGE_CURVE('',#4915,#4916,#5539,.F.);
#3890=EDGE_CURVE('',#4910,#4917,#149,.T.);
#3891=EDGE_CURVE('',#4917,#4918,#150,.T.);
#3892=EDGE_CURVE('',#4911,#4918,#151,.T.);
#3893=EDGE_CURVE('',#4919,#4901,#152,.T.);
#3894=EDGE_CURVE('',#4920,#4900,#153,.T.);
#3895=EDGE_CURVE('',#4919,#4920,#154,.T.);
#3896=EDGE_CURVE('',#4902,#4921,#155,.T.);
#3897=EDGE_CURVE('',#4921,#4919,#5540,.T.);
#3898=EDGE_CURVE('',#4921,#4922,#156,.T.);
#3899=EDGE_CURVE('',#4903,#4922,#157,.T.);
#3900=EDGE_CURVE('',#4923,#4909,#158,.T.);
#3901=EDGE_CURVE('',#4924,#4908,#159,.T.);
#3902=EDGE_CURVE('',#4923,#4924,#160,.T.);
#3903=EDGE_CURVE('',#4917,#4923,#5541,.T.);
#3904=EDGE_CURVE('',#4925,#4925,#5542,.T.);
#3905=EDGE_CURVE('',#4926,#4926,#5543,.T.);
#3906=EDGE_CURVE('',#4927,#4927,#5544,.T.);
#3907=EDGE_CURVE('',#4835,#4928,#161,.T.);
#3908=EDGE_CURVE('',#4928,#4929,#5545,.T.);
#3909=EDGE_CURVE('',#4929,#4836,#162,.T.);
#3910=EDGE_CURVE('',#4930,#4931,#163,.T.);
#3911=EDGE_CURVE('',#4930,#4932,#5546,.T.);
#3912=EDGE_CURVE('',#4932,#4933,#164,.T.);
#3913=EDGE_CURVE('',#4933,#4931,#5547,.T.);
#3914=EDGE_CURVE('',#4931,#4934,#165,.T.);
#3915=EDGE_CURVE('',#4934,#4833,#166,.T.);
#3916=EDGE_CURVE('',#4929,#4930,#167,.T.);
#3917=EDGE_CURVE('',#4935,#4934,#5548,.T.);
#3918=EDGE_CURVE('',#4834,#4935,#168,.T.);
#3919=EDGE_CURVE('',#4935,#4936,#169,.F.);
#3920=EDGE_CURVE('',#4936,#4937,#170,.T.);
#3921=EDGE_CURVE('',#4928,#4937,#171,.T.);
#3922=EDGE_CURVE('',#4936,#4938,#5549,.T.);
#3923=EDGE_CURVE('',#4938,#4939,#172,.T.);
#3924=EDGE_CURVE('',#4939,#4937,#5550,.T.);
#3925=EDGE_CURVE('',#4846,#4940,#173,.T.);
#3926=EDGE_CURVE('',#4940,#4941,#174,.T.);
#3927=EDGE_CURVE('',#4941,#4842,#175,.T.);
#3928=EDGE_CURVE('',#4942,#4941,#176,.T.);
#3929=EDGE_CURVE('',#4942,#4843,#177,.T.);
#3930=EDGE_CURVE('',#4943,#4942,#178,.T.);
#3931=EDGE_CURVE('',#4845,#4943,#179,.T.);
#3932=EDGE_CURVE('',#4940,#4943,#180,.T.);
#3933=EDGE_CURVE('',#4944,#4849,#181,.T.);
#3934=EDGE_CURVE('',#4945,#4944,#5551,.T.);
#3935=EDGE_CURVE('',#4850,#4945,#182,.T.);
#3936=EDGE_CURVE('',#4946,#4947,#5552,.T.);
#3937=EDGE_CURVE('',#4946,#4948,#183,.T.);
#3938=EDGE_CURVE('',#4949,#4948,#5553,.T.);
#3939=EDGE_CURVE('',#4947,#4949,#184,.T.);
#3940=EDGE_CURVE('',#4950,#4946,#185,.F.);
#3941=EDGE_CURVE('',#4848,#4950,#186,.T.);
#3942=EDGE_CURVE('',#4945,#4948,#187,.T.);
#3943=EDGE_CURVE('',#4951,#4950,#5554,.T.);
#3944=EDGE_CURVE('',#4951,#4847,#188,.T.);
#3945=EDGE_CURVE('',#4952,#4951,#189,.T.);
#3946=EDGE_CURVE('',#4953,#4952,#190,.T.);
#3947=EDGE_CURVE('',#4944,#4953,#191,.T.);
#3948=EDGE_CURVE('',#4953,#4954,#5555,.T.);
#3949=EDGE_CURVE('',#4955,#4952,#5556,.T.);
#3950=EDGE_CURVE('',#4954,#4955,#192,.T.);
#3951=EDGE_CURVE('',#4956,#4854,#193,.T.);
#3952=EDGE_CURVE('',#4853,#4957,#194,.T.);
#3953=EDGE_CURVE('',#4957,#4956,#5557,.T.);
#3954=EDGE_CURVE('',#4958,#4959,#195,.T.);
#3955=EDGE_CURVE('',#4958,#4960,#5558,.T.);
#3956=EDGE_CURVE('',#4960,#4961,#196,.T.);
#3957=EDGE_CURVE('',#4961,#4959,#5559,.T.);
#3958=EDGE_CURVE('',#4959,#4962,#197,.T.);
#3959=EDGE_CURVE('',#4962,#4851,#198,.T.);
#3960=EDGE_CURVE('',#4956,#4958,#199,.T.);
#3961=EDGE_CURVE('',#4962,#4963,#5560,.T.);
#3962=EDGE_CURVE('',#4852,#4963,#200,.T.);
#3963=EDGE_CURVE('',#4963,#4964,#201,.F.);
#3964=EDGE_CURVE('',#4964,#4965,#202,.T.);
#3965=EDGE_CURVE('',#4957,#4965,#203,.T.);
#3966=EDGE_CURVE('',#4964,#4966,#5561,.T.);
#3967=EDGE_CURVE('',#4966,#4967,#204,.T.);
#3968=EDGE_CURVE('',#4967,#4965,#5562,.T.);
#3969=EDGE_CURVE('',#4968,#4863,#205,.T.);
#3970=EDGE_CURVE('',#4968,#4969,#206,.T.);
#3971=EDGE_CURVE('',#4969,#4864,#207,.T.);
#3972=EDGE_CURVE('',#4970,#4969,#208,.T.);
#3973=EDGE_CURVE('',#4860,#4970,#209,.T.);
#3974=EDGE_CURVE('',#4970,#4971,#210,.T.);
#3975=EDGE_CURVE('',#4858,#4971,#211,.T.);
#3976=EDGE_CURVE('',#4971,#4968,#212,.T.);
#3977=EDGE_CURVE('',#4972,#4873,#213,.T.);
#3978=EDGE_CURVE('',#4972,#4973,#214,.T.);
#3979=EDGE_CURVE('',#4973,#4874,#215,.T.);
#3980=EDGE_CURVE('',#4974,#4973,#216,.T.);
#3981=EDGE_CURVE('',#4870,#4974,#217,.T.);
#3982=EDGE_CURVE('',#4974,#4975,#218,.T.);
#3983=EDGE_CURVE('',#4868,#4975,#219,.T.);
#3984=EDGE_CURVE('',#4975,#4972,#220,.T.);
#3985=EDGE_CURVE('',#4976,#4977,#5563,.T.);
#3986=EDGE_CURVE('',#4878,#4976,#221,.T.);
#3987=EDGE_CURVE('',#4977,#4877,#222,.T.);
#3988=EDGE_CURVE('',#4978,#4979,#5564,.T.);
#3989=EDGE_CURVE('',#4978,#4980,#223,.T.);
#3990=EDGE_CURVE('',#4981,#4980,#5565,.T.);
#3991=EDGE_CURVE('',#4979,#4981,#224,.T.);
#3992=EDGE_CURVE('',#4982,#4978,#225,.F.);
#3993=EDGE_CURVE('',#4876,#4982,#226,.T.);
#3994=EDGE_CURVE('',#4976,#4980,#227,.T.);
#3995=EDGE_CURVE('',#4982,#4983,#5566,.T.);
#3996=EDGE_CURVE('',#4983,#4875,#228,.T.);
#3997=EDGE_CURVE('',#4984,#4983,#229,.T.);
#3998=EDGE_CURVE('',#4985,#4984,#230,.T.);
#3999=EDGE_CURVE('',#4977,#4985,#231,.T.);
#4000=EDGE_CURVE('',#4985,#4986,#5567,.T.);
#4001=EDGE_CURVE('',#4987,#4984,#5568,.T.);
#4002=EDGE_CURVE('',#4986,#4987,#232,.T.);
#4003=EDGE_CURVE('',#4988,#4989,#5569,.T.);
#4004=EDGE_CURVE('',#4989,#4990,#233,.T.);
#4005=EDGE_CURVE('',#4991,#4990,#5570,.T.);
#4006=EDGE_CURVE('',#4988,#4991,#234,.T.);
#4007=EDGE_CURVE('',#4992,#4988,#235,.T.);
#4008=EDGE_CURVE('',#4993,#4991,#236,.T.);
#4009=EDGE_CURVE('',#4992,#4993,#237,.T.);
#4010=EDGE_CURVE('',#4994,#4992,#5571,.T.);
#4011=EDGE_CURVE('',#4995,#4993,#5572,.T.);
#4012=EDGE_CURVE('',#4994,#4995,#238,.T.);
#4013=EDGE_CURVE('',#4995,#4990,#239,.T.);
#4014=EDGE_CURVE('',#4994,#4989,#240,.T.);
#4015=EDGE_CURVE('',#4996,#4997,#5573,.T.);
#4016=EDGE_CURVE('',#4997,#4998,#241,.T.);
#4017=EDGE_CURVE('',#4999,#4998,#5574,.T.);
#4018=EDGE_CURVE('',#4996,#4999,#242,.T.);
#4019=EDGE_CURVE('',#5000,#5001,#243,.T.);
#4020=EDGE_CURVE('',#5000,#4996,#244,.T.);
#4021=EDGE_CURVE('',#5001,#4999,#245,.T.);
#4022=EDGE_CURVE('',#5000,#5002,#5575,.F.);
#4023=EDGE_CURVE('',#5003,#5001,#5576,.T.);
#4024=EDGE_CURVE('',#5002,#5003,#246,.T.);
#4025=EDGE_CURVE('',#4997,#5002,#247,.F.);
#4026=EDGE_CURVE('',#4998,#5003,#248,.F.);
#4027=EDGE_CURVE('',#5004,#4912,#249,.T.);
#4028=EDGE_CURVE('',#5005,#5004,#250,.T.);
#4029=EDGE_CURVE('',#5005,#4913,#251,.T.);
#4030=EDGE_CURVE('',#5006,#4914,#252,.T.);
#4031=EDGE_CURVE('',#5005,#5006,#5577,.T.);
#4032=EDGE_CURVE('',#5007,#4907,#253,.T.);
#4033=EDGE_CURVE('',#5006,#5007,#254,.T.);
#4034=EDGE_CURVE('',#4884,#5008,#255,.T.);
#4035=EDGE_CURVE('',#5009,#5008,#32,.T.);
#4036=EDGE_CURVE('',#4885,#5009,#256,.T.);
#4037=EDGE_CURVE('',#5010,#5009,#257,.T.);
#4038=EDGE_CURVE('',#4886,#5010,#258,.T.);
#4039=EDGE_CURVE('',#5011,#5010,#5578,.T.);
#4040=EDGE_CURVE('',#4887,#5011,#259,.T.);
#4041=EDGE_CURVE('',#5012,#5011,#260,.F.);
#4042=EDGE_CURVE('',#4888,#5012,#261,.T.);
#4043=EDGE_CURVE('',#5013,#5012,#33,.T.);
#4044=EDGE_CURVE('',#4883,#5013,#262,.T.);
#4045=EDGE_CURVE('',#5014,#4879,#263,.T.);
#4046=EDGE_CURVE('',#5015,#5014,#264,.T.);
#4047=EDGE_CURVE('',#5015,#4881,#265,.T.);
#4048=EDGE_CURVE('',#4882,#5016,#266,.T.);
#4049=EDGE_CURVE('',#5016,#5015,#5579,.T.);
#4050=EDGE_CURVE('',#4880,#5017,#267,.T.);
#4051=EDGE_CURVE('',#5016,#5017,#268,.T.);
#4052=EDGE_CURVE('',#5018,#5019,#34,.T.);
#4053=EDGE_CURVE('',#5018,#5019,#269,.T.);
#4054=EDGE_CURVE('',#5020,#4895,#270,.T.);
#4055=EDGE_CURVE('',#5021,#5020,#271,.T.);
#4056=EDGE_CURVE('',#5021,#4897,#272,.T.);
#4057=EDGE_CURVE('',#4898,#5022,#273,.T.);
#4058=EDGE_CURVE('',#5022,#5021,#5580,.T.);
#4059=EDGE_CURVE('',#4896,#5023,#274,.T.);
#4060=EDGE_CURVE('',#5022,#5023,#275,.T.);
#4061=EDGE_CURVE('',#4890,#5024,#276,.T.);
#4062=EDGE_CURVE('',#5024,#5025,#35,.T.);
#4063=EDGE_CURVE('',#4891,#5025,#277,.T.);
#4064=EDGE_CURVE('',#5025,#5026,#278,.F.);
#4065=EDGE_CURVE('',#4892,#5026,#279,.T.);
#4066=EDGE_CURVE('',#5027,#5026,#5581,.T.);
#4067=EDGE_CURVE('',#4893,#5027,#280,.T.);
#4068=EDGE_CURVE('',#5028,#5027,#281,.F.);
#4069=EDGE_CURVE('',#4894,#5028,#282,.T.);
#4070=EDGE_CURVE('',#5028,#5029,#36,.T.);
#4071=EDGE_CURVE('',#4889,#5029,#283,.T.);
#4072=EDGE_CURVE('',#5018,#5017,#5582,.T.);
#4073=EDGE_CURVE('',#5020,#5019,#5583,.T.);
#4074=EDGE_CURVE('',#5024,#5023,#5584,.T.);
#4075=EDGE_CURVE('',#5030,#5029,#5585,.T.);
#4076=EDGE_CURVE('',#5030,#4904,#284,.T.);
#4077=EDGE_CURVE('',#4922,#4924,#5586,.T.);
#4078=EDGE_CURVE('',#5008,#5007,#5587,.T.);
#4079=EDGE_CURVE('',#5014,#5013,#5588,.T.);
#4080=EDGE_CURVE('',#5031,#5030,#285,.T.);
#4081=EDGE_CURVE('',#5031,#4905,#286,.T.);
#4082=EDGE_CURVE('',#5032,#4906,#287,.T.);
#4083=EDGE_CURVE('',#5031,#5032,#5589,.T.);
#4084=EDGE_CURVE('',#5033,#4899,#288,.T.);
#4085=EDGE_CURVE('',#5032,#5033,#289,.T.);
#4086=EDGE_CURVE('',#5034,#5035,#290,.T.);
#4087=EDGE_CURVE('',#5034,#5035,#37,.T.);
#4088=EDGE_CURVE('',#5004,#5034,#5590,.T.);
#4089=EDGE_CURVE('',#4918,#4920,#5591,.T.);
#4090=EDGE_CURVE('',#5035,#5033,#5592,.T.);
#4091=EDGE_CURVE('',#5036,#5037,#291,.T.);
#4092=EDGE_CURVE('',#5036,#5038,#5593,.F.);
#4093=EDGE_CURVE('',#5038,#5039,#292,.T.);
#4094=EDGE_CURVE('',#5039,#5037,#5594,.T.);
#4095=EDGE_CURVE('',#5040,#5041,#293,.T.);
#4096=EDGE_CURVE('',#5040,#5036,#294,.T.);
#4097=EDGE_CURVE('',#5037,#5041,#295,.T.);
#4098=EDGE_CURVE('',#5042,#5043,#296,.T.);
#4099=EDGE_CURVE('',#5042,#5040,#5595,.F.);
#4100=EDGE_CURVE('',#5041,#5043,#5596,.T.);
#4101=EDGE_CURVE('',#5044,#5045,#297,.T.);
#4102=EDGE_CURVE('',#5044,#5046,#298,.T.);
#4103=EDGE_CURVE('',#5046,#5047,#299,.T.);
#4104=EDGE_CURVE('',#5045,#5047,#300,.T.);
#4105=EDGE_CURVE('',#5048,#5049,#301,.T.);
#4106=EDGE_CURVE('',#5048,#5050,#302,.T.);
#4107=EDGE_CURVE('',#5050,#5051,#303,.T.);
#4108=EDGE_CURVE('',#5049,#5051,#304,.T.);
#4109=EDGE_CURVE('',#5052,#5053,#5597,.F.);
#4110=EDGE_CURVE('',#5052,#5054,#305,.T.);
#4111=EDGE_CURVE('',#5054,#5055,#5598,.T.);
#4112=EDGE_CURVE('',#5053,#5055,#306,.T.);
#4113=EDGE_CURVE('',#5053,#5056,#307,.T.);
#4114=EDGE_CURVE('',#5055,#5057,#308,.T.);
#4115=EDGE_CURVE('',#5056,#5057,#309,.T.);
#4116=EDGE_CURVE('',#5056,#5058,#5599,.F.);
#4117=EDGE_CURVE('',#5057,#5059,#5600,.T.);
#4118=EDGE_CURVE('',#5058,#5059,#310,.T.);
#4119=EDGE_CURVE('',#5060,#5061,#311,.T.);
#4120=EDGE_CURVE('',#5060,#5062,#312,.T.);
#4121=EDGE_CURVE('',#5062,#5063,#313,.T.);
#4122=EDGE_CURVE('',#5063,#5061,#314,.F.);
#4123=EDGE_CURVE('',#5064,#5065,#315,.T.);
#4124=EDGE_CURVE('',#5065,#5066,#316,.F.);
#4125=EDGE_CURVE('',#5067,#5066,#317,.T.);
#4126=EDGE_CURVE('',#5067,#5064,#318,.T.);
#4127=EDGE_CURVE('',#5068,#5069,#319,.T.);
#4128=EDGE_CURVE('',#5068,#5070,#320,.T.);
#4129=EDGE_CURVE('',#5071,#5070,#321,.F.);
#4130=EDGE_CURVE('',#5069,#5071,#322,.T.);
#4131=EDGE_CURVE('',#5072,#5073,#323,.T.);
#4132=EDGE_CURVE('',#5072,#5074,#5601,.F.);
#4133=EDGE_CURVE('',#5074,#5075,#324,.T.);
#4134=EDGE_CURVE('',#5075,#5073,#5602,.T.);
#4135=EDGE_CURVE('',#5076,#5077,#325,.T.);
#4136=EDGE_CURVE('',#5076,#5072,#326,.T.);
#4137=EDGE_CURVE('',#5073,#5077,#327,.T.);
#4138=EDGE_CURVE('',#5078,#5079,#328,.T.);
#4139=EDGE_CURVE('',#5078,#5076,#5603,.F.);
#4140=EDGE_CURVE('',#5077,#5079,#5604,.T.);
#4141=EDGE_CURVE('',#5080,#5081,#329,.T.);
#4142=EDGE_CURVE('',#5080,#5082,#330,.T.);
#4143=EDGE_CURVE('',#5082,#5083,#331,.T.);
#4144=EDGE_CURVE('',#5081,#5083,#332,.T.);
#4145=EDGE_CURVE('',#5084,#5085,#333,.T.);
#4146=EDGE_CURVE('',#5084,#5086,#334,.T.);
#4147=EDGE_CURVE('',#5086,#5087,#335,.T.);
#4148=EDGE_CURVE('',#5085,#5087,#336,.T.);
#4149=EDGE_CURVE('',#5088,#5089,#337,.T.);
#4150=EDGE_CURVE('',#5088,#5090,#5605,.T.);
#4151=EDGE_CURVE('',#5090,#5091,#338,.T.);
#4152=EDGE_CURVE('',#5089,#5091,#5606,.T.);
#4153=EDGE_CURVE('',#5092,#5093,#339,.T.);
#4154=EDGE_CURVE('',#5092,#5088,#340,.T.);
#4155=EDGE_CURVE('',#5093,#5089,#341,.T.);
#4156=EDGE_CURVE('',#5094,#5095,#342,.T.);
#4157=EDGE_CURVE('',#5094,#5092,#5607,.T.);
#4158=EDGE_CURVE('',#5095,#5093,#5608,.T.);
#4159=EDGE_CURVE('',#5096,#5097,#343,.T.);
#4160=EDGE_CURVE('',#5096,#5098,#344,.T.);
#4161=EDGE_CURVE('',#5098,#5099,#345,.T.);
#4162=EDGE_CURVE('',#5099,#5097,#346,.F.);
#4163=EDGE_CURVE('',#5100,#5101,#5609,.F.);
#4164=EDGE_CURVE('',#4916,#5101,#347,.T.);
#4165=EDGE_CURVE('',#5100,#4915,#348,.F.);
#4166=EDGE_CURVE('',#5100,#5101,#5610,.T.);
#4167=EDGE_CURVE('',#5102,#5102,#5611,.F.);
#4168=EDGE_CURVE('',#5103,#5103,#5612,.F.);
#4169=EDGE_CURVE('',#5104,#5104,#5613,.T.);
#4170=EDGE_CURVE('',#5105,#5106,#349,.T.);
#4171=EDGE_CURVE('',#5107,#5105,#350,.T.);
#4172=EDGE_CURVE('',#5107,#5108,#351,.T.);
#4173=EDGE_CURVE('',#5108,#5106,#352,.T.);
#4174=EDGE_CURVE('',#5109,#5110,#353,.T.);
#4175=EDGE_CURVE('',#5110,#4939,#354,.T.);
#4176=EDGE_CURVE('',#5109,#4938,#355,.T.);
#4177=EDGE_CURVE('',#5110,#5111,#5614,.T.);
#4178=EDGE_CURVE('',#5111,#4932,#356,.T.);
#4179=EDGE_CURVE('',#5111,#5112,#357,.T.);
#4180=EDGE_CURVE('',#5112,#4933,#358,.T.);
#4181=EDGE_CURVE('',#5108,#5099,#5615,.T.);
#4182=EDGE_CURVE('',#5109,#5107,#5616,.F.);
#4183=EDGE_CURVE('',#5113,#5112,#5617,.F.);
#4184=EDGE_CURVE('',#5097,#5113,#359,.F.);
#4185=EDGE_CURVE('',#5113,#5114,#360,.T.);
#4186=EDGE_CURVE('',#5115,#5114,#361,.T.);
#4187=EDGE_CURVE('',#5097,#5115,#362,.T.);
#4188=EDGE_CURVE('',#5114,#5116,#5618,.T.);
#4189=EDGE_CURVE('',#5117,#5116,#363,.T.);
#4190=EDGE_CURVE('',#5115,#5117,#5619,.T.);
#4191=EDGE_CURVE('',#5116,#5118,#364,.T.);
#4192=EDGE_CURVE('',#5119,#5118,#365,.T.);
#4193=EDGE_CURVE('',#5117,#5119,#366,.T.);
#4194=EDGE_CURVE('',#5118,#5120,#5620,.T.);
#4195=EDGE_CURVE('',#5121,#5120,#367,.T.);
#4196=EDGE_CURVE('',#5119,#5121,#5621,.T.);
#4197=EDGE_CURVE('',#5122,#5084,#368,.T.);
#4198=EDGE_CURVE('',#5121,#5084,#369,.T.);
#4199=EDGE_CURVE('',#5120,#5122,#370,.T.);
#4200=EDGE_CURVE('',#5123,#5122,#5622,.F.);
#4201=EDGE_CURVE('',#5123,#5124,#371,.T.);
#4202=EDGE_CURVE('',#5086,#5124,#5623,.T.);
#4203=EDGE_CURVE('',#5124,#5125,#5624,.F.);
#4204=EDGE_CURVE('',#5126,#5123,#5625,.T.);
#4205=EDGE_CURVE('',#5125,#5126,#372,.T.);
#4206=EDGE_CURVE('',#5125,#5127,#373,.T.);
#4207=EDGE_CURVE('',#5128,#5126,#374,.T.);
#4208=EDGE_CURVE('',#5128,#5127,#375,.T.);
#4209=EDGE_CURVE('',#5129,#5130,#376,.F.);
#4210=EDGE_CURVE('',#5129,#5127,#5626,.F.);
#4211=EDGE_CURVE('',#5130,#5128,#5627,.F.);
#4212=EDGE_CURVE('',#5131,#5132,#377,.T.);
#4213=EDGE_CURVE('',#5132,#5129,#378,.T.);
#4214=EDGE_CURVE('',#5130,#5131,#379,.T.);
#4215=EDGE_CURVE('',#5133,#5134,#380,.F.);
#4216=EDGE_CURVE('',#5133,#5132,#5628,.F.);
#4217=EDGE_CURVE('',#5134,#5131,#5629,.F.);
#4218=EDGE_CURVE('',#5133,#5135,#381,.T.);
#4219=EDGE_CURVE('',#5136,#5134,#382,.T.);
#4220=EDGE_CURVE('',#5136,#5135,#383,.F.);
#4221=EDGE_CURVE('',#5135,#5137,#5630,.F.);
#4222=EDGE_CURVE('',#5138,#5136,#5631,.T.);
#4223=EDGE_CURVE('',#5137,#5138,#384,.F.);
#4224=EDGE_CURVE('',#5139,#5138,#5632,.F.);
#4225=EDGE_CURVE('',#5139,#5080,#385,.T.);
#4226=EDGE_CURVE('',#5137,#5081,#5633,.T.);
#4227=EDGE_CURVE('',#5140,#5139,#386,.T.);
#4228=EDGE_CURVE('',#5141,#5140,#387,.T.);
#4229=EDGE_CURVE('',#5141,#5080,#388,.T.);
#4230=EDGE_CURVE('',#5142,#5140,#5634,.T.);
#4231=EDGE_CURVE('',#5143,#5142,#389,.T.);
#4232=EDGE_CURVE('',#5143,#5141,#5635,.T.);
#4233=EDGE_CURVE('',#5144,#5142,#390,.T.);
#4234=EDGE_CURVE('',#5145,#5144,#391,.T.);
#4235=EDGE_CURVE('',#5145,#5143,#392,.T.);
#4236=EDGE_CURVE('',#5146,#5144,#5636,.T.);
#4237=EDGE_CURVE('',#5147,#5146,#393,.T.);
#4238=EDGE_CURVE('',#5147,#5145,#5637,.T.);
#4239=EDGE_CURVE('',#5070,#5147,#394,.T.);
#4240=EDGE_CURVE('',#5148,#5146,#395,.T.);
#4241=EDGE_CURVE('',#5070,#5148,#396,.F.);
#4242=EDGE_CURVE('',#5149,#4954,#397,.T.);
#4243=EDGE_CURVE('',#5150,#4955,#398,.T.);
#4244=EDGE_CURVE('',#5149,#5150,#399,.T.);
#4245=EDGE_CURVE('',#5151,#5149,#5638,.F.);
#4246=EDGE_CURVE('',#5151,#4949,#400,.T.);
#4247=EDGE_CURVE('',#5152,#4947,#401,.T.);
#4248=EDGE_CURVE('',#5152,#5151,#402,.T.);
#4249=EDGE_CURVE('',#5153,#5152,#5639,.F.);
#4250=EDGE_CURVE('',#5153,#5154,#403,.T.);
#4251=EDGE_CURVE('',#5071,#5154,#5640,.T.);
#4252=EDGE_CURVE('',#5150,#5148,#5641,.F.);
#4253=EDGE_CURVE('',#5155,#5156,#404,.T.);
#4254=EDGE_CURVE('',#5154,#5155,#405,.T.);
#4255=EDGE_CURVE('',#5153,#5156,#406,.T.);
#4256=EDGE_CURVE('',#5157,#5158,#407,.T.);
#4257=EDGE_CURVE('',#5157,#5159,#408,.T.);
#4258=EDGE_CURVE('',#5160,#5159,#409,.F.);
#4259=EDGE_CURVE('',#5158,#5160,#410,.T.);
#4260=EDGE_CURVE('',#5161,#5162,#411,.T.);
#4261=EDGE_CURVE('',#5162,#4967,#412,.T.);
#4262=EDGE_CURVE('',#5161,#4966,#413,.T.);
#4263=EDGE_CURVE('',#5162,#5163,#5642,.T.);
#4264=EDGE_CURVE('',#5163,#4960,#414,.T.);
#4265=EDGE_CURVE('',#5163,#5164,#415,.T.);
#4266=EDGE_CURVE('',#5164,#4961,#416,.T.);
#4267=EDGE_CURVE('',#5160,#5063,#5643,.T.);
#4268=EDGE_CURVE('',#5161,#5159,#5644,.F.);
#4269=EDGE_CURVE('',#5165,#5164,#5645,.F.);
#4270=EDGE_CURVE('',#5061,#5165,#417,.F.);
#4271=EDGE_CURVE('',#5165,#5166,#418,.T.);
#4272=EDGE_CURVE('',#5167,#5166,#419,.T.);
#4273=EDGE_CURVE('',#5061,#5167,#420,.T.);
#4274=EDGE_CURVE('',#5166,#5168,#5646,.T.);
#4275=EDGE_CURVE('',#5169,#5168,#421,.T.);
#4276=EDGE_CURVE('',#5167,#5169,#5647,.T.);
#4277=EDGE_CURVE('',#5168,#5170,#422,.T.);
#4278=EDGE_CURVE('',#5171,#5170,#423,.T.);
#4279=EDGE_CURVE('',#5169,#5171,#424,.T.);
#4280=EDGE_CURVE('',#5170,#5172,#5648,.T.);
#4281=EDGE_CURVE('',#5173,#5172,#425,.T.);
#4282=EDGE_CURVE('',#5171,#5173,#5649,.T.);
#4283=EDGE_CURVE('',#5174,#5048,#426,.T.);
#4284=EDGE_CURVE('',#5173,#5048,#427,.T.);
#4285=EDGE_CURVE('',#5172,#5174,#428,.T.);
#4286=EDGE_CURVE('',#5175,#5174,#5650,.F.);
#4287=EDGE_CURVE('',#5175,#5176,#429,.T.);
#4288=EDGE_CURVE('',#5050,#5176,#5651,.T.);
#4289=EDGE_CURVE('',#5176,#5177,#5652,.F.);
#4290=EDGE_CURVE('',#5178,#5175,#5653,.T.);
#4291=EDGE_CURVE('',#5177,#5178,#430,.T.);
#4292=EDGE_CURVE('',#5177,#5179,#431,.T.);
#4293=EDGE_CURVE('',#5180,#5178,#432,.T.);
#4294=EDGE_CURVE('',#5180,#5179,#433,.T.);
#4295=EDGE_CURVE('',#5181,#5182,#434,.F.);
#4296=EDGE_CURVE('',#5181,#5179,#5654,.F.);
#4297=EDGE_CURVE('',#5182,#5180,#5655,.F.);
#4298=EDGE_CURVE('',#5183,#5184,#435,.T.);
#4299=EDGE_CURVE('',#5184,#5181,#436,.T.);
#4300=EDGE_CURVE('',#5182,#5183,#437,.T.);
#4301=EDGE_CURVE('',#5185,#5186,#438,.F.);
#4302=EDGE_CURVE('',#5185,#5184,#5656,.F.);
#4303=EDGE_CURVE('',#5186,#5183,#5657,.F.);
#4304=EDGE_CURVE('',#5185,#5187,#439,.T.);
#4305=EDGE_CURVE('',#5188,#5186,#440,.T.);
#4306=EDGE_CURVE('',#5188,#5187,#441,.F.);
#4307=EDGE_CURVE('',#5187,#5189,#5658,.F.);
#4308=EDGE_CURVE('',#5190,#5188,#5659,.T.);
#4309=EDGE_CURVE('',#5189,#5190,#442,.F.);
#4310=EDGE_CURVE('',#5191,#5190,#5660,.F.);
#4311=EDGE_CURVE('',#5191,#5044,#443,.T.);
#4312=EDGE_CURVE('',#5189,#5045,#5661,.T.);
#4313=EDGE_CURVE('',#5192,#5191,#444,.T.);
#4314=EDGE_CURVE('',#5193,#5192,#445,.T.);
#4315=EDGE_CURVE('',#5193,#5044,#446,.T.);
#4316=EDGE_CURVE('',#5194,#5192,#5662,.T.);
#4317=EDGE_CURVE('',#5195,#5194,#447,.T.);
#4318=EDGE_CURVE('',#5195,#5193,#5663,.T.);
#4319=EDGE_CURVE('',#5196,#5194,#448,.T.);
#4320=EDGE_CURVE('',#5197,#5196,#449,.T.);
#4321=EDGE_CURVE('',#5197,#5195,#450,.T.);
#4322=EDGE_CURVE('',#5198,#5196,#5664,.T.);
#4323=EDGE_CURVE('',#5199,#5198,#451,.T.);
#4324=EDGE_CURVE('',#5199,#5197,#5665,.T.);
#4325=EDGE_CURVE('',#5200,#5199,#452,.T.);
#4326=EDGE_CURVE('',#5201,#5198,#453,.T.);
#4327=EDGE_CURVE('',#5200,#5201,#454,.F.);
#4328=EDGE_CURVE('',#5202,#4986,#455,.T.);
#4329=EDGE_CURVE('',#5203,#4987,#456,.T.);
#4330=EDGE_CURVE('',#5202,#5203,#457,.T.);
#4331=EDGE_CURVE('',#5204,#5202,#5666,.F.);
#4332=EDGE_CURVE('',#5204,#4981,#458,.T.);
#4333=EDGE_CURVE('',#5205,#4979,#459,.T.);
#4334=EDGE_CURVE('',#5205,#5204,#460,.T.);
#4335=EDGE_CURVE('',#5206,#5207,#461,.T.);
#4336=EDGE_CURVE('',#5206,#5208,#462,.T.);
#4337=EDGE_CURVE('',#5208,#5209,#463,.T.);
#4338=EDGE_CURVE('',#5209,#5207,#464,.F.);
#4339=EDGE_CURVE('',#5210,#5211,#465,.T.);
#4340=EDGE_CURVE('',#5210,#5212,#466,.T.);
#4341=EDGE_CURVE('',#5212,#5213,#467,.F.);
#4342=EDGE_CURVE('',#5211,#5213,#468,.T.);
#4343=EDGE_CURVE('',#5214,#5212,#5667,.T.);
#4344=EDGE_CURVE('',#5214,#5200,#469,.F.);
#4345=EDGE_CURVE('',#5203,#5201,#5668,.F.);
#4346=EDGE_CURVE('',#5213,#5205,#5669,.F.);
#4347=EDGE_CURVE('',#5215,#5216,#470,.T.);
#4348=EDGE_CURVE('',#5215,#5200,#471,.T.);
#4349=EDGE_CURVE('',#5216,#5214,#472,.T.);
#4350=EDGE_CURVE('',#5217,#5217,#5670,.T.);
#4351=EDGE_CURVE('',#5218,#5218,#5671,.T.);
#4352=EDGE_CURVE('',#5219,#5219,#5672,.T.);
#4353=EDGE_CURVE('',#5220,#5220,#5673,.T.);
#4354=EDGE_CURVE('',#5221,#5221,#5674,.T.);
#4355=EDGE_CURVE('',#5222,#5222,#5675,.T.);
#4356=EDGE_CURVE('',#5223,#5224,#473,.T.);
#4357=EDGE_CURVE('',#5223,#5215,#474,.T.);
#4358=EDGE_CURVE('',#5224,#5216,#475,.T.);
#4359=EDGE_CURVE('',#5038,#5225,#476,.T.);
#4360=EDGE_CURVE('',#5225,#5226,#477,.T.);
#4361=EDGE_CURVE('',#5226,#5039,#478,.T.);
#4362=EDGE_CURVE('',#5227,#5228,#479,.T.);
#4363=EDGE_CURVE('',#5227,#5042,#480,.T.);
#4364=EDGE_CURVE('',#5043,#5228,#481,.T.);
#4365=EDGE_CURVE('',#5227,#5229,#482,.T.);
#4366=EDGE_CURVE('',#5046,#5229,#483,.T.);
#4367=EDGE_CURVE('',#5223,#5225,#484,.T.);
#4368=EDGE_CURVE('',#5230,#5229,#485,.T.);
#4369=EDGE_CURVE('',#5047,#5230,#486,.T.);
#4370=EDGE_CURVE('',#5231,#5232,#487,.T.);
#4371=EDGE_CURVE('',#5232,#5233,#488,.F.);
#4372=EDGE_CURVE('',#5234,#5233,#489,.T.);
#4373=EDGE_CURVE('',#5234,#5231,#490,.T.);
#4374=EDGE_CURVE('',#5233,#5235,#5676,.T.);
#4375=EDGE_CURVE('',#5236,#5232,#5677,.T.);
#4376=EDGE_CURVE('',#5235,#5236,#491,.T.);
#4377=EDGE_CURVE('',#5226,#5235,#492,.T.);
#4378=EDGE_CURVE('',#5236,#5228,#493,.T.);
#4379=EDGE_CURVE('',#5237,#5230,#494,.T.);
#4380=EDGE_CURVE('',#5237,#5238,#5678,.T.);
#4381=EDGE_CURVE('',#5238,#5239,#5679,.T.);
#4382=EDGE_CURVE('',#5239,#5240,#495,.T.);
#4383=EDGE_CURVE('',#5240,#5241,#5680,.T.);
#4384=EDGE_CURVE('',#5241,#5242,#496,.T.);
#4385=EDGE_CURVE('',#5242,#5243,#5681,.T.);
#4386=EDGE_CURVE('',#5243,#5244,#497,.T.);
#4387=EDGE_CURVE('',#5244,#5245,#5682,.T.);
#4388=EDGE_CURVE('',#5245,#5246,#5683,.T.);
#4389=EDGE_CURVE('',#5246,#5247,#498,.T.);
#4390=EDGE_CURVE('',#5051,#5247,#499,.T.);
#4391=EDGE_CURVE('',#5248,#5247,#500,.T.);
#4392=EDGE_CURVE('',#5049,#5248,#501,.T.);
#4393=EDGE_CURVE('',#5249,#5052,#502,.T.);
#4394=EDGE_CURVE('',#5249,#5250,#503,.T.);
#4395=EDGE_CURVE('',#5250,#5054,#504,.T.);
#4396=EDGE_CURVE('',#5058,#5251,#505,.T.);
#4397=EDGE_CURVE('',#5059,#5252,#506,.T.);
#4398=EDGE_CURVE('',#5251,#5252,#507,.T.);
#4399=EDGE_CURVE('',#5248,#5249,#508,.T.);
#4400=EDGE_CURVE('',#5251,#5253,#509,.T.);
#4401=EDGE_CURVE('',#5253,#5060,#510,.T.);
#4402=EDGE_CURVE('',#5254,#5253,#511,.T.);
#4403=EDGE_CURVE('',#5254,#5062,#512,.T.);
#4404=EDGE_CURVE('',#5255,#5256,#513,.T.);
#4405=EDGE_CURVE('',#5256,#5257,#514,.T.);
#4406=EDGE_CURVE('',#5258,#5257,#515,.T.);
#4407=EDGE_CURVE('',#5258,#5255,#516,.F.);
#4408=EDGE_CURVE('',#5259,#5256,#5684,.F.);
#4409=EDGE_CURVE('',#5260,#5259,#517,.F.);
#4410=EDGE_CURVE('',#5257,#5260,#5685,.F.);
#4411=EDGE_CURVE('',#5260,#5250,#518,.T.);
#4412=EDGE_CURVE('',#5252,#5259,#519,.T.);
#4413=EDGE_CURVE('',#5261,#5262,#5686,.T.);
#4414=EDGE_CURVE('',#5262,#5263,#520,.T.);
#4415=EDGE_CURVE('',#5158,#5263,#521,.T.);
#4416=EDGE_CURVE('',#5254,#5261,#522,.T.);
#4417=EDGE_CURVE('',#5264,#5263,#523,.T.);
#4418=EDGE_CURVE('',#5157,#5264,#524,.T.);
#4419=EDGE_CURVE('',#5265,#5067,#5687,.T.);
#4420=EDGE_CURVE('',#5266,#5265,#525,.F.);
#4421=EDGE_CURVE('',#5064,#5266,#5688,.T.);
#4422=EDGE_CURVE('',#5267,#5268,#5689,.T.);
#4423=EDGE_CURVE('',#5269,#5267,#526,.T.);
#4424=EDGE_CURVE('',#5269,#5270,#5690,.T.);
#4425=EDGE_CURVE('',#5270,#5268,#527,.T.);
#4426=EDGE_CURVE('',#5271,#5267,#528,.T.);
#4427=EDGE_CURVE('',#5272,#5271,#529,.T.);
#4428=EDGE_CURVE('',#5272,#5269,#530,.T.);
#4429=EDGE_CURVE('',#5273,#5271,#5691,.T.);
#4430=EDGE_CURVE('',#5274,#5273,#531,.T.);
#4431=EDGE_CURVE('',#5274,#5272,#5692,.T.);
#4432=EDGE_CURVE('',#5275,#5276,#532,.T.);
#4433=EDGE_CURVE('',#5275,#5274,#533,.T.);
#4434=EDGE_CURVE('',#5276,#5273,#534,.T.);
#4435=EDGE_CURVE('',#5277,#5156,#535,.T.);
#4436=EDGE_CURVE('',#5277,#5278,#536,.T.);
#4437=EDGE_CURVE('',#5278,#5155,#537,.T.);
#4438=EDGE_CURVE('',#5279,#5280,#538,.T.);
#4439=EDGE_CURVE('',#5281,#5279,#539,.T.);
#4440=EDGE_CURVE('',#5281,#5282,#540,.T.);
#4441=EDGE_CURVE('',#5282,#5280,#541,.T.);
#4442=EDGE_CURVE('',#5283,#5279,#542,.T.);
#4443=EDGE_CURVE('',#5284,#5283,#543,.T.);
#4444=EDGE_CURVE('',#5284,#5281,#544,.T.);
#4445=EDGE_CURVE('',#5285,#5283,#5693,.T.);
#4446=EDGE_CURVE('',#5286,#5285,#545,.T.);
#4447=EDGE_CURVE('',#5286,#5284,#5694,.T.);
#4448=EDGE_CURVE('',#5287,#5285,#546,.T.);
#4449=EDGE_CURVE('',#5287,#5065,#5695,.T.);
#4450=EDGE_CURVE('',#5266,#5286,#547,.T.);
#4451=EDGE_CURVE('',#5066,#5288,#5696,.T.);
#4452=EDGE_CURVE('',#5288,#5287,#548,.T.);
#4453=EDGE_CURVE('',#5268,#5288,#549,.T.);
#4454=EDGE_CURVE('',#5270,#5265,#550,.T.);
#4455=EDGE_CURVE('',#5289,#5278,#551,.T.);
#4456=EDGE_CURVE('',#5289,#5290,#5697,.T.);
#4457=EDGE_CURVE('',#5291,#5290,#552,.T.);
#4458=EDGE_CURVE('',#5291,#5069,#553,.T.);
#4459=EDGE_CURVE('',#5292,#5291,#554,.T.);
#4460=EDGE_CURVE('',#5292,#5068,#555,.T.);
#4461=EDGE_CURVE('',#5074,#5293,#556,.T.);
#4462=EDGE_CURVE('',#5293,#5294,#557,.T.);
#4463=EDGE_CURVE('',#5294,#5075,#558,.T.);
#4464=EDGE_CURVE('',#5295,#5296,#559,.T.);
#4465=EDGE_CURVE('',#5295,#5078,#560,.T.);
#4466=EDGE_CURVE('',#5079,#5296,#561,.T.);
#4467=EDGE_CURVE('',#5295,#5297,#562,.T.);
#4468=EDGE_CURVE('',#5082,#5297,#563,.T.);
#4469=EDGE_CURVE('',#5292,#5293,#564,.T.);
#4470=EDGE_CURVE('',#5298,#5297,#565,.T.);
#4471=EDGE_CURVE('',#5083,#5298,#566,.T.);
#4472=EDGE_CURVE('',#5299,#5300,#567,.T.);
#4473=EDGE_CURVE('',#5300,#5301,#568,.F.);
#4474=EDGE_CURVE('',#5302,#5301,#569,.T.);
#4475=EDGE_CURVE('',#5302,#5299,#570,.T.);
#4476=EDGE_CURVE('',#5301,#5303,#5698,.T.);
#4477=EDGE_CURVE('',#5304,#5300,#5699,.T.);
#4478=EDGE_CURVE('',#5303,#5304,#571,.T.);
#4479=EDGE_CURVE('',#5294,#5303,#572,.T.);
#4480=EDGE_CURVE('',#5304,#5296,#573,.T.);
#4481=EDGE_CURVE('',#5305,#5298,#574,.T.);
#4482=EDGE_CURVE('',#5305,#5306,#5700,.T.);
#4483=EDGE_CURVE('',#5306,#5307,#5701,.T.);
#4484=EDGE_CURVE('',#5307,#5308,#575,.T.);
#4485=EDGE_CURVE('',#5308,#5309,#5702,.T.);
#4486=EDGE_CURVE('',#5309,#5310,#576,.T.);
#4487=EDGE_CURVE('',#5310,#5311,#5703,.T.);
#4488=EDGE_CURVE('',#5311,#5312,#577,.T.);
#4489=EDGE_CURVE('',#5312,#5313,#5704,.T.);
#4490=EDGE_CURVE('',#5313,#5314,#5705,.T.);
#4491=EDGE_CURVE('',#5314,#5315,#578,.T.);
#4492=EDGE_CURVE('',#5087,#5315,#579,.T.);
#4493=EDGE_CURVE('',#5316,#5315,#580,.T.);
#4494=EDGE_CURVE('',#5085,#5316,#581,.T.);
#4495=EDGE_CURVE('',#5090,#5317,#582,.T.);
#4496=EDGE_CURVE('',#5317,#5318,#583,.T.);
#4497=EDGE_CURVE('',#5091,#5318,#584,.T.);
#4498=EDGE_CURVE('',#5319,#5320,#585,.T.);
#4499=EDGE_CURVE('',#5319,#5094,#586,.T.);
#4500=EDGE_CURVE('',#5320,#5095,#587,.T.);
#4501=EDGE_CURVE('',#5319,#5321,#588,.T.);
#4502=EDGE_CURVE('',#5321,#5096,#589,.T.);
#4503=EDGE_CURVE('',#5316,#5317,#590,.T.);
#4504=EDGE_CURVE('',#5322,#5321,#591,.T.);
#4505=EDGE_CURVE('',#5322,#5098,#592,.T.);
#4506=EDGE_CURVE('',#5323,#5324,#593,.T.);
#4507=EDGE_CURVE('',#5324,#5325,#594,.T.);
#4508=EDGE_CURVE('',#5326,#5325,#595,.T.);
#4509=EDGE_CURVE('',#5326,#5323,#596,.F.);
#4510=EDGE_CURVE('',#5327,#5324,#5706,.F.);
#4511=EDGE_CURVE('',#5328,#5327,#597,.F.);
#4512=EDGE_CURVE('',#5325,#5328,#5707,.F.);
#4513=EDGE_CURVE('',#5328,#5318,#598,.T.);
#4514=EDGE_CURVE('',#5320,#5327,#599,.T.);
#4515=EDGE_CURVE('',#5329,#5330,#600,.T.);
#4516=EDGE_CURVE('',#5329,#5106,#601,.T.);
#4517=EDGE_CURVE('',#5322,#5331,#602,.T.);
#4518=EDGE_CURVE('',#5331,#5330,#5708,.T.);
#4519=EDGE_CURVE('',#5332,#5329,#603,.T.);
#4520=EDGE_CURVE('',#5332,#5105,#604,.T.);
#4521=EDGE_CURVE('',#5207,#5333,#5709,.T.);
#4522=EDGE_CURVE('',#5334,#5209,#5710,.T.);
#4523=EDGE_CURVE('',#5333,#5334,#605,.T.);
#4524=EDGE_CURVE('',#5335,#5336,#5711,.T.);
#4525=EDGE_CURVE('',#5337,#5335,#606,.T.);
#4526=EDGE_CURVE('',#5337,#5338,#5712,.T.);
#4527=EDGE_CURVE('',#5338,#5336,#607,.T.);
#4528=EDGE_CURVE('',#5336,#5339,#608,.T.);
#4529=EDGE_CURVE('',#5338,#5340,#609,.T.);
#4530=EDGE_CURVE('',#5340,#5339,#610,.T.);
#4531=EDGE_CURVE('',#5339,#5341,#5713,.T.);
#4532=EDGE_CURVE('',#5340,#5342,#5714,.T.);
#4533=EDGE_CURVE('',#5342,#5341,#611,.T.);
#4534=EDGE_CURVE('',#5343,#5344,#612,.T.);
#4535=EDGE_CURVE('',#5341,#5343,#613,.T.);
#4536=EDGE_CURVE('',#5342,#5344,#614,.T.);
#4537=EDGE_CURVE('',#5345,#5344,#615,.T.);
#4538=EDGE_CURVE('',#5211,#5345,#616,.T.);
#4539=EDGE_CURVE('',#5275,#5264,#617,.T.);
#4540=EDGE_CURVE('',#5276,#5277,#618,.T.);
#4541=EDGE_CURVE('',#5332,#5343,#619,.T.);
#4542=EDGE_CURVE('',#5345,#5346,#620,.T.);
#4543=EDGE_CURVE('',#5210,#5346,#621,.T.);
#4544=EDGE_CURVE('',#5347,#5348,#622,.T.);
#4545=EDGE_CURVE('',#5349,#5347,#623,.T.);
#4546=EDGE_CURVE('',#5349,#5350,#624,.T.);
#4547=EDGE_CURVE('',#5350,#5348,#625,.T.);
#4548=EDGE_CURVE('',#5348,#5351,#626,.T.);
#4549=EDGE_CURVE('',#5350,#5352,#627,.T.);
#4550=EDGE_CURVE('',#5352,#5351,#628,.T.);
#4551=EDGE_CURVE('',#5351,#5353,#5715,.T.);
#4552=EDGE_CURVE('',#5352,#5354,#5716,.T.);
#4553=EDGE_CURVE('',#5354,#5353,#629,.T.);
#4554=EDGE_CURVE('',#5354,#5355,#630,.T.);
#4555=EDGE_CURVE('',#5355,#5206,#5717,.T.);
#4556=EDGE_CURVE('',#5353,#5333,#631,.T.);
#4557=EDGE_CURVE('',#5356,#5355,#632,.F.);
#4558=EDGE_CURVE('',#5208,#5356,#5718,.T.);
#4559=EDGE_CURVE('',#5356,#5337,#633,.T.);
#4560=EDGE_CURVE('',#5334,#5335,#634,.T.);
#4561=EDGE_CURVE('',#5346,#5357,#635,.T.);
#4562=EDGE_CURVE('',#5357,#5358,#5719,.T.);
#4563=EDGE_CURVE('',#5224,#5358,#636,.T.);
#4564=EDGE_CURVE('',#5359,#5359,#5720,.T.);
#4565=EDGE_CURVE('',#5360,#5360,#5721,.F.);
#4566=EDGE_CURVE('',#5361,#5361,#5722,.F.);
#4567=EDGE_CURVE('',#5362,#5362,#5723,.F.);
#4568=EDGE_CURVE('',#5363,#5363,#5724,.F.);
#4569=EDGE_CURVE('',#5364,#5364,#5725,.F.);
#4570=EDGE_CURVE('',#5358,#5365,#637,.F.);
#4571=EDGE_CURVE('',#5365,#5366,#638,.T.);
#4572=EDGE_CURVE('',#5366,#5234,#5726,.T.);
#4573=EDGE_CURVE('',#5367,#5366,#639,.F.);
#4574=EDGE_CURVE('',#5231,#5367,#5727,.T.);
#4575=EDGE_CURVE('',#5367,#5368,#640,.T.);
#4576=EDGE_CURVE('',#5368,#5237,#641,.T.);
#4577=EDGE_CURVE('',#5368,#5369,#5728,.T.);
#4578=EDGE_CURVE('',#5238,#5369,#642,.F.);
#4579=EDGE_CURVE('',#5369,#5370,#5729,.F.);
#4580=EDGE_CURVE('',#5239,#5370,#643,.F.);
#4581=EDGE_CURVE('',#5370,#5371,#644,.T.);
#4582=EDGE_CURVE('',#5240,#5371,#645,.F.);
#4583=EDGE_CURVE('',#5371,#5372,#5730,.T.);
#4584=EDGE_CURVE('',#5241,#5372,#646,.F.);
#4585=EDGE_CURVE('',#5372,#5373,#647,.T.);
#4586=EDGE_CURVE('',#5242,#5373,#648,.F.);
#4587=EDGE_CURVE('',#5373,#5374,#5731,.T.);
#4588=EDGE_CURVE('',#5243,#5374,#649,.F.);
#4589=EDGE_CURVE('',#5374,#5375,#650,.T.);
#4590=EDGE_CURVE('',#5244,#5375,#651,.F.);
#4591=EDGE_CURVE('',#5375,#5376,#5732,.F.);
#4592=EDGE_CURVE('',#5245,#5376,#652,.F.);
#4593=EDGE_CURVE('',#5376,#5377,#5733,.T.);
#4594=EDGE_CURVE('',#5377,#5246,#653,.T.);
#4595=EDGE_CURVE('',#5378,#5377,#654,.T.);
#4596=EDGE_CURVE('',#5378,#5258,#5734,.F.);
#4597=EDGE_CURVE('',#5255,#5379,#5735,.F.);
#4598=EDGE_CURVE('',#5379,#5378,#655,.T.);
#4599=EDGE_CURVE('',#5380,#5379,#656,.T.);
#4600=EDGE_CURVE('',#5261,#5380,#657,.F.);
#4601=EDGE_CURVE('',#5380,#5381,#5736,.T.);
#4602=EDGE_CURVE('',#5381,#5262,#658,.T.);
#4603=EDGE_CURVE('',#5382,#5381,#659,.T.);
#4604=EDGE_CURVE('',#5282,#5382,#5737,.T.);
#4605=EDGE_CURVE('',#5280,#5383,#5738,.T.);
#4606=EDGE_CURVE('',#5382,#5383,#660,.T.);
#4607=EDGE_CURVE('',#5383,#5384,#661,.T.);
#4608=EDGE_CURVE('',#5384,#5289,#662,.T.);
#4609=EDGE_CURVE('',#5384,#5385,#5739,.T.);
#4610=EDGE_CURVE('',#5290,#5385,#663,.F.);
#4611=EDGE_CURVE('',#5385,#5386,#664,.T.);
#4612=EDGE_CURVE('',#5386,#5302,#5740,.T.);
#4613=EDGE_CURVE('',#5387,#5386,#665,.F.);
#4614=EDGE_CURVE('',#5299,#5387,#5741,.T.);
#4615=EDGE_CURVE('',#5387,#5388,#666,.T.);
#4616=EDGE_CURVE('',#5388,#5305,#667,.T.);
#4617=EDGE_CURVE('',#5388,#5389,#5742,.T.);
#4618=EDGE_CURVE('',#5306,#5389,#668,.F.);
#4619=EDGE_CURVE('',#5389,#5390,#5743,.F.);
#4620=EDGE_CURVE('',#5307,#5390,#669,.F.);
#4621=EDGE_CURVE('',#5390,#5391,#670,.T.);
#4622=EDGE_CURVE('',#5308,#5391,#671,.F.);
#4623=EDGE_CURVE('',#5391,#5392,#5744,.T.);
#4624=EDGE_CURVE('',#5309,#5392,#672,.F.);
#4625=EDGE_CURVE('',#5392,#5393,#673,.T.);
#4626=EDGE_CURVE('',#5310,#5393,#674,.F.);
#4627=EDGE_CURVE('',#5393,#5394,#5745,.T.);
#4628=EDGE_CURVE('',#5311,#5394,#675,.F.);
#4629=EDGE_CURVE('',#5394,#5395,#676,.T.);
#4630=EDGE_CURVE('',#5312,#5395,#677,.F.);
#4631=EDGE_CURVE('',#5395,#5396,#5746,.F.);
#4632=EDGE_CURVE('',#5313,#5396,#678,.F.);
#4633=EDGE_CURVE('',#5396,#5397,#5747,.T.);
#4634=EDGE_CURVE('',#5397,#5314,#679,.T.);
#4635=EDGE_CURVE('',#5398,#5397,#680,.T.);
#4636=EDGE_CURVE('',#5398,#5326,#5748,.F.);
#4637=EDGE_CURVE('',#5323,#5399,#5749,.F.);
#4638=EDGE_CURVE('',#5399,#5398,#681,.T.);
#4639=EDGE_CURVE('',#5400,#5399,#682,.T.);
#4640=EDGE_CURVE('',#5331,#5400,#683,.F.);
#4641=EDGE_CURVE('',#5330,#5401,#684,.F.);
#4642=EDGE_CURVE('',#5400,#5401,#5750,.T.);
#4643=EDGE_CURVE('',#5401,#5402,#685,.T.);
#4644=EDGE_CURVE('',#5402,#5347,#5751,.T.);
#4645=EDGE_CURVE('',#5403,#5402,#686,.T.);
#4646=EDGE_CURVE('',#5403,#5349,#5752,.T.);
#4647=EDGE_CURVE('',#5404,#5403,#687,.T.);
#4648=EDGE_CURVE('',#5357,#5404,#688,.F.);
#4649=EDGE_CURVE('',#5404,#5365,#5753,.T.);
#4650=EDGE_CURVE('',#5405,#5405,#5754,.T.);
#4651=EDGE_CURVE('',#5406,#5406,#5755,.T.);
#4652=EDGE_CURVE('',#5407,#5407,#5756,.T.);
#4653=EDGE_CURVE('',#5408,#5408,#5757,.T.);
#4654=EDGE_CURVE('',#5409,#5409,#5758,.T.);
#4655=EDGE_CURVE('',#5410,#5410,#5759,.T.);
#4656=EDGE_CURVE('',#5411,#5412,#5760,.T.);
#4657=EDGE_CURVE('',#5412,#5413,#689,.T.);
#4658=EDGE_CURVE('',#5414,#5413,#5761,.F.);
#4659=EDGE_CURVE('',#5414,#5415,#690,.T.);
#4660=EDGE_CURVE('',#5415,#5416,#5762,.T.);
#4661=EDGE_CURVE('',#5416,#5417,#691,.T.);
#4662=EDGE_CURVE('',#5418,#5417,#5763,.F.);
#4663=EDGE_CURVE('',#5418,#5419,#692,.T.);
#4664=EDGE_CURVE('',#5419,#5420,#5764,.T.);
#4665=EDGE_CURVE('',#5420,#5421,#693,.T.);
#4666=EDGE_CURVE('',#5422,#5421,#5765,.F.);
#4667=EDGE_CURVE('',#5423,#5422,#694,.T.);
#4668=EDGE_CURVE('',#5424,#5423,#5766,.F.);
#4669=EDGE_CURVE('',#5425,#5424,#695,.T.);
#4670=EDGE_CURVE('',#5426,#5425,#5767,.F.);
#4671=EDGE_CURVE('',#5426,#5427,#696,.T.);
#4672=EDGE_CURVE('',#5427,#5428,#5768,.T.);
#4673=EDGE_CURVE('',#5428,#5429,#697,.T.);
#4674=EDGE_CURVE('',#5430,#5429,#5769,.F.);
#4675=EDGE_CURVE('',#5430,#5431,#698,.T.);
#4676=EDGE_CURVE('',#5431,#5432,#5770,.T.);
#4677=EDGE_CURVE('',#5432,#5433,#699,.T.);
#4678=EDGE_CURVE('',#5434,#5433,#5771,.F.);
#4679=EDGE_CURVE('',#5435,#5434,#700,.T.);
#4680=EDGE_CURVE('',#5436,#5435,#5772,.F.);
#4681=EDGE_CURVE('',#5437,#5436,#701,.T.);
#4682=EDGE_CURVE('',#5438,#5437,#5773,.F.);
#4683=EDGE_CURVE('',#5438,#5439,#702,.T.);
#4684=EDGE_CURVE('',#5439,#5440,#5774,.T.);
#4685=EDGE_CURVE('',#5440,#5441,#703,.T.);
#4686=EDGE_CURVE('',#5442,#5441,#5775,.F.);
#4687=EDGE_CURVE('',#5443,#5442,#704,.T.);
#4688=EDGE_CURVE('',#5444,#5443,#5776,.F.);
#4689=EDGE_CURVE('',#5445,#5444,#705,.T.);
#4690=EDGE_CURVE('',#5446,#5445,#5777,.F.);
#4691=EDGE_CURVE('',#5447,#5446,#706,.T.);
#4692=EDGE_CURVE('',#5448,#5447,#5778,.F.);
#4693=EDGE_CURVE('',#5449,#5448,#707,.T.);
#4694=EDGE_CURVE('',#5450,#5449,#5779,.F.);
#4695=EDGE_CURVE('',#5450,#5411,#708,.T.);
#4696=EDGE_CURVE('',#5451,#5451,#5780,.T.);
#4697=EDGE_CURVE('',#5452,#5452,#5781,.T.);
#4698=EDGE_CURVE('',#5453,#5454,#709,.T.);
#4699=EDGE_CURVE('',#5455,#5453,#5782,.T.);
#4700=EDGE_CURVE('',#5456,#5455,#710,.T.);
#4701=EDGE_CURVE('',#5454,#5456,#5783,.T.);
#4702=EDGE_CURVE('',#5457,#5458,#18,.T.);
#4703=EDGE_CURVE('',#5459,#5457,#5784,.T.);
#4704=EDGE_CURVE('',#5460,#5459,#19,.T.);
#4705=EDGE_CURVE('',#5458,#5460,#5785,.F.);
#4706=EDGE_CURVE('',#5461,#5462,#5786,.T.);
#4707=EDGE_CURVE('',#5463,#5461,#711,.T.);
#4708=EDGE_CURVE('',#5464,#5463,#5787,.T.);
#4709=EDGE_CURVE('',#5462,#5464,#712,.T.);
#4710=EDGE_CURVE('',#5465,#5466,#20,.T.);
#4711=EDGE_CURVE('',#5467,#5465,#5788,.T.);
#4712=EDGE_CURVE('',#5468,#5467,#21,.T.);
#4713=EDGE_CURVE('',#5466,#5468,#5789,.F.);
#4714=EDGE_CURVE('',#5469,#5470,#713,.T.);
#4715=EDGE_CURVE('',#5471,#5469,#5790,.T.);
#4716=EDGE_CURVE('',#5472,#5471,#714,.T.);
#4717=EDGE_CURVE('',#5470,#5472,#5791,.T.);
#4718=EDGE_CURVE('',#5473,#5474,#22,.T.);
#4719=EDGE_CURVE('',#5475,#5473,#5792,.T.);
#4720=EDGE_CURVE('',#5476,#5475,#23,.T.);
#4721=EDGE_CURVE('',#5474,#5476,#5793,.F.);
#4722=EDGE_CURVE('',#5477,#5458,#715,.T.);
#4723=EDGE_CURVE('',#5460,#5478,#716,.T.);
#4724=EDGE_CURVE('',#5478,#5479,#5794,.T.);
#4725=EDGE_CURVE('',#5479,#5466,#717,.T.);
#4726=EDGE_CURVE('',#5480,#5468,#718,.T.);
#4727=EDGE_CURVE('',#5481,#5480,#5795,.T.);
#4728=EDGE_CURVE('',#5482,#5481,#719,.T.);
#4729=EDGE_CURVE('',#5482,#5483,#5796,.T.);
#4730=EDGE_CURVE('',#5483,#5484,#720,.T.);
#4731=EDGE_CURVE('',#5484,#5485,#5797,.T.);
#4732=EDGE_CURVE('',#5485,#5474,#721,.T.);
#4733=EDGE_CURVE('',#5486,#5476,#722,.T.);
#4734=EDGE_CURVE('',#5487,#5486,#5798,.T.);
#4735=EDGE_CURVE('',#5488,#5487,#723,.T.);
#4736=EDGE_CURVE('',#5488,#5489,#5799,.F.);
#4737=EDGE_CURVE('',#5489,#5490,#724,.T.);
#4738=EDGE_CURVE('',#5490,#5491,#5800,.T.);
#4739=EDGE_CURVE('',#5491,#5492,#725,.T.);
#4740=EDGE_CURVE('',#5492,#5493,#5801,.T.);
#4741=EDGE_CURVE('',#5493,#5494,#726,.T.);
#4742=EDGE_CURVE('',#5494,#5477,#5802,.T.);
#4743=EDGE_CURVE('',#5495,#5488,#24,.T.);
#4744=EDGE_CURVE('',#5496,#5495,#5803,.T.);
#4745=EDGE_CURVE('',#5489,#5496,#25,.T.);
#4746=EDGE_CURVE('',#5497,#5498,#5804,.T.);
#4747=EDGE_CURVE('',#5499,#5497,#727,.T.);
#4748=EDGE_CURVE('',#5500,#5499,#5805,.T.);
#4749=EDGE_CURVE('',#5498,#5500,#728,.T.);
#4750=EDGE_CURVE('',#5450,#5499,#729,.T.);
#4751=EDGE_CURVE('',#5411,#5497,#730,.T.);
#4752=EDGE_CURVE('',#5448,#5490,#731,.T.);
#4753=EDGE_CURVE('',#5449,#5496,#732,.T.);
#4754=EDGE_CURVE('',#5447,#5491,#733,.T.);
#4755=EDGE_CURVE('',#5446,#5492,#734,.T.);
#4756=EDGE_CURVE('',#5445,#5493,#735,.T.);
#4757=EDGE_CURVE('',#5444,#5494,#736,.T.);
#4758=EDGE_CURVE('',#5443,#5477,#737,.T.);
#4759=EDGE_CURVE('',#5442,#5457,#738,.T.);
#4760=EDGE_CURVE('',#5440,#5456,#739,.T.);
#4761=EDGE_CURVE('',#5441,#5455,#740,.T.);
#4762=EDGE_CURVE('',#5439,#5454,#741,.T.);
#4763=EDGE_CURVE('',#5438,#5453,#742,.T.);
#4764=EDGE_CURVE('',#5437,#5459,#743,.T.);
#4765=EDGE_CURVE('',#5436,#5478,#744,.T.);
#4766=EDGE_CURVE('',#5435,#5479,#745,.T.);
#4767=EDGE_CURVE('',#5434,#5465,#746,.T.);
#4768=EDGE_CURVE('',#5432,#5462,#747,.T.);
#4769=EDGE_CURVE('',#5433,#5464,#748,.T.);
#4770=EDGE_CURVE('',#5431,#5461,#749,.T.);
#4771=EDGE_CURVE('',#5430,#5463,#750,.T.);
#4772=EDGE_CURVE('',#5429,#5467,#751,.T.);
#4773=EDGE_CURVE('',#5428,#5480,#752,.T.);
#4774=EDGE_CURVE('',#5427,#5481,#753,.T.);
#4775=EDGE_CURVE('',#5426,#5482,#754,.T.);
#4776=EDGE_CURVE('',#5425,#5483,#755,.T.);
#4777=EDGE_CURVE('',#5424,#5484,#756,.T.);
#4778=EDGE_CURVE('',#5423,#5485,#757,.T.);
#4779=EDGE_CURVE('',#5422,#5473,#758,.T.);
#4780=EDGE_CURVE('',#5420,#5472,#759,.T.);
#4781=EDGE_CURVE('',#5421,#5471,#760,.T.);
#4782=EDGE_CURVE('',#5419,#5470,#761,.T.);
#4783=EDGE_CURVE('',#5418,#5469,#762,.T.);
#4784=EDGE_CURVE('',#5417,#5475,#763,.T.);
#4785=EDGE_CURVE('',#5416,#5486,#764,.T.);
#4786=EDGE_CURVE('',#5415,#5487,#765,.T.);
#4787=EDGE_CURVE('',#5414,#5495,#766,.T.);
#4788=EDGE_CURVE('',#5413,#5500,#767,.T.);
#4789=EDGE_CURVE('',#5412,#5498,#768,.T.);
#4790=VERTEX_POINT('',#12497);
#4791=VERTEX_POINT('',#12500);
#4792=VERTEX_POINT('',#12503);
#4793=VERTEX_POINT('',#12506);
#4794=VERTEX_POINT('',#12509);
#4795=VERTEX_POINT('',#12512);
#4796=VERTEX_POINT('',#12513);
#4797=VERTEX_POINT('',#12515);
#4798=VERTEX_POINT('',#12517);
#4799=VERTEX_POINT('',#12521);
#4800=VERTEX_POINT('',#12522);
#4801=VERTEX_POINT('',#12524);
#4802=VERTEX_POINT('',#12526);
#4803=VERTEX_POINT('',#12530);
#4804=VERTEX_POINT('',#12531);
#4805=VERTEX_POINT('',#12539);
#4806=VERTEX_POINT('',#12541);
#4807=VERTEX_POINT('',#12545);
#4808=VERTEX_POINT('',#12546);
#4809=VERTEX_POINT('',#12548);
#4810=VERTEX_POINT('',#12550);
#4811=VERTEX_POINT('',#12554);
#4812=VERTEX_POINT('',#12555);
#4813=VERTEX_POINT('',#12557);
#4814=VERTEX_POINT('',#12559);
#4815=VERTEX_POINT('',#12563);
#4816=VERTEX_POINT('',#12565);
#4817=VERTEX_POINT('',#12569);
#4818=VERTEX_POINT('',#12570);
#4819=VERTEX_POINT('',#12578);
#4820=VERTEX_POINT('',#12579);
#4821=VERTEX_POINT('',#12581);
#4822=VERTEX_POINT('',#12583);
#4823=VERTEX_POINT('',#12587);
#4824=VERTEX_POINT('',#12588);
#4825=VERTEX_POINT('',#12590);
#4826=VERTEX_POINT('',#12592);
#4827=VERTEX_POINT('',#12596);
#4828=VERTEX_POINT('',#12597);
#4829=VERTEX_POINT('',#12602);
#4830=VERTEX_POINT('',#12603);
#4831=VERTEX_POINT('',#12611);
#4832=VERTEX_POINT('',#12614);
#4833=VERTEX_POINT('',#12617);
#4834=VERTEX_POINT('',#12618);
#4835=VERTEX_POINT('',#12620);
#4836=VERTEX_POINT('',#12622);
#4837=VERTEX_POINT('',#12626);
#4838=VERTEX_POINT('',#12628);
#4839=VERTEX_POINT('',#12632);
#4840=VERTEX_POINT('',#12634);
#4841=VERTEX_POINT('',#12636);
#4842=VERTEX_POINT('',#12640);
#4843=VERTEX_POINT('',#12642);
#4844=VERTEX_POINT('',#12644);
#4845=VERTEX_POINT('',#12650);
#4846=VERTEX_POINT('',#12652);
#4847=VERTEX_POINT('',#12656);
#4848=VERTEX_POINT('',#12657);
#4849=VERTEX_POINT('',#12659);
#4850=VERTEX_POINT('',#12661);
#4851=VERTEX_POINT('',#12665);
#4852=VERTEX_POINT('',#12666);
#4853=VERTEX_POINT('',#12668);
#4854=VERTEX_POINT('',#12670);
#4855=VERTEX_POINT('',#12674);
#4856=VERTEX_POINT('',#12676);
#4857=VERTEX_POINT('',#12680);
#4858=VERTEX_POINT('',#12681);
#4859=VERTEX_POINT('',#12683);
#4860=VERTEX_POINT('',#12685);
#4861=VERTEX_POINT('',#12690);
#4862=VERTEX_POINT('',#12694);
#4863=VERTEX_POINT('',#12698);
#4864=VERTEX_POINT('',#12700);
#4865=VERTEX_POINT('',#12704);
#4866=VERTEX_POINT('',#12706);
#4867=VERTEX_POINT('',#12710);
#4868=VERTEX_POINT('',#12711);
#4869=VERTEX_POINT('',#12713);
#4870=VERTEX_POINT('',#12715);
#4871=VERTEX_POINT('',#12720);
#4872=VERTEX_POINT('',#12724);
#4873=VERTEX_POINT('',#12728);
#4874=VERTEX_POINT('',#12730);
#4875=VERTEX_POINT('',#12734);
#4876=VERTEX_POINT('',#12735);
#4877=VERTEX_POINT('',#12737);
#4878=VERTEX_POINT('',#12739);
#4879=VERTEX_POINT('',#12743);
#4880=VERTEX_POINT('',#12744);
#4881=VERTEX_POINT('',#12746);
#4882=VERTEX_POINT('',#12748);
#4883=VERTEX_POINT('',#12752);
#4884=VERTEX_POINT('',#12753);
#4885=VERTEX_POINT('',#12755);
#4886=VERTEX_POINT('',#12757);
#4887=VERTEX_POINT('',#12759);
#4888=VERTEX_POINT('',#12761);
#4889=VERTEX_POINT('',#12765);
#4890=VERTEX_POINT('',#12766);
#4891=VERTEX_POINT('',#12768);
#4892=VERTEX_POINT('',#12770);
#4893=VERTEX_POINT('',#12772);
#4894=VERTEX_POINT('',#12774);
#4895=VERTEX_POINT('',#12778);
#4896=VERTEX_POINT('',#12779);
#4897=VERTEX_POINT('',#12781);
#4898=VERTEX_POINT('',#12783);
#4899=VERTEX_POINT('',#12787);
#4900=VERTEX_POINT('',#12788);
#4901=VERTEX_POINT('',#12790);
#4902=VERTEX_POINT('',#12792);
#4903=VERTEX_POINT('',#12794);
#4904=VERTEX_POINT('',#12796);
#4905=VERTEX_POINT('',#12798);
#4906=VERTEX_POINT('',#12800);
#4907=VERTEX_POINT('',#12804);
#4908=VERTEX_POINT('',#12805);
#4909=VERTEX_POINT('',#12807);
#4910=VERTEX_POINT('',#12809);
#4911=VERTEX_POINT('',#12811);
#4912=VERTEX_POINT('',#12813);
#4913=VERTEX_POINT('',#12815);
#4914=VERTEX_POINT('',#12817);
#4915=VERTEX_POINT('',#12821);
#4916=VERTEX_POINT('',#12822);
#4917=VERTEX_POINT('',#12826);
#4918=VERTEX_POINT('',#12828);
#4919=VERTEX_POINT('',#12832);
#4920=VERTEX_POINT('',#12834);
#4921=VERTEX_POINT('',#12838);
#4922=VERTEX_POINT('',#12842);
#4923=VERTEX_POINT('',#12846);
#4924=VERTEX_POINT('',#12848);
#4925=VERTEX_POINT('',#12854);
#4926=VERTEX_POINT('',#12857);
#4927=VERTEX_POINT('',#12860);
#4928=VERTEX_POINT('',#12863);
#4929=VERTEX_POINT('',#12865);
#4930=VERTEX_POINT('',#12869);
#4931=VERTEX_POINT('',#12870);
#4932=VERTEX_POINT('',#12872);
#4933=VERTEX_POINT('',#12874);
#4934=VERTEX_POINT('',#12878);
#4935=VERTEX_POINT('',#12883);
#4936=VERTEX_POINT('',#12887);
#4937=VERTEX_POINT('',#12889);
#4938=VERTEX_POINT('',#12893);
#4939=VERTEX_POINT('',#12895);
#4940=VERTEX_POINT('',#12899);
#4941=VERTEX_POINT('',#12901);
#4942=VERTEX_POINT('',#12905);
#4943=VERTEX_POINT('',#12909);
#4944=VERTEX_POINT('',#12915);
#4945=VERTEX_POINT('',#12917);
#4946=VERTEX_POINT('',#12921);
#4947=VERTEX_POINT('',#12922);
#4948=VERTEX_POINT('',#12924);
#4949=VERTEX_POINT('',#12926);
#4950=VERTEX_POINT('',#12930);
#4951=VERTEX_POINT('',#12935);
#4952=VERTEX_POINT('',#12939);
#4953=VERTEX_POINT('',#12941);
#4954=VERTEX_POINT('',#12945);
#4955=VERTEX_POINT('',#12947);
#4956=VERTEX_POINT('',#12951);
#4957=VERTEX_POINT('',#12953);
#4958=VERTEX_POINT('',#12957);
#4959=VERTEX_POINT('',#12958);
#4960=VERTEX_POINT('',#12960);
#4961=VERTEX_POINT('',#12962);
#4962=VERTEX_POINT('',#12966);
#4963=VERTEX_POINT('',#12971);
#4964=VERTEX_POINT('',#12975);
#4965=VERTEX_POINT('',#12977);
#4966=VERTEX_POINT('',#12981);
#4967=VERTEX_POINT('',#12983);
#4968=VERTEX_POINT('',#12987);
#4969=VERTEX_POINT('',#12989);
#4970=VERTEX_POINT('',#12993);
#4971=VERTEX_POINT('',#12997);
#4972=VERTEX_POINT('',#13003);
#4973=VERTEX_POINT('',#13005);
#4974=VERTEX_POINT('',#13009);
#4975=VERTEX_POINT('',#13013);
#4976=VERTEX_POINT('',#13019);
#4977=VERTEX_POINT('',#13020);
#4978=VERTEX_POINT('',#13025);
#4979=VERTEX_POINT('',#13026);
#4980=VERTEX_POINT('',#13028);
#4981=VERTEX_POINT('',#13030);
#4982=VERTEX_POINT('',#13034);
#4983=VERTEX_POINT('',#13039);
#4984=VERTEX_POINT('',#13043);
#4985=VERTEX_POINT('',#13045);
#4986=VERTEX_POINT('',#13049);
#4987=VERTEX_POINT('',#13051);
#4988=VERTEX_POINT('',#13055);
#4989=VERTEX_POINT('',#13056);
#4990=VERTEX_POINT('',#13058);
#4991=VERTEX_POINT('',#13060);
#4992=VERTEX_POINT('',#13064);
#4993=VERTEX_POINT('',#13066);
#4994=VERTEX_POINT('',#13070);
#4995=VERTEX_POINT('',#13072);
#4996=VERTEX_POINT('',#13079);
#4997=VERTEX_POINT('',#13080);
#4998=VERTEX_POINT('',#13082);
#4999=VERTEX_POINT('',#13084);
#5000=VERTEX_POINT('',#13088);
#5001=VERTEX_POINT('',#13089);
#5002=VERTEX_POINT('',#13094);
#5003=VERTEX_POINT('',#13096);
#5004=VERTEX_POINT('',#13103);
#5005=VERTEX_POINT('',#13105);
#5006=VERTEX_POINT('',#13109);
#5007=VERTEX_POINT('',#13113);
#5008=VERTEX_POINT('',#13117);
#5009=VERTEX_POINT('',#13119);
#5010=VERTEX_POINT('',#13123);
#5011=VERTEX_POINT('',#13127);
#5012=VERTEX_POINT('',#13131);
#5013=VERTEX_POINT('',#13135);
#5014=VERTEX_POINT('',#13139);
#5015=VERTEX_POINT('',#13141);
#5016=VERTEX_POINT('',#13145);
#5017=VERTEX_POINT('',#13149);
#5018=VERTEX_POINT('',#13153);
#5019=VERTEX_POINT('',#13154);
#5020=VERTEX_POINT('',#13158);
#5021=VERTEX_POINT('',#13160);
#5022=VERTEX_POINT('',#13164);
#5023=VERTEX_POINT('',#13168);
#5024=VERTEX_POINT('',#13172);
#5025=VERTEX_POINT('',#13174);
#5026=VERTEX_POINT('',#13178);
#5027=VERTEX_POINT('',#13182);
#5028=VERTEX_POINT('',#13186);
#5029=VERTEX_POINT('',#13190);
#5030=VERTEX_POINT('',#13197);
#5031=VERTEX_POINT('',#13204);
#5032=VERTEX_POINT('',#13208);
#5033=VERTEX_POINT('',#13212);
#5034=VERTEX_POINT('',#13216);
#5035=VERTEX_POINT('',#13217);
#5036=VERTEX_POINT('',#13225);
#5037=VERTEX_POINT('',#13226);
#5038=VERTEX_POINT('',#13228);
#5039=VERTEX_POINT('',#13230);
#5040=VERTEX_POINT('',#13234);
#5041=VERTEX_POINT('',#13235);
#5042=VERTEX_POINT('',#13240);
#5043=VERTEX_POINT('',#13241);
#5044=VERTEX_POINT('',#13246);
#5045=VERTEX_POINT('',#13247);
#5046=VERTEX_POINT('',#13249);
#5047=VERTEX_POINT('',#13251);
#5048=VERTEX_POINT('',#13255);
#5049=VERTEX_POINT('',#13256);
#5050=VERTEX_POINT('',#13258);
#5051=VERTEX_POINT('',#13260);
#5052=VERTEX_POINT('',#13264);
#5053=VERTEX_POINT('',#13265);
#5054=VERTEX_POINT('',#13267);
#5055=VERTEX_POINT('',#13269);
#5056=VERTEX_POINT('',#13273);
#5057=VERTEX_POINT('',#13275);
#5058=VERTEX_POINT('',#13279);
#5059=VERTEX_POINT('',#13281);
#5060=VERTEX_POINT('',#13285);
#5061=VERTEX_POINT('',#13286);
#5062=VERTEX_POINT('',#13288);
#5063=VERTEX_POINT('',#13290);
#5064=VERTEX_POINT('',#13294);
#5065=VERTEX_POINT('',#13295);
#5066=VERTEX_POINT('',#13297);
#5067=VERTEX_POINT('',#13299);
#5068=VERTEX_POINT('',#13303);
#5069=VERTEX_POINT('',#13304);
#5070=VERTEX_POINT('',#13306);
#5071=VERTEX_POINT('',#13308);
#5072=VERTEX_POINT('',#13312);
#5073=VERTEX_POINT('',#13313);
#5074=VERTEX_POINT('',#13315);
#5075=VERTEX_POINT('',#13317);
#5076=VERTEX_POINT('',#13321);
#5077=VERTEX_POINT('',#13322);
#5078=VERTEX_POINT('',#13327);
#5079=VERTEX_POINT('',#13328);
#5080=VERTEX_POINT('',#13333);
#5081=VERTEX_POINT('',#13334);
#5082=VERTEX_POINT('',#13336);
#5083=VERTEX_POINT('',#13338);
#5084=VERTEX_POINT('',#13342);
#5085=VERTEX_POINT('',#13343);
#5086=VERTEX_POINT('',#13345);
#5087=VERTEX_POINT('',#13347);
#5088=VERTEX_POINT('',#13351);
#5089=VERTEX_POINT('',#13352);
#5090=VERTEX_POINT('',#13354);
#5091=VERTEX_POINT('',#13356);
#5092=VERTEX_POINT('',#13360);
#5093=VERTEX_POINT('',#13361);
#5094=VERTEX_POINT('',#13366);
#5095=VERTEX_POINT('',#13367);
#5096=VERTEX_POINT('',#13372);
#5097=VERTEX_POINT('',#13373);
#5098=VERTEX_POINT('',#13375);
#5099=VERTEX_POINT('',#13377);
#5100=VERTEX_POINT('',#13381);
#5101=VERTEX_POINT('',#13382);
#5102=VERTEX_POINT('',#13389);
#5103=VERTEX_POINT('',#13392);
#5104=VERTEX_POINT('',#13395);
#5105=VERTEX_POINT('',#13398);
#5106=VERTEX_POINT('',#13399);
#5107=VERTEX_POINT('',#13401);
#5108=VERTEX_POINT('',#13403);
#5109=VERTEX_POINT('',#13407);
#5110=VERTEX_POINT('',#13408);
#5111=VERTEX_POINT('',#13413);
#5112=VERTEX_POINT('',#13417);
#5113=VERTEX_POINT('',#13423);
#5114=VERTEX_POINT('',#13427);
#5115=VERTEX_POINT('',#13429);
#5116=VERTEX_POINT('',#13433);
#5117=VERTEX_POINT('',#13435);
#5118=VERTEX_POINT('',#13439);
#5119=VERTEX_POINT('',#13441);
#5120=VERTEX_POINT('',#13445);
#5121=VERTEX_POINT('',#13447);
#5122=VERTEX_POINT('',#13451);
#5123=VERTEX_POINT('',#13456);
#5124=VERTEX_POINT('',#13458);
#5125=VERTEX_POINT('',#13462);
#5126=VERTEX_POINT('',#13464);
#5127=VERTEX_POINT('',#13468);
#5128=VERTEX_POINT('',#13470);
#5129=VERTEX_POINT('',#13474);
#5130=VERTEX_POINT('',#13475);
#5131=VERTEX_POINT('',#13480);
#5132=VERTEX_POINT('',#13481);
#5133=VERTEX_POINT('',#13486);
#5134=VERTEX_POINT('',#13487);
#5135=VERTEX_POINT('',#13492);
#5136=VERTEX_POINT('',#13494);
#5137=VERTEX_POINT('',#13498);
#5138=VERTEX_POINT('',#13500);
#5139=VERTEX_POINT('',#13504);
#5140=VERTEX_POINT('',#13509);
#5141=VERTEX_POINT('',#13511);
#5142=VERTEX_POINT('',#13515);
#5143=VERTEX_POINT('',#13517);
#5144=VERTEX_POINT('',#13521);
#5145=VERTEX_POINT('',#13523);
#5146=VERTEX_POINT('',#13527);
#5147=VERTEX_POINT('',#13529);
#5148=VERTEX_POINT('',#13534);
#5149=VERTEX_POINT('',#13538);
#5150=VERTEX_POINT('',#13540);
#5151=VERTEX_POINT('',#13544);
#5152=VERTEX_POINT('',#13548);
#5153=VERTEX_POINT('',#13552);
#5154=VERTEX_POINT('',#13554);
#5155=VERTEX_POINT('',#13559);
#5156=VERTEX_POINT('',#13560);
#5157=VERTEX_POINT('',#13565);
#5158=VERTEX_POINT('',#13566);
#5159=VERTEX_POINT('',#13568);
#5160=VERTEX_POINT('',#13570);
#5161=VERTEX_POINT('',#13574);
#5162=VERTEX_POINT('',#13575);
#5163=VERTEX_POINT('',#13580);
#5164=VERTEX_POINT('',#13584);
#5165=VERTEX_POINT('',#13590);
#5166=VERTEX_POINT('',#13594);
#5167=VERTEX_POINT('',#13596);
#5168=VERTEX_POINT('',#13600);
#5169=VERTEX_POINT('',#13602);
#5170=VERTEX_POINT('',#13606);
#5171=VERTEX_POINT('',#13608);
#5172=VERTEX_POINT('',#13612);
#5173=VERTEX_POINT('',#13614);
#5174=VERTEX_POINT('',#13618);
#5175=VERTEX_POINT('',#13623);
#5176=VERTEX_POINT('',#13625);
#5177=VERTEX_POINT('',#13629);
#5178=VERTEX_POINT('',#13631);
#5179=VERTEX_POINT('',#13635);
#5180=VERTEX_POINT('',#13637);
#5181=VERTEX_POINT('',#13641);
#5182=VERTEX_POINT('',#13642);
#5183=VERTEX_POINT('',#13647);
#5184=VERTEX_POINT('',#13648);
#5185=VERTEX_POINT('',#13653);
#5186=VERTEX_POINT('',#13654);
#5187=VERTEX_POINT('',#13659);
#5188=VERTEX_POINT('',#13661);
#5189=VERTEX_POINT('',#13665);
#5190=VERTEX_POINT('',#13667);
#5191=VERTEX_POINT('',#13671);
#5192=VERTEX_POINT('',#13676);
#5193=VERTEX_POINT('',#13678);
#5194=VERTEX_POINT('',#13682);
#5195=VERTEX_POINT('',#13684);
#5196=VERTEX_POINT('',#13688);
#5197=VERTEX_POINT('',#13690);
#5198=VERTEX_POINT('',#13694);
#5199=VERTEX_POINT('',#13696);
#5200=VERTEX_POINT('',#13700);
#5201=VERTEX_POINT('',#13702);
#5202=VERTEX_POINT('',#13706);
#5203=VERTEX_POINT('',#13708);
#5204=VERTEX_POINT('',#13712);
#5205=VERTEX_POINT('',#13716);
#5206=VERTEX_POINT('',#13720);
#5207=VERTEX_POINT('',#13721);
#5208=VERTEX_POINT('',#13723);
#5209=VERTEX_POINT('',#13725);
#5210=VERTEX_POINT('',#13729);
#5211=VERTEX_POINT('',#13730);
#5212=VERTEX_POINT('',#13732);
#5213=VERTEX_POINT('',#13734);
#5214=VERTEX_POINT('',#13738);
#5215=VERTEX_POINT('',#13744);
#5216=VERTEX_POINT('',#13745);
#5217=VERTEX_POINT('',#13750);
#5218=VERTEX_POINT('',#13753);
#5219=VERTEX_POINT('',#13756);
#5220=VERTEX_POINT('',#13759);
#5221=VERTEX_POINT('',#13762);
#5222=VERTEX_POINT('',#13765);
#5223=VERTEX_POINT('',#13768);
#5224=VERTEX_POINT('',#13769);
#5225=VERTEX_POINT('',#13774);
#5226=VERTEX_POINT('',#13776);
#5227=VERTEX_POINT('',#13780);
#5228=VERTEX_POINT('',#13781);
#5229=VERTEX_POINT('',#13786);
#5230=VERTEX_POINT('',#13791);
#5231=VERTEX_POINT('',#13795);
#5232=VERTEX_POINT('',#13796);
#5233=VERTEX_POINT('',#13798);
#5234=VERTEX_POINT('',#13800);
#5235=VERTEX_POINT('',#13804);
#5236=VERTEX_POINT('',#13806);
#5237=VERTEX_POINT('',#13813);
#5238=VERTEX_POINT('',#13815);
#5239=VERTEX_POINT('',#13817);
#5240=VERTEX_POINT('',#13819);
#5241=VERTEX_POINT('',#13821);
#5242=VERTEX_POINT('',#13823);
#5243=VERTEX_POINT('',#13825);
#5244=VERTEX_POINT('',#13827);
#5245=VERTEX_POINT('',#13829);
#5246=VERTEX_POINT('',#13831);
#5247=VERTEX_POINT('',#13833);
#5248=VERTEX_POINT('',#13837);
#5249=VERTEX_POINT('',#13841);
#5250=VERTEX_POINT('',#13843);
#5251=VERTEX_POINT('',#13847);
#5252=VERTEX_POINT('',#13849);
#5253=VERTEX_POINT('',#13854);
#5254=VERTEX_POINT('',#13858);
#5255=VERTEX_POINT('',#13862);
#5256=VERTEX_POINT('',#13863);
#5257=VERTEX_POINT('',#13865);
#5258=VERTEX_POINT('',#13867);
#5259=VERTEX_POINT('',#13871);
#5260=VERTEX_POINT('',#13873);
#5261=VERTEX_POINT('',#13880);
#5262=VERTEX_POINT('',#13881);
#5263=VERTEX_POINT('',#13883);
#5264=VERTEX_POINT('',#13888);
#5265=VERTEX_POINT('',#13892);
#5266=VERTEX_POINT('',#13894);
#5267=VERTEX_POINT('',#13898);
#5268=VERTEX_POINT('',#13899);
#5269=VERTEX_POINT('',#13901);
#5270=VERTEX_POINT('',#13903);
#5271=VERTEX_POINT('',#13907);
#5272=VERTEX_POINT('',#13909);
#5273=VERTEX_POINT('',#13913);
#5274=VERTEX_POINT('',#13915);
#5275=VERTEX_POINT('',#13919);
#5276=VERTEX_POINT('',#13920);
#5277=VERTEX_POINT('',#13925);
#5278=VERTEX_POINT('',#13927);
#5279=VERTEX_POINT('',#13931);
#5280=VERTEX_POINT('',#13932);
#5281=VERTEX_POINT('',#13934);
#5282=VERTEX_POINT('',#13936);
#5283=VERTEX_POINT('',#13940);
#5284=VERTEX_POINT('',#13942);
#5285=VERTEX_POINT('',#13946);
#5286=VERTEX_POINT('',#13948);
#5287=VERTEX_POINT('',#13952);
#5288=VERTEX_POINT('',#13957);
#5289=VERTEX_POINT('',#13964);
#5290=VERTEX_POINT('',#13966);
#5291=VERTEX_POINT('',#13968);
#5292=VERTEX_POINT('',#13972);
#5293=VERTEX_POINT('',#13976);
#5294=VERTEX_POINT('',#13978);
#5295=VERTEX_POINT('',#13982);
#5296=VERTEX_POINT('',#13983);
#5297=VERTEX_POINT('',#13988);
#5298=VERTEX_POINT('',#13993);
#5299=VERTEX_POINT('',#13997);
#5300=VERTEX_POINT('',#13998);
#5301=VERTEX_POINT('',#14000);
#5302=VERTEX_POINT('',#14002);
#5303=VERTEX_POINT('',#14006);
#5304=VERTEX_POINT('',#14008);
#5305=VERTEX_POINT('',#14015);
#5306=VERTEX_POINT('',#14017);
#5307=VERTEX_POINT('',#14019);
#5308=VERTEX_POINT('',#14021);
#5309=VERTEX_POINT('',#14023);
#5310=VERTEX_POINT('',#14025);
#5311=VERTEX_POINT('',#14027);
#5312=VERTEX_POINT('',#14029);
#5313=VERTEX_POINT('',#14031);
#5314=VERTEX_POINT('',#14033);
#5315=VERTEX_POINT('',#14035);
#5316=VERTEX_POINT('',#14039);
#5317=VERTEX_POINT('',#14043);
#5318=VERTEX_POINT('',#14045);
#5319=VERTEX_POINT('',#14049);
#5320=VERTEX_POINT('',#14050);
#5321=VERTEX_POINT('',#14055);
#5322=VERTEX_POINT('',#14060);
#5323=VERTEX_POINT('',#14064);
#5324=VERTEX_POINT('',#14065);
#5325=VERTEX_POINT('',#14067);
#5326=VERTEX_POINT('',#14069);
#5327=VERTEX_POINT('',#14073);
#5328=VERTEX_POINT('',#14075);
#5329=VERTEX_POINT('',#14082);
#5330=VERTEX_POINT('',#14083);
#5331=VERTEX_POINT('',#14086);
#5332=VERTEX_POINT('',#14090);
#5333=VERTEX_POINT('',#14094);
#5334=VERTEX_POINT('',#14096);
#5335=VERTEX_POINT('',#14100);
#5336=VERTEX_POINT('',#14101);
#5337=VERTEX_POINT('',#14103);
#5338=VERTEX_POINT('',#14105);
#5339=VERTEX_POINT('',#14109);
#5340=VERTEX_POINT('',#14111);
#5341=VERTEX_POINT('',#14115);
#5342=VERTEX_POINT('',#14117);
#5343=VERTEX_POINT('',#14121);
#5344=VERTEX_POINT('',#14122);
#5345=VERTEX_POINT('',#14127);
#5346=VERTEX_POINT('',#14134);
#5347=VERTEX_POINT('',#14138);
#5348=VERTEX_POINT('',#14139);
#5349=VERTEX_POINT('',#14141);
#5350=VERTEX_POINT('',#14143);
#5351=VERTEX_POINT('',#14147);
#5352=VERTEX_POINT('',#14149);
#5353=VERTEX_POINT('',#14153);
#5354=VERTEX_POINT('',#14155);
#5355=VERTEX_POINT('',#14159);
#5356=VERTEX_POINT('',#14164);
#5357=VERTEX_POINT('',#14171);
#5358=VERTEX_POINT('',#14173);
#5359=VERTEX_POINT('',#14177);
#5360=VERTEX_POINT('',#14180);
#5361=VERTEX_POINT('',#14183);
#5362=VERTEX_POINT('',#14186);
#5363=VERTEX_POINT('',#14189);
#5364=VERTEX_POINT('',#14192);
#5365=VERTEX_POINT('',#14195);
#5366=VERTEX_POINT('',#14197);
#5367=VERTEX_POINT('',#14201);
#5368=VERTEX_POINT('',#14205);
#5369=VERTEX_POINT('',#14209);
#5370=VERTEX_POINT('',#14213);
#5371=VERTEX_POINT('',#14217);
#5372=VERTEX_POINT('',#14221);
#5373=VERTEX_POINT('',#14225);
#5374=VERTEX_POINT('',#14229);
#5375=VERTEX_POINT('',#14233);
#5376=VERTEX_POINT('',#14237);
#5377=VERTEX_POINT('',#14241);
#5378=VERTEX_POINT('',#14245);
#5379=VERTEX_POINT('',#14249);
#5380=VERTEX_POINT('',#14253);
#5381=VERTEX_POINT('',#14257);
#5382=VERTEX_POINT('',#14261);
#5383=VERTEX_POINT('',#14265);
#5384=VERTEX_POINT('',#14269);
#5385=VERTEX_POINT('',#14273);
#5386=VERTEX_POINT('',#14277);
#5387=VERTEX_POINT('',#14281);
#5388=VERTEX_POINT('',#14285);
#5389=VERTEX_POINT('',#14289);
#5390=VERTEX_POINT('',#14293);
#5391=VERTEX_POINT('',#14297);
#5392=VERTEX_POINT('',#14301);
#5393=VERTEX_POINT('',#14305);
#5394=VERTEX_POINT('',#14309);
#5395=VERTEX_POINT('',#14313);
#5396=VERTEX_POINT('',#14317);
#5397=VERTEX_POINT('',#14321);
#5398=VERTEX_POINT('',#14325);
#5399=VERTEX_POINT('',#14329);
#5400=VERTEX_POINT('',#14333);
#5401=VERTEX_POINT('',#14337);
#5402=VERTEX_POINT('',#14341);
#5403=VERTEX_POINT('',#14345);
#5404=VERTEX_POINT('',#14349);
#5405=VERTEX_POINT('',#14355);
#5406=VERTEX_POINT('',#14358);
#5407=VERTEX_POINT('',#14361);
#5408=VERTEX_POINT('',#14364);
#5409=VERTEX_POINT('',#14367);
#5410=VERTEX_POINT('',#14370);
#5411=VERTEX_POINT('',#14374);
#5412=VERTEX_POINT('',#14375);
#5413=VERTEX_POINT('',#14377);
#5414=VERTEX_POINT('',#14379);
#5415=VERTEX_POINT('',#14381);
#5416=VERTEX_POINT('',#14383);
#5417=VERTEX_POINT('',#14385);
#5418=VERTEX_POINT('',#14387);
#5419=VERTEX_POINT('',#14389);
#5420=VERTEX_POINT('',#14391);
#5421=VERTEX_POINT('',#14393);
#5422=VERTEX_POINT('',#14395);
#5423=VERTEX_POINT('',#14397);
#5424=VERTEX_POINT('',#14399);
#5425=VERTEX_POINT('',#14401);
#5426=VERTEX_POINT('',#14403);
#5427=VERTEX_POINT('',#14405);
#5428=VERTEX_POINT('',#14407);
#5429=VERTEX_POINT('',#14409);
#5430=VERTEX_POINT('',#14411);
#5431=VERTEX_POINT('',#14413);
#5432=VERTEX_POINT('',#14415);
#5433=VERTEX_POINT('',#14417);
#5434=VERTEX_POINT('',#14419);
#5435=VERTEX_POINT('',#14421);
#5436=VERTEX_POINT('',#14423);
#5437=VERTEX_POINT('',#14425);
#5438=VERTEX_POINT('',#14427);
#5439=VERTEX_POINT('',#14429);
#5440=VERTEX_POINT('',#14431);
#5441=VERTEX_POINT('',#14433);
#5442=VERTEX_POINT('',#14435);
#5443=VERTEX_POINT('',#14437);
#5444=VERTEX_POINT('',#14439);
#5445=VERTEX_POINT('',#14441);
#5446=VERTEX_POINT('',#14443);
#5447=VERTEX_POINT('',#14445);
#5448=VERTEX_POINT('',#14447);
#5449=VERTEX_POINT('',#14449);
#5450=VERTEX_POINT('',#14451);
#5451=VERTEX_POINT('',#14454);
#5452=VERTEX_POINT('',#14457);
#5453=VERTEX_POINT('',#14460);
#5454=VERTEX_POINT('',#14461);
#5455=VERTEX_POINT('',#14463);
#5456=VERTEX_POINT('',#14465);
#5457=VERTEX_POINT('',#14472);
#5458=VERTEX_POINT('',#14473);
#5459=VERTEX_POINT('',#14475);
#5460=VERTEX_POINT('',#14480);
#5461=VERTEX_POINT('',#14484);
#5462=VERTEX_POINT('',#14485);
#5463=VERTEX_POINT('',#14487);
#5464=VERTEX_POINT('',#14489);
#5465=VERTEX_POINT('',#14496);
#5466=VERTEX_POINT('',#14497);
#5467=VERTEX_POINT('',#14499);
#5468=VERTEX_POINT('',#14504);
#5469=VERTEX_POINT('',#14508);
#5470=VERTEX_POINT('',#14509);
#5471=VERTEX_POINT('',#14511);
#5472=VERTEX_POINT('',#14513);
#5473=VERTEX_POINT('',#14520);
#5474=VERTEX_POINT('',#14521);
#5475=VERTEX_POINT('',#14523);
#5476=VERTEX_POINT('',#14528);
#5477=VERTEX_POINT('',#14532);
#5478=VERTEX_POINT('',#14534);
#5479=VERTEX_POINT('',#14536);
#5480=VERTEX_POINT('',#14539);
#5481=VERTEX_POINT('',#14541);
#5482=VERTEX_POINT('',#14543);
#5483=VERTEX_POINT('',#14545);
#5484=VERTEX_POINT('',#14547);
#5485=VERTEX_POINT('',#14549);
#5486=VERTEX_POINT('',#14552);
#5487=VERTEX_POINT('',#14554);
#5488=VERTEX_POINT('',#14556);
#5489=VERTEX_POINT('',#14558);
#5490=VERTEX_POINT('',#14560);
#5491=VERTEX_POINT('',#14562);
#5492=VERTEX_POINT('',#14564);
#5493=VERTEX_POINT('',#14566);
#5494=VERTEX_POINT('',#14568);
#5495=VERTEX_POINT('',#14575);
#5496=VERTEX_POINT('',#14577);
#5497=VERTEX_POINT('',#14584);
#5498=VERTEX_POINT('',#14585);
#5499=VERTEX_POINT('',#14587);
#5500=VERTEX_POINT('',#14589);
#5501=CIRCLE('',#9668,0.3);
#5502=CIRCLE('',#9670,0.3);
#5503=CIRCLE('',#9672,0.35);
#5504=CIRCLE('',#9674,0.526993398995887);
#5505=CIRCLE('',#9676,0.799999999999997);
#5506=CIRCLE('',#9693,0.799999999999997);
#5507=CIRCLE('',#9695,0.544010208071719);
#5508=CIRCLE('',#9697,13.9);
#5509=CIRCLE('',#9698,13.9);
#5510=CIRCLE('',#9704,0.416571711248417);
#5511=CIRCLE('',#9705,0.416571711248417);
#5512=CIRCLE('',#9707,13.9);
#5513=CIRCLE('',#9708,13.9);
#5514=CIRCLE('',#9710,13.9);
#5515=CIRCLE('',#9711,13.9);
#5516=CIRCLE('',#9714,0.416571711248417);
#5517=CIRCLE('',#9715,0.416571711248417);
#5518=CIRCLE('',#9721,0.416571711248417);
#5519=CIRCLE('',#9722,0.416571711248417);
#5520=CIRCLE('',#9727,13.9);
#5521=CIRCLE('',#9728,13.9);
#5522=CIRCLE('',#9730,10.725);
#5523=CIRCLE('',#9731,10.725);
#5524=CIRCLE('',#9733,10.425);
#5525=CIRCLE('',#9735,10.425);
#5526=CIRCLE('',#9738,10.425);
#5527=CIRCLE('',#9740,10.425);
#5528=CIRCLE('',#9743,10.725);
#5529=CIRCLE('',#9744,10.725);
#5530=CIRCLE('',#9746,10.725);
#5531=CIRCLE('',#9747,10.725);
#5532=CIRCLE('',#9748,10.725);
#5533=CIRCLE('',#9749,10.725);
#5534=CIRCLE('',#9751,10.725);
#5535=CIRCLE('',#9752,10.725);
#5536=CIRCLE('',#9753,10.725);
#5537=CIRCLE('',#9754,10.725);
#5538=CIRCLE('',#9756,1.30293633917187);
#5539=CIRCLE('',#9757,9.85);
#5540=CIRCLE('',#9761,9.85);
#5541=CIRCLE('',#9765,9.85);
#5542=CIRCLE('',#9767,0.848497590214476);
#5543=CIRCLE('',#9769,0.875000000000001);
#5544=CIRCLE('',#9771,0.875000000000001);
#5545=CIRCLE('',#9773,12.8258801890976);
#5546=CIRCLE('',#9775,12.8258801890976);
#5547=CIRCLE('',#9776,13.5);
#5548=CIRCLE('',#9779,13.5);
#5549=CIRCLE('',#9782,13.5);
#5550=CIRCLE('',#9783,12.8258801890976);
#5551=CIRCLE('',#9789,12.8258801890976);
#5552=CIRCLE('',#9791,13.5);
#5553=CIRCLE('',#9792,12.8258801890976);
#5554=CIRCLE('',#9795,13.5);
#5555=CIRCLE('',#9798,12.8258801890976);
#5556=CIRCLE('',#9799,13.5);
#5557=CIRCLE('',#9801,12.8258801890976);
#5558=CIRCLE('',#9803,12.8258801890976);
#5559=CIRCLE('',#9804,13.5);
#5560=CIRCLE('',#9807,13.5);
#5561=CIRCLE('',#9810,13.5);
#5562=CIRCLE('',#9811,12.8258801890976);
#5563=CIRCLE('',#9821,12.8258801890976);
#5564=CIRCLE('',#9823,13.5);
#5565=CIRCLE('',#9824,12.8258801890976);
#5566=CIRCLE('',#9827,13.5);
#5567=CIRCLE('',#9830,12.8258801890976);
#5568=CIRCLE('',#9831,13.5);
#5569=CIRCLE('',#9833,9.85);
#5570=CIRCLE('',#9834,10.95);
#5571=CIRCLE('',#9837,9.85);
#5572=CIRCLE('',#9838,10.95);
#5573=CIRCLE('',#9841,9.85);
#5574=CIRCLE('',#9842,10.95);
#5575=CIRCLE('',#9845,9.85);
#5576=CIRCLE('',#9846,10.95);
#5577=CIRCLE('',#9850,10.95);
#5578=CIRCLE('',#9856,10.95);
#5579=CIRCLE('',#9862,10.95);
#5580=CIRCLE('',#9868,10.95);
#5581=CIRCLE('',#9874,10.95);
#5582=CIRCLE('',#9879,10.95);
#5583=CIRCLE('',#9880,10.95);
#5584=CIRCLE('',#9881,10.95);
#5585=CIRCLE('',#9882,10.95);
#5586=CIRCLE('',#9883,9.85);
#5587=CIRCLE('',#9884,10.95);
#5588=CIRCLE('',#9885,10.95);
#5589=CIRCLE('',#9888,10.95);
#5590=CIRCLE('',#9893,10.95);
#5591=CIRCLE('',#9894,9.85);
#5592=CIRCLE('',#9895,10.95);
#5593=CIRCLE('',#9897,0.7);
#5594=CIRCLE('',#9898,0.7);
#5595=CIRCLE('',#9901,0.7);
#5596=CIRCLE('',#9902,0.7);
#5597=CIRCLE('',#9906,0.7);
#5598=CIRCLE('',#9907,0.7);
#5599=CIRCLE('',#9910,0.7);
#5600=CIRCLE('',#9911,0.7);
#5601=CIRCLE('',#9916,0.7);
#5602=CIRCLE('',#9917,0.7);
#5603=CIRCLE('',#9920,0.7);
#5604=CIRCLE('',#9921,0.7);
#5605=CIRCLE('',#9925,0.7);
#5606=CIRCLE('',#9926,0.7);
#5607=CIRCLE('',#9929,0.7);
#5608=CIRCLE('',#9930,0.7);
#5609=CIRCLE('',#9933,1.30293633917187);
#5610=CIRCLE('',#9935,9.85);
#5611=CIRCLE('',#9937,0.848497590214476);
#5612=CIRCLE('',#9939,0.875000000000001);
#5613=CIRCLE('',#9941,0.875000000000001);
#5614=CIRCLE('',#9945,12.8258801890976);
#5615=CIRCLE('',#9948,13.5);
#5616=CIRCLE('',#9949,13.5);
#5617=CIRCLE('',#9950,13.5);
#5618=CIRCLE('',#9953,1.15);
#5619=CIRCLE('',#9954,1.15);
#5620=CIRCLE('',#9957,1.15);
#5621=CIRCLE('',#9958,1.15);
#5622=CIRCLE('',#9961,13.5);
#5623=CIRCLE('',#9962,13.5);
#5624=CIRCLE('',#9964,0.2);
#5625=CIRCLE('',#9965,0.2);
#5626=CIRCLE('',#9968,0.2);
#5627=CIRCLE('',#9969,0.2);
#5628=CIRCLE('',#9972,0.2);
#5629=CIRCLE('',#9973,0.2);
#5630=CIRCLE('',#9976,0.2);
#5631=CIRCLE('',#9977,0.2);
#5632=CIRCLE('',#9979,13.5);
#5633=CIRCLE('',#9980,13.5);
#5634=CIRCLE('',#9983,1.15);
#5635=CIRCLE('',#9984,1.15);
#5636=CIRCLE('',#9987,1.15);
#5637=CIRCLE('',#9988,1.15);
#5638=CIRCLE('',#9992,12.8258801890976);
#5639=CIRCLE('',#9995,13.5);
#5640=CIRCLE('',#9996,13.5);
#5641=CIRCLE('',#9997,13.5);
#5642=CIRCLE('',#10002,12.8258801890976);
#5643=CIRCLE('',#10005,13.5);
#5644=CIRCLE('',#10006,13.5);
#5645=CIRCLE('',#10007,13.5);
#5646=CIRCLE('',#10010,1.15);
#5647=CIRCLE('',#10011,1.15);
#5648=CIRCLE('',#10014,1.15);
#5649=CIRCLE('',#10015,1.15);
#5650=CIRCLE('',#10018,13.5);
#5651=CIRCLE('',#10019,13.5);
#5652=CIRCLE('',#10021,0.2);
#5653=CIRCLE('',#10022,0.2);
#5654=CIRCLE('',#10025,0.2);
#5655=CIRCLE('',#10026,0.2);
#5656=CIRCLE('',#10029,0.2);
#5657=CIRCLE('',#10030,0.2);
#5658=CIRCLE('',#10033,0.2);
#5659=CIRCLE('',#10034,0.2);
#5660=CIRCLE('',#10036,13.5);
#5661=CIRCLE('',#10037,13.5);
#5662=CIRCLE('',#10040,1.15);
#5663=CIRCLE('',#10041,1.15);
#5664=CIRCLE('',#10044,1.15);
#5665=CIRCLE('',#10045,1.15);
#5666=CIRCLE('',#10049,12.8258801890976);
#5667=CIRCLE('',#10054,13.5);
#5668=CIRCLE('',#10055,13.5);
#5669=CIRCLE('',#10056,13.5);
#5670=CIRCLE('',#10059,10.95);
#5671=CIRCLE('',#10061,0.3);
#5672=CIRCLE('',#10063,0.25);
#5673=CIRCLE('',#10065,0.425);
#5674=CIRCLE('',#10067,0.425);
#5675=CIRCLE('',#10069,0.25);
#5676=CIRCLE('',#10077,0.500000000000001);
#5677=CIRCLE('',#10078,0.500000000000001);
#5678=CIRCLE('',#10081,13.4165654668925);
#5679=CIRCLE('',#10082,0.283434533107497);
#5680=CIRCLE('',#10083,0.116565466892506);
#5681=CIRCLE('',#10084,0.116565466892506);
#5682=CIRCLE('',#10085,0.283434533107495);
#5683=CIRCLE('',#10086,13.4165654668925);
#5684=CIRCLE('',#10094,0.500000000000001);
#5685=CIRCLE('',#10095,0.500000000000001);
#5686=CIRCLE('',#10098,13.4165654668925);
#5687=CIRCLE('',#10101,1.2);
#5688=CIRCLE('',#10102,1.2);
#5689=CIRCLE('',#10104,0.179283719945432);
#5690=CIRCLE('',#10105,0.179283719945432);
#5691=CIRCLE('',#10108,0.279637568636632);
#5692=CIRCLE('',#10109,0.279637568636632);
#5693=CIRCLE('',#10115,0.2262294691448);
#5694=CIRCLE('',#10116,0.2262294691448);
#5695=CIRCLE('',#10118,1.2);
#5696=CIRCLE('',#10120,1.2);
#5697=CIRCLE('',#10123,13.4165654668925);
#5698=CIRCLE('',#10131,0.500000000000001);
#5699=CIRCLE('',#10132,0.500000000000001);
#5700=CIRCLE('',#10135,13.4165654668925);
#5701=CIRCLE('',#10136,0.283434533107497);
#5702=CIRCLE('',#10137,0.116565466892506);
#5703=CIRCLE('',#10138,0.116565466892506);
#5704=CIRCLE('',#10139,0.283434533107495);
#5705=CIRCLE('',#10140,13.4165654668925);
#5706=CIRCLE('',#10148,0.500000000000001);
#5707=CIRCLE('',#10149,0.500000000000001);
#5708=CIRCLE('',#10152,13.4165654668925);
#5709=CIRCLE('',#10155,1.2);
#5710=CIRCLE('',#10156,1.2);
#5711=CIRCLE('',#10158,0.179283719945432);
#5712=CIRCLE('',#10159,0.179283719945432);
#5713=CIRCLE('',#10162,0.279637568636632);
#5714=CIRCLE('',#10163,0.279637568636632);
#5715=CIRCLE('',#10170,0.2262294691448);
#5716=CIRCLE('',#10171,0.2262294691448);
#5717=CIRCLE('',#10173,1.2);
#5718=CIRCLE('',#10175,1.2);
#5719=CIRCLE('',#10178,13.4165654668925);
#5720=CIRCLE('',#10180,11.05);
#5721=CIRCLE('',#10182,0.3);
#5722=CIRCLE('',#10184,0.25);
#5723=CIRCLE('',#10186,0.425);
#5724=CIRCLE('',#10188,0.425);
#5725=CIRCLE('',#10190,0.25);
#5726=CIRCLE('',#10192,0.479999999999995);
#5727=CIRCLE('',#10194,0.479999999999995);
#5728=CIRCLE('',#10197,13.4165654668925);
#5729=CIRCLE('',#10199,0.283434533107497);
#5730=CIRCLE('',#10202,0.116565466892506);
#5731=CIRCLE('',#10205,0.116565466892506);
#5732=CIRCLE('',#10208,0.283434533107495);
#5733=CIRCLE('',#10210,13.4165654668925);
#5734=CIRCLE('',#10212,0.479999999999995);
#5735=CIRCLE('',#10214,0.479999999999995);
#5736=CIRCLE('',#10217,13.4165654668925);
#5737=CIRCLE('',#10219,0.339437457783115);
#5738=CIRCLE('',#10221,0.339437457783115);
#5739=CIRCLE('',#10224,13.4165654668925);
#5740=CIRCLE('',#10226,0.479999999999995);
#5741=CIRCLE('',#10228,0.479999999999995);
#5742=CIRCLE('',#10231,13.4165654668925);
#5743=CIRCLE('',#10233,0.283434533107497);
#5744=CIRCLE('',#10236,0.116565466892506);
#5745=CIRCLE('',#10239,0.116565466892506);
#5746=CIRCLE('',#10242,0.283434533107495);
#5747=CIRCLE('',#10244,13.4165654668925);
#5748=CIRCLE('',#10246,0.479999999999995);
#5749=CIRCLE('',#10248,0.479999999999995);
#5750=CIRCLE('',#10251,13.4165654668925);
#5751=CIRCLE('',#10253,0.339437457783115);
#5752=CIRCLE('',#10255,0.339437457783115);
#5753=CIRCLE('',#10258,13.4165654668925);
#5754=CIRCLE('',#10260,11.05);
#5755=CIRCLE('',#10262,0.35);
#5756=CIRCLE('',#10264,0.3);
#5757=CIRCLE('',#10266,0.475);
#5758=CIRCLE('',#10268,0.475);
#5759=CIRCLE('',#10270,0.3);
#5760=CIRCLE('',#10273,9.31264121237693);
#5761=CIRCLE('',#10274,8.8);
#5762=CIRCLE('',#10275,9.3);
#5763=CIRCLE('',#10276,8.8);
#5764=CIRCLE('',#10277,9.31264121237693);
#5765=CIRCLE('',#10278,8.8);
#5766=CIRCLE('',#10279,9.3);
#5767=CIRCLE('',#10280,8.8);
#5768=CIRCLE('',#10281,9.3);
#5769=CIRCLE('',#10282,8.8);
#5770=CIRCLE('',#10283,9.31264121237693);
#5771=CIRCLE('',#10284,8.8);
#5772=CIRCLE('',#10285,9.3);
#5773=CIRCLE('',#10286,8.8);
#5774=CIRCLE('',#10287,9.31264121237693);
#5775=CIRCLE('',#10288,8.8);
#5776=CIRCLE('',#10289,9.3);
#5777=CIRCLE('',#10290,8.8);
#5778=CIRCLE('',#10291,9.3);
#5779=CIRCLE('',#10292,8.8);
#5780=CIRCLE('',#10293,9.8);
#5781=CIRCLE('',#10295,9.8);
#5782=CIRCLE('',#10297,8.8);
#5783=CIRCLE('',#10298,9.31264121237693);
#5784=CIRCLE('',#10300,8.8);
#5785=CIRCLE('',#10301,9.15);
#5786=CIRCLE('',#10303,9.31264121237693);
#5787=CIRCLE('',#10304,8.8);
#5788=CIRCLE('',#10306,8.8);
#5789=CIRCLE('',#10307,9.15);
#5790=CIRCLE('',#10309,8.8);
#5791=CIRCLE('',#10310,9.31264121237693);
#5792=CIRCLE('',#10312,8.8);
#5793=CIRCLE('',#10313,9.15);
#5794=CIRCLE('',#10315,9.3);
#5795=CIRCLE('',#10316,9.3);
#5796=CIRCLE('',#10317,8.8);
#5797=CIRCLE('',#10318,9.3);
#5798=CIRCLE('',#10319,9.3);
#5799=CIRCLE('',#10320,9.15);
#5800=CIRCLE('',#10321,9.3);
#5801=CIRCLE('',#10322,8.8);
#5802=CIRCLE('',#10323,9.3);
#5803=CIRCLE('',#10325,8.8);
#5804=CIRCLE('',#10327,9.31264121237693);
#5805=CIRCLE('',#10328,8.8);
#5806=EDGE_LOOP('',(#1628));
#5807=EDGE_LOOP('',(#1629));
#5808=EDGE_LOOP('',(#1630));
#5809=EDGE_LOOP('',(#1631));
#5810=EDGE_LOOP('',(#1632));
#5811=EDGE_LOOP('',(#1633));
#5812=EDGE_LOOP('',(#1634));
#5813=EDGE_LOOP('',(#1635));
#5814=EDGE_LOOP('',(#1636,#1637,#1638,#1639));
#5815=EDGE_LOOP('',(#1640,#1641,#1642,#1643));
#5816=EDGE_LOOP('',(#1644,#1645,#1646,#1647));
#5817=EDGE_LOOP('',(#1648,#1649,#1650,#1651));
#5818=EDGE_LOOP('',(#1652,#1653,#1654,#1655));
#5819=EDGE_LOOP('',(#1656,#1657,#1658,#1659));
#5820=EDGE_LOOP('',(#1660,#1661,#1662,#1663));
#5821=EDGE_LOOP('',(#1664,#1665,#1666,#1667));
#5822=EDGE_LOOP('',(#1668,#1669,#1670,#1671));
#5823=EDGE_LOOP('',(#1672,#1673,#1674,#1675));
#5824=EDGE_LOOP('',(#1676,#1677,#1678,#1679));
#5825=EDGE_LOOP('',(#1680,#1681,#1682,#1683));
#5826=EDGE_LOOP('',(#1684,#1685,#1686,#1687));
#5827=EDGE_LOOP('',(#1688,#1689,#1690,#1691));
#5828=EDGE_LOOP('',(#1692,#1693,#1694,#1695));
#5829=EDGE_LOOP('',(#1696));
#5830=EDGE_LOOP('',(#1697));
#5831=EDGE_LOOP('',(#1698));
#5832=EDGE_LOOP('',(#1699,#1700,#1701,#1702));
#5833=EDGE_LOOP('',(#1703,#1704,#1705,#1706));
#5834=EDGE_LOOP('',(#1707,#1708,#1709,#1710,#1711,#1712,#1713,#1714,#1715,
#1716));
#5835=EDGE_LOOP('',(#1717,#1718,#1719,#1720,#1721,#1722,#1723,#1724,#1725,
#1726));
#5836=EDGE_LOOP('',(#1727,#1728,#1729,#1730));
#5837=EDGE_LOOP('',(#1731,#1732,#1733,#1734));
#5838=EDGE_LOOP('',(#1735,#1736,#1737,#1738));
#5839=EDGE_LOOP('',(#1739,#1740,#1741,#1742));
#5840=EDGE_LOOP('',(#1743,#1744,#1745,#1746));
#5841=EDGE_LOOP('',(#1747,#1748,#1749,#1750));
#5842=EDGE_LOOP('',(#1751,#1752,#1753,#1754,#1755,#1756,#1757,#1758,#1759,
#1760));
#5843=EDGE_LOOP('',(#1761,#1762,#1763,#1764));
#5844=EDGE_LOOP('',(#1765,#1766,#1767,#1768,#1769,#1770,#1771,#1772,#1773,
#1774));
#5845=EDGE_LOOP('',(#1775,#1776,#1777,#1778));
#5846=EDGE_LOOP('',(#1779,#1780,#1781,#1782));
#5847=EDGE_LOOP('',(#1783,#1784,#1785,#1786,#1787,#1788,#1789,#1790,#1791,
#1792));
#5848=EDGE_LOOP('',(#1793,#1794,#1795,#1796));
#5849=EDGE_LOOP('',(#1797,#1798,#1799,#1800,#1801,#1802,#1803,#1804,#1805,
#1806));
#5850=EDGE_LOOP('',(#1807,#1808,#1809,#1810));
#5851=EDGE_LOOP('',(#1811,#1812,#1813,#1814));
#5852=EDGE_LOOP('',(#1815,#1816,#1817,#1818,#1819,#1820));
#5853=EDGE_LOOP('',(#1821,#1822,#1823,#1824,#1825,#1826));
#5854=EDGE_LOOP('',(#1827,#1828,#1829,#1830));
#5855=EDGE_LOOP('',(#1831,#1832,#1833,#1834,#1835,#1836,#1837,#1838));
#5856=EDGE_LOOP('',(#1839,#1840,#1841,#1842,#1843,#1844,#1845,#1846));
#5857=EDGE_LOOP('',(#1847));
#5858=EDGE_LOOP('',(#1848,#1849));
#5859=EDGE_LOOP('',(#1850,#1851,#1852,#1853));
#5860=EDGE_LOOP('',(#1854,#1855,#1856,#1857));
#5861=EDGE_LOOP('',(#1858,#1859,#1860,#1861));
#5862=EDGE_LOOP('',(#1862,#1863,#1864,#1865));
#5863=EDGE_LOOP('',(#1866,#1867,#1868,#1869));
#5864=EDGE_LOOP('',(#1870,#1871,#1872,#1873));
#5865=EDGE_LOOP('',(#1874));
#5866=EDGE_LOOP('',(#1875));
#5867=EDGE_LOOP('',(#1876));
#5868=EDGE_LOOP('',(#1877));
#5869=EDGE_LOOP('',(#1878,#1879,#1880,#1881));
#5870=EDGE_LOOP('',(#1882,#1883,#1884,#1885));
#5871=EDGE_LOOP('',(#1886,#1887,#1888,#1889,#1890,#1891));
#5872=EDGE_LOOP('',(#1892,#1893,#1894,#1895));
#5873=EDGE_LOOP('',(#1896,#1897,#1898,#1899,#1900,#1901));
#5874=EDGE_LOOP('',(#1902,#1903,#1904,#1905));
#5875=EDGE_LOOP('',(#1906,#1907,#1908,#1909,#1910,#1911,#1912));
#5876=EDGE_LOOP('',(#1913,#1914,#1915,#1916));
#5877=EDGE_LOOP('',(#1917,#1918,#1919,#1920,#1921,#1922,#1923));
#5878=EDGE_LOOP('',(#1924,#1925,#1926,#1927));
#5879=EDGE_LOOP('',(#1928,#1929,#1930,#1931));
#5880=EDGE_LOOP('',(#1932,#1933,#1934,#1935));
#5881=EDGE_LOOP('',(#1936,#1937,#1938,#1939,#1940,#1941));
#5882=EDGE_LOOP('',(#1942,#1943,#1944,#1945));
#5883=EDGE_LOOP('',(#1946,#1947,#1948,#1949,#1950,#1951));
#5884=EDGE_LOOP('',(#1952,#1953,#1954,#1955));
#5885=EDGE_LOOP('',(#1956,#1957,#1958,#1959));
#5886=EDGE_LOOP('',(#1960,#1961,#1962,#1963));
#5887=EDGE_LOOP('',(#1964,#1965,#1966,#1967,#1968,#1969));
#5888=EDGE_LOOP('',(#1970,#1971,#1972,#1973));
#5889=EDGE_LOOP('',(#1974,#1975,#1976,#1977,#1978,#1979));
#5890=EDGE_LOOP('',(#1980,#1981,#1982,#1983));
#5891=EDGE_LOOP('',(#1984,#1985,#1986,#1987));
#5892=EDGE_LOOP('',(#1988,#1989,#1990,#1991,#1992,#1993,#1994));
#5893=EDGE_LOOP('',(#1995,#1996,#1997,#1998));
#5894=EDGE_LOOP('',(#1999,#2000,#2001,#2002,#2003,#2004,#2005));
#5895=EDGE_LOOP('',(#2006,#2007,#2008,#2009));
#5896=EDGE_LOOP('',(#2010,#2011,#2012,#2013,#2014,#2015,#2016));
#5897=EDGE_LOOP('',(#2017,#2018,#2019,#2020));
#5898=EDGE_LOOP('',(#2021,#2022,#2023,#2024,#2025,#2026,#2027));
#5899=EDGE_LOOP('',(#2028,#2029,#2030,#2031));
#5900=EDGE_LOOP('',(#2032,#2033,#2034,#2035));
#5901=EDGE_LOOP('',(#2036,#2037,#2038,#2039,#2040,#2041));
#5902=EDGE_LOOP('',(#2042,#2043,#2044,#2045));
#5903=EDGE_LOOP('',(#2046,#2047,#2048,#2049,#2050,#2051));
#5904=EDGE_LOOP('',(#2052,#2053,#2054,#2055));
#5905=EDGE_LOOP('',(#2056,#2057,#2058,#2059));
#5906=EDGE_LOOP('',(#2060,#2061,#2062,#2063));
#5907=EDGE_LOOP('',(#2064,#2065,#2066,#2067));
#5908=EDGE_LOOP('',(#2068,#2069,#2070,#2071));
#5909=EDGE_LOOP('',(#2072,#2073,#2074,#2075));
#5910=EDGE_LOOP('',(#2076,#2077,#2078,#2079));
#5911=EDGE_LOOP('',(#2080,#2081,#2082,#2083));
#5912=EDGE_LOOP('',(#2084,#2085,#2086,#2087));
#5913=EDGE_LOOP('',(#2088,#2089,#2090,#2091));
#5914=EDGE_LOOP('',(#2092,#2093,#2094,#2095));
#5915=EDGE_LOOP('',(#2096,#2097,#2098,#2099));
#5916=EDGE_LOOP('',(#2100,#2101,#2102,#2103));
#5917=EDGE_LOOP('',(#2104,#2105,#2106,#2107));
#5918=EDGE_LOOP('',(#2108,#2109,#2110,#2111));
#5919=EDGE_LOOP('',(#2112,#2113,#2114,#2115));
#5920=EDGE_LOOP('',(#2116,#2117,#2118,#2119));
#5921=EDGE_LOOP('',(#2120,#2121,#2122,#2123));
#5922=EDGE_LOOP('',(#2124,#2125,#2126,#2127));
#5923=EDGE_LOOP('',(#2128,#2129,#2130,#2131));
#5924=EDGE_LOOP('',(#2132,#2133));
#5925=EDGE_LOOP('',(#2134,#2135,#2136,#2137));
#5926=EDGE_LOOP('',(#2138,#2139,#2140,#2141));
#5927=EDGE_LOOP('',(#2142,#2143,#2144,#2145));
#5928=EDGE_LOOP('',(#2146,#2147,#2148,#2149));
#5929=EDGE_LOOP('',(#2150,#2151,#2152,#2153));
#5930=EDGE_LOOP('',(#2154,#2155,#2156,#2157));
#5931=EDGE_LOOP('',(#2158,#2159,#2160,#2161));
#5932=EDGE_LOOP('',(#2162,#2163,#2164,#2165));
#5933=EDGE_LOOP('',(#2166,#2167,#2168,#2169,#2170,#2171,#2172,#2173,#2174,
#2175,#2176,#2177,#2178,#2179,#2180,#2181,#2182,#2183,#2184,#2185,#2186,
#2187,#2188,#2189,#2190,#2191));
#5934=EDGE_LOOP('',(#2192,#2193,#2194,#2195));
#5935=EDGE_LOOP('',(#2196,#2197,#2198,#2199));
#5936=EDGE_LOOP('',(#2200,#2201,#2202,#2203));
#5937=EDGE_LOOP('',(#2204,#2205));
#5938=EDGE_LOOP('',(#2206,#2207,#2208,#2209,#2210,#2211,#2212,#2213,#2214,
#2215));
#5939=EDGE_LOOP('',(#2216,#2217,#2218,#2219));
#5940=EDGE_LOOP('',(#2220,#2221,#2222,#2223));
#5941=EDGE_LOOP('',(#2224,#2225,#2226,#2227));
#5942=EDGE_LOOP('',(#2228,#2229,#2230,#2231));
#5943=EDGE_LOOP('',(#2232,#2233,#2234,#2235));
#5944=EDGE_LOOP('',(#2236,#2237,#2238,#2239));
#5945=EDGE_LOOP('',(#2240,#2241,#2242,#2243));
#5946=EDGE_LOOP('',(#2244,#2245,#2246,#2247));
#5947=EDGE_LOOP('',(#2248,#2249,#2250,#2251));
#5948=EDGE_LOOP('',(#2252,#2253,#2254,#2255));
#5949=EDGE_LOOP('',(#2256,#2257,#2258,#2259));
#5950=EDGE_LOOP('',(#2260,#2261,#2262,#2263));
#5951=EDGE_LOOP('',(#2264,#2265,#2266,#2267));
#5952=EDGE_LOOP('',(#2268,#2269,#2270,#2271));
#5953=EDGE_LOOP('',(#2272,#2273,#2274,#2275));
#5954=EDGE_LOOP('',(#2276,#2277,#2278,#2279));
#5955=EDGE_LOOP('',(#2280,#2281,#2282,#2283));
#5956=EDGE_LOOP('',(#2284,#2285,#2286,#2287));
#5957=EDGE_LOOP('',(#2288,#2289,#2290,#2291));
#5958=EDGE_LOOP('',(#2292,#2293,#2294,#2295));
#5959=EDGE_LOOP('',(#2296,#2297,#2298,#2299));
#5960=EDGE_LOOP('',(#2300,#2301,#2302,#2303));
#5961=EDGE_LOOP('',(#2304,#2305,#2306,#2307,#2308,#2309,#2310,#2311));
#5962=EDGE_LOOP('',(#2312,#2313,#2314,#2315));
#5963=EDGE_LOOP('',(#2316,#2317,#2318,#2319));
#5964=EDGE_LOOP('',(#2320));
#5965=EDGE_LOOP('',(#2321));
#5966=EDGE_LOOP('',(#2322));
#5967=EDGE_LOOP('',(#2323));
#5968=EDGE_LOOP('',(#2324));
#5969=EDGE_LOOP('',(#2325));
#5970=EDGE_LOOP('',(#2326,#2327,#2328,#2329));
#5971=EDGE_LOOP('',(#2330,#2331,#2332,#2333));
#5972=EDGE_LOOP('',(#2334,#2335,#2336,#2337,#2338,#2339,#2340,#2341));
#5973=EDGE_LOOP('',(#2342,#2343,#2344,#2345));
#5974=EDGE_LOOP('',(#2346,#2347,#2348,#2349,#2350,#2351,#2352,#2353,#2354,
#2355,#2356,#2357,#2358));
#5975=EDGE_LOOP('',(#2359,#2360,#2361,#2362));
#5976=EDGE_LOOP('',(#2363,#2364,#2365,#2366));
#5977=EDGE_LOOP('',(#2367,#2368,#2369,#2370));
#5978=EDGE_LOOP('',(#2371,#2372,#2373,#2374));
#5979=EDGE_LOOP('',(#2375,#2376,#2377,#2378));
#5980=EDGE_LOOP('',(#2379,#2380,#2381,#2382,#2383));
#5981=EDGE_LOOP('',(#2384,#2385,#2386,#2387));
#5982=EDGE_LOOP('',(#2388,#2389,#2390,#2391));
#5983=EDGE_LOOP('',(#2392,#2393,#2394,#2395));
#5984=EDGE_LOOP('',(#2396,#2397,#2398,#2399));
#5985=EDGE_LOOP('',(#2400,#2401,#2402,#2403));
#5986=EDGE_LOOP('',(#2404,#2405,#2406,#2407));
#5987=EDGE_LOOP('',(#2408,#2409,#2410,#2411));
#5988=EDGE_LOOP('',(#2412,#2413,#2414,#2415));
#5989=EDGE_LOOP('',(#2416,#2417,#2418,#2419,#2420));
#5990=EDGE_LOOP('',(#2421,#2422,#2423,#2424));
#5991=EDGE_LOOP('',(#2425,#2426,#2427,#2428));
#5992=EDGE_LOOP('',(#2429,#2430,#2431,#2432));
#5993=EDGE_LOOP('',(#2433,#2434,#2435,#2436));
#5994=EDGE_LOOP('',(#2437,#2438,#2439,#2440));
#5995=EDGE_LOOP('',(#2441,#2442,#2443,#2444));
#5996=EDGE_LOOP('',(#2445,#2446,#2447,#2448,#2449,#2450,#2451,#2452));
#5997=EDGE_LOOP('',(#2453,#2454,#2455,#2456));
#5998=EDGE_LOOP('',(#2457,#2458,#2459,#2460,#2461,#2462,#2463,#2464,#2465,
#2466,#2467,#2468,#2469));
#5999=EDGE_LOOP('',(#2470,#2471,#2472,#2473));
#6000=EDGE_LOOP('',(#2474,#2475,#2476,#2477));
#6001=EDGE_LOOP('',(#2478,#2479,#2480,#2481));
#6002=EDGE_LOOP('',(#2482,#2483,#2484,#2485,#2486,#2487,#2488,#2489));
#6003=EDGE_LOOP('',(#2490,#2491,#2492,#2493));
#6004=EDGE_LOOP('',(#2494,#2495,#2496,#2497,#2498,#2499,#2500,#2501,#2502,
#2503,#2504,#2505,#2506));
#6005=EDGE_LOOP('',(#2507,#2508,#2509,#2510));
#6006=EDGE_LOOP('',(#2511,#2512,#2513,#2514));
#6007=EDGE_LOOP('',(#2515,#2516,#2517,#2518));
#6008=EDGE_LOOP('',(#2519,#2520,#2521,#2522));
#6009=EDGE_LOOP('',(#2523,#2524,#2525,#2526));
#6010=EDGE_LOOP('',(#2527,#2528,#2529,#2530,#2531));
#6011=EDGE_LOOP('',(#2532,#2533,#2534,#2535));
#6012=EDGE_LOOP('',(#2536,#2537,#2538,#2539));
#6013=EDGE_LOOP('',(#2540,#2541,#2542,#2543));
#6014=EDGE_LOOP('',(#2544,#2545,#2546,#2547));
#6015=EDGE_LOOP('',(#2548,#2549,#2550,#2551));
#6016=EDGE_LOOP('',(#2552,#2553,#2554,#2555));
#6017=EDGE_LOOP('',(#2556,#2557,#2558,#2559));
#6018=EDGE_LOOP('',(#2560,#2561,#2562,#2563));
#6019=EDGE_LOOP('',(#2564,#2565,#2566,#2567));
#6020=EDGE_LOOP('',(#2568,#2569,#2570,#2571,#2572));
#6021=EDGE_LOOP('',(#2573,#2574,#2575,#2576));
#6022=EDGE_LOOP('',(#2577,#2578,#2579,#2580));
#6023=EDGE_LOOP('',(#2581,#2582,#2583,#2584));
#6024=EDGE_LOOP('',(#2585,#2586,#2587,#2588));
#6025=EDGE_LOOP('',(#2589,#2590,#2591,#2592));
#6026=EDGE_LOOP('',(#2593,#2594,#2595,#2596));
#6027=EDGE_LOOP('',(#2597,#2598,#2599,#2600,#2601,#2602,#2603,#2604));
#6028=EDGE_LOOP('',(#2605,#2606,#2607,#2608));
#6029=EDGE_LOOP('',(#2609,#2610,#2611,#2612));
#6030=EDGE_LOOP('',(#2613,#2614,#2615,#2616));
#6031=EDGE_LOOP('',(#2617,#2618,#2619,#2620,#2621,#2622,#2623,#2624,#2625,
#2626,#2627,#2628,#2629));
#6032=EDGE_LOOP('',(#2630,#2631,#2632,#2633));
#6033=EDGE_LOOP('',(#2634,#2635,#2636,#2637,#2638,#2639,#2640,#2641,#2642,
#2643,#2644,#2645,#2646,#2647,#2648,#2649,#2650,#2651,#2652,#2653,#2654,
#2655,#2656,#2657,#2658,#2659,#2660,#2661,#2662,#2663,#2664,#2665));
#6034=EDGE_LOOP('',(#2666,#2667,#2668,#2669));
#6035=EDGE_LOOP('',(#2670,#2671,#2672,#2673));
#6036=EDGE_LOOP('',(#2674));
#6037=EDGE_LOOP('',(#2675));
#6038=EDGE_LOOP('',(#2676));
#6039=EDGE_LOOP('',(#2677));
#6040=EDGE_LOOP('',(#2678));
#6041=EDGE_LOOP('',(#2679));
#6042=EDGE_LOOP('',(#2680,#2681,#2682,#2683));
#6043=EDGE_LOOP('',(#2684,#2685,#2686,#2687));
#6044=EDGE_LOOP('',(#2688,#2689,#2690,#2691));
#6045=EDGE_LOOP('',(#2692,#2693,#2694,#2695,#2696,#2697,#2698,#2699,#2700,
#2701,#2702,#2703,#2704,#2705,#2706,#2707));
#6046=EDGE_LOOP('',(#2708,#2709,#2710,#2711));
#6047=EDGE_LOOP('',(#2712,#2713,#2714,#2715));
#6048=EDGE_LOOP('',(#2716,#2717,#2718,#2719));
#6049=EDGE_LOOP('',(#2720,#2721,#2722,#2723,#2724,#2725,#2726,#2727));
#6050=EDGE_LOOP('',(#2728,#2729,#2730,#2731,#2732,#2733,#2734,#2735,#2736,
#2737,#2738,#2739,#2740,#2741,#2742,#2743,#2744,#2745,#2746,#2747,#2748,
#2749,#2750,#2751));
#6051=EDGE_LOOP('',(#2752,#2753,#2754,#2755));
#6052=EDGE_LOOP('',(#2756,#2757,#2758,#2759));
#6053=EDGE_LOOP('',(#2760,#2761,#2762,#2763));
#6054=EDGE_LOOP('',(#2764,#2765,#2766,#2767,#2768,#2769,#2770,#2771,#2772,
#2773,#2774,#2775,#2776,#2777,#2778,#2779));
#6055=EDGE_LOOP('',(#2780,#2781,#2782,#2783));
#6056=EDGE_LOOP('',(#2784,#2785,#2786,#2787));
#6057=EDGE_LOOP('',(#2788,#2789,#2790,#2791));
#6058=EDGE_LOOP('',(#2792,#2793,#2794,#2795,#2796,#2797,#2798,#2799));
#6059=EDGE_LOOP('',(#2800,#2801,#2802,#2803,#2804,#2805,#2806,#2807));
#6060=EDGE_LOOP('',(#2808,#2809,#2810,#2811));
#6061=EDGE_LOOP('',(#2812,#2813,#2814,#2815));
#6062=EDGE_LOOP('',(#2816,#2817,#2818,#2819));
#6063=EDGE_LOOP('',(#2820,#2821,#2822,#2823));
#6064=EDGE_LOOP('',(#2824,#2825,#2826,#2827));
#6065=EDGE_LOOP('',(#2828,#2829,#2830,#2831));
#6066=EDGE_LOOP('',(#2832,#2833,#2834,#2835));
#6067=EDGE_LOOP('',(#2836,#2837,#2838,#2839));
#6068=EDGE_LOOP('',(#2840,#2841,#2842,#2843));
#6069=EDGE_LOOP('',(#2844,#2845,#2846,#2847));
#6070=EDGE_LOOP('',(#2848,#2849,#2850,#2851,#2852,#2853));
#6071=EDGE_LOOP('',(#2854,#2855,#2856,#2857));
#6072=EDGE_LOOP('',(#2858,#2859,#2860,#2861,#2862,#2863));
#6073=EDGE_LOOP('',(#2864,#2865,#2866,#2867,#2868,#2869,#2870,#2871));
#6074=EDGE_LOOP('',(#2872,#2873,#2874,#2875));
#6075=EDGE_LOOP('',(#2876,#2877,#2878,#2879));
#6076=EDGE_LOOP('',(#2880,#2881,#2882,#2883));
#6077=EDGE_LOOP('',(#2884,#2885,#2886,#2887,#2888,#2889,#2890,#2891,#2892,
#2893,#2894,#2895,#2896,#2897,#2898,#2899));
#6078=EDGE_LOOP('',(#2900,#2901,#2902,#2903));
#6079=EDGE_LOOP('',(#2904,#2905,#2906,#2907));
#6080=EDGE_LOOP('',(#2908,#2909,#2910,#2911));
#6081=EDGE_LOOP('',(#2912,#2913,#2914,#2915,#2916,#2917,#2918,#2919));
#6082=EDGE_LOOP('',(#2920,#2921,#2922,#2923,#2924,#2925,#2926,#2927,#2928,
#2929,#2930,#2931,#2932,#2933,#2934,#2935,#2936,#2937,#2938,#2939,#2940,
#2941,#2942,#2943));
#6083=EDGE_LOOP('',(#2944,#2945,#2946,#2947));
#6084=EDGE_LOOP('',(#2948,#2949,#2950,#2951));
#6085=EDGE_LOOP('',(#2952,#2953,#2954,#2955));
#6086=EDGE_LOOP('',(#2956,#2957,#2958,#2959,#2960,#2961,#2962,#2963,#2964,
#2965,#2966,#2967,#2968,#2969,#2970,#2971));
#6087=EDGE_LOOP('',(#2972,#2973,#2974,#2975));
#6088=EDGE_LOOP('',(#2976,#2977,#2978,#2979));
#6089=EDGE_LOOP('',(#2980,#2981,#2982,#2983));
#6090=EDGE_LOOP('',(#2984,#2985,#2986,#2987,#2988,#2989,#2990,#2991));
#6091=EDGE_LOOP('',(#2992,#2993,#2994,#2995,#2996,#2997,#2998,#2999));
#6092=EDGE_LOOP('',(#3000,#3001,#3002,#3003));
#6093=EDGE_LOOP('',(#3004,#3005,#3006,#3007));
#6094=EDGE_LOOP('',(#3008,#3009,#3010,#3011));
#6095=EDGE_LOOP('',(#3012,#3013,#3014,#3015));
#6096=EDGE_LOOP('',(#3016,#3017,#3018,#3019));
#6097=EDGE_LOOP('',(#3020,#3021,#3022,#3023));
#6098=EDGE_LOOP('',(#3024,#3025,#3026,#3027,#3028,#3029,#3030,#3031,#3032,
#3033,#3034,#3035,#3036,#3037,#3038,#3039,#3040,#3041,#3042,#3043,#3044,
#3045,#3046,#3047,#3048,#3049,#3050,#3051,#3052,#3053,#3054,#3055,#3056,
#3057,#3058,#3059,#3060,#3061,#3062,#3063,#3064,#3065,#3066,#3067,#3068,
#3069,#3070,#3071,#3072,#3073,#3074,#3075,#3076,#3077,#3078,#3079,#3080,
#3081,#3082,#3083,#3084,#3085,#3086,#3087,#3088,#3089,#3090,#3091,#3092,
#3093,#3094,#3095));
#6099=EDGE_LOOP('',(#3096));
#6100=EDGE_LOOP('',(#3097));
#6101=EDGE_LOOP('',(#3098));
#6102=EDGE_LOOP('',(#3099,#3100));
#6103=EDGE_LOOP('',(#3101,#3102,#3103,#3104));
#6104=EDGE_LOOP('',(#3105,#3106,#3107,#3108));
#6105=EDGE_LOOP('',(#3109,#3110,#3111,#3112));
#6106=EDGE_LOOP('',(#3113,#3114,#3115,#3116));
#6107=EDGE_LOOP('',(#3117,#3118,#3119,#3120,#3121,#3122));
#6108=EDGE_LOOP('',(#3123,#3124,#3125,#3126));
#6109=EDGE_LOOP('',(#3127,#3128,#3129,#3130,#3131,#3132));
#6110=EDGE_LOOP('',(#3133,#3134,#3135,#3136,#3137,#3138,#3139,#3140));
#6111=EDGE_LOOP('',(#3141));
#6112=EDGE_LOOP('',(#3142));
#6113=EDGE_LOOP('',(#3143));
#6114=EDGE_LOOP('',(#3144));
#6115=EDGE_LOOP('',(#3145));
#6116=EDGE_LOOP('',(#3146));
#6117=EDGE_LOOP('',(#3147));
#6118=EDGE_LOOP('',(#3148));
#6119=EDGE_LOOP('',(#3149));
#6120=EDGE_LOOP('',(#3150));
#6121=EDGE_LOOP('',(#3151));
#6122=EDGE_LOOP('',(#3152));
#6123=EDGE_LOOP('',(#3153,#3154,#3155,#3156,#3157,#3158,#3159,#3160,#3161,
#3162));
#6124=EDGE_LOOP('',(#3163,#3164,#3165,#3166));
#6125=EDGE_LOOP('',(#3167,#3168,#3169,#3170,#3171,#3172,#3173,#3174,#3175,
#3176));
#6126=EDGE_LOOP('',(#3177,#3178,#3179,#3180));
#6127=EDGE_LOOP('',(#3181,#3182,#3183,#3184));
#6128=EDGE_LOOP('',(#3185,#3186,#3187,#3188));
#6129=EDGE_LOOP('',(#3189,#3190,#3191,#3192));
#6130=EDGE_LOOP('',(#3193,#3194,#3195,#3196));
#6131=EDGE_LOOP('',(#3197,#3198,#3199,#3200));
#6132=EDGE_LOOP('',(#3201,#3202,#3203,#3204));
#6133=EDGE_LOOP('',(#3205,#3206,#3207,#3208));
#6134=EDGE_LOOP('',(#3209,#3210,#3211,#3212));
#6135=EDGE_LOOP('',(#3213,#3214,#3215,#3216,#3217,#3218,#3219,#3220,#3221,
#3222));
#6136=EDGE_LOOP('',(#3223,#3224,#3225,#3226));
#6137=EDGE_LOOP('',(#3227,#3228,#3229,#3230,#3231,#3232,#3233,#3234,#3235,
#3236));
#6138=EDGE_LOOP('',(#3237,#3238,#3239,#3240));
#6139=EDGE_LOOP('',(#3241,#3242,#3243,#3244,#3245,#3246,#3247,#3248,#3249,
#3250,#3251,#3252,#3253,#3254,#3255,#3256));
#6140=EDGE_LOOP('',(#3257,#3258,#3259,#3260));
#6141=EDGE_LOOP('',(#3261,#3262,#3263,#3264,#3265,#3266,#3267,#3268,#3269,
#3270,#3271,#3272,#3273,#3274,#3275,#3276));
#6142=EDGE_LOOP('',(#3277,#3278,#3279,#3280));
#6143=EDGE_LOOP('',(#3281,#3282,#3283,#3284,#3285,#3286,#3287,#3288,#3289,
#3290));
#6144=EDGE_LOOP('',(#3291,#3292,#3293,#3294));
#6145=EDGE_LOOP('',(#3295,#3296,#3297,#3298,#3299,#3300,#3301,#3302,#3303,
#3304));
#6146=EDGE_LOOP('',(#3305,#3306,#3307,#3308));
#6147=EDGE_LOOP('',(#3309,#3310,#3311,#3312));
#6148=EDGE_LOOP('',(#3313,#3314,#3315,#3316));
#6149=EDGE_LOOP('',(#3317,#3318,#3319,#3320));
#6150=EDGE_LOOP('',(#3321,#3322,#3323,#3324));
#6151=EDGE_LOOP('',(#3325,#3326,#3327,#3328));
#6152=EDGE_LOOP('',(#3329,#3330,#3331,#3332));
#6153=EDGE_LOOP('',(#3333,#3334,#3335,#3336));
#6154=EDGE_LOOP('',(#3337,#3338,#3339,#3340));
#6155=EDGE_LOOP('',(#3341,#3342,#3343,#3344,#3345,#3346,#3347,#3348,#3349,
#3350));
#6156=EDGE_LOOP('',(#3351,#3352,#3353,#3354));
#6157=EDGE_LOOP('',(#3355,#3356,#3357,#3358,#3359,#3360,#3361,#3362,#3363,
#3364));
#6158=EDGE_LOOP('',(#3365,#3366,#3367,#3368));
#6159=EDGE_LOOP('',(#3369,#3370,#3371,#3372,#3373,#3374,#3375,#3376,#3377,
#3378,#3379,#3380,#3381,#3382,#3383,#3384));
#6160=EDGE_LOOP('',(#3385,#3386,#3387,#3388));
#6161=EDGE_LOOP('',(#3389,#3390,#3391,#3392,#3393,#3394,#3395,#3396,#3397,
#3398,#3399,#3400,#3401,#3402,#3403,#3404));
#6162=EDGE_LOOP('',(#3405,#3406,#3407,#3408));
#6163=EDGE_LOOP('',(#3409));
#6164=EDGE_LOOP('',(#3410));
#6165=EDGE_LOOP('',(#3411));
#6166=EDGE_LOOP('',(#3412));
#6167=EDGE_LOOP('',(#3413));
#6168=EDGE_LOOP('',(#3414));
#6169=EDGE_LOOP('',(#3415));
#6170=EDGE_LOOP('',(#3416));
#6171=EDGE_LOOP('',(#3417));
#6172=EDGE_LOOP('',(#3418));
#6173=EDGE_LOOP('',(#3419));
#6174=EDGE_LOOP('',(#3420));
#6175=EDGE_LOOP('',(#3421));
#6176=EDGE_LOOP('',(#3422));
#6177=EDGE_LOOP('',(#3423));
#6178=EDGE_LOOP('',(#3424));
#6179=EDGE_LOOP('',(#3425));
#6180=EDGE_LOOP('',(#3426));
#6181=EDGE_LOOP('',(#3427));
#6182=EDGE_LOOP('',(#3428,#3429,#3430,#3431,#3432,#3433,#3434,#3435,#3436,
#3437,#3438,#3439,#3440,#3441,#3442,#3443,#3444,#3445,#3446,#3447,#3448,
#3449,#3450,#3451,#3452,#3453,#3454,#3455,#3456,#3457,#3458,#3459,#3460,
#3461,#3462,#3463,#3464,#3465,#3466,#3467));
#6183=EDGE_LOOP('',(#3468,#3469,#3470,#3471,#3472,#3473,#3474,#3475,#3476,
#3477,#3478,#3479,#3480,#3481,#3482,#3483,#3484,#3485,#3486,#3487,#3488,
#3489,#3490,#3491,#3492,#3493,#3494,#3495,#3496,#3497,#3498,#3499,#3500,
#3501,#3502,#3503,#3504,#3505,#3506,#3507));
#6184=EDGE_LOOP('',(#3508));
#6185=EDGE_LOOP('',(#3509));
#6186=EDGE_LOOP('',(#3510));
#6187=EDGE_LOOP('',(#3511,#3512,#3513,#3514));
#6188=EDGE_LOOP('',(#3515,#3516,#3517,#3518));
#6189=EDGE_LOOP('',(#3519,#3520,#3521,#3522));
#6190=EDGE_LOOP('',(#3523,#3524,#3525,#3526));
#6191=EDGE_LOOP('',(#3527,#3528,#3529,#3530));
#6192=EDGE_LOOP('',(#3531,#3532,#3533,#3534));
#6193=EDGE_LOOP('',(#3535,#3536,#3537,#3538,#3539,#3540,#3541,#3542,#3543,
#3544,#3545,#3546,#3547,#3548,#3549,#3550,#3551,#3552,#3553,#3554,#3555,
#3556,#3557,#3558));
#6194=EDGE_LOOP('',(#3559));
#6195=EDGE_LOOP('',(#3560,#3561,#3562,#3563));
#6196=EDGE_LOOP('',(#3564,#3565,#3566,#3567));
#6197=EDGE_LOOP('',(#3568,#3569,#3570,#3571));
#6198=EDGE_LOOP('',(#3572,#3573,#3574,#3575,#3576));
#6199=EDGE_LOOP('',(#3577,#3578,#3579,#3580));
#6200=EDGE_LOOP('',(#3581,#3582,#3583,#3584));
#6201=EDGE_LOOP('',(#3585,#3586,#3587,#3588));
#6202=EDGE_LOOP('',(#3589,#3590,#3591,#3592));
#6203=EDGE_LOOP('',(#3593,#3594,#3595,#3596));
#6204=EDGE_LOOP('',(#3597,#3598,#3599,#3600,#3601));
#6205=EDGE_LOOP('',(#3602,#3603,#3604,#3605));
#6206=EDGE_LOOP('',(#3606,#3607,#3608,#3609));
#6207=EDGE_LOOP('',(#3610,#3611,#3612,#3613));
#6208=EDGE_LOOP('',(#3614,#3615,#3616,#3617,#3618,#3619,#3620,#3621));
#6209=EDGE_LOOP('',(#3622,#3623,#3624,#3625,#3626));
#6210=EDGE_LOOP('',(#3627,#3628,#3629,#3630));
#6211=EDGE_LOOP('',(#3631,#3632,#3633,#3634,#3635));
#6212=EDGE_LOOP('',(#3636,#3637,#3638,#3639));
#6213=EDGE_LOOP('',(#3640,#3641,#3642,#3643));
#6214=EDGE_LOOP('',(#3644,#3645,#3646,#3647));
#6215=EDGE_LOOP('',(#3648,#3649,#3650,#3651,#3652,#3653,#3654,#3655));
#6216=EDGE_LOOP('',(#3656,#3657,#3658,#3659,#3660));
#6217=EDGE_LOOP('',(#3661,#3662,#3663,#3664));
#6218=EDGE_LOOP('',(#3665,#3666,#3667,#3668));
#6219=EDGE_LOOP('',(#3669,#3670,#3671,#3672));
#6220=EDGE_LOOP('',(#3673,#3674,#3675,#3676));
#6221=EDGE_LOOP('',(#3677,#3678,#3679,#3680));
#6222=EDGE_LOOP('',(#3681,#3682,#3683,#3684,#3685));
#6223=EDGE_LOOP('',(#3686,#3687,#3688,#3689));
#6224=EDGE_LOOP('',(#3690,#3691,#3692,#3693));
#6225=EDGE_LOOP('',(#3694,#3695,#3696,#3697));
#6226=EDGE_LOOP('',(#3698,#3699,#3700,#3701,#3702,#3703,#3704,#3705));
#6227=EDGE_LOOP('',(#3706,#3707,#3708,#3709,#3710));
#6228=EDGE_LOOP('',(#3711,#3712,#3713,#3714));
#6229=EDGE_LOOP('',(#3715,#3716,#3717,#3718,#3719));
#6230=EDGE_LOOP('',(#3720,#3721,#3722,#3723,#3724,#3725,#3726,#3727));
#6231=EDGE_LOOP('',(#3728,#3729,#3730,#3731));
#6232=EDGE_LOOP('',(#3732,#3733,#3734,#3735));
#6233=FACE_BOUND('',#5806,.T.);
#6234=FACE_BOUND('',#5807,.T.);
#6235=FACE_BOUND('',#5808,.T.);
#6236=FACE_BOUND('',#5809,.T.);
#6237=FACE_BOUND('',#5810,.T.);
#6238=FACE_BOUND('',#5811,.T.);
#6239=FACE_BOUND('',#5812,.T.);
#6240=FACE_BOUND('',#5813,.T.);
#6241=FACE_BOUND('',#5814,.T.);
#6242=FACE_BOUND('',#5815,.T.);
#6243=FACE_BOUND('',#5816,.T.);
#6244=FACE_BOUND('',#5817,.T.);
#6245=FACE_BOUND('',#5818,.T.);
#6246=FACE_BOUND('',#5819,.T.);
#6247=FACE_BOUND('',#5820,.T.);
#6248=FACE_BOUND('',#5821,.T.);
#6249=FACE_BOUND('',#5822,.T.);
#6250=FACE_BOUND('',#5823,.T.);
#6251=FACE_BOUND('',#5824,.T.);
#6252=FACE_BOUND('',#5825,.T.);
#6253=FACE_BOUND('',#5826,.T.);
#6254=FACE_BOUND('',#5827,.T.);
#6255=FACE_BOUND('',#5828,.T.);
#6256=FACE_BOUND('',#5829,.T.);
#6257=FACE_BOUND('',#5830,.T.);
#6258=FACE_BOUND('',#5831,.T.);
#6259=FACE_BOUND('',#5832,.T.);
#6260=FACE_BOUND('',#5833,.T.);
#6261=FACE_BOUND('',#5834,.T.);
#6262=FACE_BOUND('',#5835,.T.);
#6263=FACE_BOUND('',#5836,.T.);
#6264=FACE_BOUND('',#5837,.T.);
#6265=FACE_BOUND('',#5838,.T.);
#6266=FACE_BOUND('',#5839,.T.);
#6267=FACE_BOUND('',#5840,.T.);
#6268=FACE_BOUND('',#5841,.T.);
#6269=FACE_BOUND('',#5842,.T.);
#6270=FACE_BOUND('',#5843,.T.);
#6271=FACE_BOUND('',#5844,.T.);
#6272=FACE_BOUND('',#5845,.T.);
#6273=FACE_BOUND('',#5846,.T.);
#6274=FACE_BOUND('',#5847,.T.);
#6275=FACE_BOUND('',#5848,.T.);
#6276=FACE_BOUND('',#5849,.T.);
#6277=FACE_BOUND('',#5850,.T.);
#6278=FACE_BOUND('',#5851,.T.);
#6279=FACE_BOUND('',#5852,.T.);
#6280=FACE_BOUND('',#5853,.T.);
#6281=FACE_BOUND('',#5854,.T.);
#6282=FACE_BOUND('',#5855,.T.);
#6283=FACE_BOUND('',#5856,.T.);
#6284=FACE_BOUND('',#5857,.T.);
#6285=FACE_BOUND('',#5858,.T.);
#6286=FACE_BOUND('',#5859,.T.);
#6287=FACE_BOUND('',#5860,.T.);
#6288=FACE_BOUND('',#5861,.T.);
#6289=FACE_BOUND('',#5862,.T.);
#6290=FACE_BOUND('',#5863,.T.);
#6291=FACE_BOUND('',#5864,.T.);
#6292=FACE_BOUND('',#5865,.T.);
#6293=FACE_BOUND('',#5866,.T.);
#6294=FACE_BOUND('',#5867,.T.);
#6295=FACE_BOUND('',#5868,.T.);
#6296=FACE_BOUND('',#5869,.T.);
#6297=FACE_BOUND('',#5870,.T.);
#6298=FACE_BOUND('',#5871,.T.);
#6299=FACE_BOUND('',#5872,.T.);
#6300=FACE_BOUND('',#5873,.T.);
#6301=FACE_BOUND('',#5874,.T.);
#6302=FACE_BOUND('',#5875,.T.);
#6303=FACE_BOUND('',#5876,.T.);
#6304=FACE_BOUND('',#5877,.T.);
#6305=FACE_BOUND('',#5878,.T.);
#6306=FACE_BOUND('',#5879,.T.);
#6307=FACE_BOUND('',#5880,.T.);
#6308=FACE_BOUND('',#5881,.T.);
#6309=FACE_BOUND('',#5882,.T.);
#6310=FACE_BOUND('',#5883,.T.);
#6311=FACE_BOUND('',#5884,.T.);
#6312=FACE_BOUND('',#5885,.T.);
#6313=FACE_BOUND('',#5886,.T.);
#6314=FACE_BOUND('',#5887,.T.);
#6315=FACE_BOUND('',#5888,.T.);
#6316=FACE_BOUND('',#5889,.T.);
#6317=FACE_BOUND('',#5890,.T.);
#6318=FACE_BOUND('',#5891,.T.);
#6319=FACE_BOUND('',#5892,.T.);
#6320=FACE_BOUND('',#5893,.T.);
#6321=FACE_BOUND('',#5894,.T.);
#6322=FACE_BOUND('',#5895,.T.);
#6323=FACE_BOUND('',#5896,.T.);
#6324=FACE_BOUND('',#5897,.T.);
#6325=FACE_BOUND('',#5898,.T.);
#6326=FACE_BOUND('',#5899,.T.);
#6327=FACE_BOUND('',#5900,.T.);
#6328=FACE_BOUND('',#5901,.T.);
#6329=FACE_BOUND('',#5902,.T.);
#6330=FACE_BOUND('',#5903,.T.);
#6331=FACE_BOUND('',#5904,.T.);
#6332=FACE_BOUND('',#5905,.T.);
#6333=FACE_BOUND('',#5906,.T.);
#6334=FACE_BOUND('',#5907,.T.);
#6335=FACE_BOUND('',#5908,.T.);
#6336=FACE_BOUND('',#5909,.T.);
#6337=FACE_BOUND('',#5910,.T.);
#6338=FACE_BOUND('',#5911,.T.);
#6339=FACE_BOUND('',#5912,.T.);
#6340=FACE_BOUND('',#5913,.T.);
#6341=FACE_BOUND('',#5914,.T.);
#6342=FACE_BOUND('',#5915,.T.);
#6343=FACE_BOUND('',#5916,.T.);
#6344=FACE_BOUND('',#5917,.T.);
#6345=FACE_BOUND('',#5918,.T.);
#6346=FACE_BOUND('',#5919,.T.);
#6347=FACE_BOUND('',#5920,.T.);
#6348=FACE_BOUND('',#5921,.T.);
#6349=FACE_BOUND('',#5922,.T.);
#6350=FACE_BOUND('',#5923,.T.);
#6351=FACE_BOUND('',#5924,.T.);
#6352=FACE_BOUND('',#5925,.T.);
#6353=FACE_BOUND('',#5926,.T.);
#6354=FACE_BOUND('',#5927,.T.);
#6355=FACE_BOUND('',#5928,.T.);
#6356=FACE_BOUND('',#5929,.T.);
#6357=FACE_BOUND('',#5930,.T.);
#6358=FACE_BOUND('',#5931,.T.);
#6359=FACE_BOUND('',#5932,.T.);
#6360=FACE_BOUND('',#5933,.T.);
#6361=FACE_BOUND('',#5934,.T.);
#6362=FACE_BOUND('',#5935,.T.);
#6363=FACE_BOUND('',#5936,.T.);
#6364=FACE_BOUND('',#5937,.T.);
#6365=FACE_BOUND('',#5938,.T.);
#6366=FACE_BOUND('',#5939,.T.);
#6367=FACE_BOUND('',#5940,.T.);
#6368=FACE_BOUND('',#5941,.T.);
#6369=FACE_BOUND('',#5942,.T.);
#6370=FACE_BOUND('',#5943,.T.);
#6371=FACE_BOUND('',#5944,.T.);
#6372=FACE_BOUND('',#5945,.T.);
#6373=FACE_BOUND('',#5946,.T.);
#6374=FACE_BOUND('',#5947,.T.);
#6375=FACE_BOUND('',#5948,.T.);
#6376=FACE_BOUND('',#5949,.T.);
#6377=FACE_BOUND('',#5950,.T.);
#6378=FACE_BOUND('',#5951,.T.);
#6379=FACE_BOUND('',#5952,.T.);
#6380=FACE_BOUND('',#5953,.T.);
#6381=FACE_BOUND('',#5954,.T.);
#6382=FACE_BOUND('',#5955,.T.);
#6383=FACE_BOUND('',#5956,.T.);
#6384=FACE_BOUND('',#5957,.T.);
#6385=FACE_BOUND('',#5958,.T.);
#6386=FACE_BOUND('',#5959,.T.);
#6387=FACE_BOUND('',#5960,.T.);
#6388=FACE_BOUND('',#5961,.T.);
#6389=FACE_BOUND('',#5962,.T.);
#6390=FACE_BOUND('',#5963,.T.);
#6391=FACE_BOUND('',#5964,.T.);
#6392=FACE_BOUND('',#5965,.T.);
#6393=FACE_BOUND('',#5966,.T.);
#6394=FACE_BOUND('',#5967,.T.);
#6395=FACE_BOUND('',#5968,.T.);
#6396=FACE_BOUND('',#5969,.T.);
#6397=FACE_BOUND('',#5970,.T.);
#6398=FACE_BOUND('',#5971,.T.);
#6399=FACE_BOUND('',#5972,.T.);
#6400=FACE_BOUND('',#5973,.T.);
#6401=FACE_BOUND('',#5974,.T.);
#6402=FACE_BOUND('',#5975,.T.);
#6403=FACE_BOUND('',#5976,.T.);
#6404=FACE_BOUND('',#5977,.T.);
#6405=FACE_BOUND('',#5978,.T.);
#6406=FACE_BOUND('',#5979,.T.);
#6407=FACE_BOUND('',#5980,.T.);
#6408=FACE_BOUND('',#5981,.T.);
#6409=FACE_BOUND('',#5982,.T.);
#6410=FACE_BOUND('',#5983,.T.);
#6411=FACE_BOUND('',#5984,.T.);
#6412=FACE_BOUND('',#5985,.T.);
#6413=FACE_BOUND('',#5986,.T.);
#6414=FACE_BOUND('',#5987,.T.);
#6415=FACE_BOUND('',#5988,.T.);
#6416=FACE_BOUND('',#5989,.T.);
#6417=FACE_BOUND('',#5990,.T.);
#6418=FACE_BOUND('',#5991,.T.);
#6419=FACE_BOUND('',#5992,.T.);
#6420=FACE_BOUND('',#5993,.T.);
#6421=FACE_BOUND('',#5994,.T.);
#6422=FACE_BOUND('',#5995,.T.);
#6423=FACE_BOUND('',#5996,.T.);
#6424=FACE_BOUND('',#5997,.T.);
#6425=FACE_BOUND('',#5998,.T.);
#6426=FACE_BOUND('',#5999,.T.);
#6427=FACE_BOUND('',#6000,.T.);
#6428=FACE_BOUND('',#6001,.T.);
#6429=FACE_BOUND('',#6002,.T.);
#6430=FACE_BOUND('',#6003,.T.);
#6431=FACE_BOUND('',#6004,.T.);
#6432=FACE_BOUND('',#6005,.T.);
#6433=FACE_BOUND('',#6006,.T.);
#6434=FACE_BOUND('',#6007,.T.);
#6435=FACE_BOUND('',#6008,.T.);
#6436=FACE_BOUND('',#6009,.T.);
#6437=FACE_BOUND('',#6010,.T.);
#6438=FACE_BOUND('',#6011,.T.);
#6439=FACE_BOUND('',#6012,.T.);
#6440=FACE_BOUND('',#6013,.T.);
#6441=FACE_BOUND('',#6014,.T.);
#6442=FACE_BOUND('',#6015,.T.);
#6443=FACE_BOUND('',#6016,.T.);
#6444=FACE_BOUND('',#6017,.T.);
#6445=FACE_BOUND('',#6018,.T.);
#6446=FACE_BOUND('',#6019,.T.);
#6447=FACE_BOUND('',#6020,.T.);
#6448=FACE_BOUND('',#6021,.T.);
#6449=FACE_BOUND('',#6022,.T.);
#6450=FACE_BOUND('',#6023,.T.);
#6451=FACE_BOUND('',#6024,.T.);
#6452=FACE_BOUND('',#6025,.T.);
#6453=FACE_BOUND('',#6026,.T.);
#6454=FACE_BOUND('',#6027,.T.);
#6455=FACE_BOUND('',#6028,.T.);
#6456=FACE_BOUND('',#6029,.T.);
#6457=FACE_BOUND('',#6030,.T.);
#6458=FACE_BOUND('',#6031,.T.);
#6459=FACE_BOUND('',#6032,.T.);
#6460=FACE_BOUND('',#6033,.T.);
#6461=FACE_BOUND('',#6034,.T.);
#6462=FACE_BOUND('',#6035,.T.);
#6463=FACE_BOUND('',#6036,.T.);
#6464=FACE_BOUND('',#6037,.T.);
#6465=FACE_BOUND('',#6038,.T.);
#6466=FACE_BOUND('',#6039,.T.);
#6467=FACE_BOUND('',#6040,.T.);
#6468=FACE_BOUND('',#6041,.T.);
#6469=FACE_BOUND('',#6042,.T.);
#6470=FACE_BOUND('',#6043,.T.);
#6471=FACE_BOUND('',#6044,.T.);
#6472=FACE_BOUND('',#6045,.T.);
#6473=FACE_BOUND('',#6046,.T.);
#6474=FACE_BOUND('',#6047,.T.);
#6475=FACE_BOUND('',#6048,.T.);
#6476=FACE_BOUND('',#6049,.T.);
#6477=FACE_BOUND('',#6050,.T.);
#6478=FACE_BOUND('',#6051,.T.);
#6479=FACE_BOUND('',#6052,.T.);
#6480=FACE_BOUND('',#6053,.T.);
#6481=FACE_BOUND('',#6054,.T.);
#6482=FACE_BOUND('',#6055,.T.);
#6483=FACE_BOUND('',#6056,.T.);
#6484=FACE_BOUND('',#6057,.T.);
#6485=FACE_BOUND('',#6058,.T.);
#6486=FACE_BOUND('',#6059,.T.);
#6487=FACE_BOUND('',#6060,.T.);
#6488=FACE_BOUND('',#6061,.T.);
#6489=FACE_BOUND('',#6062,.T.);
#6490=FACE_BOUND('',#6063,.T.);
#6491=FACE_BOUND('',#6064,.T.);
#6492=FACE_BOUND('',#6065,.T.);
#6493=FACE_BOUND('',#6066,.T.);
#6494=FACE_BOUND('',#6067,.T.);
#6495=FACE_BOUND('',#6068,.T.);
#6496=FACE_BOUND('',#6069,.T.);
#6497=FACE_BOUND('',#6070,.T.);
#6498=FACE_BOUND('',#6071,.T.);
#6499=FACE_BOUND('',#6072,.T.);
#6500=FACE_BOUND('',#6073,.T.);
#6501=FACE_BOUND('',#6074,.T.);
#6502=FACE_BOUND('',#6075,.T.);
#6503=FACE_BOUND('',#6076,.T.);
#6504=FACE_BOUND('',#6077,.T.);
#6505=FACE_BOUND('',#6078,.T.);
#6506=FACE_BOUND('',#6079,.T.);
#6507=FACE_BOUND('',#6080,.T.);
#6508=FACE_BOUND('',#6081,.T.);
#6509=FACE_BOUND('',#6082,.T.);
#6510=FACE_BOUND('',#6083,.T.);
#6511=FACE_BOUND('',#6084,.T.);
#6512=FACE_BOUND('',#6085,.T.);
#6513=FACE_BOUND('',#6086,.T.);
#6514=FACE_BOUND('',#6087,.T.);
#6515=FACE_BOUND('',#6088,.T.);
#6516=FACE_BOUND('',#6089,.T.);
#6517=FACE_BOUND('',#6090,.T.);
#6518=FACE_BOUND('',#6091,.T.);
#6519=FACE_BOUND('',#6092,.T.);
#6520=FACE_BOUND('',#6093,.T.);
#6521=FACE_BOUND('',#6094,.T.);
#6522=FACE_BOUND('',#6095,.T.);
#6523=FACE_BOUND('',#6096,.T.);
#6524=FACE_BOUND('',#6097,.T.);
#6525=FACE_BOUND('',#6098,.T.);
#6526=FACE_BOUND('',#6099,.T.);
#6527=FACE_BOUND('',#6100,.T.);
#6528=FACE_BOUND('',#6101,.T.);
#6529=FACE_BOUND('',#6102,.T.);
#6530=FACE_BOUND('',#6103,.T.);
#6531=FACE_BOUND('',#6104,.T.);
#6532=FACE_BOUND('',#6105,.T.);
#6533=FACE_BOUND('',#6106,.T.);
#6534=FACE_BOUND('',#6107,.T.);
#6535=FACE_BOUND('',#6108,.T.);
#6536=FACE_BOUND('',#6109,.T.);
#6537=FACE_BOUND('',#6110,.T.);
#6538=FACE_BOUND('',#6111,.T.);
#6539=FACE_BOUND('',#6112,.T.);
#6540=FACE_BOUND('',#6113,.T.);
#6541=FACE_BOUND('',#6114,.T.);
#6542=FACE_BOUND('',#6115,.T.);
#6543=FACE_BOUND('',#6116,.T.);
#6544=FACE_BOUND('',#6117,.T.);
#6545=FACE_BOUND('',#6118,.T.);
#6546=FACE_BOUND('',#6119,.T.);
#6547=FACE_BOUND('',#6120,.T.);
#6548=FACE_BOUND('',#6121,.T.);
#6549=FACE_BOUND('',#6122,.T.);
#6550=FACE_BOUND('',#6123,.T.);
#6551=FACE_BOUND('',#6124,.T.);
#6552=FACE_BOUND('',#6125,.T.);
#6553=FACE_BOUND('',#6126,.T.);
#6554=FACE_BOUND('',#6127,.T.);
#6555=FACE_BOUND('',#6128,.T.);
#6556=FACE_BOUND('',#6129,.T.);
#6557=FACE_BOUND('',#6130,.T.);
#6558=FACE_BOUND('',#6131,.T.);
#6559=FACE_BOUND('',#6132,.T.);
#6560=FACE_BOUND('',#6133,.T.);
#6561=FACE_BOUND('',#6134,.T.);
#6562=FACE_BOUND('',#6135,.T.);
#6563=FACE_BOUND('',#6136,.T.);
#6564=FACE_BOUND('',#6137,.T.);
#6565=FACE_BOUND('',#6138,.T.);
#6566=FACE_BOUND('',#6139,.T.);
#6567=FACE_BOUND('',#6140,.T.);
#6568=FACE_BOUND('',#6141,.T.);
#6569=FACE_BOUND('',#6142,.T.);
#6570=FACE_BOUND('',#6143,.T.);
#6571=FACE_BOUND('',#6144,.T.);
#6572=FACE_BOUND('',#6145,.T.);
#6573=FACE_BOUND('',#6146,.T.);
#6574=FACE_BOUND('',#6147,.T.);
#6575=FACE_BOUND('',#6148,.T.);
#6576=FACE_BOUND('',#6149,.T.);
#6577=FACE_BOUND('',#6150,.T.);
#6578=FACE_BOUND('',#6151,.T.);
#6579=FACE_BOUND('',#6152,.T.);
#6580=FACE_BOUND('',#6153,.T.);
#6581=FACE_BOUND('',#6154,.T.);
#6582=FACE_BOUND('',#6155,.T.);
#6583=FACE_BOUND('',#6156,.T.);
#6584=FACE_BOUND('',#6157,.T.);
#6585=FACE_BOUND('',#6158,.T.);
#6586=FACE_BOUND('',#6159,.T.);
#6587=FACE_BOUND('',#6160,.T.);
#6588=FACE_BOUND('',#6161,.T.);
#6589=FACE_BOUND('',#6162,.T.);
#6590=FACE_BOUND('',#6163,.T.);
#6591=FACE_BOUND('',#6164,.T.);
#6592=FACE_BOUND('',#6165,.T.);
#6593=FACE_BOUND('',#6166,.T.);
#6594=FACE_BOUND('',#6167,.T.);
#6595=FACE_BOUND('',#6168,.T.);
#6596=FACE_BOUND('',#6169,.T.);
#6597=FACE_BOUND('',#6170,.T.);
#6598=FACE_BOUND('',#6171,.T.);
#6599=FACE_BOUND('',#6172,.T.);
#6600=FACE_BOUND('',#6173,.T.);
#6601=FACE_BOUND('',#6174,.T.);
#6602=FACE_BOUND('',#6175,.T.);
#6603=FACE_BOUND('',#6176,.T.);
#6604=FACE_BOUND('',#6177,.T.);
#6605=FACE_BOUND('',#6178,.T.);
#6606=FACE_BOUND('',#6179,.T.);
#6607=FACE_BOUND('',#6180,.T.);
#6608=FACE_BOUND('',#6181,.T.);
#6609=FACE_BOUND('',#6182,.T.);
#6610=FACE_BOUND('',#6183,.T.);
#6611=FACE_BOUND('',#6184,.T.);
#6612=FACE_BOUND('',#6185,.T.);
#6613=FACE_BOUND('',#6186,.T.);
#6614=FACE_BOUND('',#6187,.T.);
#6615=FACE_BOUND('',#6188,.T.);
#6616=FACE_BOUND('',#6189,.T.);
#6617=FACE_BOUND('',#6190,.T.);
#6618=FACE_BOUND('',#6191,.T.);
#6619=FACE_BOUND('',#6192,.T.);
#6620=FACE_BOUND('',#6193,.T.);
#6621=FACE_BOUND('',#6194,.T.);
#6622=FACE_BOUND('',#6195,.T.);
#6623=FACE_BOUND('',#6196,.T.);
#6624=FACE_BOUND('',#6197,.T.);
#6625=FACE_BOUND('',#6198,.T.);
#6626=FACE_BOUND('',#6199,.T.);
#6627=FACE_BOUND('',#6200,.T.);
#6628=FACE_BOUND('',#6201,.T.);
#6629=FACE_BOUND('',#6202,.T.);
#6630=FACE_BOUND('',#6203,.T.);
#6631=FACE_BOUND('',#6204,.T.);
#6632=FACE_BOUND('',#6205,.T.);
#6633=FACE_BOUND('',#6206,.T.);
#6634=FACE_BOUND('',#6207,.T.);
#6635=FACE_BOUND('',#6208,.T.);
#6636=FACE_BOUND('',#6209,.T.);
#6637=FACE_BOUND('',#6210,.T.);
#6638=FACE_BOUND('',#6211,.T.);
#6639=FACE_BOUND('',#6212,.T.);
#6640=FACE_BOUND('',#6213,.T.);
#6641=FACE_BOUND('',#6214,.T.);
#6642=FACE_BOUND('',#6215,.T.);
#6643=FACE_BOUND('',#6216,.T.);
#6644=FACE_BOUND('',#6217,.T.);
#6645=FACE_BOUND('',#6218,.T.);
#6646=FACE_BOUND('',#6219,.T.);
#6647=FACE_BOUND('',#6220,.T.);
#6648=FACE_BOUND('',#6221,.T.);
#6649=FACE_BOUND('',#6222,.T.);
#6650=FACE_BOUND('',#6223,.T.);
#6651=FACE_BOUND('',#6224,.T.);
#6652=FACE_BOUND('',#6225,.T.);
#6653=FACE_BOUND('',#6226,.T.);
#6654=FACE_BOUND('',#6227,.T.);
#6655=FACE_BOUND('',#6228,.T.);
#6656=FACE_BOUND('',#6229,.T.);
#6657=FACE_BOUND('',#6230,.T.);
#6658=FACE_BOUND('',#6231,.T.);
#6659=FACE_BOUND('',#6232,.T.);
#6660=PLANE('',#9667);
#6661=PLANE('',#9673);
#6662=PLANE('',#9677);
#6663=PLANE('',#9678);
#6664=PLANE('',#9679);
#6665=PLANE('',#9680);
#6666=PLANE('',#9681);
#6667=PLANE('',#9682);
#6668=PLANE('',#9683);
#6669=PLANE('',#9684);
#6670=PLANE('',#9685);
#6671=PLANE('',#9686);
#6672=PLANE('',#9687);
#6673=PLANE('',#9688);
#6674=PLANE('',#9689);
#6675=PLANE('',#9690);
#6676=PLANE('',#9691);
#6677=PLANE('',#9694);
#6678=PLANE('',#9699);
#6679=PLANE('',#9700);
#6680=PLANE('',#9701);
#6681=PLANE('',#9702);
#6682=PLANE('',#9712);
#6683=PLANE('',#9716);
#6684=PLANE('',#9717);
#6685=PLANE('',#9718);
#6686=PLANE('',#9719);
#6687=PLANE('',#9723);
#6688=PLANE('',#9724);
#6689=PLANE('',#9725);
#6690=PLANE('',#9755);
#6691=PLANE('',#9758);
#6692=PLANE('',#9759);
#6693=PLANE('',#9760);
#6694=PLANE('',#9762);
#6695=PLANE('',#9763);
#6696=PLANE('',#9764);
#6697=PLANE('',#9768);
#6698=PLANE('',#9770);
#6699=PLANE('',#9772);
#6700=PLANE('',#9774);
#6701=PLANE('',#9777);
#6702=PLANE('',#9778);
#6703=PLANE('',#9780);
#6704=PLANE('',#9781);
#6705=PLANE('',#9784);
#6706=PLANE('',#9785);
#6707=PLANE('',#9786);
#6708=PLANE('',#9787);
#6709=PLANE('',#9788);
#6710=PLANE('',#9790);
#6711=PLANE('',#9793);
#6712=PLANE('',#9794);
#6713=PLANE('',#9796);
#6714=PLANE('',#9797);
#6715=PLANE('',#9800);
#6716=PLANE('',#9802);
#6717=PLANE('',#9805);
#6718=PLANE('',#9806);
#6719=PLANE('',#9808);
#6720=PLANE('',#9809);
#6721=PLANE('',#9812);
#6722=PLANE('',#9813);
#6723=PLANE('',#9814);
#6724=PLANE('',#9815);
#6725=PLANE('',#9816);
#6726=PLANE('',#9817);
#6727=PLANE('',#9818);
#6728=PLANE('',#9819);
#6729=PLANE('',#9820);
#6730=PLANE('',#9822);
#6731=PLANE('',#9825);
#6732=PLANE('',#9826);
#6733=PLANE('',#9828);
#6734=PLANE('',#9829);
#6735=PLANE('',#9832);
#6736=PLANE('',#9835);
#6737=PLANE('',#9836);
#6738=PLANE('',#9839);
#6739=PLANE('',#9840);
#6740=PLANE('',#9843);
#6741=PLANE('',#9844);
#6742=PLANE('',#9847);
#6743=PLANE('',#9848);
#6744=PLANE('',#9849);
#6745=PLANE('',#9851);
#6746=PLANE('',#9852);
#6747=PLANE('',#9854);
#6748=PLANE('',#9855);
#6749=PLANE('',#9857);
#6750=PLANE('',#9858);
#6751=PLANE('',#9860);
#6752=PLANE('',#9861);
#6753=PLANE('',#9863);
#6754=PLANE('',#9864);
#6755=PLANE('',#9866);
#6756=PLANE('',#9867);
#6757=PLANE('',#9869);
#6758=PLANE('',#9870);
#6759=PLANE('',#9872);
#6760=PLANE('',#9873);
#6761=PLANE('',#9875);
#6762=PLANE('',#9876);
#6763=PLANE('',#9878);
#6764=PLANE('',#9886);
#6765=PLANE('',#9887);
#6766=PLANE('',#9889);
#6767=PLANE('',#9890);
#6768=PLANE('',#9892);
#6769=PLANE('',#9899);
#6770=PLANE('',#9903);
#6771=PLANE('',#9904);
#6772=PLANE('',#9908);
#6773=PLANE('',#9912);
#6774=PLANE('',#9913);
#6775=PLANE('',#9914);
#6776=PLANE('',#9918);
#6777=PLANE('',#9922);
#6778=PLANE('',#9923);
#6779=PLANE('',#9927);
#6780=PLANE('',#9931);
#6781=PLANE('',#9942);
#6782=PLANE('',#9943);
#6783=PLANE('',#9946);
#6784=PLANE('',#9951);
#6785=PLANE('',#9955);
#6786=PLANE('',#9959);
#6787=PLANE('',#9966);
#6788=PLANE('',#9970);
#6789=PLANE('',#9974);
#6790=PLANE('',#9981);
#6791=PLANE('',#9985);
#6792=PLANE('',#9989);
#6793=PLANE('',#9990);
#6794=PLANE('',#9993);
#6795=PLANE('',#9998);
#6796=PLANE('',#9999);
#6797=PLANE('',#10000);
#6798=PLANE('',#10003);
#6799=PLANE('',#10008);
#6800=PLANE('',#10012);
#6801=PLANE('',#10016);
#6802=PLANE('',#10023);
#6803=PLANE('',#10027);
#6804=PLANE('',#10031);
#6805=PLANE('',#10038);
#6806=PLANE('',#10042);
#6807=PLANE('',#10046);
#6808=PLANE('',#10047);
#6809=PLANE('',#10050);
#6810=PLANE('',#10051);
#6811=PLANE('',#10052);
#6812=PLANE('',#10057);
#6813=PLANE('',#10060);
#6814=PLANE('',#10062);
#6815=PLANE('',#10064);
#6816=PLANE('',#10066);
#6817=PLANE('',#10068);
#6818=PLANE('',#10070);
#6819=PLANE('',#10071);
#6820=PLANE('',#10072);
#6821=PLANE('',#10073);
#6822=PLANE('',#10074);
#6823=PLANE('',#10075);
#6824=PLANE('',#10079);
#6825=PLANE('',#10080);
#6826=PLANE('',#10087);
#6827=PLANE('',#10088);
#6828=PLANE('',#10089);
#6829=PLANE('',#10090);
#6830=PLANE('',#10091);
#6831=PLANE('',#10092);
#6832=PLANE('',#10096);
#6833=PLANE('',#10097);
#6834=PLANE('',#10099);
#6835=PLANE('',#10106);
#6836=PLANE('',#10110);
#6837=PLANE('',#10111);
#6838=PLANE('',#10112);
#6839=PLANE('',#10113);
#6840=PLANE('',#10117);
#6841=PLANE('',#10121);
#6842=PLANE('',#10122);
#6843=PLANE('',#10124);
#6844=PLANE('',#10125);
#6845=PLANE('',#10126);
#6846=PLANE('',#10127);
#6847=PLANE('',#10128);
#6848=PLANE('',#10129);
#6849=PLANE('',#10133);
#6850=PLANE('',#10134);
#6851=PLANE('',#10141);
#6852=PLANE('',#10142);
#6853=PLANE('',#10143);
#6854=PLANE('',#10144);
#6855=PLANE('',#10145);
#6856=PLANE('',#10146);
#6857=PLANE('',#10150);
#6858=PLANE('',#10151);
#6859=PLANE('',#10153);
#6860=PLANE('',#10160);
#6861=PLANE('',#10164);
#6862=PLANE('',#10165);
#6863=PLANE('',#10166);
#6864=PLANE('',#10167);
#6865=PLANE('',#10168);
#6866=PLANE('',#10172);
#6867=PLANE('',#10176);
#6868=PLANE('',#10177);
#6869=PLANE('',#10179);
#6870=PLANE('',#10191);
#6871=PLANE('',#10195);
#6872=PLANE('',#10200);
#6873=PLANE('',#10203);
#6874=PLANE('',#10206);
#6875=PLANE('',#10211);
#6876=PLANE('',#10215);
#6877=PLANE('',#10218);
#6878=PLANE('',#10222);
#6879=PLANE('',#10225);
#6880=PLANE('',#10229);
#6881=PLANE('',#10234);
#6882=PLANE('',#10237);
#6883=PLANE('',#10240);
#6884=PLANE('',#10245);
#6885=PLANE('',#10249);
#6886=PLANE('',#10252);
#6887=PLANE('',#10256);
#6888=PLANE('',#10271);
#6889=PLANE('',#10272);
#6890=PLANE('',#10296);
#6891=PLANE('',#10302);
#6892=PLANE('',#10308);
#6893=PLANE('',#10314);
#6894=PLANE('',#10326);
#6895=PLANE('',#10329);
#6896=PLANE('',#10330);
#6897=PLANE('',#10332);
#6898=PLANE('',#10334);
#6899=PLANE('',#10336);
#6900=PLANE('',#10337);
#6901=PLANE('',#10339);
#6902=PLANE('',#10341);
#6903=PLANE('',#10343);
#6904=PLANE('',#10344);
#6905=PLANE('',#10346);
#6906=PLANE('',#10348);
#6907=PLANE('',#10350);
#6908=PLANE('',#10352);
#6909=PLANE('',#10354);
#6910=PLANE('',#10355);
#6911=PLANE('',#10357);
#6912=PLANE('',#10359);
#6913=PLANE('',#10361);
#6914=PLANE('',#10363);
#6915=STYLED_ITEM('',(#7252),#9277);
#6916=STYLED_ITEM('',(#7253),#9278);
#6917=STYLED_ITEM('',(#7254),#9279);
#6918=STYLED_ITEM('',(#7255),#9280);
#6919=STYLED_ITEM('',(#7256),#9281);
#6920=STYLED_ITEM('',(#7257),#9282);
#6921=STYLED_ITEM('',(#7258),#9283);
#6922=STYLED_ITEM('',(#7259),#9284);
#6923=STYLED_ITEM('',(#7260),#9285);
#6924=STYLED_ITEM('',(#7261),#9286);
#6925=STYLED_ITEM('',(#7262),#9287);
#6926=STYLED_ITEM('',(#7263),#9288);
#6927=STYLED_ITEM('',(#7264),#9289);
#6928=STYLED_ITEM('',(#7265),#9290);
#6929=STYLED_ITEM('',(#7266),#9291);
#6930=STYLED_ITEM('',(#7267),#9292);
#6931=STYLED_ITEM('',(#7268),#9293);
#6932=STYLED_ITEM('',(#7269),#9294);
#6933=STYLED_ITEM('',(#7270),#9295);
#6934=STYLED_ITEM('',(#7271),#9296);
#6935=STYLED_ITEM('',(#7272),#9297);
#6936=STYLED_ITEM('',(#7273),#9298);
#6937=STYLED_ITEM('',(#7274),#9299);
#6938=STYLED_ITEM('',(#7275),#9300);
#6939=STYLED_ITEM('',(#7276),#9301);
#6940=STYLED_ITEM('',(#7277),#9302);
#6941=STYLED_ITEM('',(#7278),#9303);
#6942=STYLED_ITEM('',(#7279),#9304);
#6943=STYLED_ITEM('',(#7280),#9305);
#6944=STYLED_ITEM('',(#7281),#9306);
#6945=STYLED_ITEM('',(#7282),#9307);
#6946=STYLED_ITEM('',(#7283),#9308);
#6947=STYLED_ITEM('',(#7284),#9309);
#6948=STYLED_ITEM('',(#7285),#9310);
#6949=STYLED_ITEM('',(#7286),#9311);
#6950=STYLED_ITEM('',(#7287),#9312);
#6951=STYLED_ITEM('',(#7288),#9313);
#6952=STYLED_ITEM('',(#7289),#9314);
#6953=STYLED_ITEM('',(#7290),#9315);
#6954=STYLED_ITEM('',(#7291),#9316);
#6955=STYLED_ITEM('',(#7292),#9317);
#6956=STYLED_ITEM('',(#7293),#9318);
#6957=STYLED_ITEM('',(#7294),#9319);
#6958=STYLED_ITEM('',(#7295),#9320);
#6959=STYLED_ITEM('',(#7296),#9321);
#6960=STYLED_ITEM('',(#7297),#9322);
#6961=STYLED_ITEM('',(#7298),#9323);
#6962=STYLED_ITEM('',(#7299),#9324);
#6963=STYLED_ITEM('',(#7300),#9325);
#6964=STYLED_ITEM('',(#7301),#9326);
#6965=STYLED_ITEM('',(#7302),#9327);
#6966=STYLED_ITEM('',(#7303),#9328);
#6967=STYLED_ITEM('',(#7304),#9329);
#6968=STYLED_ITEM('',(#7305),#9330);
#6969=STYLED_ITEM('',(#7306),#9331);
#6970=STYLED_ITEM('',(#7307),#9332);
#6971=STYLED_ITEM('',(#7308),#9333);
#6972=STYLED_ITEM('',(#7309),#9334);
#6973=STYLED_ITEM('',(#7310),#9335);
#6974=STYLED_ITEM('',(#7311),#9336);
#6975=STYLED_ITEM('',(#7312),#9337);
#6976=STYLED_ITEM('',(#7313),#9338);
#6977=STYLED_ITEM('',(#7314),#9339);
#6978=STYLED_ITEM('',(#7315),#9340);
#6979=STYLED_ITEM('',(#7316),#9341);
#6980=STYLED_ITEM('',(#7317),#9342);
#6981=STYLED_ITEM('',(#7318),#9343);
#6982=STYLED_ITEM('',(#7319),#9344);
#6983=STYLED_ITEM('',(#7320),#9345);
#6984=STYLED_ITEM('',(#7321),#9346);
#6985=STYLED_ITEM('',(#7322),#9347);
#6986=STYLED_ITEM('',(#7323),#9348);
#6987=STYLED_ITEM('',(#7324),#9349);
#6988=STYLED_ITEM('',(#7325),#9350);
#6989=STYLED_ITEM('',(#7326),#9351);
#6990=STYLED_ITEM('',(#7327),#9352);
#6991=STYLED_ITEM('',(#7328),#9353);
#6992=STYLED_ITEM('',(#7329),#9354);
#6993=STYLED_ITEM('',(#7330),#9355);
#6994=STYLED_ITEM('',(#7331),#9356);
#6995=STYLED_ITEM('',(#7332),#9357);
#6996=STYLED_ITEM('',(#7333),#9358);
#6997=STYLED_ITEM('',(#7334),#9359);
#6998=STYLED_ITEM('',(#7335),#9360);
#6999=STYLED_ITEM('',(#7336),#9361);
#7000=STYLED_ITEM('',(#7337),#9362);
#7001=STYLED_ITEM('',(#7338),#9363);
#7002=STYLED_ITEM('',(#7339),#9364);
#7003=STYLED_ITEM('',(#7340),#9365);
#7004=STYLED_ITEM('',(#7341),#9366);
#7005=STYLED_ITEM('',(#7342),#9367);
#7006=STYLED_ITEM('',(#7343),#9368);
#7007=STYLED_ITEM('',(#7344),#9369);
#7008=STYLED_ITEM('',(#7345),#9370);
#7009=STYLED_ITEM('',(#7346),#9371);
#7010=STYLED_ITEM('',(#7347),#9372);
#7011=STYLED_ITEM('',(#7348),#9373);
#7012=STYLED_ITEM('',(#7349),#9374);
#7013=STYLED_ITEM('',(#7350),#9375);
#7014=STYLED_ITEM('',(#7351),#9376);
#7015=STYLED_ITEM('',(#7352),#9377);
#7016=STYLED_ITEM('',(#7353),#9378);
#7017=STYLED_ITEM('',(#7354),#9379);
#7018=STYLED_ITEM('',(#7355),#9380);
#7019=STYLED_ITEM('',(#7356),#9381);
#7020=STYLED_ITEM('',(#7357),#9382);
#7021=STYLED_ITEM('',(#7358),#9383);
#7022=STYLED_ITEM('',(#7359),#9384);
#7023=STYLED_ITEM('',(#7360),#9385);
#7024=STYLED_ITEM('',(#7361),#9386);
#7025=STYLED_ITEM('',(#7362),#9387);
#7026=STYLED_ITEM('',(#7363),#9388);
#7027=STYLED_ITEM('',(#7364),#9389);
#7028=STYLED_ITEM('',(#7365),#9390);
#7029=STYLED_ITEM('',(#7366),#9391);
#7030=STYLED_ITEM('',(#7367),#9392);
#7031=STYLED_ITEM('',(#7368),#9393);
#7032=STYLED_ITEM('',(#7369),#9394);
#7033=STYLED_ITEM('',(#7370),#9395);
#7034=STYLED_ITEM('',(#7371),#9396);
#7035=STYLED_ITEM('',(#7372),#9397);
#7036=STYLED_ITEM('',(#7373),#9398);
#7037=STYLED_ITEM('',(#7374),#9399);
#7038=STYLED_ITEM('',(#7375),#9400);
#7039=STYLED_ITEM('',(#7376),#9401);
#7040=STYLED_ITEM('',(#7377),#9402);
#7041=STYLED_ITEM('',(#7378),#9403);
#7042=STYLED_ITEM('',(#7379),#9404);
#7043=STYLED_ITEM('',(#7380),#9405);
#7044=STYLED_ITEM('',(#7381),#9406);
#7045=STYLED_ITEM('',(#7382),#9407);
#7046=STYLED_ITEM('',(#7383),#9408);
#7047=STYLED_ITEM('',(#7384),#9409);
#7048=STYLED_ITEM('',(#7385),#9410);
#7049=STYLED_ITEM('',(#7386),#9411);
#7050=STYLED_ITEM('',(#7387),#9412);
#7051=STYLED_ITEM('',(#7388),#9413);
#7052=STYLED_ITEM('',(#7389),#9414);
#7053=STYLED_ITEM('',(#7390),#9415);
#7054=STYLED_ITEM('',(#7391),#9416);
#7055=STYLED_ITEM('',(#7392),#9417);
#7056=STYLED_ITEM('',(#7393),#9418);
#7057=STYLED_ITEM('',(#7394),#9419);
#7058=STYLED_ITEM('',(#7395),#9420);
#7059=STYLED_ITEM('',(#7396),#9421);
#7060=STYLED_ITEM('',(#7397),#9422);
#7061=STYLED_ITEM('',(#7398),#9423);
#7062=STYLED_ITEM('',(#7399),#9424);
#7063=STYLED_ITEM('',(#7400),#9425);
#7064=STYLED_ITEM('',(#7401),#9426);
#7065=STYLED_ITEM('',(#7402),#9427);
#7066=STYLED_ITEM('',(#7403),#9428);
#7067=STYLED_ITEM('',(#7404),#9429);
#7068=STYLED_ITEM('',(#7405),#9430);
#7069=STYLED_ITEM('',(#7406),#9431);
#7070=STYLED_ITEM('',(#7407),#9432);
#7071=STYLED_ITEM('',(#7408),#9433);
#7072=STYLED_ITEM('',(#7409),#9434);
#7073=STYLED_ITEM('',(#7410),#9435);
#7074=STYLED_ITEM('',(#7411),#9436);
#7075=STYLED_ITEM('',(#7412),#9437);
#7076=STYLED_ITEM('',(#7413),#9438);
#7077=STYLED_ITEM('',(#7414),#9439);
#7078=STYLED_ITEM('',(#7415),#9440);
#7079=STYLED_ITEM('',(#7416),#9441);
#7080=STYLED_ITEM('',(#7417),#9442);
#7081=STYLED_ITEM('',(#7418),#9443);
#7082=STYLED_ITEM('',(#7419),#9444);
#7083=STYLED_ITEM('',(#7420),#9445);
#7084=STYLED_ITEM('',(#7421),#9446);
#7085=STYLED_ITEM('',(#7422),#9447);
#7086=STYLED_ITEM('',(#7423),#9448);
#7087=STYLED_ITEM('',(#7424),#9449);
#7088=STYLED_ITEM('',(#7425),#9450);
#7089=STYLED_ITEM('',(#7426),#9451);
#7090=STYLED_ITEM('',(#7427),#9452);
#7091=STYLED_ITEM('',(#7428),#9453);
#7092=STYLED_ITEM('',(#7429),#9454);
#7093=STYLED_ITEM('',(#7430),#9455);
#7094=STYLED_ITEM('',(#7431),#9456);
#7095=STYLED_ITEM('',(#7432),#9457);
#7096=STYLED_ITEM('',(#7433),#9458);
#7097=STYLED_ITEM('',(#7434),#9459);
#7098=STYLED_ITEM('',(#7435),#9460);
#7099=STYLED_ITEM('',(#7436),#9461);
#7100=STYLED_ITEM('',(#7437),#9462);
#7101=STYLED_ITEM('',(#7438),#9463);
#7102=STYLED_ITEM('',(#7439),#9464);
#7103=STYLED_ITEM('',(#7440),#9465);
#7104=STYLED_ITEM('',(#7441),#9466);
#7105=STYLED_ITEM('',(#7442),#9467);
#7106=STYLED_ITEM('',(#7443),#9468);
#7107=STYLED_ITEM('',(#7444),#9469);
#7108=STYLED_ITEM('',(#7445),#9470);
#7109=STYLED_ITEM('',(#7446),#9471);
#7110=STYLED_ITEM('',(#7447),#9472);
#7111=STYLED_ITEM('',(#7448),#9473);
#7112=STYLED_ITEM('',(#7449),#9474);
#7113=STYLED_ITEM('',(#7450),#9475);
#7114=STYLED_ITEM('',(#7451),#9476);
#7115=STYLED_ITEM('',(#7452),#9477);
#7116=STYLED_ITEM('',(#7453),#9478);
#7117=STYLED_ITEM('',(#7454),#9479);
#7118=STYLED_ITEM('',(#7455),#9480);
#7119=STYLED_ITEM('',(#7456),#9481);
#7120=STYLED_ITEM('',(#7457),#9482);
#7121=STYLED_ITEM('',(#7458),#9483);
#7122=STYLED_ITEM('',(#7459),#9484);
#7123=STYLED_ITEM('',(#7460),#9485);
#7124=STYLED_ITEM('',(#7461),#9486);
#7125=STYLED_ITEM('',(#7462),#9487);
#7126=STYLED_ITEM('',(#7463),#9488);
#7127=STYLED_ITEM('',(#7464),#9489);
#7128=STYLED_ITEM('',(#7465),#9490);
#7129=STYLED_ITEM('',(#7466),#9491);
#7130=STYLED_ITEM('',(#7467),#9492);
#7131=STYLED_ITEM('',(#7468),#9493);
#7132=STYLED_ITEM('',(#7469),#9494);
#7133=STYLED_ITEM('',(#7470),#9495);
#7134=STYLED_ITEM('',(#7471),#9496);
#7135=STYLED_ITEM('',(#7472),#9497);
#7136=STYLED_ITEM('',(#7473),#9498);
#7137=STYLED_ITEM('',(#7474),#9499);
#7138=STYLED_ITEM('',(#7475),#9500);
#7139=STYLED_ITEM('',(#7476),#9501);
#7140=STYLED_ITEM('',(#7477),#9502);
#7141=STYLED_ITEM('',(#7478),#9503);
#7142=STYLED_ITEM('',(#7479),#9504);
#7143=STYLED_ITEM('',(#7480),#9505);
#7144=STYLED_ITEM('',(#7481),#9506);
#7145=STYLED_ITEM('',(#7482),#9507);
#7146=STYLED_ITEM('',(#7483),#9508);
#7147=STYLED_ITEM('',(#7484),#9509);
#7148=STYLED_ITEM('',(#7485),#9510);
#7149=STYLED_ITEM('',(#7486),#9511);
#7150=STYLED_ITEM('',(#7487),#9512);
#7151=STYLED_ITEM('',(#7488),#9513);
#7152=STYLED_ITEM('',(#7489),#9514);
#7153=STYLED_ITEM('',(#7490),#9515);
#7154=STYLED_ITEM('',(#7491),#9516);
#7155=STYLED_ITEM('',(#7492),#9517);
#7156=STYLED_ITEM('',(#7493),#9518);
#7157=STYLED_ITEM('',(#7494),#9519);
#7158=STYLED_ITEM('',(#7495),#9520);
#7159=STYLED_ITEM('',(#7496),#9521);
#7160=STYLED_ITEM('',(#7497),#9522);
#7161=STYLED_ITEM('',(#7498),#9523);
#7162=STYLED_ITEM('',(#7499),#9524);
#7163=STYLED_ITEM('',(#7500),#9525);
#7164=STYLED_ITEM('',(#7501),#9526);
#7165=STYLED_ITEM('',(#7502),#9527);
#7166=STYLED_ITEM('',(#7503),#9528);
#7167=STYLED_ITEM('',(#7504),#9529);
#7168=STYLED_ITEM('',(#7505),#9530);
#7169=STYLED_ITEM('',(#7506),#9531);
#7170=STYLED_ITEM('',(#7507),#9532);
#7171=STYLED_ITEM('',(#7508),#9533);
#7172=STYLED_ITEM('',(#7509),#9534);
#7173=STYLED_ITEM('',(#7510),#9535);
#7174=STYLED_ITEM('',(#7511),#9536);
#7175=STYLED_ITEM('',(#7512),#9537);
#7176=STYLED_ITEM('',(#7513),#9538);
#7177=STYLED_ITEM('',(#7514),#9539);
#7178=STYLED_ITEM('',(#7515),#9540);
#7179=STYLED_ITEM('',(#7516),#9541);
#7180=STYLED_ITEM('',(#7517),#9542);
#7181=STYLED_ITEM('',(#7518),#9543);
#7182=STYLED_ITEM('',(#7519),#9544);
#7183=STYLED_ITEM('',(#7520),#9545);
#7184=STYLED_ITEM('',(#7521),#9546);
#7185=STYLED_ITEM('',(#7522),#9547);
#7186=STYLED_ITEM('',(#7523),#9548);
#7187=STYLED_ITEM('',(#7524),#9549);
#7188=STYLED_ITEM('',(#7525),#9550);
#7189=STYLED_ITEM('',(#7526),#9551);
#7190=STYLED_ITEM('',(#7527),#9552);
#7191=STYLED_ITEM('',(#7528),#9553);
#7192=STYLED_ITEM('',(#7529),#9554);
#7193=STYLED_ITEM('',(#7530),#9555);
#7194=STYLED_ITEM('',(#7531),#9556);
#7195=STYLED_ITEM('',(#7532),#9557);
#7196=STYLED_ITEM('',(#7533),#9558);
#7197=STYLED_ITEM('',(#7534),#9559);
#7198=STYLED_ITEM('',(#7535),#9560);
#7199=STYLED_ITEM('',(#7536),#9561);
#7200=STYLED_ITEM('',(#7537),#9562);
#7201=STYLED_ITEM('',(#7538),#9563);
#7202=STYLED_ITEM('',(#7539),#9564);
#7203=STYLED_ITEM('',(#7540),#9565);
#7204=STYLED_ITEM('',(#7541),#9566);
#7205=STYLED_ITEM('',(#7542),#9567);
#7206=STYLED_ITEM('',(#7543),#9568);
#7207=STYLED_ITEM('',(#7544),#9569);
#7208=STYLED_ITEM('',(#7545),#9570);
#7209=STYLED_ITEM('',(#7546),#9571);
#7210=STYLED_ITEM('',(#7547),#9572);
#7211=STYLED_ITEM('',(#7548),#9573);
#7212=STYLED_ITEM('',(#7549),#9574);
#7213=STYLED_ITEM('',(#7550),#9575);
#7214=STYLED_ITEM('',(#7551),#9576);
#7215=STYLED_ITEM('',(#7552),#9577);
#7216=STYLED_ITEM('',(#7553),#9578);
#7217=STYLED_ITEM('',(#7554),#9579);
#7218=STYLED_ITEM('',(#7555),#9580);
#7219=STYLED_ITEM('',(#7556),#9581);
#7220=STYLED_ITEM('',(#7557),#9582);
#7221=STYLED_ITEM('',(#7558),#9583);
#7222=STYLED_ITEM('',(#7559),#9584);
#7223=STYLED_ITEM('',(#7560),#9585);
#7224=STYLED_ITEM('',(#7561),#9586);
#7225=STYLED_ITEM('',(#7562),#9587);
#7226=STYLED_ITEM('',(#7563),#9588);
#7227=STYLED_ITEM('',(#7564),#9589);
#7228=STYLED_ITEM('',(#7565),#9590);
#7229=STYLED_ITEM('',(#7566),#9591);
#7230=STYLED_ITEM('',(#7567),#9592);
#7231=STYLED_ITEM('',(#7568),#9593);
#7232=STYLED_ITEM('',(#7569),#9594);
#7233=STYLED_ITEM('',(#7570),#9595);
#7234=STYLED_ITEM('',(#7571),#9596);
#7235=STYLED_ITEM('',(#7572),#9597);
#7236=STYLED_ITEM('',(#7573),#9598);
#7237=STYLED_ITEM('',(#7574),#9599);
#7238=STYLED_ITEM('',(#7575),#9600);
#7239=STYLED_ITEM('',(#7576),#9601);
#7240=STYLED_ITEM('',(#7577),#9602);
#7241=STYLED_ITEM('',(#7578),#9603);
#7242=STYLED_ITEM('',(#7579),#9604);
#7243=STYLED_ITEM('',(#7580),#9605);
#7244=STYLED_ITEM('',(#7581),#9606);
#7245=STYLED_ITEM('',(#7582),#9607);
#7246=STYLED_ITEM('',(#7583),#9608);
#7247=STYLED_ITEM('',(#7584),#9609);
#7248=STYLED_ITEM('',(#7585),#9610);
#7249=STYLED_ITEM('',(#7586),#9611);
#7250=STYLED_ITEM('',(#7587),#9612);
#7251=STYLED_ITEM('',(#7588),#9663);
#7252=PRESENTATION_STYLE_ASSIGNMENT((#7589));
#7253=PRESENTATION_STYLE_ASSIGNMENT((#7590));
#7254=PRESENTATION_STYLE_ASSIGNMENT((#7591));
#7255=PRESENTATION_STYLE_ASSIGNMENT((#7592));
#7256=PRESENTATION_STYLE_ASSIGNMENT((#7593));
#7257=PRESENTATION_STYLE_ASSIGNMENT((#7594));
#7258=PRESENTATION_STYLE_ASSIGNMENT((#7595));
#7259=PRESENTATION_STYLE_ASSIGNMENT((#7596));
#7260=PRESENTATION_STYLE_ASSIGNMENT((#7597));
#7261=PRESENTATION_STYLE_ASSIGNMENT((#7598));
#7262=PRESENTATION_STYLE_ASSIGNMENT((#7599));
#7263=PRESENTATION_STYLE_ASSIGNMENT((#7600));
#7264=PRESENTATION_STYLE_ASSIGNMENT((#7601));
#7265=PRESENTATION_STYLE_ASSIGNMENT((#7602));
#7266=PRESENTATION_STYLE_ASSIGNMENT((#7603));
#7267=PRESENTATION_STYLE_ASSIGNMENT((#7604));
#7268=PRESENTATION_STYLE_ASSIGNMENT((#7605));
#7269=PRESENTATION_STYLE_ASSIGNMENT((#7606));
#7270=PRESENTATION_STYLE_ASSIGNMENT((#7607));
#7271=PRESENTATION_STYLE_ASSIGNMENT((#7608));
#7272=PRESENTATION_STYLE_ASSIGNMENT((#7609));
#7273=PRESENTATION_STYLE_ASSIGNMENT((#7610));
#7274=PRESENTATION_STYLE_ASSIGNMENT((#7611));
#7275=PRESENTATION_STYLE_ASSIGNMENT((#7612));
#7276=PRESENTATION_STYLE_ASSIGNMENT((#7613));
#7277=PRESENTATION_STYLE_ASSIGNMENT((#7614));
#7278=PRESENTATION_STYLE_ASSIGNMENT((#7615));
#7279=PRESENTATION_STYLE_ASSIGNMENT((#7616));
#7280=PRESENTATION_STYLE_ASSIGNMENT((#7617));
#7281=PRESENTATION_STYLE_ASSIGNMENT((#7618));
#7282=PRESENTATION_STYLE_ASSIGNMENT((#7619));
#7283=PRESENTATION_STYLE_ASSIGNMENT((#7620));
#7284=PRESENTATION_STYLE_ASSIGNMENT((#7621));
#7285=PRESENTATION_STYLE_ASSIGNMENT((#7622));
#7286=PRESENTATION_STYLE_ASSIGNMENT((#7623));
#7287=PRESENTATION_STYLE_ASSIGNMENT((#7624));
#7288=PRESENTATION_STYLE_ASSIGNMENT((#7625));
#7289=PRESENTATION_STYLE_ASSIGNMENT((#7626));
#7290=PRESENTATION_STYLE_ASSIGNMENT((#7627));
#7291=PRESENTATION_STYLE_ASSIGNMENT((#7628));
#7292=PRESENTATION_STYLE_ASSIGNMENT((#7629));
#7293=PRESENTATION_STYLE_ASSIGNMENT((#7630));
#7294=PRESENTATION_STYLE_ASSIGNMENT((#7631));
#7295=PRESENTATION_STYLE_ASSIGNMENT((#7632));
#7296=PRESENTATION_STYLE_ASSIGNMENT((#7633));
#7297=PRESENTATION_STYLE_ASSIGNMENT((#7634));
#7298=PRESENTATION_STYLE_ASSIGNMENT((#7635));
#7299=PRESENTATION_STYLE_ASSIGNMENT((#7636));
#7300=PRESENTATION_STYLE_ASSIGNMENT((#7637));
#7301=PRESENTATION_STYLE_ASSIGNMENT((#7638));
#7302=PRESENTATION_STYLE_ASSIGNMENT((#7639));
#7303=PRESENTATION_STYLE_ASSIGNMENT((#7640));
#7304=PRESENTATION_STYLE_ASSIGNMENT((#7641));
#7305=PRESENTATION_STYLE_ASSIGNMENT((#7642));
#7306=PRESENTATION_STYLE_ASSIGNMENT((#7643));
#7307=PRESENTATION_STYLE_ASSIGNMENT((#7644));
#7308=PRESENTATION_STYLE_ASSIGNMENT((#7645));
#7309=PRESENTATION_STYLE_ASSIGNMENT((#7646));
#7310=PRESENTATION_STYLE_ASSIGNMENT((#7647));
#7311=PRESENTATION_STYLE_ASSIGNMENT((#7648));
#7312=PRESENTATION_STYLE_ASSIGNMENT((#7649));
#7313=PRESENTATION_STYLE_ASSIGNMENT((#7650));
#7314=PRESENTATION_STYLE_ASSIGNMENT((#7651));
#7315=PRESENTATION_STYLE_ASSIGNMENT((#7652));
#7316=PRESENTATION_STYLE_ASSIGNMENT((#7653));
#7317=PRESENTATION_STYLE_ASSIGNMENT((#7654));
#7318=PRESENTATION_STYLE_ASSIGNMENT((#7655));
#7319=PRESENTATION_STYLE_ASSIGNMENT((#7656));
#7320=PRESENTATION_STYLE_ASSIGNMENT((#7657));
#7321=PRESENTATION_STYLE_ASSIGNMENT((#7658));
#7322=PRESENTATION_STYLE_ASSIGNMENT((#7659));
#7323=PRESENTATION_STYLE_ASSIGNMENT((#7660));
#7324=PRESENTATION_STYLE_ASSIGNMENT((#7661));
#7325=PRESENTATION_STYLE_ASSIGNMENT((#7662));
#7326=PRESENTATION_STYLE_ASSIGNMENT((#7663));
#7327=PRESENTATION_STYLE_ASSIGNMENT((#7664));
#7328=PRESENTATION_STYLE_ASSIGNMENT((#7665));
#7329=PRESENTATION_STYLE_ASSIGNMENT((#7666));
#7330=PRESENTATION_STYLE_ASSIGNMENT((#7667));
#7331=PRESENTATION_STYLE_ASSIGNMENT((#7668));
#7332=PRESENTATION_STYLE_ASSIGNMENT((#7669));
#7333=PRESENTATION_STYLE_ASSIGNMENT((#7670));
#7334=PRESENTATION_STYLE_ASSIGNMENT((#7671));
#7335=PRESENTATION_STYLE_ASSIGNMENT((#7672));
#7336=PRESENTATION_STYLE_ASSIGNMENT((#7673));
#7337=PRESENTATION_STYLE_ASSIGNMENT((#7674));
#7338=PRESENTATION_STYLE_ASSIGNMENT((#7675));
#7339=PRESENTATION_STYLE_ASSIGNMENT((#7676));
#7340=PRESENTATION_STYLE_ASSIGNMENT((#7677));
#7341=PRESENTATION_STYLE_ASSIGNMENT((#7678));
#7342=PRESENTATION_STYLE_ASSIGNMENT((#7679));
#7343=PRESENTATION_STYLE_ASSIGNMENT((#7680));
#7344=PRESENTATION_STYLE_ASSIGNMENT((#7681));
#7345=PRESENTATION_STYLE_ASSIGNMENT((#7682));
#7346=PRESENTATION_STYLE_ASSIGNMENT((#7683));
#7347=PRESENTATION_STYLE_ASSIGNMENT((#7684));
#7348=PRESENTATION_STYLE_ASSIGNMENT((#7685));
#7349=PRESENTATION_STYLE_ASSIGNMENT((#7686));
#7350=PRESENTATION_STYLE_ASSIGNMENT((#7687));
#7351=PRESENTATION_STYLE_ASSIGNMENT((#7688));
#7352=PRESENTATION_STYLE_ASSIGNMENT((#7689));
#7353=PRESENTATION_STYLE_ASSIGNMENT((#7690));
#7354=PRESENTATION_STYLE_ASSIGNMENT((#7691));
#7355=PRESENTATION_STYLE_ASSIGNMENT((#7692));
#7356=PRESENTATION_STYLE_ASSIGNMENT((#7693));
#7357=PRESENTATION_STYLE_ASSIGNMENT((#7694));
#7358=PRESENTATION_STYLE_ASSIGNMENT((#7695));
#7359=PRESENTATION_STYLE_ASSIGNMENT((#7696));
#7360=PRESENTATION_STYLE_ASSIGNMENT((#7697));
#7361=PRESENTATION_STYLE_ASSIGNMENT((#7698));
#7362=PRESENTATION_STYLE_ASSIGNMENT((#7699));
#7363=PRESENTATION_STYLE_ASSIGNMENT((#7700));
#7364=PRESENTATION_STYLE_ASSIGNMENT((#7701));
#7365=PRESENTATION_STYLE_ASSIGNMENT((#7702));
#7366=PRESENTATION_STYLE_ASSIGNMENT((#7703));
#7367=PRESENTATION_STYLE_ASSIGNMENT((#7704));
#7368=PRESENTATION_STYLE_ASSIGNMENT((#7705));
#7369=PRESENTATION_STYLE_ASSIGNMENT((#7706));
#7370=PRESENTATION_STYLE_ASSIGNMENT((#7707));
#7371=PRESENTATION_STYLE_ASSIGNMENT((#7708));
#7372=PRESENTATION_STYLE_ASSIGNMENT((#7709));
#7373=PRESENTATION_STYLE_ASSIGNMENT((#7710));
#7374=PRESENTATION_STYLE_ASSIGNMENT((#7711));
#7375=PRESENTATION_STYLE_ASSIGNMENT((#7712));
#7376=PRESENTATION_STYLE_ASSIGNMENT((#7713));
#7377=PRESENTATION_STYLE_ASSIGNMENT((#7714));
#7378=PRESENTATION_STYLE_ASSIGNMENT((#7715));
#7379=PRESENTATION_STYLE_ASSIGNMENT((#7716));
#7380=PRESENTATION_STYLE_ASSIGNMENT((#7717));
#7381=PRESENTATION_STYLE_ASSIGNMENT((#7718));
#7382=PRESENTATION_STYLE_ASSIGNMENT((#7719));
#7383=PRESENTATION_STYLE_ASSIGNMENT((#7720));
#7384=PRESENTATION_STYLE_ASSIGNMENT((#7721));
#7385=PRESENTATION_STYLE_ASSIGNMENT((#7722));
#7386=PRESENTATION_STYLE_ASSIGNMENT((#7723));
#7387=PRESENTATION_STYLE_ASSIGNMENT((#7724));
#7388=PRESENTATION_STYLE_ASSIGNMENT((#7725));
#7389=PRESENTATION_STYLE_ASSIGNMENT((#7726));
#7390=PRESENTATION_STYLE_ASSIGNMENT((#7727));
#7391=PRESENTATION_STYLE_ASSIGNMENT((#7728));
#7392=PRESENTATION_STYLE_ASSIGNMENT((#7729));
#7393=PRESENTATION_STYLE_ASSIGNMENT((#7730));
#7394=PRESENTATION_STYLE_ASSIGNMENT((#7731));
#7395=PRESENTATION_STYLE_ASSIGNMENT((#7732));
#7396=PRESENTATION_STYLE_ASSIGNMENT((#7733));
#7397=PRESENTATION_STYLE_ASSIGNMENT((#7734));
#7398=PRESENTATION_STYLE_ASSIGNMENT((#7735));
#7399=PRESENTATION_STYLE_ASSIGNMENT((#7736));
#7400=PRESENTATION_STYLE_ASSIGNMENT((#7737));
#7401=PRESENTATION_STYLE_ASSIGNMENT((#7738));
#7402=PRESENTATION_STYLE_ASSIGNMENT((#7739));
#7403=PRESENTATION_STYLE_ASSIGNMENT((#7740));
#7404=PRESENTATION_STYLE_ASSIGNMENT((#7741));
#7405=PRESENTATION_STYLE_ASSIGNMENT((#7742));
#7406=PRESENTATION_STYLE_ASSIGNMENT((#7743));
#7407=PRESENTATION_STYLE_ASSIGNMENT((#7744));
#7408=PRESENTATION_STYLE_ASSIGNMENT((#7745));
#7409=PRESENTATION_STYLE_ASSIGNMENT((#7746));
#7410=PRESENTATION_STYLE_ASSIGNMENT((#7747));
#7411=PRESENTATION_STYLE_ASSIGNMENT((#7748));
#7412=PRESENTATION_STYLE_ASSIGNMENT((#7749));
#7413=PRESENTATION_STYLE_ASSIGNMENT((#7750));
#7414=PRESENTATION_STYLE_ASSIGNMENT((#7751));
#7415=PRESENTATION_STYLE_ASSIGNMENT((#7752));
#7416=PRESENTATION_STYLE_ASSIGNMENT((#7753));
#7417=PRESENTATION_STYLE_ASSIGNMENT((#7754));
#7418=PRESENTATION_STYLE_ASSIGNMENT((#7755));
#7419=PRESENTATION_STYLE_ASSIGNMENT((#7756));
#7420=PRESENTATION_STYLE_ASSIGNMENT((#7757));
#7421=PRESENTATION_STYLE_ASSIGNMENT((#7758));
#7422=PRESENTATION_STYLE_ASSIGNMENT((#7759));
#7423=PRESENTATION_STYLE_ASSIGNMENT((#7760));
#7424=PRESENTATION_STYLE_ASSIGNMENT((#7761));
#7425=PRESENTATION_STYLE_ASSIGNMENT((#7762));
#7426=PRESENTATION_STYLE_ASSIGNMENT((#7763));
#7427=PRESENTATION_STYLE_ASSIGNMENT((#7764));
#7428=PRESENTATION_STYLE_ASSIGNMENT((#7765));
#7429=PRESENTATION_STYLE_ASSIGNMENT((#7766));
#7430=PRESENTATION_STYLE_ASSIGNMENT((#7767));
#7431=PRESENTATION_STYLE_ASSIGNMENT((#7768));
#7432=PRESENTATION_STYLE_ASSIGNMENT((#7769));
#7433=PRESENTATION_STYLE_ASSIGNMENT((#7770));
#7434=PRESENTATION_STYLE_ASSIGNMENT((#7771));
#7435=PRESENTATION_STYLE_ASSIGNMENT((#7772));
#7436=PRESENTATION_STYLE_ASSIGNMENT((#7773));
#7437=PRESENTATION_STYLE_ASSIGNMENT((#7774));
#7438=PRESENTATION_STYLE_ASSIGNMENT((#7775));
#7439=PRESENTATION_STYLE_ASSIGNMENT((#7776));
#7440=PRESENTATION_STYLE_ASSIGNMENT((#7777));
#7441=PRESENTATION_STYLE_ASSIGNMENT((#7778));
#7442=PRESENTATION_STYLE_ASSIGNMENT((#7779));
#7443=PRESENTATION_STYLE_ASSIGNMENT((#7780));
#7444=PRESENTATION_STYLE_ASSIGNMENT((#7781));
#7445=PRESENTATION_STYLE_ASSIGNMENT((#7782));
#7446=PRESENTATION_STYLE_ASSIGNMENT((#7783));
#7447=PRESENTATION_STYLE_ASSIGNMENT((#7784));
#7448=PRESENTATION_STYLE_ASSIGNMENT((#7785));
#7449=PRESENTATION_STYLE_ASSIGNMENT((#7786));
#7450=PRESENTATION_STYLE_ASSIGNMENT((#7787));
#7451=PRESENTATION_STYLE_ASSIGNMENT((#7788));
#7452=PRESENTATION_STYLE_ASSIGNMENT((#7789));
#7453=PRESENTATION_STYLE_ASSIGNMENT((#7790));
#7454=PRESENTATION_STYLE_ASSIGNMENT((#7791));
#7455=PRESENTATION_STYLE_ASSIGNMENT((#7792));
#7456=PRESENTATION_STYLE_ASSIGNMENT((#7793));
#7457=PRESENTATION_STYLE_ASSIGNMENT((#7794));
#7458=PRESENTATION_STYLE_ASSIGNMENT((#7795));
#7459=PRESENTATION_STYLE_ASSIGNMENT((#7796));
#7460=PRESENTATION_STYLE_ASSIGNMENT((#7797));
#7461=PRESENTATION_STYLE_ASSIGNMENT((#7798));
#7462=PRESENTATION_STYLE_ASSIGNMENT((#7799));
#7463=PRESENTATION_STYLE_ASSIGNMENT((#7800));
#7464=PRESENTATION_STYLE_ASSIGNMENT((#7801));
#7465=PRESENTATION_STYLE_ASSIGNMENT((#7802));
#7466=PRESENTATION_STYLE_ASSIGNMENT((#7803));
#7467=PRESENTATION_STYLE_ASSIGNMENT((#7804));
#7468=PRESENTATION_STYLE_ASSIGNMENT((#7805));
#7469=PRESENTATION_STYLE_ASSIGNMENT((#7806));
#7470=PRESENTATION_STYLE_ASSIGNMENT((#7807));
#7471=PRESENTATION_STYLE_ASSIGNMENT((#7808));
#7472=PRESENTATION_STYLE_ASSIGNMENT((#7809));
#7473=PRESENTATION_STYLE_ASSIGNMENT((#7810));
#7474=PRESENTATION_STYLE_ASSIGNMENT((#7811));
#7475=PRESENTATION_STYLE_ASSIGNMENT((#7812));
#7476=PRESENTATION_STYLE_ASSIGNMENT((#7813));
#7477=PRESENTATION_STYLE_ASSIGNMENT((#7814));
#7478=PRESENTATION_STYLE_ASSIGNMENT((#7815));
#7479=PRESENTATION_STYLE_ASSIGNMENT((#7816));
#7480=PRESENTATION_STYLE_ASSIGNMENT((#7817));
#7481=PRESENTATION_STYLE_ASSIGNMENT((#7818));
#7482=PRESENTATION_STYLE_ASSIGNMENT((#7819));
#7483=PRESENTATION_STYLE_ASSIGNMENT((#7820));
#7484=PRESENTATION_STYLE_ASSIGNMENT((#7821));
#7485=PRESENTATION_STYLE_ASSIGNMENT((#7822));
#7486=PRESENTATION_STYLE_ASSIGNMENT((#7823));
#7487=PRESENTATION_STYLE_ASSIGNMENT((#7824));
#7488=PRESENTATION_STYLE_ASSIGNMENT((#7825));
#7489=PRESENTATION_STYLE_ASSIGNMENT((#7826));
#7490=PRESENTATION_STYLE_ASSIGNMENT((#7827));
#7491=PRESENTATION_STYLE_ASSIGNMENT((#7828));
#7492=PRESENTATION_STYLE_ASSIGNMENT((#7829));
#7493=PRESENTATION_STYLE_ASSIGNMENT((#7830));
#7494=PRESENTATION_STYLE_ASSIGNMENT((#7831));
#7495=PRESENTATION_STYLE_ASSIGNMENT((#7832));
#7496=PRESENTATION_STYLE_ASSIGNMENT((#7833));
#7497=PRESENTATION_STYLE_ASSIGNMENT((#7834));
#7498=PRESENTATION_STYLE_ASSIGNMENT((#7835));
#7499=PRESENTATION_STYLE_ASSIGNMENT((#7836));
#7500=PRESENTATION_STYLE_ASSIGNMENT((#7837));
#7501=PRESENTATION_STYLE_ASSIGNMENT((#7838));
#7502=PRESENTATION_STYLE_ASSIGNMENT((#7839));
#7503=PRESENTATION_STYLE_ASSIGNMENT((#7840));
#7504=PRESENTATION_STYLE_ASSIGNMENT((#7841));
#7505=PRESENTATION_STYLE_ASSIGNMENT((#7842));
#7506=PRESENTATION_STYLE_ASSIGNMENT((#7843));
#7507=PRESENTATION_STYLE_ASSIGNMENT((#7844));
#7508=PRESENTATION_STYLE_ASSIGNMENT((#7845));
#7509=PRESENTATION_STYLE_ASSIGNMENT((#7846));
#7510=PRESENTATION_STYLE_ASSIGNMENT((#7847));
#7511=PRESENTATION_STYLE_ASSIGNMENT((#7848));
#7512=PRESENTATION_STYLE_ASSIGNMENT((#7849));
#7513=PRESENTATION_STYLE_ASSIGNMENT((#7850));
#7514=PRESENTATION_STYLE_ASSIGNMENT((#7851));
#7515=PRESENTATION_STYLE_ASSIGNMENT((#7852));
#7516=PRESENTATION_STYLE_ASSIGNMENT((#7853));
#7517=PRESENTATION_STYLE_ASSIGNMENT((#7854));
#7518=PRESENTATION_STYLE_ASSIGNMENT((#7855));
#7519=PRESENTATION_STYLE_ASSIGNMENT((#7856));
#7520=PRESENTATION_STYLE_ASSIGNMENT((#7857));
#7521=PRESENTATION_STYLE_ASSIGNMENT((#7858));
#7522=PRESENTATION_STYLE_ASSIGNMENT((#7859));
#7523=PRESENTATION_STYLE_ASSIGNMENT((#7860));
#7524=PRESENTATION_STYLE_ASSIGNMENT((#7861));
#7525=PRESENTATION_STYLE_ASSIGNMENT((#7862));
#7526=PRESENTATION_STYLE_ASSIGNMENT((#7863));
#7527=PRESENTATION_STYLE_ASSIGNMENT((#7864));
#7528=PRESENTATION_STYLE_ASSIGNMENT((#7865));
#7529=PRESENTATION_STYLE_ASSIGNMENT((#7866));
#7530=PRESENTATION_STYLE_ASSIGNMENT((#7867));
#7531=PRESENTATION_STYLE_ASSIGNMENT((#7868));
#7532=PRESENTATION_STYLE_ASSIGNMENT((#7869));
#7533=PRESENTATION_STYLE_ASSIGNMENT((#7870));
#7534=PRESENTATION_STYLE_ASSIGNMENT((#7871));
#7535=PRESENTATION_STYLE_ASSIGNMENT((#7872));
#7536=PRESENTATION_STYLE_ASSIGNMENT((#7873));
#7537=PRESENTATION_STYLE_ASSIGNMENT((#7874));
#7538=PRESENTATION_STYLE_ASSIGNMENT((#7875));
#7539=PRESENTATION_STYLE_ASSIGNMENT((#7876));
#7540=PRESENTATION_STYLE_ASSIGNMENT((#7877));
#7541=PRESENTATION_STYLE_ASSIGNMENT((#7878));
#7542=PRESENTATION_STYLE_ASSIGNMENT((#7879));
#7543=PRESENTATION_STYLE_ASSIGNMENT((#7880));
#7544=PRESENTATION_STYLE_ASSIGNMENT((#7881));
#7545=PRESENTATION_STYLE_ASSIGNMENT((#7882));
#7546=PRESENTATION_STYLE_ASSIGNMENT((#7883));
#7547=PRESENTATION_STYLE_ASSIGNMENT((#7884));
#7548=PRESENTATION_STYLE_ASSIGNMENT((#7885));
#7549=PRESENTATION_STYLE_ASSIGNMENT((#7886));
#7550=PRESENTATION_STYLE_ASSIGNMENT((#7887));
#7551=PRESENTATION_STYLE_ASSIGNMENT((#7888));
#7552=PRESENTATION_STYLE_ASSIGNMENT((#7889));
#7553=PRESENTATION_STYLE_ASSIGNMENT((#7890));
#7554=PRESENTATION_STYLE_ASSIGNMENT((#7891));
#7555=PRESENTATION_STYLE_ASSIGNMENT((#7892));
#7556=PRESENTATION_STYLE_ASSIGNMENT((#7893));
#7557=PRESENTATION_STYLE_ASSIGNMENT((#7894));
#7558=PRESENTATION_STYLE_ASSIGNMENT((#7895));
#7559=PRESENTATION_STYLE_ASSIGNMENT((#7896));
#7560=PRESENTATION_STYLE_ASSIGNMENT((#7897));
#7561=PRESENTATION_STYLE_ASSIGNMENT((#7898));
#7562=PRESENTATION_STYLE_ASSIGNMENT((#7899));
#7563=PRESENTATION_STYLE_ASSIGNMENT((#7900));
#7564=PRESENTATION_STYLE_ASSIGNMENT((#7901));
#7565=PRESENTATION_STYLE_ASSIGNMENT((#7902));
#7566=PRESENTATION_STYLE_ASSIGNMENT((#7903));
#7567=PRESENTATION_STYLE_ASSIGNMENT((#7904));
#7568=PRESENTATION_STYLE_ASSIGNMENT((#7905));
#7569=PRESENTATION_STYLE_ASSIGNMENT((#7906));
#7570=PRESENTATION_STYLE_ASSIGNMENT((#7907));
#7571=PRESENTATION_STYLE_ASSIGNMENT((#7908));
#7572=PRESENTATION_STYLE_ASSIGNMENT((#7909));
#7573=PRESENTATION_STYLE_ASSIGNMENT((#7910));
#7574=PRESENTATION_STYLE_ASSIGNMENT((#7911));
#7575=PRESENTATION_STYLE_ASSIGNMENT((#7912));
#7576=PRESENTATION_STYLE_ASSIGNMENT((#7913));
#7577=PRESENTATION_STYLE_ASSIGNMENT((#7914));
#7578=PRESENTATION_STYLE_ASSIGNMENT((#7915));
#7579=PRESENTATION_STYLE_ASSIGNMENT((#7916));
#7580=PRESENTATION_STYLE_ASSIGNMENT((#7917));
#7581=PRESENTATION_STYLE_ASSIGNMENT((#7918));
#7582=PRESENTATION_STYLE_ASSIGNMENT((#7919));
#7583=PRESENTATION_STYLE_ASSIGNMENT((#7920));
#7584=PRESENTATION_STYLE_ASSIGNMENT((#7921));
#7585=PRESENTATION_STYLE_ASSIGNMENT((#7922));
#7586=PRESENTATION_STYLE_ASSIGNMENT((#7923));
#7587=PRESENTATION_STYLE_ASSIGNMENT((#7924));
#7588=PRESENTATION_STYLE_ASSIGNMENT((#7925));
#7589=SURFACE_STYLE_USAGE(.BOTH.,#7926);
#7590=SURFACE_STYLE_USAGE(.BOTH.,#7927);
#7591=SURFACE_STYLE_USAGE(.BOTH.,#7928);
#7592=SURFACE_STYLE_USAGE(.BOTH.,#7929);
#7593=SURFACE_STYLE_USAGE(.BOTH.,#7930);
#7594=SURFACE_STYLE_USAGE(.BOTH.,#7931);
#7595=SURFACE_STYLE_USAGE(.BOTH.,#7932);
#7596=SURFACE_STYLE_USAGE(.BOTH.,#7933);
#7597=SURFACE_STYLE_USAGE(.BOTH.,#7934);
#7598=SURFACE_STYLE_USAGE(.BOTH.,#7935);
#7599=SURFACE_STYLE_USAGE(.BOTH.,#7936);
#7600=SURFACE_STYLE_USAGE(.BOTH.,#7937);
#7601=SURFACE_STYLE_USAGE(.BOTH.,#7938);
#7602=SURFACE_STYLE_USAGE(.BOTH.,#7939);
#7603=SURFACE_STYLE_USAGE(.BOTH.,#7940);
#7604=SURFACE_STYLE_USAGE(.BOTH.,#7941);
#7605=SURFACE_STYLE_USAGE(.BOTH.,#7942);
#7606=SURFACE_STYLE_USAGE(.BOTH.,#7943);
#7607=SURFACE_STYLE_USAGE(.BOTH.,#7944);
#7608=SURFACE_STYLE_USAGE(.BOTH.,#7945);
#7609=SURFACE_STYLE_USAGE(.BOTH.,#7946);
#7610=SURFACE_STYLE_USAGE(.BOTH.,#7947);
#7611=SURFACE_STYLE_USAGE(.BOTH.,#7948);
#7612=SURFACE_STYLE_USAGE(.BOTH.,#7949);
#7613=SURFACE_STYLE_USAGE(.BOTH.,#7950);
#7614=SURFACE_STYLE_USAGE(.BOTH.,#7951);
#7615=SURFACE_STYLE_USAGE(.BOTH.,#7952);
#7616=SURFACE_STYLE_USAGE(.BOTH.,#7953);
#7617=SURFACE_STYLE_USAGE(.BOTH.,#7954);
#7618=SURFACE_STYLE_USAGE(.BOTH.,#7955);
#7619=SURFACE_STYLE_USAGE(.BOTH.,#7956);
#7620=SURFACE_STYLE_USAGE(.BOTH.,#7957);
#7621=SURFACE_STYLE_USAGE(.BOTH.,#7958);
#7622=SURFACE_STYLE_USAGE(.BOTH.,#7959);
#7623=SURFACE_STYLE_USAGE(.BOTH.,#7960);
#7624=SURFACE_STYLE_USAGE(.BOTH.,#7961);
#7625=SURFACE_STYLE_USAGE(.BOTH.,#7962);
#7626=SURFACE_STYLE_USAGE(.BOTH.,#7963);
#7627=SURFACE_STYLE_USAGE(.BOTH.,#7964);
#7628=SURFACE_STYLE_USAGE(.BOTH.,#7965);
#7629=SURFACE_STYLE_USAGE(.BOTH.,#7966);
#7630=SURFACE_STYLE_USAGE(.BOTH.,#7967);
#7631=SURFACE_STYLE_USAGE(.BOTH.,#7968);
#7632=SURFACE_STYLE_USAGE(.BOTH.,#7969);
#7633=SURFACE_STYLE_USAGE(.BOTH.,#7970);
#7634=SURFACE_STYLE_USAGE(.BOTH.,#7971);
#7635=SURFACE_STYLE_USAGE(.BOTH.,#7972);
#7636=SURFACE_STYLE_USAGE(.BOTH.,#7973);
#7637=SURFACE_STYLE_USAGE(.BOTH.,#7974);
#7638=SURFACE_STYLE_USAGE(.BOTH.,#7975);
#7639=SURFACE_STYLE_USAGE(.BOTH.,#7976);
#7640=SURFACE_STYLE_USAGE(.BOTH.,#7977);
#7641=SURFACE_STYLE_USAGE(.BOTH.,#7978);
#7642=SURFACE_STYLE_USAGE(.BOTH.,#7979);
#7643=SURFACE_STYLE_USAGE(.BOTH.,#7980);
#7644=SURFACE_STYLE_USAGE(.BOTH.,#7981);
#7645=SURFACE_STYLE_USAGE(.BOTH.,#7982);
#7646=SURFACE_STYLE_USAGE(.BOTH.,#7983);
#7647=SURFACE_STYLE_USAGE(.BOTH.,#7984);
#7648=SURFACE_STYLE_USAGE(.BOTH.,#7985);
#7649=SURFACE_STYLE_USAGE(.BOTH.,#7986);
#7650=SURFACE_STYLE_USAGE(.BOTH.,#7987);
#7651=SURFACE_STYLE_USAGE(.BOTH.,#7988);
#7652=SURFACE_STYLE_USAGE(.BOTH.,#7989);
#7653=SURFACE_STYLE_USAGE(.BOTH.,#7990);
#7654=SURFACE_STYLE_USAGE(.BOTH.,#7991);
#7655=SURFACE_STYLE_USAGE(.BOTH.,#7992);
#7656=SURFACE_STYLE_USAGE(.BOTH.,#7993);
#7657=SURFACE_STYLE_USAGE(.BOTH.,#7994);
#7658=SURFACE_STYLE_USAGE(.BOTH.,#7995);
#7659=SURFACE_STYLE_USAGE(.BOTH.,#7996);
#7660=SURFACE_STYLE_USAGE(.BOTH.,#7997);
#7661=SURFACE_STYLE_USAGE(.BOTH.,#7998);
#7662=SURFACE_STYLE_USAGE(.BOTH.,#7999);
#7663=SURFACE_STYLE_USAGE(.BOTH.,#8000);
#7664=SURFACE_STYLE_USAGE(.BOTH.,#8001);
#7665=SURFACE_STYLE_USAGE(.BOTH.,#8002);
#7666=SURFACE_STYLE_USAGE(.BOTH.,#8003);
#7667=SURFACE_STYLE_USAGE(.BOTH.,#8004);
#7668=SURFACE_STYLE_USAGE(.BOTH.,#8005);
#7669=SURFACE_STYLE_USAGE(.BOTH.,#8006);
#7670=SURFACE_STYLE_USAGE(.BOTH.,#8007);
#7671=SURFACE_STYLE_USAGE(.BOTH.,#8008);
#7672=SURFACE_STYLE_USAGE(.BOTH.,#8009);
#7673=SURFACE_STYLE_USAGE(.BOTH.,#8010);
#7674=SURFACE_STYLE_USAGE(.BOTH.,#8011);
#7675=SURFACE_STYLE_USAGE(.BOTH.,#8012);
#7676=SURFACE_STYLE_USAGE(.BOTH.,#8013);
#7677=SURFACE_STYLE_USAGE(.BOTH.,#8014);
#7678=SURFACE_STYLE_USAGE(.BOTH.,#8015);
#7679=SURFACE_STYLE_USAGE(.BOTH.,#8016);
#7680=SURFACE_STYLE_USAGE(.BOTH.,#8017);
#7681=SURFACE_STYLE_USAGE(.BOTH.,#8018);
#7682=SURFACE_STYLE_USAGE(.BOTH.,#8019);
#7683=SURFACE_STYLE_USAGE(.BOTH.,#8020);
#7684=SURFACE_STYLE_USAGE(.BOTH.,#8021);
#7685=SURFACE_STYLE_USAGE(.BOTH.,#8022);
#7686=SURFACE_STYLE_USAGE(.BOTH.,#8023);
#7687=SURFACE_STYLE_USAGE(.BOTH.,#8024);
#7688=SURFACE_STYLE_USAGE(.BOTH.,#8025);
#7689=SURFACE_STYLE_USAGE(.BOTH.,#8026);
#7690=SURFACE_STYLE_USAGE(.BOTH.,#8027);
#7691=SURFACE_STYLE_USAGE(.BOTH.,#8028);
#7692=SURFACE_STYLE_USAGE(.BOTH.,#8029);
#7693=SURFACE_STYLE_USAGE(.BOTH.,#8030);
#7694=SURFACE_STYLE_USAGE(.BOTH.,#8031);
#7695=SURFACE_STYLE_USAGE(.BOTH.,#8032);
#7696=SURFACE_STYLE_USAGE(.BOTH.,#8033);
#7697=SURFACE_STYLE_USAGE(.BOTH.,#8034);
#7698=SURFACE_STYLE_USAGE(.BOTH.,#8035);
#7699=SURFACE_STYLE_USAGE(.BOTH.,#8036);
#7700=SURFACE_STYLE_USAGE(.BOTH.,#8037);
#7701=SURFACE_STYLE_USAGE(.BOTH.,#8038);
#7702=SURFACE_STYLE_USAGE(.BOTH.,#8039);
#7703=SURFACE_STYLE_USAGE(.BOTH.,#8040);
#7704=SURFACE_STYLE_USAGE(.BOTH.,#8041);
#7705=SURFACE_STYLE_USAGE(.BOTH.,#8042);
#7706=SURFACE_STYLE_USAGE(.BOTH.,#8043);
#7707=SURFACE_STYLE_USAGE(.BOTH.,#8044);
#7708=SURFACE_STYLE_USAGE(.BOTH.,#8045);
#7709=SURFACE_STYLE_USAGE(.BOTH.,#8046);
#7710=SURFACE_STYLE_USAGE(.BOTH.,#8047);
#7711=SURFACE_STYLE_USAGE(.BOTH.,#8048);
#7712=SURFACE_STYLE_USAGE(.BOTH.,#8049);
#7713=SURFACE_STYLE_USAGE(.BOTH.,#8050);
#7714=SURFACE_STYLE_USAGE(.BOTH.,#8051);
#7715=SURFACE_STYLE_USAGE(.BOTH.,#8052);
#7716=SURFACE_STYLE_USAGE(.BOTH.,#8053);
#7717=SURFACE_STYLE_USAGE(.BOTH.,#8054);
#7718=SURFACE_STYLE_USAGE(.BOTH.,#8055);
#7719=SURFACE_STYLE_USAGE(.BOTH.,#8056);
#7720=SURFACE_STYLE_USAGE(.BOTH.,#8057);
#7721=SURFACE_STYLE_USAGE(.BOTH.,#8058);
#7722=SURFACE_STYLE_USAGE(.BOTH.,#8059);
#7723=SURFACE_STYLE_USAGE(.BOTH.,#8060);
#7724=SURFACE_STYLE_USAGE(.BOTH.,#8061);
#7725=SURFACE_STYLE_USAGE(.BOTH.,#8062);
#7726=SURFACE_STYLE_USAGE(.BOTH.,#8063);
#7727=SURFACE_STYLE_USAGE(.BOTH.,#8064);
#7728=SURFACE_STYLE_USAGE(.BOTH.,#8065);
#7729=SURFACE_STYLE_USAGE(.BOTH.,#8066);
#7730=SURFACE_STYLE_USAGE(.BOTH.,#8067);
#7731=SURFACE_STYLE_USAGE(.BOTH.,#8068);
#7732=SURFACE_STYLE_USAGE(.BOTH.,#8069);
#7733=SURFACE_STYLE_USAGE(.BOTH.,#8070);
#7734=SURFACE_STYLE_USAGE(.BOTH.,#8071);
#7735=SURFACE_STYLE_USAGE(.BOTH.,#8072);
#7736=SURFACE_STYLE_USAGE(.BOTH.,#8073);
#7737=SURFACE_STYLE_USAGE(.BOTH.,#8074);
#7738=SURFACE_STYLE_USAGE(.BOTH.,#8075);
#7739=SURFACE_STYLE_USAGE(.BOTH.,#8076);
#7740=SURFACE_STYLE_USAGE(.BOTH.,#8077);
#7741=SURFACE_STYLE_USAGE(.BOTH.,#8078);
#7742=SURFACE_STYLE_USAGE(.BOTH.,#8079);
#7743=SURFACE_STYLE_USAGE(.BOTH.,#8080);
#7744=SURFACE_STYLE_USAGE(.BOTH.,#8081);
#7745=SURFACE_STYLE_USAGE(.BOTH.,#8082);
#7746=SURFACE_STYLE_USAGE(.BOTH.,#8083);
#7747=SURFACE_STYLE_USAGE(.BOTH.,#8084);
#7748=SURFACE_STYLE_USAGE(.BOTH.,#8085);
#7749=SURFACE_STYLE_USAGE(.BOTH.,#8086);
#7750=SURFACE_STYLE_USAGE(.BOTH.,#8087);
#7751=SURFACE_STYLE_USAGE(.BOTH.,#8088);
#7752=SURFACE_STYLE_USAGE(.BOTH.,#8089);
#7753=SURFACE_STYLE_USAGE(.BOTH.,#8090);
#7754=SURFACE_STYLE_USAGE(.BOTH.,#8091);
#7755=SURFACE_STYLE_USAGE(.BOTH.,#8092);
#7756=SURFACE_STYLE_USAGE(.BOTH.,#8093);
#7757=SURFACE_STYLE_USAGE(.BOTH.,#8094);
#7758=SURFACE_STYLE_USAGE(.BOTH.,#8095);
#7759=SURFACE_STYLE_USAGE(.BOTH.,#8096);
#7760=SURFACE_STYLE_USAGE(.BOTH.,#8097);
#7761=SURFACE_STYLE_USAGE(.BOTH.,#8098);
#7762=SURFACE_STYLE_USAGE(.BOTH.,#8099);
#7763=SURFACE_STYLE_USAGE(.BOTH.,#8100);
#7764=SURFACE_STYLE_USAGE(.BOTH.,#8101);
#7765=SURFACE_STYLE_USAGE(.BOTH.,#8102);
#7766=SURFACE_STYLE_USAGE(.BOTH.,#8103);
#7767=SURFACE_STYLE_USAGE(.BOTH.,#8104);
#7768=SURFACE_STYLE_USAGE(.BOTH.,#8105);
#7769=SURFACE_STYLE_USAGE(.BOTH.,#8106);
#7770=SURFACE_STYLE_USAGE(.BOTH.,#8107);
#7771=SURFACE_STYLE_USAGE(.BOTH.,#8108);
#7772=SURFACE_STYLE_USAGE(.BOTH.,#8109);
#7773=SURFACE_STYLE_USAGE(.BOTH.,#8110);
#7774=SURFACE_STYLE_USAGE(.BOTH.,#8111);
#7775=SURFACE_STYLE_USAGE(.BOTH.,#8112);
#7776=SURFACE_STYLE_USAGE(.BOTH.,#8113);
#7777=SURFACE_STYLE_USAGE(.BOTH.,#8114);
#7778=SURFACE_STYLE_USAGE(.BOTH.,#8115);
#7779=SURFACE_STYLE_USAGE(.BOTH.,#8116);
#7780=SURFACE_STYLE_USAGE(.BOTH.,#8117);
#7781=SURFACE_STYLE_USAGE(.BOTH.,#8118);
#7782=SURFACE_STYLE_USAGE(.BOTH.,#8119);
#7783=SURFACE_STYLE_USAGE(.BOTH.,#8120);
#7784=SURFACE_STYLE_USAGE(.BOTH.,#8121);
#7785=SURFACE_STYLE_USAGE(.BOTH.,#8122);
#7786=SURFACE_STYLE_USAGE(.BOTH.,#8123);
#7787=SURFACE_STYLE_USAGE(.BOTH.,#8124);
#7788=SURFACE_STYLE_USAGE(.BOTH.,#8125);
#7789=SURFACE_STYLE_USAGE(.BOTH.,#8126);
#7790=SURFACE_STYLE_USAGE(.BOTH.,#8127);
#7791=SURFACE_STYLE_USAGE(.BOTH.,#8128);
#7792=SURFACE_STYLE_USAGE(.BOTH.,#8129);
#7793=SURFACE_STYLE_USAGE(.BOTH.,#8130);
#7794=SURFACE_STYLE_USAGE(.BOTH.,#8131);
#7795=SURFACE_STYLE_USAGE(.BOTH.,#8132);
#7796=SURFACE_STYLE_USAGE(.BOTH.,#8133);
#7797=SURFACE_STYLE_USAGE(.BOTH.,#8134);
#7798=SURFACE_STYLE_USAGE(.BOTH.,#8135);
#7799=SURFACE_STYLE_USAGE(.BOTH.,#8136);
#7800=SURFACE_STYLE_USAGE(.BOTH.,#8137);
#7801=SURFACE_STYLE_USAGE(.BOTH.,#8138);
#7802=SURFACE_STYLE_USAGE(.BOTH.,#8139);
#7803=SURFACE_STYLE_USAGE(.BOTH.,#8140);
#7804=SURFACE_STYLE_USAGE(.BOTH.,#8141);
#7805=SURFACE_STYLE_USAGE(.BOTH.,#8142);
#7806=SURFACE_STYLE_USAGE(.BOTH.,#8143);
#7807=SURFACE_STYLE_USAGE(.BOTH.,#8144);
#7808=SURFACE_STYLE_USAGE(.BOTH.,#8145);
#7809=SURFACE_STYLE_USAGE(.BOTH.,#8146);
#7810=SURFACE_STYLE_USAGE(.BOTH.,#8147);
#7811=SURFACE_STYLE_USAGE(.BOTH.,#8148);
#7812=SURFACE_STYLE_USAGE(.BOTH.,#8149);
#7813=SURFACE_STYLE_USAGE(.BOTH.,#8150);
#7814=SURFACE_STYLE_USAGE(.BOTH.,#8151);
#7815=SURFACE_STYLE_USAGE(.BOTH.,#8152);
#7816=SURFACE_STYLE_USAGE(.BOTH.,#8153);
#7817=SURFACE_STYLE_USAGE(.BOTH.,#8154);
#7818=SURFACE_STYLE_USAGE(.BOTH.,#8155);
#7819=SURFACE_STYLE_USAGE(.BOTH.,#8156);
#7820=SURFACE_STYLE_USAGE(.BOTH.,#8157);
#7821=SURFACE_STYLE_USAGE(.BOTH.,#8158);
#7822=SURFACE_STYLE_USAGE(.BOTH.,#8159);
#7823=SURFACE_STYLE_USAGE(.BOTH.,#8160);
#7824=SURFACE_STYLE_USAGE(.BOTH.,#8161);
#7825=SURFACE_STYLE_USAGE(.BOTH.,#8162);
#7826=SURFACE_STYLE_USAGE(.BOTH.,#8163);
#7827=SURFACE_STYLE_USAGE(.BOTH.,#8164);
#7828=SURFACE_STYLE_USAGE(.BOTH.,#8165);
#7829=SURFACE_STYLE_USAGE(.BOTH.,#8166);
#7830=SURFACE_STYLE_USAGE(.BOTH.,#8167);
#7831=SURFACE_STYLE_USAGE(.BOTH.,#8168);
#7832=SURFACE_STYLE_USAGE(.BOTH.,#8169);
#7833=SURFACE_STYLE_USAGE(.BOTH.,#8170);
#7834=SURFACE_STYLE_USAGE(.BOTH.,#8171);
#7835=SURFACE_STYLE_USAGE(.BOTH.,#8172);
#7836=SURFACE_STYLE_USAGE(.BOTH.,#8173);
#7837=SURFACE_STYLE_USAGE(.BOTH.,#8174);
#7838=SURFACE_STYLE_USAGE(.BOTH.,#8175);
#7839=SURFACE_STYLE_USAGE(.BOTH.,#8176);
#7840=SURFACE_STYLE_USAGE(.BOTH.,#8177);
#7841=SURFACE_STYLE_USAGE(.BOTH.,#8178);
#7842=SURFACE_STYLE_USAGE(.BOTH.,#8179);
#7843=SURFACE_STYLE_USAGE(.BOTH.,#8180);
#7844=SURFACE_STYLE_USAGE(.BOTH.,#8181);
#7845=SURFACE_STYLE_USAGE(.BOTH.,#8182);
#7846=SURFACE_STYLE_USAGE(.BOTH.,#8183);
#7847=SURFACE_STYLE_USAGE(.BOTH.,#8184);
#7848=SURFACE_STYLE_USAGE(.BOTH.,#8185);
#7849=SURFACE_STYLE_USAGE(.BOTH.,#8186);
#7850=SURFACE_STYLE_USAGE(.BOTH.,#8187);
#7851=SURFACE_STYLE_USAGE(.BOTH.,#8188);
#7852=SURFACE_STYLE_USAGE(.BOTH.,#8189);
#7853=SURFACE_STYLE_USAGE(.BOTH.,#8190);
#7854=SURFACE_STYLE_USAGE(.BOTH.,#8191);
#7855=SURFACE_STYLE_USAGE(.BOTH.,#8192);
#7856=SURFACE_STYLE_USAGE(.BOTH.,#8193);
#7857=SURFACE_STYLE_USAGE(.BOTH.,#8194);
#7858=SURFACE_STYLE_USAGE(.BOTH.,#8195);
#7859=SURFACE_STYLE_USAGE(.BOTH.,#8196);
#7860=SURFACE_STYLE_USAGE(.BOTH.,#8197);
#7861=SURFACE_STYLE_USAGE(.BOTH.,#8198);
#7862=SURFACE_STYLE_USAGE(.BOTH.,#8199);
#7863=SURFACE_STYLE_USAGE(.BOTH.,#8200);
#7864=SURFACE_STYLE_USAGE(.BOTH.,#8201);
#7865=SURFACE_STYLE_USAGE(.BOTH.,#8202);
#7866=SURFACE_STYLE_USAGE(.BOTH.,#8203);
#7867=SURFACE_STYLE_USAGE(.BOTH.,#8204);
#7868=SURFACE_STYLE_USAGE(.BOTH.,#8205);
#7869=SURFACE_STYLE_USAGE(.BOTH.,#8206);
#7870=SURFACE_STYLE_USAGE(.BOTH.,#8207);
#7871=SURFACE_STYLE_USAGE(.BOTH.,#8208);
#7872=SURFACE_STYLE_USAGE(.BOTH.,#8209);
#7873=SURFACE_STYLE_USAGE(.BOTH.,#8210);
#7874=SURFACE_STYLE_USAGE(.BOTH.,#8211);
#7875=SURFACE_STYLE_USAGE(.BOTH.,#8212);
#7876=SURFACE_STYLE_USAGE(.BOTH.,#8213);
#7877=SURFACE_STYLE_USAGE(.BOTH.,#8214);
#7878=SURFACE_STYLE_USAGE(.BOTH.,#8215);
#7879=SURFACE_STYLE_USAGE(.BOTH.,#8216);
#7880=SURFACE_STYLE_USAGE(.BOTH.,#8217);
#7881=SURFACE_STYLE_USAGE(.BOTH.,#8218);
#7882=SURFACE_STYLE_USAGE(.BOTH.,#8219);
#7883=SURFACE_STYLE_USAGE(.BOTH.,#8220);
#7884=SURFACE_STYLE_USAGE(.BOTH.,#8221);
#7885=SURFACE_STYLE_USAGE(.BOTH.,#8222);
#7886=SURFACE_STYLE_USAGE(.BOTH.,#8223);
#7887=SURFACE_STYLE_USAGE(.BOTH.,#8224);
#7888=SURFACE_STYLE_USAGE(.BOTH.,#8225);
#7889=SURFACE_STYLE_USAGE(.BOTH.,#8226);
#7890=SURFACE_STYLE_USAGE(.BOTH.,#8227);
#7891=SURFACE_STYLE_USAGE(.BOTH.,#8228);
#7892=SURFACE_STYLE_USAGE(.BOTH.,#8229);
#7893=SURFACE_STYLE_USAGE(.BOTH.,#8230);
#7894=SURFACE_STYLE_USAGE(.BOTH.,#8231);
#7895=SURFACE_STYLE_USAGE(.BOTH.,#8232);
#7896=SURFACE_STYLE_USAGE(.BOTH.,#8233);
#7897=SURFACE_STYLE_USAGE(.BOTH.,#8234);
#7898=SURFACE_STYLE_USAGE(.BOTH.,#8235);
#7899=SURFACE_STYLE_USAGE(.BOTH.,#8236);
#7900=SURFACE_STYLE_USAGE(.BOTH.,#8237);
#7901=SURFACE_STYLE_USAGE(.BOTH.,#8238);
#7902=SURFACE_STYLE_USAGE(.BOTH.,#8239);
#7903=SURFACE_STYLE_USAGE(.BOTH.,#8240);
#7904=SURFACE_STYLE_USAGE(.BOTH.,#8241);
#7905=SURFACE_STYLE_USAGE(.BOTH.,#8242);
#7906=SURFACE_STYLE_USAGE(.BOTH.,#8243);
#7907=SURFACE_STYLE_USAGE(.BOTH.,#8244);
#7908=SURFACE_STYLE_USAGE(.BOTH.,#8245);
#7909=SURFACE_STYLE_USAGE(.BOTH.,#8246);
#7910=SURFACE_STYLE_USAGE(.BOTH.,#8247);
#7911=SURFACE_STYLE_USAGE(.BOTH.,#8248);
#7912=SURFACE_STYLE_USAGE(.BOTH.,#8249);
#7913=SURFACE_STYLE_USAGE(.BOTH.,#8250);
#7914=SURFACE_STYLE_USAGE(.BOTH.,#8251);
#7915=SURFACE_STYLE_USAGE(.BOTH.,#8252);
#7916=SURFACE_STYLE_USAGE(.BOTH.,#8253);
#7917=SURFACE_STYLE_USAGE(.BOTH.,#8254);
#7918=SURFACE_STYLE_USAGE(.BOTH.,#8255);
#7919=SURFACE_STYLE_USAGE(.BOTH.,#8256);
#7920=SURFACE_STYLE_USAGE(.BOTH.,#8257);
#7921=SURFACE_STYLE_USAGE(.BOTH.,#8258);
#7922=SURFACE_STYLE_USAGE(.BOTH.,#8259);
#7923=SURFACE_STYLE_USAGE(.BOTH.,#8260);
#7924=SURFACE_STYLE_USAGE(.BOTH.,#8261);
#7925=SURFACE_STYLE_USAGE(.BOTH.,#8262);
#7926=SURFACE_SIDE_STYLE('',(#8263));
#7927=SURFACE_SIDE_STYLE('',(#8264));
#7928=SURFACE_SIDE_STYLE('',(#8265));
#7929=SURFACE_SIDE_STYLE('',(#8266));
#7930=SURFACE_SIDE_STYLE('',(#8267));
#7931=SURFACE_SIDE_STYLE('',(#8268));
#7932=SURFACE_SIDE_STYLE('',(#8269));
#7933=SURFACE_SIDE_STYLE('',(#8270));
#7934=SURFACE_SIDE_STYLE('',(#8271));
#7935=SURFACE_SIDE_STYLE('',(#8272));
#7936=SURFACE_SIDE_STYLE('',(#8273));
#7937=SURFACE_SIDE_STYLE('',(#8274));
#7938=SURFACE_SIDE_STYLE('',(#8275));
#7939=SURFACE_SIDE_STYLE('',(#8276));
#7940=SURFACE_SIDE_STYLE('',(#8277));
#7941=SURFACE_SIDE_STYLE('',(#8278));
#7942=SURFACE_SIDE_STYLE('',(#8279));
#7943=SURFACE_SIDE_STYLE('',(#8280));
#7944=SURFACE_SIDE_STYLE('',(#8281));
#7945=SURFACE_SIDE_STYLE('',(#8282));
#7946=SURFACE_SIDE_STYLE('',(#8283));
#7947=SURFACE_SIDE_STYLE('',(#8284));
#7948=SURFACE_SIDE_STYLE('',(#8285));
#7949=SURFACE_SIDE_STYLE('',(#8286));
#7950=SURFACE_SIDE_STYLE('',(#8287));
#7951=SURFACE_SIDE_STYLE('',(#8288));
#7952=SURFACE_SIDE_STYLE('',(#8289));
#7953=SURFACE_SIDE_STYLE('',(#8290));
#7954=SURFACE_SIDE_STYLE('',(#8291));
#7955=SURFACE_SIDE_STYLE('',(#8292));
#7956=SURFACE_SIDE_STYLE('',(#8293));
#7957=SURFACE_SIDE_STYLE('',(#8294));
#7958=SURFACE_SIDE_STYLE('',(#8295));
#7959=SURFACE_SIDE_STYLE('',(#8296));
#7960=SURFACE_SIDE_STYLE('',(#8297));
#7961=SURFACE_SIDE_STYLE('',(#8298));
#7962=SURFACE_SIDE_STYLE('',(#8299));
#7963=SURFACE_SIDE_STYLE('',(#8300));
#7964=SURFACE_SIDE_STYLE('',(#8301));
#7965=SURFACE_SIDE_STYLE('',(#8302));
#7966=SURFACE_SIDE_STYLE('',(#8303));
#7967=SURFACE_SIDE_STYLE('',(#8304));
#7968=SURFACE_SIDE_STYLE('',(#8305));
#7969=SURFACE_SIDE_STYLE('',(#8306));
#7970=SURFACE_SIDE_STYLE('',(#8307));
#7971=SURFACE_SIDE_STYLE('',(#8308));
#7972=SURFACE_SIDE_STYLE('',(#8309));
#7973=SURFACE_SIDE_STYLE('',(#8310));
#7974=SURFACE_SIDE_STYLE('',(#8311));
#7975=SURFACE_SIDE_STYLE('',(#8312));
#7976=SURFACE_SIDE_STYLE('',(#8313));
#7977=SURFACE_SIDE_STYLE('',(#8314));
#7978=SURFACE_SIDE_STYLE('',(#8315));
#7979=SURFACE_SIDE_STYLE('',(#8316));
#7980=SURFACE_SIDE_STYLE('',(#8317));
#7981=SURFACE_SIDE_STYLE('',(#8318));
#7982=SURFACE_SIDE_STYLE('',(#8319));
#7983=SURFACE_SIDE_STYLE('',(#8320));
#7984=SURFACE_SIDE_STYLE('',(#8321));
#7985=SURFACE_SIDE_STYLE('',(#8322));
#7986=SURFACE_SIDE_STYLE('',(#8323));
#7987=SURFACE_SIDE_STYLE('',(#8324));
#7988=SURFACE_SIDE_STYLE('',(#8325));
#7989=SURFACE_SIDE_STYLE('',(#8326));
#7990=SURFACE_SIDE_STYLE('',(#8327));
#7991=SURFACE_SIDE_STYLE('',(#8328));
#7992=SURFACE_SIDE_STYLE('',(#8329));
#7993=SURFACE_SIDE_STYLE('',(#8330));
#7994=SURFACE_SIDE_STYLE('',(#8331));
#7995=SURFACE_SIDE_STYLE('',(#8332));
#7996=SURFACE_SIDE_STYLE('',(#8333));
#7997=SURFACE_SIDE_STYLE('',(#8334));
#7998=SURFACE_SIDE_STYLE('',(#8335));
#7999=SURFACE_SIDE_STYLE('',(#8336));
#8000=SURFACE_SIDE_STYLE('',(#8337));
#8001=SURFACE_SIDE_STYLE('',(#8338));
#8002=SURFACE_SIDE_STYLE('',(#8339));
#8003=SURFACE_SIDE_STYLE('',(#8340));
#8004=SURFACE_SIDE_STYLE('',(#8341));
#8005=SURFACE_SIDE_STYLE('',(#8342));
#8006=SURFACE_SIDE_STYLE('',(#8343));
#8007=SURFACE_SIDE_STYLE('',(#8344));
#8008=SURFACE_SIDE_STYLE('',(#8345));
#8009=SURFACE_SIDE_STYLE('',(#8346));
#8010=SURFACE_SIDE_STYLE('',(#8347));
#8011=SURFACE_SIDE_STYLE('',(#8348));
#8012=SURFACE_SIDE_STYLE('',(#8349));
#8013=SURFACE_SIDE_STYLE('',(#8350));
#8014=SURFACE_SIDE_STYLE('',(#8351));
#8015=SURFACE_SIDE_STYLE('',(#8352));
#8016=SURFACE_SIDE_STYLE('',(#8353));
#8017=SURFACE_SIDE_STYLE('',(#8354));
#8018=SURFACE_SIDE_STYLE('',(#8355));
#8019=SURFACE_SIDE_STYLE('',(#8356));
#8020=SURFACE_SIDE_STYLE('',(#8357));
#8021=SURFACE_SIDE_STYLE('',(#8358));
#8022=SURFACE_SIDE_STYLE('',(#8359));
#8023=SURFACE_SIDE_STYLE('',(#8360));
#8024=SURFACE_SIDE_STYLE('',(#8361));
#8025=SURFACE_SIDE_STYLE('',(#8362));
#8026=SURFACE_SIDE_STYLE('',(#8363));
#8027=SURFACE_SIDE_STYLE('',(#8364));
#8028=SURFACE_SIDE_STYLE('',(#8365));
#8029=SURFACE_SIDE_STYLE('',(#8366));
#8030=SURFACE_SIDE_STYLE('',(#8367));
#8031=SURFACE_SIDE_STYLE('',(#8368));
#8032=SURFACE_SIDE_STYLE('',(#8369));
#8033=SURFACE_SIDE_STYLE('',(#8370));
#8034=SURFACE_SIDE_STYLE('',(#8371));
#8035=SURFACE_SIDE_STYLE('',(#8372));
#8036=SURFACE_SIDE_STYLE('',(#8373));
#8037=SURFACE_SIDE_STYLE('',(#8374));
#8038=SURFACE_SIDE_STYLE('',(#8375));
#8039=SURFACE_SIDE_STYLE('',(#8376));
#8040=SURFACE_SIDE_STYLE('',(#8377));
#8041=SURFACE_SIDE_STYLE('',(#8378));
#8042=SURFACE_SIDE_STYLE('',(#8379));
#8043=SURFACE_SIDE_STYLE('',(#8380));
#8044=SURFACE_SIDE_STYLE('',(#8381));
#8045=SURFACE_SIDE_STYLE('',(#8382));
#8046=SURFACE_SIDE_STYLE('',(#8383));
#8047=SURFACE_SIDE_STYLE('',(#8384));
#8048=SURFACE_SIDE_STYLE('',(#8385));
#8049=SURFACE_SIDE_STYLE('',(#8386));
#8050=SURFACE_SIDE_STYLE('',(#8387));
#8051=SURFACE_SIDE_STYLE('',(#8388));
#8052=SURFACE_SIDE_STYLE('',(#8389));
#8053=SURFACE_SIDE_STYLE('',(#8390));
#8054=SURFACE_SIDE_STYLE('',(#8391));
#8055=SURFACE_SIDE_STYLE('',(#8392));
#8056=SURFACE_SIDE_STYLE('',(#8393));
#8057=SURFACE_SIDE_STYLE('',(#8394));
#8058=SURFACE_SIDE_STYLE('',(#8395));
#8059=SURFACE_SIDE_STYLE('',(#8396));
#8060=SURFACE_SIDE_STYLE('',(#8397));
#8061=SURFACE_SIDE_STYLE('',(#8398));
#8062=SURFACE_SIDE_STYLE('',(#8399));
#8063=SURFACE_SIDE_STYLE('',(#8400));
#8064=SURFACE_SIDE_STYLE('',(#8401));
#8065=SURFACE_SIDE_STYLE('',(#8402));
#8066=SURFACE_SIDE_STYLE('',(#8403));
#8067=SURFACE_SIDE_STYLE('',(#8404));
#8068=SURFACE_SIDE_STYLE('',(#8405));
#8069=SURFACE_SIDE_STYLE('',(#8406));
#8070=SURFACE_SIDE_STYLE('',(#8407));
#8071=SURFACE_SIDE_STYLE('',(#8408));
#8072=SURFACE_SIDE_STYLE('',(#8409));
#8073=SURFACE_SIDE_STYLE('',(#8410));
#8074=SURFACE_SIDE_STYLE('',(#8411));
#8075=SURFACE_SIDE_STYLE('',(#8412));
#8076=SURFACE_SIDE_STYLE('',(#8413));
#8077=SURFACE_SIDE_STYLE('',(#8414));
#8078=SURFACE_SIDE_STYLE('',(#8415));
#8079=SURFACE_SIDE_STYLE('',(#8416));
#8080=SURFACE_SIDE_STYLE('',(#8417));
#8081=SURFACE_SIDE_STYLE('',(#8418));
#8082=SURFACE_SIDE_STYLE('',(#8419));
#8083=SURFACE_SIDE_STYLE('',(#8420));
#8084=SURFACE_SIDE_STYLE('',(#8421));
#8085=SURFACE_SIDE_STYLE('',(#8422));
#8086=SURFACE_SIDE_STYLE('',(#8423));
#8087=SURFACE_SIDE_STYLE('',(#8424));
#8088=SURFACE_SIDE_STYLE('',(#8425));
#8089=SURFACE_SIDE_STYLE('',(#8426));
#8090=SURFACE_SIDE_STYLE('',(#8427));
#8091=SURFACE_SIDE_STYLE('',(#8428));
#8092=SURFACE_SIDE_STYLE('',(#8429));
#8093=SURFACE_SIDE_STYLE('',(#8430));
#8094=SURFACE_SIDE_STYLE('',(#8431));
#8095=SURFACE_SIDE_STYLE('',(#8432));
#8096=SURFACE_SIDE_STYLE('',(#8433));
#8097=SURFACE_SIDE_STYLE('',(#8434));
#8098=SURFACE_SIDE_STYLE('',(#8435));
#8099=SURFACE_SIDE_STYLE('',(#8436));
#8100=SURFACE_SIDE_STYLE('',(#8437));
#8101=SURFACE_SIDE_STYLE('',(#8438));
#8102=SURFACE_SIDE_STYLE('',(#8439));
#8103=SURFACE_SIDE_STYLE('',(#8440));
#8104=SURFACE_SIDE_STYLE('',(#8441));
#8105=SURFACE_SIDE_STYLE('',(#8442));
#8106=SURFACE_SIDE_STYLE('',(#8443));
#8107=SURFACE_SIDE_STYLE('',(#8444));
#8108=SURFACE_SIDE_STYLE('',(#8445));
#8109=SURFACE_SIDE_STYLE('',(#8446));
#8110=SURFACE_SIDE_STYLE('',(#8447));
#8111=SURFACE_SIDE_STYLE('',(#8448));
#8112=SURFACE_SIDE_STYLE('',(#8449));
#8113=SURFACE_SIDE_STYLE('',(#8450));
#8114=SURFACE_SIDE_STYLE('',(#8451));
#8115=SURFACE_SIDE_STYLE('',(#8452));
#8116=SURFACE_SIDE_STYLE('',(#8453));
#8117=SURFACE_SIDE_STYLE('',(#8454));
#8118=SURFACE_SIDE_STYLE('',(#8455));
#8119=SURFACE_SIDE_STYLE('',(#8456));
#8120=SURFACE_SIDE_STYLE('',(#8457));
#8121=SURFACE_SIDE_STYLE('',(#8458));
#8122=SURFACE_SIDE_STYLE('',(#8459));
#8123=SURFACE_SIDE_STYLE('',(#8460));
#8124=SURFACE_SIDE_STYLE('',(#8461));
#8125=SURFACE_SIDE_STYLE('',(#8462));
#8126=SURFACE_SIDE_STYLE('',(#8463));
#8127=SURFACE_SIDE_STYLE('',(#8464));
#8128=SURFACE_SIDE_STYLE('',(#8465));
#8129=SURFACE_SIDE_STYLE('',(#8466));
#8130=SURFACE_SIDE_STYLE('',(#8467));
#8131=SURFACE_SIDE_STYLE('',(#8468));
#8132=SURFACE_SIDE_STYLE('',(#8469));
#8133=SURFACE_SIDE_STYLE('',(#8470));
#8134=SURFACE_SIDE_STYLE('',(#8471));
#8135=SURFACE_SIDE_STYLE('',(#8472));
#8136=SURFACE_SIDE_STYLE('',(#8473));
#8137=SURFACE_SIDE_STYLE('',(#8474));
#8138=SURFACE_SIDE_STYLE('',(#8475));
#8139=SURFACE_SIDE_STYLE('',(#8476));
#8140=SURFACE_SIDE_STYLE('',(#8477));
#8141=SURFACE_SIDE_STYLE('',(#8478));
#8142=SURFACE_SIDE_STYLE('',(#8479));
#8143=SURFACE_SIDE_STYLE('',(#8480));
#8144=SURFACE_SIDE_STYLE('',(#8481));
#8145=SURFACE_SIDE_STYLE('',(#8482));
#8146=SURFACE_SIDE_STYLE('',(#8483));
#8147=SURFACE_SIDE_STYLE('',(#8484));
#8148=SURFACE_SIDE_STYLE('',(#8485));
#8149=SURFACE_SIDE_STYLE('',(#8486));
#8150=SURFACE_SIDE_STYLE('',(#8487));
#8151=SURFACE_SIDE_STYLE('',(#8488));
#8152=SURFACE_SIDE_STYLE('',(#8489));
#8153=SURFACE_SIDE_STYLE('',(#8490));
#8154=SURFACE_SIDE_STYLE('',(#8491));
#8155=SURFACE_SIDE_STYLE('',(#8492));
#8156=SURFACE_SIDE_STYLE('',(#8493));
#8157=SURFACE_SIDE_STYLE('',(#8494));
#8158=SURFACE_SIDE_STYLE('',(#8495));
#8159=SURFACE_SIDE_STYLE('',(#8496));
#8160=SURFACE_SIDE_STYLE('',(#8497));
#8161=SURFACE_SIDE_STYLE('',(#8498));
#8162=SURFACE_SIDE_STYLE('',(#8499));
#8163=SURFACE_SIDE_STYLE('',(#8500));
#8164=SURFACE_SIDE_STYLE('',(#8501));
#8165=SURFACE_SIDE_STYLE('',(#8502));
#8166=SURFACE_SIDE_STYLE('',(#8503));
#8167=SURFACE_SIDE_STYLE('',(#8504));
#8168=SURFACE_SIDE_STYLE('',(#8505));
#8169=SURFACE_SIDE_STYLE('',(#8506));
#8170=SURFACE_SIDE_STYLE('',(#8507));
#8171=SURFACE_SIDE_STYLE('',(#8508));
#8172=SURFACE_SIDE_STYLE('',(#8509));
#8173=SURFACE_SIDE_STYLE('',(#8510));
#8174=SURFACE_SIDE_STYLE('',(#8511));
#8175=SURFACE_SIDE_STYLE('',(#8512));
#8176=SURFACE_SIDE_STYLE('',(#8513));
#8177=SURFACE_SIDE_STYLE('',(#8514));
#8178=SURFACE_SIDE_STYLE('',(#8515));
#8179=SURFACE_SIDE_STYLE('',(#8516));
#8180=SURFACE_SIDE_STYLE('',(#8517));
#8181=SURFACE_SIDE_STYLE('',(#8518));
#8182=SURFACE_SIDE_STYLE('',(#8519));
#8183=SURFACE_SIDE_STYLE('',(#8520));
#8184=SURFACE_SIDE_STYLE('',(#8521));
#8185=SURFACE_SIDE_STYLE('',(#8522));
#8186=SURFACE_SIDE_STYLE('',(#8523));
#8187=SURFACE_SIDE_STYLE('',(#8524));
#8188=SURFACE_SIDE_STYLE('',(#8525));
#8189=SURFACE_SIDE_STYLE('',(#8526));
#8190=SURFACE_SIDE_STYLE('',(#8527));
#8191=SURFACE_SIDE_STYLE('',(#8528));
#8192=SURFACE_SIDE_STYLE('',(#8529));
#8193=SURFACE_SIDE_STYLE('',(#8530));
#8194=SURFACE_SIDE_STYLE('',(#8531));
#8195=SURFACE_SIDE_STYLE('',(#8532));
#8196=SURFACE_SIDE_STYLE('',(#8533));
#8197=SURFACE_SIDE_STYLE('',(#8534));
#8198=SURFACE_SIDE_STYLE('',(#8535));
#8199=SURFACE_SIDE_STYLE('',(#8536));
#8200=SURFACE_SIDE_STYLE('',(#8537));
#8201=SURFACE_SIDE_STYLE('',(#8538));
#8202=SURFACE_SIDE_STYLE('',(#8539));
#8203=SURFACE_SIDE_STYLE('',(#8540));
#8204=SURFACE_SIDE_STYLE('',(#8541));
#8205=SURFACE_SIDE_STYLE('',(#8542));
#8206=SURFACE_SIDE_STYLE('',(#8543));
#8207=SURFACE_SIDE_STYLE('',(#8544));
#8208=SURFACE_SIDE_STYLE('',(#8545));
#8209=SURFACE_SIDE_STYLE('',(#8546));
#8210=SURFACE_SIDE_STYLE('',(#8547));
#8211=SURFACE_SIDE_STYLE('',(#8548));
#8212=SURFACE_SIDE_STYLE('',(#8549));
#8213=SURFACE_SIDE_STYLE('',(#8550));
#8214=SURFACE_SIDE_STYLE('',(#8551));
#8215=SURFACE_SIDE_STYLE('',(#8552));
#8216=SURFACE_SIDE_STYLE('',(#8553));
#8217=SURFACE_SIDE_STYLE('',(#8554));
#8218=SURFACE_SIDE_STYLE('',(#8555));
#8219=SURFACE_SIDE_STYLE('',(#8556));
#8220=SURFACE_SIDE_STYLE('',(#8557));
#8221=SURFACE_SIDE_STYLE('',(#8558));
#8222=SURFACE_SIDE_STYLE('',(#8559));
#8223=SURFACE_SIDE_STYLE('',(#8560));
#8224=SURFACE_SIDE_STYLE('',(#8561));
#8225=SURFACE_SIDE_STYLE('',(#8562));
#8226=SURFACE_SIDE_STYLE('',(#8563));
#8227=SURFACE_SIDE_STYLE('',(#8564));
#8228=SURFACE_SIDE_STYLE('',(#8565));
#8229=SURFACE_SIDE_STYLE('',(#8566));
#8230=SURFACE_SIDE_STYLE('',(#8567));
#8231=SURFACE_SIDE_STYLE('',(#8568));
#8232=SURFACE_SIDE_STYLE('',(#8569));
#8233=SURFACE_SIDE_STYLE('',(#8570));
#8234=SURFACE_SIDE_STYLE('',(#8571));
#8235=SURFACE_SIDE_STYLE('',(#8572));
#8236=SURFACE_SIDE_STYLE('',(#8573));
#8237=SURFACE_SIDE_STYLE('',(#8574));
#8238=SURFACE_SIDE_STYLE('',(#8575));
#8239=SURFACE_SIDE_STYLE('',(#8576));
#8240=SURFACE_SIDE_STYLE('',(#8577));
#8241=SURFACE_SIDE_STYLE('',(#8578));
#8242=SURFACE_SIDE_STYLE('',(#8579));
#8243=SURFACE_SIDE_STYLE('',(#8580));
#8244=SURFACE_SIDE_STYLE('',(#8581));
#8245=SURFACE_SIDE_STYLE('',(#8582));
#8246=SURFACE_SIDE_STYLE('',(#8583));
#8247=SURFACE_SIDE_STYLE('',(#8584));
#8248=SURFACE_SIDE_STYLE('',(#8585));
#8249=SURFACE_SIDE_STYLE('',(#8586));
#8250=SURFACE_SIDE_STYLE('',(#8587));
#8251=SURFACE_SIDE_STYLE('',(#8588));
#8252=SURFACE_SIDE_STYLE('',(#8589));
#8253=SURFACE_SIDE_STYLE('',(#8590));
#8254=SURFACE_SIDE_STYLE('',(#8591));
#8255=SURFACE_SIDE_STYLE('',(#8592));
#8256=SURFACE_SIDE_STYLE('',(#8593));
#8257=SURFACE_SIDE_STYLE('',(#8594));
#8258=SURFACE_SIDE_STYLE('',(#8595));
#8259=SURFACE_SIDE_STYLE('',(#8596));
#8260=SURFACE_SIDE_STYLE('',(#8597));
#8261=SURFACE_SIDE_STYLE('',(#8598));
#8262=SURFACE_SIDE_STYLE('',(#8599));
#8263=SURFACE_STYLE_FILL_AREA(#8600);
#8264=SURFACE_STYLE_FILL_AREA(#8601);
#8265=SURFACE_STYLE_FILL_AREA(#8602);
#8266=SURFACE_STYLE_FILL_AREA(#8603);
#8267=SURFACE_STYLE_FILL_AREA(#8604);
#8268=SURFACE_STYLE_FILL_AREA(#8605);
#8269=SURFACE_STYLE_FILL_AREA(#8606);
#8270=SURFACE_STYLE_FILL_AREA(#8607);
#8271=SURFACE_STYLE_FILL_AREA(#8608);
#8272=SURFACE_STYLE_FILL_AREA(#8609);
#8273=SURFACE_STYLE_FILL_AREA(#8610);
#8274=SURFACE_STYLE_FILL_AREA(#8611);
#8275=SURFACE_STYLE_FILL_AREA(#8612);
#8276=SURFACE_STYLE_FILL_AREA(#8613);
#8277=SURFACE_STYLE_FILL_AREA(#8614);
#8278=SURFACE_STYLE_FILL_AREA(#8615);
#8279=SURFACE_STYLE_FILL_AREA(#8616);
#8280=SURFACE_STYLE_FILL_AREA(#8617);
#8281=SURFACE_STYLE_FILL_AREA(#8618);
#8282=SURFACE_STYLE_FILL_AREA(#8619);
#8283=SURFACE_STYLE_FILL_AREA(#8620);
#8284=SURFACE_STYLE_FILL_AREA(#8621);
#8285=SURFACE_STYLE_FILL_AREA(#8622);
#8286=SURFACE_STYLE_FILL_AREA(#8623);
#8287=SURFACE_STYLE_FILL_AREA(#8624);
#8288=SURFACE_STYLE_FILL_AREA(#8625);
#8289=SURFACE_STYLE_FILL_AREA(#8626);
#8290=SURFACE_STYLE_FILL_AREA(#8627);
#8291=SURFACE_STYLE_FILL_AREA(#8628);
#8292=SURFACE_STYLE_FILL_AREA(#8629);
#8293=SURFACE_STYLE_FILL_AREA(#8630);
#8294=SURFACE_STYLE_FILL_AREA(#8631);
#8295=SURFACE_STYLE_FILL_AREA(#8632);
#8296=SURFACE_STYLE_FILL_AREA(#8633);
#8297=SURFACE_STYLE_FILL_AREA(#8634);
#8298=SURFACE_STYLE_FILL_AREA(#8635);
#8299=SURFACE_STYLE_FILL_AREA(#8636);
#8300=SURFACE_STYLE_FILL_AREA(#8637);
#8301=SURFACE_STYLE_FILL_AREA(#8638);
#8302=SURFACE_STYLE_FILL_AREA(#8639);
#8303=SURFACE_STYLE_FILL_AREA(#8640);
#8304=SURFACE_STYLE_FILL_AREA(#8641);
#8305=SURFACE_STYLE_FILL_AREA(#8642);
#8306=SURFACE_STYLE_FILL_AREA(#8643);
#8307=SURFACE_STYLE_FILL_AREA(#8644);
#8308=SURFACE_STYLE_FILL_AREA(#8645);
#8309=SURFACE_STYLE_FILL_AREA(#8646);
#8310=SURFACE_STYLE_FILL_AREA(#8647);
#8311=SURFACE_STYLE_FILL_AREA(#8648);
#8312=SURFACE_STYLE_FILL_AREA(#8649);
#8313=SURFACE_STYLE_FILL_AREA(#8650);
#8314=SURFACE_STYLE_FILL_AREA(#8651);
#8315=SURFACE_STYLE_FILL_AREA(#8652);
#8316=SURFACE_STYLE_FILL_AREA(#8653);
#8317=SURFACE_STYLE_FILL_AREA(#8654);
#8318=SURFACE_STYLE_FILL_AREA(#8655);
#8319=SURFACE_STYLE_FILL_AREA(#8656);
#8320=SURFACE_STYLE_FILL_AREA(#8657);
#8321=SURFACE_STYLE_FILL_AREA(#8658);
#8322=SURFACE_STYLE_FILL_AREA(#8659);
#8323=SURFACE_STYLE_FILL_AREA(#8660);
#8324=SURFACE_STYLE_FILL_AREA(#8661);
#8325=SURFACE_STYLE_FILL_AREA(#8662);
#8326=SURFACE_STYLE_FILL_AREA(#8663);
#8327=SURFACE_STYLE_FILL_AREA(#8664);
#8328=SURFACE_STYLE_FILL_AREA(#8665);
#8329=SURFACE_STYLE_FILL_AREA(#8666);
#8330=SURFACE_STYLE_FILL_AREA(#8667);
#8331=SURFACE_STYLE_FILL_AREA(#8668);
#8332=SURFACE_STYLE_FILL_AREA(#8669);
#8333=SURFACE_STYLE_FILL_AREA(#8670);
#8334=SURFACE_STYLE_FILL_AREA(#8671);
#8335=SURFACE_STYLE_FILL_AREA(#8672);
#8336=SURFACE_STYLE_FILL_AREA(#8673);
#8337=SURFACE_STYLE_FILL_AREA(#8674);
#8338=SURFACE_STYLE_FILL_AREA(#8675);
#8339=SURFACE_STYLE_FILL_AREA(#8676);
#8340=SURFACE_STYLE_FILL_AREA(#8677);
#8341=SURFACE_STYLE_FILL_AREA(#8678);
#8342=SURFACE_STYLE_FILL_AREA(#8679);
#8343=SURFACE_STYLE_FILL_AREA(#8680);
#8344=SURFACE_STYLE_FILL_AREA(#8681);
#8345=SURFACE_STYLE_FILL_AREA(#8682);
#8346=SURFACE_STYLE_FILL_AREA(#8683);
#8347=SURFACE_STYLE_FILL_AREA(#8684);
#8348=SURFACE_STYLE_FILL_AREA(#8685);
#8349=SURFACE_STYLE_FILL_AREA(#8686);
#8350=SURFACE_STYLE_FILL_AREA(#8687);
#8351=SURFACE_STYLE_FILL_AREA(#8688);
#8352=SURFACE_STYLE_FILL_AREA(#8689);
#8353=SURFACE_STYLE_FILL_AREA(#8690);
#8354=SURFACE_STYLE_FILL_AREA(#8691);
#8355=SURFACE_STYLE_FILL_AREA(#8692);
#8356=SURFACE_STYLE_FILL_AREA(#8693);
#8357=SURFACE_STYLE_FILL_AREA(#8694);
#8358=SURFACE_STYLE_FILL_AREA(#8695);
#8359=SURFACE_STYLE_FILL_AREA(#8696);
#8360=SURFACE_STYLE_FILL_AREA(#8697);
#8361=SURFACE_STYLE_FILL_AREA(#8698);
#8362=SURFACE_STYLE_FILL_AREA(#8699);
#8363=SURFACE_STYLE_FILL_AREA(#8700);
#8364=SURFACE_STYLE_FILL_AREA(#8701);
#8365=SURFACE_STYLE_FILL_AREA(#8702);
#8366=SURFACE_STYLE_FILL_AREA(#8703);
#8367=SURFACE_STYLE_FILL_AREA(#8704);
#8368=SURFACE_STYLE_FILL_AREA(#8705);
#8369=SURFACE_STYLE_FILL_AREA(#8706);
#8370=SURFACE_STYLE_FILL_AREA(#8707);
#8371=SURFACE_STYLE_FILL_AREA(#8708);
#8372=SURFACE_STYLE_FILL_AREA(#8709);
#8373=SURFACE_STYLE_FILL_AREA(#8710);
#8374=SURFACE_STYLE_FILL_AREA(#8711);
#8375=SURFACE_STYLE_FILL_AREA(#8712);
#8376=SURFACE_STYLE_FILL_AREA(#8713);
#8377=SURFACE_STYLE_FILL_AREA(#8714);
#8378=SURFACE_STYLE_FILL_AREA(#8715);
#8379=SURFACE_STYLE_FILL_AREA(#8716);
#8380=SURFACE_STYLE_FILL_AREA(#8717);
#8381=SURFACE_STYLE_FILL_AREA(#8718);
#8382=SURFACE_STYLE_FILL_AREA(#8719);
#8383=SURFACE_STYLE_FILL_AREA(#8720);
#8384=SURFACE_STYLE_FILL_AREA(#8721);
#8385=SURFACE_STYLE_FILL_AREA(#8722);
#8386=SURFACE_STYLE_FILL_AREA(#8723);
#8387=SURFACE_STYLE_FILL_AREA(#8724);
#8388=SURFACE_STYLE_FILL_AREA(#8725);
#8389=SURFACE_STYLE_FILL_AREA(#8726);
#8390=SURFACE_STYLE_FILL_AREA(#8727);
#8391=SURFACE_STYLE_FILL_AREA(#8728);
#8392=SURFACE_STYLE_FILL_AREA(#8729);
#8393=SURFACE_STYLE_FILL_AREA(#8730);
#8394=SURFACE_STYLE_FILL_AREA(#8731);
#8395=SURFACE_STYLE_FILL_AREA(#8732);
#8396=SURFACE_STYLE_FILL_AREA(#8733);
#8397=SURFACE_STYLE_FILL_AREA(#8734);
#8398=SURFACE_STYLE_FILL_AREA(#8735);
#8399=SURFACE_STYLE_FILL_AREA(#8736);
#8400=SURFACE_STYLE_FILL_AREA(#8737);
#8401=SURFACE_STYLE_FILL_AREA(#8738);
#8402=SURFACE_STYLE_FILL_AREA(#8739);
#8403=SURFACE_STYLE_FILL_AREA(#8740);
#8404=SURFACE_STYLE_FILL_AREA(#8741);
#8405=SURFACE_STYLE_FILL_AREA(#8742);
#8406=SURFACE_STYLE_FILL_AREA(#8743);
#8407=SURFACE_STYLE_FILL_AREA(#8744);
#8408=SURFACE_STYLE_FILL_AREA(#8745);
#8409=SURFACE_STYLE_FILL_AREA(#8746);
#8410=SURFACE_STYLE_FILL_AREA(#8747);
#8411=SURFACE_STYLE_FILL_AREA(#8748);
#8412=SURFACE_STYLE_FILL_AREA(#8749);
#8413=SURFACE_STYLE_FILL_AREA(#8750);
#8414=SURFACE_STYLE_FILL_AREA(#8751);
#8415=SURFACE_STYLE_FILL_AREA(#8752);
#8416=SURFACE_STYLE_FILL_AREA(#8753);
#8417=SURFACE_STYLE_FILL_AREA(#8754);
#8418=SURFACE_STYLE_FILL_AREA(#8755);
#8419=SURFACE_STYLE_FILL_AREA(#8756);
#8420=SURFACE_STYLE_FILL_AREA(#8757);
#8421=SURFACE_STYLE_FILL_AREA(#8758);
#8422=SURFACE_STYLE_FILL_AREA(#8759);
#8423=SURFACE_STYLE_FILL_AREA(#8760);
#8424=SURFACE_STYLE_FILL_AREA(#8761);
#8425=SURFACE_STYLE_FILL_AREA(#8762);
#8426=SURFACE_STYLE_FILL_AREA(#8763);
#8427=SURFACE_STYLE_FILL_AREA(#8764);
#8428=SURFACE_STYLE_FILL_AREA(#8765);
#8429=SURFACE_STYLE_FILL_AREA(#8766);
#8430=SURFACE_STYLE_FILL_AREA(#8767);
#8431=SURFACE_STYLE_FILL_AREA(#8768);
#8432=SURFACE_STYLE_FILL_AREA(#8769);
#8433=SURFACE_STYLE_FILL_AREA(#8770);
#8434=SURFACE_STYLE_FILL_AREA(#8771);
#8435=SURFACE_STYLE_FILL_AREA(#8772);
#8436=SURFACE_STYLE_FILL_AREA(#8773);
#8437=SURFACE_STYLE_FILL_AREA(#8774);
#8438=SURFACE_STYLE_FILL_AREA(#8775);
#8439=SURFACE_STYLE_FILL_AREA(#8776);
#8440=SURFACE_STYLE_FILL_AREA(#8777);
#8441=SURFACE_STYLE_FILL_AREA(#8778);
#8442=SURFACE_STYLE_FILL_AREA(#8779);
#8443=SURFACE_STYLE_FILL_AREA(#8780);
#8444=SURFACE_STYLE_FILL_AREA(#8781);
#8445=SURFACE_STYLE_FILL_AREA(#8782);
#8446=SURFACE_STYLE_FILL_AREA(#8783);
#8447=SURFACE_STYLE_FILL_AREA(#8784);
#8448=SURFACE_STYLE_FILL_AREA(#8785);
#8449=SURFACE_STYLE_FILL_AREA(#8786);
#8450=SURFACE_STYLE_FILL_AREA(#8787);
#8451=SURFACE_STYLE_FILL_AREA(#8788);
#8452=SURFACE_STYLE_FILL_AREA(#8789);
#8453=SURFACE_STYLE_FILL_AREA(#8790);
#8454=SURFACE_STYLE_FILL_AREA(#8791);
#8455=SURFACE_STYLE_FILL_AREA(#8792);
#8456=SURFACE_STYLE_FILL_AREA(#8793);
#8457=SURFACE_STYLE_FILL_AREA(#8794);
#8458=SURFACE_STYLE_FILL_AREA(#8795);
#8459=SURFACE_STYLE_FILL_AREA(#8796);
#8460=SURFACE_STYLE_FILL_AREA(#8797);
#8461=SURFACE_STYLE_FILL_AREA(#8798);
#8462=SURFACE_STYLE_FILL_AREA(#8799);
#8463=SURFACE_STYLE_FILL_AREA(#8800);
#8464=SURFACE_STYLE_FILL_AREA(#8801);
#8465=SURFACE_STYLE_FILL_AREA(#8802);
#8466=SURFACE_STYLE_FILL_AREA(#8803);
#8467=SURFACE_STYLE_FILL_AREA(#8804);
#8468=SURFACE_STYLE_FILL_AREA(#8805);
#8469=SURFACE_STYLE_FILL_AREA(#8806);
#8470=SURFACE_STYLE_FILL_AREA(#8807);
#8471=SURFACE_STYLE_FILL_AREA(#8808);
#8472=SURFACE_STYLE_FILL_AREA(#8809);
#8473=SURFACE_STYLE_FILL_AREA(#8810);
#8474=SURFACE_STYLE_FILL_AREA(#8811);
#8475=SURFACE_STYLE_FILL_AREA(#8812);
#8476=SURFACE_STYLE_FILL_AREA(#8813);
#8477=SURFACE_STYLE_FILL_AREA(#8814);
#8478=SURFACE_STYLE_FILL_AREA(#8815);
#8479=SURFACE_STYLE_FILL_AREA(#8816);
#8480=SURFACE_STYLE_FILL_AREA(#8817);
#8481=SURFACE_STYLE_FILL_AREA(#8818);
#8482=SURFACE_STYLE_FILL_AREA(#8819);
#8483=SURFACE_STYLE_FILL_AREA(#8820);
#8484=SURFACE_STYLE_FILL_AREA(#8821);
#8485=SURFACE_STYLE_FILL_AREA(#8822);
#8486=SURFACE_STYLE_FILL_AREA(#8823);
#8487=SURFACE_STYLE_FILL_AREA(#8824);
#8488=SURFACE_STYLE_FILL_AREA(#8825);
#8489=SURFACE_STYLE_FILL_AREA(#8826);
#8490=SURFACE_STYLE_FILL_AREA(#8827);
#8491=SURFACE_STYLE_FILL_AREA(#8828);
#8492=SURFACE_STYLE_FILL_AREA(#8829);
#8493=SURFACE_STYLE_FILL_AREA(#8830);
#8494=SURFACE_STYLE_FILL_AREA(#8831);
#8495=SURFACE_STYLE_FILL_AREA(#8832);
#8496=SURFACE_STYLE_FILL_AREA(#8833);
#8497=SURFACE_STYLE_FILL_AREA(#8834);
#8498=SURFACE_STYLE_FILL_AREA(#8835);
#8499=SURFACE_STYLE_FILL_AREA(#8836);
#8500=SURFACE_STYLE_FILL_AREA(#8837);
#8501=SURFACE_STYLE_FILL_AREA(#8838);
#8502=SURFACE_STYLE_FILL_AREA(#8839);
#8503=SURFACE_STYLE_FILL_AREA(#8840);
#8504=SURFACE_STYLE_FILL_AREA(#8841);
#8505=SURFACE_STYLE_FILL_AREA(#8842);
#8506=SURFACE_STYLE_FILL_AREA(#8843);
#8507=SURFACE_STYLE_FILL_AREA(#8844);
#8508=SURFACE_STYLE_FILL_AREA(#8845);
#8509=SURFACE_STYLE_FILL_AREA(#8846);
#8510=SURFACE_STYLE_FILL_AREA(#8847);
#8511=SURFACE_STYLE_FILL_AREA(#8848);
#8512=SURFACE_STYLE_FILL_AREA(#8849);
#8513=SURFACE_STYLE_FILL_AREA(#8850);
#8514=SURFACE_STYLE_FILL_AREA(#8851);
#8515=SURFACE_STYLE_FILL_AREA(#8852);
#8516=SURFACE_STYLE_FILL_AREA(#8853);
#8517=SURFACE_STYLE_FILL_AREA(#8854);
#8518=SURFACE_STYLE_FILL_AREA(#8855);
#8519=SURFACE_STYLE_FILL_AREA(#8856);
#8520=SURFACE_STYLE_FILL_AREA(#8857);
#8521=SURFACE_STYLE_FILL_AREA(#8858);
#8522=SURFACE_STYLE_FILL_AREA(#8859);
#8523=SURFACE_STYLE_FILL_AREA(#8860);
#8524=SURFACE_STYLE_FILL_AREA(#8861);
#8525=SURFACE_STYLE_FILL_AREA(#8862);
#8526=SURFACE_STYLE_FILL_AREA(#8863);
#8527=SURFACE_STYLE_FILL_AREA(#8864);
#8528=SURFACE_STYLE_FILL_AREA(#8865);
#8529=SURFACE_STYLE_FILL_AREA(#8866);
#8530=SURFACE_STYLE_FILL_AREA(#8867);
#8531=SURFACE_STYLE_FILL_AREA(#8868);
#8532=SURFACE_STYLE_FILL_AREA(#8869);
#8533=SURFACE_STYLE_FILL_AREA(#8870);
#8534=SURFACE_STYLE_FILL_AREA(#8871);
#8535=SURFACE_STYLE_FILL_AREA(#8872);
#8536=SURFACE_STYLE_FILL_AREA(#8873);
#8537=SURFACE_STYLE_FILL_AREA(#8874);
#8538=SURFACE_STYLE_FILL_AREA(#8875);
#8539=SURFACE_STYLE_FILL_AREA(#8876);
#8540=SURFACE_STYLE_FILL_AREA(#8877);
#8541=SURFACE_STYLE_FILL_AREA(#8878);
#8542=SURFACE_STYLE_FILL_AREA(#8879);
#8543=SURFACE_STYLE_FILL_AREA(#8880);
#8544=SURFACE_STYLE_FILL_AREA(#8881);
#8545=SURFACE_STYLE_FILL_AREA(#8882);
#8546=SURFACE_STYLE_FILL_AREA(#8883);
#8547=SURFACE_STYLE_FILL_AREA(#8884);
#8548=SURFACE_STYLE_FILL_AREA(#8885);
#8549=SURFACE_STYLE_FILL_AREA(#8886);
#8550=SURFACE_STYLE_FILL_AREA(#8887);
#8551=SURFACE_STYLE_FILL_AREA(#8888);
#8552=SURFACE_STYLE_FILL_AREA(#8889);
#8553=SURFACE_STYLE_FILL_AREA(#8890);
#8554=SURFACE_STYLE_FILL_AREA(#8891);
#8555=SURFACE_STYLE_FILL_AREA(#8892);
#8556=SURFACE_STYLE_FILL_AREA(#8893);
#8557=SURFACE_STYLE_FILL_AREA(#8894);
#8558=SURFACE_STYLE_FILL_AREA(#8895);
#8559=SURFACE_STYLE_FILL_AREA(#8896);
#8560=SURFACE_STYLE_FILL_AREA(#8897);
#8561=SURFACE_STYLE_FILL_AREA(#8898);
#8562=SURFACE_STYLE_FILL_AREA(#8899);
#8563=SURFACE_STYLE_FILL_AREA(#8900);
#8564=SURFACE_STYLE_FILL_AREA(#8901);
#8565=SURFACE_STYLE_FILL_AREA(#8902);
#8566=SURFACE_STYLE_FILL_AREA(#8903);
#8567=SURFACE_STYLE_FILL_AREA(#8904);
#8568=SURFACE_STYLE_FILL_AREA(#8905);
#8569=SURFACE_STYLE_FILL_AREA(#8906);
#8570=SURFACE_STYLE_FILL_AREA(#8907);
#8571=SURFACE_STYLE_FILL_AREA(#8908);
#8572=SURFACE_STYLE_FILL_AREA(#8909);
#8573=SURFACE_STYLE_FILL_AREA(#8910);
#8574=SURFACE_STYLE_FILL_AREA(#8911);
#8575=SURFACE_STYLE_FILL_AREA(#8912);
#8576=SURFACE_STYLE_FILL_AREA(#8913);
#8577=SURFACE_STYLE_FILL_AREA(#8914);
#8578=SURFACE_STYLE_FILL_AREA(#8915);
#8579=SURFACE_STYLE_FILL_AREA(#8916);
#8580=SURFACE_STYLE_FILL_AREA(#8917);
#8581=SURFACE_STYLE_FILL_AREA(#8918);
#8582=SURFACE_STYLE_FILL_AREA(#8919);
#8583=SURFACE_STYLE_FILL_AREA(#8920);
#8584=SURFACE_STYLE_FILL_AREA(#8921);
#8585=SURFACE_STYLE_FILL_AREA(#8922);
#8586=SURFACE_STYLE_FILL_AREA(#8923);
#8587=SURFACE_STYLE_FILL_AREA(#8924);
#8588=SURFACE_STYLE_FILL_AREA(#8925);
#8589=SURFACE_STYLE_FILL_AREA(#8926);
#8590=SURFACE_STYLE_FILL_AREA(#8927);
#8591=SURFACE_STYLE_FILL_AREA(#8928);
#8592=SURFACE_STYLE_FILL_AREA(#8929);
#8593=SURFACE_STYLE_FILL_AREA(#8930);
#8594=SURFACE_STYLE_FILL_AREA(#8931);
#8595=SURFACE_STYLE_FILL_AREA(#8932);
#8596=SURFACE_STYLE_FILL_AREA(#8933);
#8597=SURFACE_STYLE_FILL_AREA(#8934);
#8598=SURFACE_STYLE_FILL_AREA(#8935);
#8599=SURFACE_STYLE_FILL_AREA(#8936);
#8600=FILL_AREA_STYLE('',(#8937));
#8601=FILL_AREA_STYLE('',(#8938));
#8602=FILL_AREA_STYLE('',(#8939));
#8603=FILL_AREA_STYLE('',(#8940));
#8604=FILL_AREA_STYLE('',(#8941));
#8605=FILL_AREA_STYLE('',(#8942));
#8606=FILL_AREA_STYLE('',(#8943));
#8607=FILL_AREA_STYLE('',(#8944));
#8608=FILL_AREA_STYLE('',(#8945));
#8609=FILL_AREA_STYLE('',(#8946));
#8610=FILL_AREA_STYLE('',(#8947));
#8611=FILL_AREA_STYLE('',(#8948));
#8612=FILL_AREA_STYLE('',(#8949));
#8613=FILL_AREA_STYLE('',(#8950));
#8614=FILL_AREA_STYLE('',(#8951));
#8615=FILL_AREA_STYLE('',(#8952));
#8616=FILL_AREA_STYLE('',(#8953));
#8617=FILL_AREA_STYLE('',(#8954));
#8618=FILL_AREA_STYLE('',(#8955));
#8619=FILL_AREA_STYLE('',(#8956));
#8620=FILL_AREA_STYLE('',(#8957));
#8621=FILL_AREA_STYLE('',(#8958));
#8622=FILL_AREA_STYLE('',(#8959));
#8623=FILL_AREA_STYLE('',(#8960));
#8624=FILL_AREA_STYLE('',(#8961));
#8625=FILL_AREA_STYLE('',(#8962));
#8626=FILL_AREA_STYLE('',(#8963));
#8627=FILL_AREA_STYLE('',(#8964));
#8628=FILL_AREA_STYLE('',(#8965));
#8629=FILL_AREA_STYLE('',(#8966));
#8630=FILL_AREA_STYLE('',(#8967));
#8631=FILL_AREA_STYLE('',(#8968));
#8632=FILL_AREA_STYLE('',(#8969));
#8633=FILL_AREA_STYLE('',(#8970));
#8634=FILL_AREA_STYLE('',(#8971));
#8635=FILL_AREA_STYLE('',(#8972));
#8636=FILL_AREA_STYLE('',(#8973));
#8637=FILL_AREA_STYLE('',(#8974));
#8638=FILL_AREA_STYLE('',(#8975));
#8639=FILL_AREA_STYLE('',(#8976));
#8640=FILL_AREA_STYLE('',(#8977));
#8641=FILL_AREA_STYLE('',(#8978));
#8642=FILL_AREA_STYLE('',(#8979));
#8643=FILL_AREA_STYLE('',(#8980));
#8644=FILL_AREA_STYLE('',(#8981));
#8645=FILL_AREA_STYLE('',(#8982));
#8646=FILL_AREA_STYLE('',(#8983));
#8647=FILL_AREA_STYLE('',(#8984));
#8648=FILL_AREA_STYLE('',(#8985));
#8649=FILL_AREA_STYLE('',(#8986));
#8650=FILL_AREA_STYLE('',(#8987));
#8651=FILL_AREA_STYLE('',(#8988));
#8652=FILL_AREA_STYLE('',(#8989));
#8653=FILL_AREA_STYLE('',(#8990));
#8654=FILL_AREA_STYLE('',(#8991));
#8655=FILL_AREA_STYLE('',(#8992));
#8656=FILL_AREA_STYLE('',(#8993));
#8657=FILL_AREA_STYLE('',(#8994));
#8658=FILL_AREA_STYLE('',(#8995));
#8659=FILL_AREA_STYLE('',(#8996));
#8660=FILL_AREA_STYLE('',(#8997));
#8661=FILL_AREA_STYLE('',(#8998));
#8662=FILL_AREA_STYLE('',(#8999));
#8663=FILL_AREA_STYLE('',(#9000));
#8664=FILL_AREA_STYLE('',(#9001));
#8665=FILL_AREA_STYLE('',(#9002));
#8666=FILL_AREA_STYLE('',(#9003));
#8667=FILL_AREA_STYLE('',(#9004));
#8668=FILL_AREA_STYLE('',(#9005));
#8669=FILL_AREA_STYLE('',(#9006));
#8670=FILL_AREA_STYLE('',(#9007));
#8671=FILL_AREA_STYLE('',(#9008));
#8672=FILL_AREA_STYLE('',(#9009));
#8673=FILL_AREA_STYLE('',(#9010));
#8674=FILL_AREA_STYLE('',(#9011));
#8675=FILL_AREA_STYLE('',(#9012));
#8676=FILL_AREA_STYLE('',(#9013));
#8677=FILL_AREA_STYLE('',(#9014));
#8678=FILL_AREA_STYLE('',(#9015));
#8679=FILL_AREA_STYLE('',(#9016));
#8680=FILL_AREA_STYLE('',(#9017));
#8681=FILL_AREA_STYLE('',(#9018));
#8682=FILL_AREA_STYLE('',(#9019));
#8683=FILL_AREA_STYLE('',(#9020));
#8684=FILL_AREA_STYLE('',(#9021));
#8685=FILL_AREA_STYLE('',(#9022));
#8686=FILL_AREA_STYLE('',(#9023));
#8687=FILL_AREA_STYLE('',(#9024));
#8688=FILL_AREA_STYLE('',(#9025));
#8689=FILL_AREA_STYLE('',(#9026));
#8690=FILL_AREA_STYLE('',(#9027));
#8691=FILL_AREA_STYLE('',(#9028));
#8692=FILL_AREA_STYLE('',(#9029));
#8693=FILL_AREA_STYLE('',(#9030));
#8694=FILL_AREA_STYLE('',(#9031));
#8695=FILL_AREA_STYLE('',(#9032));
#8696=FILL_AREA_STYLE('',(#9033));
#8697=FILL_AREA_STYLE('',(#9034));
#8698=FILL_AREA_STYLE('',(#9035));
#8699=FILL_AREA_STYLE('',(#9036));
#8700=FILL_AREA_STYLE('',(#9037));
#8701=FILL_AREA_STYLE('',(#9038));
#8702=FILL_AREA_STYLE('',(#9039));
#8703=FILL_AREA_STYLE('',(#9040));
#8704=FILL_AREA_STYLE('',(#9041));
#8705=FILL_AREA_STYLE('',(#9042));
#8706=FILL_AREA_STYLE('',(#9043));
#8707=FILL_AREA_STYLE('',(#9044));
#8708=FILL_AREA_STYLE('',(#9045));
#8709=FILL_AREA_STYLE('',(#9046));
#8710=FILL_AREA_STYLE('',(#9047));
#8711=FILL_AREA_STYLE('',(#9048));
#8712=FILL_AREA_STYLE('',(#9049));
#8713=FILL_AREA_STYLE('',(#9050));
#8714=FILL_AREA_STYLE('',(#9051));
#8715=FILL_AREA_STYLE('',(#9052));
#8716=FILL_AREA_STYLE('',(#9053));
#8717=FILL_AREA_STYLE('',(#9054));
#8718=FILL_AREA_STYLE('',(#9055));
#8719=FILL_AREA_STYLE('',(#9056));
#8720=FILL_AREA_STYLE('',(#9057));
#8721=FILL_AREA_STYLE('',(#9058));
#8722=FILL_AREA_STYLE('',(#9059));
#8723=FILL_AREA_STYLE('',(#9060));
#8724=FILL_AREA_STYLE('',(#9061));
#8725=FILL_AREA_STYLE('',(#9062));
#8726=FILL_AREA_STYLE('',(#9063));
#8727=FILL_AREA_STYLE('',(#9064));
#8728=FILL_AREA_STYLE('',(#9065));
#8729=FILL_AREA_STYLE('',(#9066));
#8730=FILL_AREA_STYLE('',(#9067));
#8731=FILL_AREA_STYLE('',(#9068));
#8732=FILL_AREA_STYLE('',(#9069));
#8733=FILL_AREA_STYLE('',(#9070));
#8734=FILL_AREA_STYLE('',(#9071));
#8735=FILL_AREA_STYLE('',(#9072));
#8736=FILL_AREA_STYLE('',(#9073));
#8737=FILL_AREA_STYLE('',(#9074));
#8738=FILL_AREA_STYLE('',(#9075));
#8739=FILL_AREA_STYLE('',(#9076));
#8740=FILL_AREA_STYLE('',(#9077));
#8741=FILL_AREA_STYLE('',(#9078));
#8742=FILL_AREA_STYLE('',(#9079));
#8743=FILL_AREA_STYLE('',(#9080));
#8744=FILL_AREA_STYLE('',(#9081));
#8745=FILL_AREA_STYLE('',(#9082));
#8746=FILL_AREA_STYLE('',(#9083));
#8747=FILL_AREA_STYLE('',(#9084));
#8748=FILL_AREA_STYLE('',(#9085));
#8749=FILL_AREA_STYLE('',(#9086));
#8750=FILL_AREA_STYLE('',(#9087));
#8751=FILL_AREA_STYLE('',(#9088));
#8752=FILL_AREA_STYLE('',(#9089));
#8753=FILL_AREA_STYLE('',(#9090));
#8754=FILL_AREA_STYLE('',(#9091));
#8755=FILL_AREA_STYLE('',(#9092));
#8756=FILL_AREA_STYLE('',(#9093));
#8757=FILL_AREA_STYLE('',(#9094));
#8758=FILL_AREA_STYLE('',(#9095));
#8759=FILL_AREA_STYLE('',(#9096));
#8760=FILL_AREA_STYLE('',(#9097));
#8761=FILL_AREA_STYLE('',(#9098));
#8762=FILL_AREA_STYLE('',(#9099));
#8763=FILL_AREA_STYLE('',(#9100));
#8764=FILL_AREA_STYLE('',(#9101));
#8765=FILL_AREA_STYLE('',(#9102));
#8766=FILL_AREA_STYLE('',(#9103));
#8767=FILL_AREA_STYLE('',(#9104));
#8768=FILL_AREA_STYLE('',(#9105));
#8769=FILL_AREA_STYLE('',(#9106));
#8770=FILL_AREA_STYLE('',(#9107));
#8771=FILL_AREA_STYLE('',(#9108));
#8772=FILL_AREA_STYLE('',(#9109));
#8773=FILL_AREA_STYLE('',(#9110));
#8774=FILL_AREA_STYLE('',(#9111));
#8775=FILL_AREA_STYLE('',(#9112));
#8776=FILL_AREA_STYLE('',(#9113));
#8777=FILL_AREA_STYLE('',(#9114));
#8778=FILL_AREA_STYLE('',(#9115));
#8779=FILL_AREA_STYLE('',(#9116));
#8780=FILL_AREA_STYLE('',(#9117));
#8781=FILL_AREA_STYLE('',(#9118));
#8782=FILL_AREA_STYLE('',(#9119));
#8783=FILL_AREA_STYLE('',(#9120));
#8784=FILL_AREA_STYLE('',(#9121));
#8785=FILL_AREA_STYLE('',(#9122));
#8786=FILL_AREA_STYLE('',(#9123));
#8787=FILL_AREA_STYLE('',(#9124));
#8788=FILL_AREA_STYLE('',(#9125));
#8789=FILL_AREA_STYLE('',(#9126));
#8790=FILL_AREA_STYLE('',(#9127));
#8791=FILL_AREA_STYLE('',(#9128));
#8792=FILL_AREA_STYLE('',(#9129));
#8793=FILL_AREA_STYLE('',(#9130));
#8794=FILL_AREA_STYLE('',(#9131));
#8795=FILL_AREA_STYLE('',(#9132));
#8796=FILL_AREA_STYLE('',(#9133));
#8797=FILL_AREA_STYLE('',(#9134));
#8798=FILL_AREA_STYLE('',(#9135));
#8799=FILL_AREA_STYLE('',(#9136));
#8800=FILL_AREA_STYLE('',(#9137));
#8801=FILL_AREA_STYLE('',(#9138));
#8802=FILL_AREA_STYLE('',(#9139));
#8803=FILL_AREA_STYLE('',(#9140));
#8804=FILL_AREA_STYLE('',(#9141));
#8805=FILL_AREA_STYLE('',(#9142));
#8806=FILL_AREA_STYLE('',(#9143));
#8807=FILL_AREA_STYLE('',(#9144));
#8808=FILL_AREA_STYLE('',(#9145));
#8809=FILL_AREA_STYLE('',(#9146));
#8810=FILL_AREA_STYLE('',(#9147));
#8811=FILL_AREA_STYLE('',(#9148));
#8812=FILL_AREA_STYLE('',(#9149));
#8813=FILL_AREA_STYLE('',(#9150));
#8814=FILL_AREA_STYLE('',(#9151));
#8815=FILL_AREA_STYLE('',(#9152));
#8816=FILL_AREA_STYLE('',(#9153));
#8817=FILL_AREA_STYLE('',(#9154));
#8818=FILL_AREA_STYLE('',(#9155));
#8819=FILL_AREA_STYLE('',(#9156));
#8820=FILL_AREA_STYLE('',(#9157));
#8821=FILL_AREA_STYLE('',(#9158));
#8822=FILL_AREA_STYLE('',(#9159));
#8823=FILL_AREA_STYLE('',(#9160));
#8824=FILL_AREA_STYLE('',(#9161));
#8825=FILL_AREA_STYLE('',(#9162));
#8826=FILL_AREA_STYLE('',(#9163));
#8827=FILL_AREA_STYLE('',(#9164));
#8828=FILL_AREA_STYLE('',(#9165));
#8829=FILL_AREA_STYLE('',(#9166));
#8830=FILL_AREA_STYLE('',(#9167));
#8831=FILL_AREA_STYLE('',(#9168));
#8832=FILL_AREA_STYLE('',(#9169));
#8833=FILL_AREA_STYLE('',(#9170));
#8834=FILL_AREA_STYLE('',(#9171));
#8835=FILL_AREA_STYLE('',(#9172));
#8836=FILL_AREA_STYLE('',(#9173));
#8837=FILL_AREA_STYLE('',(#9174));
#8838=FILL_AREA_STYLE('',(#9175));
#8839=FILL_AREA_STYLE('',(#9176));
#8840=FILL_AREA_STYLE('',(#9177));
#8841=FILL_AREA_STYLE('',(#9178));
#8842=FILL_AREA_STYLE('',(#9179));
#8843=FILL_AREA_STYLE('',(#9180));
#8844=FILL_AREA_STYLE('',(#9181));
#8845=FILL_AREA_STYLE('',(#9182));
#8846=FILL_AREA_STYLE('',(#9183));
#8847=FILL_AREA_STYLE('',(#9184));
#8848=FILL_AREA_STYLE('',(#9185));
#8849=FILL_AREA_STYLE('',(#9186));
#8850=FILL_AREA_STYLE('',(#9187));
#8851=FILL_AREA_STYLE('',(#9188));
#8852=FILL_AREA_STYLE('',(#9189));
#8853=FILL_AREA_STYLE('',(#9190));
#8854=FILL_AREA_STYLE('',(#9191));
#8855=FILL_AREA_STYLE('',(#9192));
#8856=FILL_AREA_STYLE('',(#9193));
#8857=FILL_AREA_STYLE('',(#9194));
#8858=FILL_AREA_STYLE('',(#9195));
#8859=FILL_AREA_STYLE('',(#9196));
#8860=FILL_AREA_STYLE('',(#9197));
#8861=FILL_AREA_STYLE('',(#9198));
#8862=FILL_AREA_STYLE('',(#9199));
#8863=FILL_AREA_STYLE('',(#9200));
#8864=FILL_AREA_STYLE('',(#9201));
#8865=FILL_AREA_STYLE('',(#9202));
#8866=FILL_AREA_STYLE('',(#9203));
#8867=FILL_AREA_STYLE('',(#9204));
#8868=FILL_AREA_STYLE('',(#9205));
#8869=FILL_AREA_STYLE('',(#9206));
#8870=FILL_AREA_STYLE('',(#9207));
#8871=FILL_AREA_STYLE('',(#9208));
#8872=FILL_AREA_STYLE('',(#9209));
#8873=FILL_AREA_STYLE('',(#9210));
#8874=FILL_AREA_STYLE('',(#9211));
#8875=FILL_AREA_STYLE('',(#9212));
#8876=FILL_AREA_STYLE('',(#9213));
#8877=FILL_AREA_STYLE('',(#9214));
#8878=FILL_AREA_STYLE('',(#9215));
#8879=FILL_AREA_STYLE('',(#9216));
#8880=FILL_AREA_STYLE('',(#9217));
#8881=FILL_AREA_STYLE('',(#9218));
#8882=FILL_AREA_STYLE('',(#9219));
#8883=FILL_AREA_STYLE('',(#9220));
#8884=FILL_AREA_STYLE('',(#9221));
#8885=FILL_AREA_STYLE('',(#9222));
#8886=FILL_AREA_STYLE('',(#9223));
#8887=FILL_AREA_STYLE('',(#9224));
#8888=FILL_AREA_STYLE('',(#9225));
#8889=FILL_AREA_STYLE('',(#9226));
#8890=FILL_AREA_STYLE('',(#9227));
#8891=FILL_AREA_STYLE('',(#9228));
#8892=FILL_AREA_STYLE('',(#9229));
#8893=FILL_AREA_STYLE('',(#9230));
#8894=FILL_AREA_STYLE('',(#9231));
#8895=FILL_AREA_STYLE('',(#9232));
#8896=FILL_AREA_STYLE('',(#9233));
#8897=FILL_AREA_STYLE('',(#9234));
#8898=FILL_AREA_STYLE('',(#9235));
#8899=FILL_AREA_STYLE('',(#9236));
#8900=FILL_AREA_STYLE('',(#9237));
#8901=FILL_AREA_STYLE('',(#9238));
#8902=FILL_AREA_STYLE('',(#9239));
#8903=FILL_AREA_STYLE('',(#9240));
#8904=FILL_AREA_STYLE('',(#9241));
#8905=FILL_AREA_STYLE('',(#9242));
#8906=FILL_AREA_STYLE('',(#9243));
#8907=FILL_AREA_STYLE('',(#9244));
#8908=FILL_AREA_STYLE('',(#9245));
#8909=FILL_AREA_STYLE('',(#9246));
#8910=FILL_AREA_STYLE('',(#9247));
#8911=FILL_AREA_STYLE('',(#9248));
#8912=FILL_AREA_STYLE('',(#9249));
#8913=FILL_AREA_STYLE('',(#9250));
#8914=FILL_AREA_STYLE('',(#9251));
#8915=FILL_AREA_STYLE('',(#9252));
#8916=FILL_AREA_STYLE('',(#9253));
#8917=FILL_AREA_STYLE('',(#9254));
#8918=FILL_AREA_STYLE('',(#9255));
#8919=FILL_AREA_STYLE('',(#9256));
#8920=FILL_AREA_STYLE('',(#9257));
#8921=FILL_AREA_STYLE('',(#9258));
#8922=FILL_AREA_STYLE('',(#9259));
#8923=FILL_AREA_STYLE('',(#9260));
#8924=FILL_AREA_STYLE('',(#9261));
#8925=FILL_AREA_STYLE('',(#9262));
#8926=FILL_AREA_STYLE('',(#9263));
#8927=FILL_AREA_STYLE('',(#9264));
#8928=FILL_AREA_STYLE('',(#9265));
#8929=FILL_AREA_STYLE('',(#9266));
#8930=FILL_AREA_STYLE('',(#9267));
#8931=FILL_AREA_STYLE('',(#9268));
#8932=FILL_AREA_STYLE('',(#9269));
#8933=FILL_AREA_STYLE('',(#9270));
#8934=FILL_AREA_STYLE('',(#9271));
#8935=FILL_AREA_STYLE('',(#9272));
#8936=FILL_AREA_STYLE('',(#9273));
#8937=FILL_AREA_STYLE_COLOUR('',#9274);
#8938=FILL_AREA_STYLE_COLOUR('',#9275);
#8939=FILL_AREA_STYLE_COLOUR('',#9275);
#8940=FILL_AREA_STYLE_COLOUR('',#9274);
#8941=FILL_AREA_STYLE_COLOUR('',#9274);
#8942=FILL_AREA_STYLE_COLOUR('',#9275);
#8943=FILL_AREA_STYLE_COLOUR('',#9275);
#8944=FILL_AREA_STYLE_COLOUR('',#9275);
#8945=FILL_AREA_STYLE_COLOUR('',#9275);
#8946=FILL_AREA_STYLE_COLOUR('',#9275);
#8947=FILL_AREA_STYLE_COLOUR('',#9275);
#8948=FILL_AREA_STYLE_COLOUR('',#9275);
#8949=FILL_AREA_STYLE_COLOUR('',#9275);
#8950=FILL_AREA_STYLE_COLOUR('',#9275);
#8951=FILL_AREA_STYLE_COLOUR('',#9275);
#8952=FILL_AREA_STYLE_COLOUR('',#9275);
#8953=FILL_AREA_STYLE_COLOUR('',#9275);
#8954=FILL_AREA_STYLE_COLOUR('',#9275);
#8955=FILL_AREA_STYLE_COLOUR('',#9275);
#8956=FILL_AREA_STYLE_COLOUR('',#9275);
#8957=FILL_AREA_STYLE_COLOUR('',#9274);
#8958=FILL_AREA_STYLE_COLOUR('',#9274);
#8959=FILL_AREA_STYLE_COLOUR('',#9275);
#8960=FILL_AREA_STYLE_COLOUR('',#9275);
#8961=FILL_AREA_STYLE_COLOUR('',#9275);
#8962=FILL_AREA_STYLE_COLOUR('',#9275);
#8963=FILL_AREA_STYLE_COLOUR('',#9275);
#8964=FILL_AREA_STYLE_COLOUR('',#9275);
#8965=FILL_AREA_STYLE_COLOUR('',#9275);
#8966=FILL_AREA_STYLE_COLOUR('',#9275);
#8967=FILL_AREA_STYLE_COLOUR('',#9275);
#8968=FILL_AREA_STYLE_COLOUR('',#9275);
#8969=FILL_AREA_STYLE_COLOUR('',#9275);
#8970=FILL_AREA_STYLE_COLOUR('',#9275);
#8971=FILL_AREA_STYLE_COLOUR('',#9275);
#8972=FILL_AREA_STYLE_COLOUR('',#9275);
#8973=FILL_AREA_STYLE_COLOUR('',#9275);
#8974=FILL_AREA_STYLE_COLOUR('',#9275);
#8975=FILL_AREA_STYLE_COLOUR('',#9275);
#8976=FILL_AREA_STYLE_COLOUR('',#9275);
#8977=FILL_AREA_STYLE_COLOUR('',#9275);
#8978=FILL_AREA_STYLE_COLOUR('',#9276);
#8979=FILL_AREA_STYLE_COLOUR('',#9276);
#8980=FILL_AREA_STYLE_COLOUR('',#9276);
#8981=FILL_AREA_STYLE_COLOUR('',#9276);
#8982=FILL_AREA_STYLE_COLOUR('',#9276);
#8983=FILL_AREA_STYLE_COLOUR('',#9276);
#8984=FILL_AREA_STYLE_COLOUR('',#9274);
#8985=FILL_AREA_STYLE_COLOUR('',#9276);
#8986=FILL_AREA_STYLE_COLOUR('',#9276);
#8987=FILL_AREA_STYLE_COLOUR('',#9276);
#8988=FILL_AREA_STYLE_COLOUR('',#9276);
#8989=FILL_AREA_STYLE_COLOUR('',#9276);
#8990=FILL_AREA_STYLE_COLOUR('',#9276);
#8991=FILL_AREA_STYLE_COLOUR('',#9274);
#8992=FILL_AREA_STYLE_COLOUR('',#9274);
#8993=FILL_AREA_STYLE_COLOUR('',#9274);
#8994=FILL_AREA_STYLE_COLOUR('',#9275);
#8995=FILL_AREA_STYLE_COLOUR('',#9274);
#8996=FILL_AREA_STYLE_COLOUR('',#9275);
#8997=FILL_AREA_STYLE_COLOUR('',#9275);
#8998=FILL_AREA_STYLE_COLOUR('',#9275);
#8999=FILL_AREA_STYLE_COLOUR('',#9274);
#9000=FILL_AREA_STYLE_COLOUR('',#9275);
#9001=FILL_AREA_STYLE_COLOUR('',#9275);
#9002=FILL_AREA_STYLE_COLOUR('',#9275);
#9003=FILL_AREA_STYLE_COLOUR('',#9275);
#9004=FILL_AREA_STYLE_COLOUR('',#9275);
#9005=FILL_AREA_STYLE_COLOUR('',#9274);
#9006=FILL_AREA_STYLE_COLOUR('',#9275);
#9007=FILL_AREA_STYLE_COLOUR('',#9275);
#9008=FILL_AREA_STYLE_COLOUR('',#9275);
#9009=FILL_AREA_STYLE_COLOUR('',#9274);
#9010=FILL_AREA_STYLE_COLOUR('',#9275);
#9011=FILL_AREA_STYLE_COLOUR('',#9274);
#9012=FILL_AREA_STYLE_COLOUR('',#9275);
#9013=FILL_AREA_STYLE_COLOUR('',#9275);
#9014=FILL_AREA_STYLE_COLOUR('',#9275);
#9015=FILL_AREA_STYLE_COLOUR('',#9274);
#9016=FILL_AREA_STYLE_COLOUR('',#9275);
#9017=FILL_AREA_STYLE_COLOUR('',#9275);
#9018=FILL_AREA_STYLE_COLOUR('',#9275);
#9019=FILL_AREA_STYLE_COLOUR('',#9275);
#9020=FILL_AREA_STYLE_COLOUR('',#9275);
#9021=FILL_AREA_STYLE_COLOUR('',#9275);
#9022=FILL_AREA_STYLE_COLOUR('',#9275);
#9023=FILL_AREA_STYLE_COLOUR('',#9275);
#9024=FILL_AREA_STYLE_COLOUR('',#9275);
#9025=FILL_AREA_STYLE_COLOUR('',#9274);
#9026=FILL_AREA_STYLE_COLOUR('',#9275);
#9027=FILL_AREA_STYLE_COLOUR('',#9275);
#9028=FILL_AREA_STYLE_COLOUR('',#9275);
#9029=FILL_AREA_STYLE_COLOUR('',#9274);
#9030=FILL_AREA_STYLE_COLOUR('',#9276);
#9031=FILL_AREA_STYLE_COLOUR('',#9276);
#9032=FILL_AREA_STYLE_COLOUR('',#9276);
#9033=FILL_AREA_STYLE_COLOUR('',#9276);
#9034=FILL_AREA_STYLE_COLOUR('',#9276);
#9035=FILL_AREA_STYLE_COLOUR('',#9276);
#9036=FILL_AREA_STYLE_COLOUR('',#9276);
#9037=FILL_AREA_STYLE_COLOUR('',#9276);
#9038=FILL_AREA_STYLE_COLOUR('',#9276);
#9039=FILL_AREA_STYLE_COLOUR('',#9276);
#9040=FILL_AREA_STYLE_COLOUR('',#9276);
#9041=FILL_AREA_STYLE_COLOUR('',#9276);
#9042=FILL_AREA_STYLE_COLOUR('',#9276);
#9043=FILL_AREA_STYLE_COLOUR('',#9276);
#9044=FILL_AREA_STYLE_COLOUR('',#9276);
#9045=FILL_AREA_STYLE_COLOUR('',#9276);
#9046=FILL_AREA_STYLE_COLOUR('',#9276);
#9047=FILL_AREA_STYLE_COLOUR('',#9276);
#9048=FILL_AREA_STYLE_COLOUR('',#9276);
#9049=FILL_AREA_STYLE_COLOUR('',#9276);
#9050=FILL_AREA_STYLE_COLOUR('',#9276);
#9051=FILL_AREA_STYLE_COLOUR('',#9276);
#9052=FILL_AREA_STYLE_COLOUR('',#9276);
#9053=FILL_AREA_STYLE_COLOUR('',#9276);
#9054=FILL_AREA_STYLE_COLOUR('',#9276);
#9055=FILL_AREA_STYLE_COLOUR('',#9276);
#9056=FILL_AREA_STYLE_COLOUR('',#9276);
#9057=FILL_AREA_STYLE_COLOUR('',#9276);
#9058=FILL_AREA_STYLE_COLOUR('',#9276);
#9059=FILL_AREA_STYLE_COLOUR('',#9276);
#9060=FILL_AREA_STYLE_COLOUR('',#9276);
#9061=FILL_AREA_STYLE_COLOUR('',#9276);
#9062=FILL_AREA_STYLE_COLOUR('',#9276);
#9063=FILL_AREA_STYLE_COLOUR('',#9276);
#9064=FILL_AREA_STYLE_COLOUR('',#9275);
#9065=FILL_AREA_STYLE_COLOUR('',#9275);
#9066=FILL_AREA_STYLE_COLOUR('',#9275);
#9067=FILL_AREA_STYLE_COLOUR('',#9274);
#9068=FILL_AREA_STYLE_COLOUR('',#9274);
#9069=FILL_AREA_STYLE_COLOUR('',#9275);
#9070=FILL_AREA_STYLE_COLOUR('',#9275);
#9071=FILL_AREA_STYLE_COLOUR('',#9275);
#9072=FILL_AREA_STYLE_COLOUR('',#9274);
#9073=FILL_AREA_STYLE_COLOUR('',#9275);
#9074=FILL_AREA_STYLE_COLOUR('',#9274);
#9075=FILL_AREA_STYLE_COLOUR('',#9275);
#9076=FILL_AREA_STYLE_COLOUR('',#9275);
#9077=FILL_AREA_STYLE_COLOUR('',#9275);
#9078=FILL_AREA_STYLE_COLOUR('',#9274);
#9079=FILL_AREA_STYLE_COLOUR('',#9274);
#9080=FILL_AREA_STYLE_COLOUR('',#9275);
#9081=FILL_AREA_STYLE_COLOUR('',#9275);
#9082=FILL_AREA_STYLE_COLOUR('',#9275);
#9083=FILL_AREA_STYLE_COLOUR('',#9274);
#9084=FILL_AREA_STYLE_COLOUR('',#9274);
#9085=FILL_AREA_STYLE_COLOUR('',#9276);
#9086=FILL_AREA_STYLE_COLOUR('',#9274);
#9087=FILL_AREA_STYLE_COLOUR('',#9274);
#9088=FILL_AREA_STYLE_COLOUR('',#9274);
#9089=FILL_AREA_STYLE_COLOUR('',#9274);
#9090=FILL_AREA_STYLE_COLOUR('',#9274);
#9091=FILL_AREA_STYLE_COLOUR('',#9274);
#9092=FILL_AREA_STYLE_COLOUR('',#9274);
#9093=FILL_AREA_STYLE_COLOUR('',#9274);
#9094=FILL_AREA_STYLE_COLOUR('',#9274);
#9095=FILL_AREA_STYLE_COLOUR('',#9274);
#9096=FILL_AREA_STYLE_COLOUR('',#9274);
#9097=FILL_AREA_STYLE_COLOUR('',#9274);
#9098=FILL_AREA_STYLE_COLOUR('',#9274);
#9099=FILL_AREA_STYLE_COLOUR('',#9274);
#9100=FILL_AREA_STYLE_COLOUR('',#9274);
#9101=FILL_AREA_STYLE_COLOUR('',#9274);
#9102=FILL_AREA_STYLE_COLOUR('',#9274);
#9103=FILL_AREA_STYLE_COLOUR('',#9274);
#9104=FILL_AREA_STYLE_COLOUR('',#9274);
#9105=FILL_AREA_STYLE_COLOUR('',#9274);
#9106=FILL_AREA_STYLE_COLOUR('',#9274);
#9107=FILL_AREA_STYLE_COLOUR('',#9274);
#9108=FILL_AREA_STYLE_COLOUR('',#9274);
#9109=FILL_AREA_STYLE_COLOUR('',#9274);
#9110=FILL_AREA_STYLE_COLOUR('',#9274);
#9111=FILL_AREA_STYLE_COLOUR('',#9274);
#9112=FILL_AREA_STYLE_COLOUR('',#9274);
#9113=FILL_AREA_STYLE_COLOUR('',#9274);
#9114=FILL_AREA_STYLE_COLOUR('',#9274);
#9115=FILL_AREA_STYLE_COLOUR('',#9274);
#9116=FILL_AREA_STYLE_COLOUR('',#9274);
#9117=FILL_AREA_STYLE_COLOUR('',#9274);
#9118=FILL_AREA_STYLE_COLOUR('',#9274);
#9119=FILL_AREA_STYLE_COLOUR('',#9274);
#9120=FILL_AREA_STYLE_COLOUR('',#9274);
#9121=FILL_AREA_STYLE_COLOUR('',#9274);
#9122=FILL_AREA_STYLE_COLOUR('',#9274);
#9123=FILL_AREA_STYLE_COLOUR('',#9274);
#9124=FILL_AREA_STYLE_COLOUR('',#9274);
#9125=FILL_AREA_STYLE_COLOUR('',#9274);
#9126=FILL_AREA_STYLE_COLOUR('',#9274);
#9127=FILL_AREA_STYLE_COLOUR('',#9274);
#9128=FILL_AREA_STYLE_COLOUR('',#9274);
#9129=FILL_AREA_STYLE_COLOUR('',#9274);
#9130=FILL_AREA_STYLE_COLOUR('',#9274);
#9131=FILL_AREA_STYLE_COLOUR('',#9274);
#9132=FILL_AREA_STYLE_COLOUR('',#9274);
#9133=FILL_AREA_STYLE_COLOUR('',#9274);
#9134=FILL_AREA_STYLE_COLOUR('',#9274);
#9135=FILL_AREA_STYLE_COLOUR('',#9274);
#9136=FILL_AREA_STYLE_COLOUR('',#9274);
#9137=FILL_AREA_STYLE_COLOUR('',#9274);
#9138=FILL_AREA_STYLE_COLOUR('',#9274);
#9139=FILL_AREA_STYLE_COLOUR('',#9274);
#9140=FILL_AREA_STYLE_COLOUR('',#9274);
#9141=FILL_AREA_STYLE_COLOUR('',#9274);
#9142=FILL_AREA_STYLE_COLOUR('',#9274);
#9143=FILL_AREA_STYLE_COLOUR('',#9274);
#9144=FILL_AREA_STYLE_COLOUR('',#9274);
#9145=FILL_AREA_STYLE_COLOUR('',#9275);
#9146=FILL_AREA_STYLE_COLOUR('',#9274);
#9147=FILL_AREA_STYLE_COLOUR('',#9274);
#9148=FILL_AREA_STYLE_COLOUR('',#9274);
#9149=FILL_AREA_STYLE_COLOUR('',#9276);
#9150=FILL_AREA_STYLE_COLOUR('',#9274);
#9151=FILL_AREA_STYLE_COLOUR('',#9274);
#9152=FILL_AREA_STYLE_COLOUR('',#9274);
#9153=FILL_AREA_STYLE_COLOUR('',#9274);
#9154=FILL_AREA_STYLE_COLOUR('',#9274);
#9155=FILL_AREA_STYLE_COLOUR('',#9274);
#9156=FILL_AREA_STYLE_COLOUR('',#9275);
#9157=FILL_AREA_STYLE_COLOUR('',#9275);
#9158=FILL_AREA_STYLE_COLOUR('',#9274);
#9159=FILL_AREA_STYLE_COLOUR('',#9274);
#9160=FILL_AREA_STYLE_COLOUR('',#9275);
#9161=FILL_AREA_STYLE_COLOUR('',#9275);
#9162=FILL_AREA_STYLE_COLOUR('',#9275);
#9163=FILL_AREA_STYLE_COLOUR('',#9274);
#9164=FILL_AREA_STYLE_COLOUR('',#9274);
#9165=FILL_AREA_STYLE_COLOUR('',#9275);
#9166=FILL_AREA_STYLE_COLOUR('',#9275);
#9167=FILL_AREA_STYLE_COLOUR('',#9274);
#9168=FILL_AREA_STYLE_COLOUR('',#9274);
#9169=FILL_AREA_STYLE_COLOUR('',#9275);
#9170=FILL_AREA_STYLE_COLOUR('',#9275);
#9171=FILL_AREA_STYLE_COLOUR('',#9275);
#9172=FILL_AREA_STYLE_COLOUR('',#9274);
#9173=FILL_AREA_STYLE_COLOUR('',#9274);
#9174=FILL_AREA_STYLE_COLOUR('',#9275);
#9175=FILL_AREA_STYLE_COLOUR('',#9275);
#9176=FILL_AREA_STYLE_COLOUR('',#9275);
#9177=FILL_AREA_STYLE_COLOUR('',#9275);
#9178=FILL_AREA_STYLE_COLOUR('',#9275);
#9179=FILL_AREA_STYLE_COLOUR('',#9274);
#9180=FILL_AREA_STYLE_COLOUR('',#9275);
#9181=FILL_AREA_STYLE_COLOUR('',#9275);
#9182=FILL_AREA_STYLE_COLOUR('',#9275);
#9183=FILL_AREA_STYLE_COLOUR('',#9275);
#9184=FILL_AREA_STYLE_COLOUR('',#9275);
#9185=FILL_AREA_STYLE_COLOUR('',#9275);
#9186=FILL_AREA_STYLE_COLOUR('',#9274);
#9187=FILL_AREA_STYLE_COLOUR('',#9274);
#9188=FILL_AREA_STYLE_COLOUR('',#9275);
#9189=FILL_AREA_STYLE_COLOUR('',#9275);
#9190=FILL_AREA_STYLE_COLOUR('',#9274);
#9191=FILL_AREA_STYLE_COLOUR('',#9274);
#9192=FILL_AREA_STYLE_COLOUR('',#9275);
#9193=FILL_AREA_STYLE_COLOUR('',#9275);
#9194=FILL_AREA_STYLE_COLOUR('',#9275);
#9195=FILL_AREA_STYLE_COLOUR('',#9274);
#9196=FILL_AREA_STYLE_COLOUR('',#9274);
#9197=FILL_AREA_STYLE_COLOUR('',#9275);
#9198=FILL_AREA_STYLE_COLOUR('',#9275);
#9199=FILL_AREA_STYLE_COLOUR('',#9274);
#9200=FILL_AREA_STYLE_COLOUR('',#9274);
#9201=FILL_AREA_STYLE_COLOUR('',#9275);
#9202=FILL_AREA_STYLE_COLOUR('',#9275);
#9203=FILL_AREA_STYLE_COLOUR('',#9275);
#9204=FILL_AREA_STYLE_COLOUR('',#9274);
#9205=FILL_AREA_STYLE_COLOUR('',#9274);
#9206=FILL_AREA_STYLE_COLOUR('',#9275);
#9207=FILL_AREA_STYLE_COLOUR('',#9275);
#9208=FILL_AREA_STYLE_COLOUR('',#9275);
#9209=FILL_AREA_STYLE_COLOUR('',#9275);
#9210=FILL_AREA_STYLE_COLOUR('',#9275);
#9211=FILL_AREA_STYLE_COLOUR('',#9274);
#9212=FILL_AREA_STYLE_COLOUR('',#9274);
#9213=FILL_AREA_STYLE_COLOUR('',#9275);
#9214=FILL_AREA_STYLE_COLOUR('',#9275);
#9215=FILL_AREA_STYLE_COLOUR('',#9275);
#9216=FILL_AREA_STYLE_COLOUR('',#9275);
#9217=FILL_AREA_STYLE_COLOUR('',#9275);
#9218=FILL_AREA_STYLE_COLOUR('',#9275);
#9219=FILL_AREA_STYLE_COLOUR('',#9274);
#9220=FILL_AREA_STYLE_COLOUR('',#9274);
#9221=FILL_AREA_STYLE_COLOUR('',#9275);
#9222=FILL_AREA_STYLE_COLOUR('',#9275);
#9223=FILL_AREA_STYLE_COLOUR('',#9275);
#9224=FILL_AREA_STYLE_COLOUR('',#9275);
#9225=FILL_AREA_STYLE_COLOUR('',#9275);
#9226=FILL_AREA_STYLE_COLOUR('',#9275);
#9227=FILL_AREA_STYLE_COLOUR('',#9275);
#9228=FILL_AREA_STYLE_COLOUR('',#9275);
#9229=FILL_AREA_STYLE_COLOUR('',#9275);
#9230=FILL_AREA_STYLE_COLOUR('',#9275);
#9231=FILL_AREA_STYLE_COLOUR('',#9275);
#9232=FILL_AREA_STYLE_COLOUR('',#9275);
#9233=FILL_AREA_STYLE_COLOUR('',#9275);
#9234=FILL_AREA_STYLE_COLOUR('',#9275);
#9235=FILL_AREA_STYLE_COLOUR('',#9275);
#9236=FILL_AREA_STYLE_COLOUR('',#9275);
#9237=FILL_AREA_STYLE_COLOUR('',#9275);
#9238=FILL_AREA_STYLE_COLOUR('',#9275);
#9239=FILL_AREA_STYLE_COLOUR('',#9275);
#9240=FILL_AREA_STYLE_COLOUR('',#9275);
#9241=FILL_AREA_STYLE_COLOUR('',#9275);
#9242=FILL_AREA_STYLE_COLOUR('',#9275);
#9243=FILL_AREA_STYLE_COLOUR('',#9275);
#9244=FILL_AREA_STYLE_COLOUR('',#9275);
#9245=FILL_AREA_STYLE_COLOUR('',#9275);
#9246=FILL_AREA_STYLE_COLOUR('',#9275);
#9247=FILL_AREA_STYLE_COLOUR('',#9275);
#9248=FILL_AREA_STYLE_COLOUR('',#9275);
#9249=FILL_AREA_STYLE_COLOUR('',#9275);
#9250=FILL_AREA_STYLE_COLOUR('',#9275);
#9251=FILL_AREA_STYLE_COLOUR('',#9275);
#9252=FILL_AREA_STYLE_COLOUR('',#9275);
#9253=FILL_AREA_STYLE_COLOUR('',#9275);
#9254=FILL_AREA_STYLE_COLOUR('',#9275);
#9255=FILL_AREA_STYLE_COLOUR('',#9275);
#9256=FILL_AREA_STYLE_COLOUR('',#9275);
#9257=FILL_AREA_STYLE_COLOUR('',#9275);
#9258=FILL_AREA_STYLE_COLOUR('',#9275);
#9259=FILL_AREA_STYLE_COLOUR('',#9275);
#9260=FILL_AREA_STYLE_COLOUR('',#9275);
#9261=FILL_AREA_STYLE_COLOUR('',#9275);
#9262=FILL_AREA_STYLE_COLOUR('',#9275);
#9263=FILL_AREA_STYLE_COLOUR('',#9275);
#9264=FILL_AREA_STYLE_COLOUR('',#9275);
#9265=FILL_AREA_STYLE_COLOUR('',#9275);
#9266=FILL_AREA_STYLE_COLOUR('',#9275);
#9267=FILL_AREA_STYLE_COLOUR('',#9275);
#9268=FILL_AREA_STYLE_COLOUR('',#9275);
#9269=FILL_AREA_STYLE_COLOUR('',#9275);
#9270=FILL_AREA_STYLE_COLOUR('',#9275);
#9271=FILL_AREA_STYLE_COLOUR('',#9275);
#9272=FILL_AREA_STYLE_COLOUR('',#9275);
#9273=FILL_AREA_STYLE_COLOUR('',#9274);
#9274=COLOUR_RGB('',0.200000002980232,0.200000002980232,0.200000002980232);
#9275=COLOUR_RGB('',0.699999988079071,0.699999988079071,0.699999988079071);
#9276=COLOUR_RGB('',0.5,0.5,0.5);
#9277=ADVANCED_FACE('',(#6233),#6660,.F.);
#9278=ADVANCED_FACE('',(#6234,#6235),#1512,.F.);
#9279=ADVANCED_FACE('',(#6236,#6237),#1506,.T.);
#9280=ADVANCED_FACE('',(#6238),#6661,.F.);
#9281=ADVANCED_FACE('',(#6239,#6240),#1500,.T.);
#9282=ADVANCED_FACE('',(#6241),#6662,.T.);
#9283=ADVANCED_FACE('',(#6242),#6663,.F.);
#9284=ADVANCED_FACE('',(#6243),#6664,.F.);
#9285=ADVANCED_FACE('',(#6244),#6665,.F.);
#9286=ADVANCED_FACE('',(#6245),#6666,.T.);
#9287=ADVANCED_FACE('',(#6246),#6667,.F.);
#9288=ADVANCED_FACE('',(#6247),#6668,.T.);
#9289=ADVANCED_FACE('',(#6248),#6669,.T.);
#9290=ADVANCED_FACE('',(#6249),#6670,.T.);
#9291=ADVANCED_FACE('',(#6250),#6671,.F.);
#9292=ADVANCED_FACE('',(#6251),#6672,.F.);
#9293=ADVANCED_FACE('',(#6252),#6673,.T.);
#9294=ADVANCED_FACE('',(#6253),#6674,.T.);
#9295=ADVANCED_FACE('',(#6254),#6675,.T.);
#9296=ADVANCED_FACE('',(#6255),#6676,.F.);
#9297=ADVANCED_FACE('',(#6256,#6257),#1513,.T.);
#9298=ADVANCED_FACE('',(#6258),#6677,.F.);
#9299=ADVANCED_FACE('',(#6259),#1514,.T.);
#9300=ADVANCED_FACE('',(#6260),#6678,.F.);
#9301=ADVANCED_FACE('',(#6261),#6679,.F.);
#9302=ADVANCED_FACE('',(#6262),#6680,.F.);
#9303=ADVANCED_FACE('',(#6263),#6681,.T.);
#9304=ADVANCED_FACE('',(#6264),#1515,.T.);
#9305=ADVANCED_FACE('',(#6265),#1516,.T.);
#9306=ADVANCED_FACE('',(#6266),#1517,.T.);
#9307=ADVANCED_FACE('',(#6267),#6682,.F.);
#9308=ADVANCED_FACE('',(#6268),#1518,.T.);
#9309=ADVANCED_FACE('',(#6269),#6683,.T.);
#9310=ADVANCED_FACE('',(#6270),#6684,.T.);
#9311=ADVANCED_FACE('',(#6271),#6685,.T.);
#9312=ADVANCED_FACE('',(#6272),#6686,.F.);
#9313=ADVANCED_FACE('',(#6273),#1519,.T.);
#9314=ADVANCED_FACE('',(#6274),#6687,.T.);
#9315=ADVANCED_FACE('',(#6275),#6688,.T.);
#9316=ADVANCED_FACE('',(#6276),#6689,.T.);
#9317=ADVANCED_FACE('',(#6277),#1520,.T.);
#9318=ADVANCED_FACE('',(#6278),#1521,.T.);
#9319=ADVANCED_FACE('',(#6279),#1522,.T.);
#9320=ADVANCED_FACE('',(#6280),#1523,.T.);
#9321=ADVANCED_FACE('',(#6281),#1524,.T.);
#9322=ADVANCED_FACE('',(#6282),#1525,.T.);
#9323=ADVANCED_FACE('',(#6283),#1526,.T.);
#9324=ADVANCED_FACE('',(#6284,#6285),#6690,.F.);
#9325=ADVANCED_FACE('',(#6286),#6691,.T.);
#9326=ADVANCED_FACE('',(#6287),#6692,.T.);
#9327=ADVANCED_FACE('',(#6288),#6693,.F.);
#9328=ADVANCED_FACE('',(#6289),#6694,.T.);
#9329=ADVANCED_FACE('',(#6290),#6695,.T.);
#9330=ADVANCED_FACE('',(#6291),#6696,.F.);
#9331=ADVANCED_FACE('',(#6292,#6293),#1501,.T.);
#9332=ADVANCED_FACE('',(#6294),#6697,.T.);
#9333=ADVANCED_FACE('',(#6295),#6698,.F.);
#9334=ADVANCED_FACE('',(#6296),#6699,.F.);
#9335=ADVANCED_FACE('',(#6297),#6700,.F.);
#9336=ADVANCED_FACE('',(#6298),#6701,.F.);
#9337=ADVANCED_FACE('',(#6299),#6702,.T.);
#9338=ADVANCED_FACE('',(#6300),#6703,.F.);
#9339=ADVANCED_FACE('',(#6301),#6704,.F.);
#9340=ADVANCED_FACE('',(#6302),#6705,.T.);
#9341=ADVANCED_FACE('',(#6303),#6706,.F.);
#9342=ADVANCED_FACE('',(#6304),#6707,.F.);
#9343=ADVANCED_FACE('',(#6305),#6708,.F.);
#9344=ADVANCED_FACE('',(#6306),#6709,.F.);
#9345=ADVANCED_FACE('',(#6307),#6710,.F.);
#9346=ADVANCED_FACE('',(#6308),#6711,.T.);
#9347=ADVANCED_FACE('',(#6309),#6712,.T.);
#9348=ADVANCED_FACE('',(#6310),#6713,.T.);
#9349=ADVANCED_FACE('',(#6311),#6714,.F.);
#9350=ADVANCED_FACE('',(#6312),#6715,.T.);
#9351=ADVANCED_FACE('',(#6313),#6716,.F.);
#9352=ADVANCED_FACE('',(#6314),#6717,.F.);
#9353=ADVANCED_FACE('',(#6315),#6718,.F.);
#9354=ADVANCED_FACE('',(#6316),#6719,.F.);
#9355=ADVANCED_FACE('',(#6317),#6720,.F.);
#9356=ADVANCED_FACE('',(#6318),#6721,.T.);
#9357=ADVANCED_FACE('',(#6319),#6722,.F.);
#9358=ADVANCED_FACE('',(#6320),#6723,.T.);
#9359=ADVANCED_FACE('',(#6321),#6724,.T.);
#9360=ADVANCED_FACE('',(#6322),#6725,.T.);
#9361=ADVANCED_FACE('',(#6323),#6726,.F.);
#9362=ADVANCED_FACE('',(#6324),#6727,.T.);
#9363=ADVANCED_FACE('',(#6325),#6728,.T.);
#9364=ADVANCED_FACE('',(#6326),#6729,.T.);
#9365=ADVANCED_FACE('',(#6327),#6730,.F.);
#9366=ADVANCED_FACE('',(#6328),#6731,.T.);
#9367=ADVANCED_FACE('',(#6329),#6732,.F.);
#9368=ADVANCED_FACE('',(#6330),#6733,.T.);
#9369=ADVANCED_FACE('',(#6331),#6734,.F.);
#9370=ADVANCED_FACE('',(#6332),#6735,.F.);
#9371=ADVANCED_FACE('',(#6333),#6736,.F.);
#9372=ADVANCED_FACE('',(#6334),#6737,.F.);
#9373=ADVANCED_FACE('',(#6335),#6738,.F.);
#9374=ADVANCED_FACE('',(#6336),#6739,.F.);
#9375=ADVANCED_FACE('',(#6337),#6740,.F.);
#9376=ADVANCED_FACE('',(#6338),#6741,.F.);
#9377=ADVANCED_FACE('',(#6339),#6742,.F.);
#9378=ADVANCED_FACE('',(#6340),#6743,.T.);
#9379=ADVANCED_FACE('',(#6341),#6744,.F.);
#9380=ADVANCED_FACE('',(#6342),#6745,.F.);
#9381=ADVANCED_FACE('',(#6343),#6746,.F.);
#9382=ADVANCED_FACE('',(#6344),#6747,.F.);
#9383=ADVANCED_FACE('',(#6345),#6748,.F.);
#9384=ADVANCED_FACE('',(#6346),#6749,.F.);
#9385=ADVANCED_FACE('',(#6347),#6750,.F.);
#9386=ADVANCED_FACE('',(#6348),#6751,.T.);
#9387=ADVANCED_FACE('',(#6349),#6752,.F.);
#9388=ADVANCED_FACE('',(#6350),#6753,.T.);
#9389=ADVANCED_FACE('',(#6351),#6754,.T.);
#9390=ADVANCED_FACE('',(#6352),#6755,.T.);
#9391=ADVANCED_FACE('',(#6353),#6756,.F.);
#9392=ADVANCED_FACE('',(#6354),#6757,.T.);
#9393=ADVANCED_FACE('',(#6355),#6758,.F.);
#9394=ADVANCED_FACE('',(#6356),#6759,.F.);
#9395=ADVANCED_FACE('',(#6357),#6760,.F.);
#9396=ADVANCED_FACE('',(#6358),#6761,.F.);
#9397=ADVANCED_FACE('',(#6359),#6762,.F.);
#9398=ADVANCED_FACE('',(#6360),#6763,.T.);
#9399=ADVANCED_FACE('',(#6361),#6764,.T.);
#9400=ADVANCED_FACE('',(#6362),#6765,.F.);
#9401=ADVANCED_FACE('',(#6363),#6766,.F.);
#9402=ADVANCED_FACE('',(#6364),#6767,.F.);
#9403=ADVANCED_FACE('',(#6365),#6768,.T.);
#9404=ADVANCED_FACE('',(#6366),#1527,.T.);
#9405=ADVANCED_FACE('',(#6367),#6769,.F.);
#9406=ADVANCED_FACE('',(#6368),#1528,.T.);
#9407=ADVANCED_FACE('',(#6369),#6770,.T.);
#9408=ADVANCED_FACE('',(#6370),#6771,.F.);
#9409=ADVANCED_FACE('',(#6371),#1529,.T.);
#9410=ADVANCED_FACE('',(#6372),#6772,.F.);
#9411=ADVANCED_FACE('',(#6373),#1530,.T.);
#9412=ADVANCED_FACE('',(#6374),#6773,.F.);
#9413=ADVANCED_FACE('',(#6375),#6774,.T.);
#9414=ADVANCED_FACE('',(#6376),#6775,.T.);
#9415=ADVANCED_FACE('',(#6377),#1531,.T.);
#9416=ADVANCED_FACE('',(#6378),#6776,.F.);
#9417=ADVANCED_FACE('',(#6379),#1532,.T.);
#9418=ADVANCED_FACE('',(#6380),#6777,.T.);
#9419=ADVANCED_FACE('',(#6381),#6778,.F.);
#9420=ADVANCED_FACE('',(#6382),#1533,.T.);
#9421=ADVANCED_FACE('',(#6383),#6779,.T.);
#9422=ADVANCED_FACE('',(#6384),#1534,.T.);
#9423=ADVANCED_FACE('',(#6385),#6780,.F.);
#9424=ADVANCED_FACE('',(#6386),#1535,.T.);
#9425=ADVANCED_FACE('',(#6387,#6388,#6389,#6390),#1536,.F.);
#9426=ADVANCED_FACE('',(#6391,#6392),#1537,.T.);
#9427=ADVANCED_FACE('',(#6393,#6394),#1538,.T.);
#9428=ADVANCED_FACE('',(#6395,#6396),#1539,.T.);
#9429=ADVANCED_FACE('',(#6397),#6781,.F.);
#9430=ADVANCED_FACE('',(#6398),#6782,.T.);
#9431=ADVANCED_FACE('',(#6399),#1540,.T.);
#9432=ADVANCED_FACE('',(#6400),#6783,.T.);
#9433=ADVANCED_FACE('',(#6401),#1541,.T.);
#9434=ADVANCED_FACE('',(#6402),#6784,.F.);
#9435=ADVANCED_FACE('',(#6403),#1542,.F.);
#9436=ADVANCED_FACE('',(#6404),#6785,.F.);
#9437=ADVANCED_FACE('',(#6405),#1543,.F.);
#9438=ADVANCED_FACE('',(#6406),#6786,.F.);
#9439=ADVANCED_FACE('',(#6407),#1544,.T.);
#9440=ADVANCED_FACE('',(#6408),#1545,.F.);
#9441=ADVANCED_FACE('',(#6409),#6787,.F.);
#9442=ADVANCED_FACE('',(#6410),#1546,.T.);
#9443=ADVANCED_FACE('',(#6411,#6412),#6788,.T.);
#9444=ADVANCED_FACE('',(#6413),#1547,.T.);
#9445=ADVANCED_FACE('',(#6414),#6789,.F.);
#9446=ADVANCED_FACE('',(#6415),#1548,.F.);
#9447=ADVANCED_FACE('',(#6416),#1549,.T.);
#9448=ADVANCED_FACE('',(#6417),#6790,.T.);
#9449=ADVANCED_FACE('',(#6418),#1550,.F.);
#9450=ADVANCED_FACE('',(#6419),#6791,.T.);
#9451=ADVANCED_FACE('',(#6420),#1551,.F.);
#9452=ADVANCED_FACE('',(#6421),#6792,.T.);
#9453=ADVANCED_FACE('',(#6422),#6793,.F.);
#9454=ADVANCED_FACE('',(#6423),#1552,.T.);
#9455=ADVANCED_FACE('',(#6424),#6794,.F.);
#9456=ADVANCED_FACE('',(#6425),#1553,.T.);
#9457=ADVANCED_FACE('',(#6426),#6795,.T.);
#9458=ADVANCED_FACE('',(#6427),#6796,.T.);
#9459=ADVANCED_FACE('',(#6428),#6797,.T.);
#9460=ADVANCED_FACE('',(#6429),#1554,.T.);
#9461=ADVANCED_FACE('',(#6430),#6798,.T.);
#9462=ADVANCED_FACE('',(#6431),#1555,.T.);
#9463=ADVANCED_FACE('',(#6432),#6799,.F.);
#9464=ADVANCED_FACE('',(#6433),#1556,.F.);
#9465=ADVANCED_FACE('',(#6434),#6800,.F.);
#9466=ADVANCED_FACE('',(#6435),#1557,.F.);
#9467=ADVANCED_FACE('',(#6436),#6801,.F.);
#9468=ADVANCED_FACE('',(#6437),#1558,.T.);
#9469=ADVANCED_FACE('',(#6438),#1559,.F.);
#9470=ADVANCED_FACE('',(#6439),#6802,.F.);
#9471=ADVANCED_FACE('',(#6440),#1560,.T.);
#9472=ADVANCED_FACE('',(#6441,#6442,#6443),#6803,.T.);
#9473=ADVANCED_FACE('',(#6444),#1561,.T.);
#9474=ADVANCED_FACE('',(#6445),#6804,.F.);
#9475=ADVANCED_FACE('',(#6446),#1562,.F.);
#9476=ADVANCED_FACE('',(#6447),#1563,.T.);
#9477=ADVANCED_FACE('',(#6448),#6805,.T.);
#9478=ADVANCED_FACE('',(#6449),#1564,.F.);
#9479=ADVANCED_FACE('',(#6450),#6806,.T.);
#9480=ADVANCED_FACE('',(#6451),#1565,.F.);
#9481=ADVANCED_FACE('',(#6452),#6807,.T.);
#9482=ADVANCED_FACE('',(#6453),#6808,.F.);
#9483=ADVANCED_FACE('',(#6454),#1566,.T.);
#9484=ADVANCED_FACE('',(#6455),#6809,.F.);
#9485=ADVANCED_FACE('',(#6456),#6810,.T.);
#9486=ADVANCED_FACE('',(#6457),#6811,.F.);
#9487=ADVANCED_FACE('',(#6458),#1567,.T.);
#9488=ADVANCED_FACE('',(#6459),#6812,.T.);
#9489=ADVANCED_FACE('',(#6460,#6461,#6462,#6463),#1568,.T.);
#9490=ADVANCED_FACE('',(#6464),#6813,.F.);
#9491=ADVANCED_FACE('',(#6465),#6814,.F.);
#9492=ADVANCED_FACE('',(#6466),#6815,.F.);
#9493=ADVANCED_FACE('',(#6467),#6816,.F.);
#9494=ADVANCED_FACE('',(#6468),#6817,.F.);
#9495=ADVANCED_FACE('',(#6469),#6818,.T.);
#9496=ADVANCED_FACE('',(#6470),#6819,.F.);
#9497=ADVANCED_FACE('',(#6471),#6820,.F.);
#9498=ADVANCED_FACE('',(#6472),#6821,.F.);
#9499=ADVANCED_FACE('',(#6473),#6822,.T.);
#9500=ADVANCED_FACE('',(#6474),#6823,.T.);
#9501=ADVANCED_FACE('',(#6475),#1569,.T.);
#9502=ADVANCED_FACE('',(#6476),#6824,.F.);
#9503=ADVANCED_FACE('',(#6477),#6825,.T.);
#9504=ADVANCED_FACE('',(#6478),#6826,.F.);
#9505=ADVANCED_FACE('',(#6479),#6827,.F.);
#9506=ADVANCED_FACE('',(#6480),#6828,.F.);
#9507=ADVANCED_FACE('',(#6481),#6829,.T.);
#9508=ADVANCED_FACE('',(#6482),#6830,.F.);
#9509=ADVANCED_FACE('',(#6483),#6831,.F.);
#9510=ADVANCED_FACE('',(#6484),#1570,.T.);
#9511=ADVANCED_FACE('',(#6485),#6832,.T.);
#9512=ADVANCED_FACE('',(#6486),#6833,.T.);
#9513=ADVANCED_FACE('',(#6487),#6834,.F.);
#9514=ADVANCED_FACE('',(#6488),#1571,.T.);
#9515=ADVANCED_FACE('',(#6489),#1572,.F.);
#9516=ADVANCED_FACE('',(#6490),#6835,.T.);
#9517=ADVANCED_FACE('',(#6491),#1573,.T.);
#9518=ADVANCED_FACE('',(#6492),#6836,.T.);
#9519=ADVANCED_FACE('',(#6493),#6837,.F.);
#9520=ADVANCED_FACE('',(#6494),#6838,.T.);
#9521=ADVANCED_FACE('',(#6495),#6839,.T.);
#9522=ADVANCED_FACE('',(#6496),#1574,.T.);
#9523=ADVANCED_FACE('',(#6497),#6840,.T.);
#9524=ADVANCED_FACE('',(#6498),#1575,.T.);
#9525=ADVANCED_FACE('',(#6499),#6841,.T.);
#9526=ADVANCED_FACE('',(#6500),#6842,.T.);
#9527=ADVANCED_FACE('',(#6501),#6843,.T.);
#9528=ADVANCED_FACE('',(#6502),#6844,.F.);
#9529=ADVANCED_FACE('',(#6503),#6845,.F.);
#9530=ADVANCED_FACE('',(#6504),#6846,.F.);
#9531=ADVANCED_FACE('',(#6505),#6847,.T.);
#9532=ADVANCED_FACE('',(#6506),#6848,.T.);
#9533=ADVANCED_FACE('',(#6507),#1576,.T.);
#9534=ADVANCED_FACE('',(#6508),#6849,.F.);
#9535=ADVANCED_FACE('',(#6509),#6850,.T.);
#9536=ADVANCED_FACE('',(#6510),#6851,.F.);
#9537=ADVANCED_FACE('',(#6511),#6852,.T.);
#9538=ADVANCED_FACE('',(#6512),#6853,.T.);
#9539=ADVANCED_FACE('',(#6513),#6854,.T.);
#9540=ADVANCED_FACE('',(#6514),#6855,.F.);
#9541=ADVANCED_FACE('',(#6515),#6856,.F.);
#9542=ADVANCED_FACE('',(#6516),#1577,.T.);
#9543=ADVANCED_FACE('',(#6517),#6857,.T.);
#9544=ADVANCED_FACE('',(#6518),#6858,.T.);
#9545=ADVANCED_FACE('',(#6519),#6859,.T.);
#9546=ADVANCED_FACE('',(#6520),#1578,.T.);
#9547=ADVANCED_FACE('',(#6521),#1579,.F.);
#9548=ADVANCED_FACE('',(#6522),#6860,.T.);
#9549=ADVANCED_FACE('',(#6523),#1580,.T.);
#9550=ADVANCED_FACE('',(#6524),#6861,.T.);
#9551=ADVANCED_FACE('',(#6525,#6526,#6527,#6528,#6529),#6862,.F.);
#9552=ADVANCED_FACE('',(#6530),#6863,.T.);
#9553=ADVANCED_FACE('',(#6531),#6864,.T.);
#9554=ADVANCED_FACE('',(#6532),#6865,.T.);
#9555=ADVANCED_FACE('',(#6533),#1581,.T.);
#9556=ADVANCED_FACE('',(#6534),#6866,.T.);
#9557=ADVANCED_FACE('',(#6535),#1582,.T.);
#9558=ADVANCED_FACE('',(#6536),#6867,.T.);
#9559=ADVANCED_FACE('',(#6537),#6868,.T.);
#9560=ADVANCED_FACE('',(#6538,#6539),#6869,.F.);
#9561=ADVANCED_FACE('',(#6540,#6541),#1583,.F.);
#9562=ADVANCED_FACE('',(#6542,#6543),#1584,.F.);
#9563=ADVANCED_FACE('',(#6544,#6545),#1585,.F.);
#9564=ADVANCED_FACE('',(#6546,#6547),#1586,.F.);
#9565=ADVANCED_FACE('',(#6548,#6549),#1587,.F.);
#9566=ADVANCED_FACE('',(#6550),#6870,.T.);
#9567=ADVANCED_FACE('',(#6551),#1588,.T.);
#9568=ADVANCED_FACE('',(#6552),#6871,.T.);
#9569=ADVANCED_FACE('',(#6553),#1589,.T.);
#9570=ADVANCED_FACE('',(#6554),#1590,.F.);
#9571=ADVANCED_FACE('',(#6555),#6872,.T.);
#9572=ADVANCED_FACE('',(#6556),#1591,.T.);
#9573=ADVANCED_FACE('',(#6557),#6873,.T.);
#9574=ADVANCED_FACE('',(#6558),#1592,.T.);
#9575=ADVANCED_FACE('',(#6559),#6874,.T.);
#9576=ADVANCED_FACE('',(#6560),#1593,.F.);
#9577=ADVANCED_FACE('',(#6561),#1594,.T.);
#9578=ADVANCED_FACE('',(#6562),#6875,.F.);
#9579=ADVANCED_FACE('',(#6563),#1595,.T.);
#9580=ADVANCED_FACE('',(#6564),#6876,.F.);
#9581=ADVANCED_FACE('',(#6565),#1596,.T.);
#9582=ADVANCED_FACE('',(#6566),#6877,.F.);
#9583=ADVANCED_FACE('',(#6567),#1597,.T.);
#9584=ADVANCED_FACE('',(#6568),#6878,.T.);
#9585=ADVANCED_FACE('',(#6569),#1598,.T.);
#9586=ADVANCED_FACE('',(#6570),#6879,.T.);
#9587=ADVANCED_FACE('',(#6571),#1599,.T.);
#9588=ADVANCED_FACE('',(#6572),#6880,.T.);
#9589=ADVANCED_FACE('',(#6573),#1600,.T.);
#9590=ADVANCED_FACE('',(#6574),#1601,.F.);
#9591=ADVANCED_FACE('',(#6575),#6881,.T.);
#9592=ADVANCED_FACE('',(#6576),#1602,.T.);
#9593=ADVANCED_FACE('',(#6577),#6882,.T.);
#9594=ADVANCED_FACE('',(#6578),#1603,.T.);
#9595=ADVANCED_FACE('',(#6579),#6883,.T.);
#9596=ADVANCED_FACE('',(#6580),#1604,.F.);
#9597=ADVANCED_FACE('',(#6581),#1605,.T.);
#9598=ADVANCED_FACE('',(#6582),#6884,.F.);
#9599=ADVANCED_FACE('',(#6583),#1606,.T.);
#9600=ADVANCED_FACE('',(#6584),#6885,.F.);
#9601=ADVANCED_FACE('',(#6585),#1607,.T.);
#9602=ADVANCED_FACE('',(#6586),#6886,.T.);
#9603=ADVANCED_FACE('',(#6587),#1608,.T.);
#9604=ADVANCED_FACE('',(#6588),#6887,.F.);
#9605=ADVANCED_FACE('',(#6589),#1609,.T.);
#9606=ADVANCED_FACE('',(#6590,#6591),#1610,.F.);
#9607=ADVANCED_FACE('',(#6592,#6593),#1507,.T.);
#9608=ADVANCED_FACE('',(#6594,#6595),#1508,.T.);
#9609=ADVANCED_FACE('',(#6596,#6597),#1509,.T.);
#9610=ADVANCED_FACE('',(#6598,#6599),#1510,.T.);
#9611=ADVANCED_FACE('',(#6600,#6601),#1511,.T.);
#9612=ADVANCED_FACE('',(#6602,#6603,#6604,#6605,#6606,#6607,#6608,#6609),
#6888,.F.);
#9613=ADVANCED_FACE('',(#6610,#6611),#6889,.F.);
#9614=ADVANCED_FACE('',(#6612,#6613),#1611,.T.);
#9615=ADVANCED_FACE('',(#6614),#6890,.F.);
#9616=ADVANCED_FACE('',(#6615),#1502,.F.);
#9617=ADVANCED_FACE('',(#6616),#6891,.F.);
#9618=ADVANCED_FACE('',(#6617),#1503,.F.);
#9619=ADVANCED_FACE('',(#6618),#6892,.F.);
#9620=ADVANCED_FACE('',(#6619),#1504,.F.);
#9621=ADVANCED_FACE('',(#6620,#6621),#6893,.T.);
#9622=ADVANCED_FACE('',(#6622),#1505,.F.);
#9623=ADVANCED_FACE('',(#6623),#6894,.F.);
#9624=ADVANCED_FACE('',(#6624),#6895,.F.);
#9625=ADVANCED_FACE('',(#6625),#6896,.T.);
#9626=ADVANCED_FACE('',(#6626),#1612,.F.);
#9627=ADVANCED_FACE('',(#6627),#6897,.T.);
#9628=ADVANCED_FACE('',(#6628),#1613,.F.);
#9629=ADVANCED_FACE('',(#6629),#6898,.T.);
#9630=ADVANCED_FACE('',(#6630),#1614,.F.);
#9631=ADVANCED_FACE('',(#6631),#6899,.T.);
#9632=ADVANCED_FACE('',(#6632),#6900,.F.);
#9633=ADVANCED_FACE('',(#6633),#1615,.F.);
#9634=ADVANCED_FACE('',(#6634),#6901,.F.);
#9635=ADVANCED_FACE('',(#6635),#1616,.F.);
#9636=ADVANCED_FACE('',(#6636),#6902,.T.);
#9637=ADVANCED_FACE('',(#6637),#1617,.F.);
#9638=ADVANCED_FACE('',(#6638),#6903,.T.);
#9639=ADVANCED_FACE('',(#6639),#6904,.F.);
#9640=ADVANCED_FACE('',(#6640),#1618,.F.);
#9641=ADVANCED_FACE('',(#6641),#6905,.F.);
#9642=ADVANCED_FACE('',(#6642),#1619,.F.);
#9643=ADVANCED_FACE('',(#6643),#6906,.F.);
#9644=ADVANCED_FACE('',(#6644),#1620,.F.);
#9645=ADVANCED_FACE('',(#6645),#6907,.F.);
#9646=ADVANCED_FACE('',(#6646),#1621,.F.);
#9647=ADVANCED_FACE('',(#6647),#6908,.T.);
#9648=ADVANCED_FACE('',(#6648),#1622,.F.);
#9649=ADVANCED_FACE('',(#6649),#6909,.T.);
#9650=ADVANCED_FACE('',(#6650),#6910,.F.);
#9651=ADVANCED_FACE('',(#6651),#1623,.F.);
#9652=ADVANCED_FACE('',(#6652),#6911,.F.);
#9653=ADVANCED_FACE('',(#6653),#1624,.F.);
#9654=ADVANCED_FACE('',(#6654),#6912,.F.);
#9655=ADVANCED_FACE('',(#6655),#1625,.F.);
#9656=ADVANCED_FACE('',(#6656),#6913,.F.);
#9657=ADVANCED_FACE('',(#6657),#1626,.F.);
#9658=ADVANCED_FACE('',(#6658),#6914,.F.);
#9659=ADVANCED_FACE('',(#6659),#1627,.F.);
#9660=CLOSED_SHELL('',(#9277,#9278,#9279,#9280,#9281,#9282,#9283,#9284,
#9285,#9286,#9287,#9288,#9289,#9290,#9291,#9292,#9293,#9294,#9295,#9296,
#9297,#9298,#9299,#9300,#9301,#9302,#9303,#9304,#9305,#9306,#9307,#9308,
#9309,#9310,#9311,#9312,#9313,#9314,#9315,#9316,#9317,#9318,#9319,#9320,
#9321,#9322,#9323,#9324,#9325,#9326,#9327,#9328,#9329,#9330,#9331,#9332,
#9333,#9334,#9335,#9336,#9337,#9338,#9339,#9340,#9341,#9342,#9343,#9344,
#9345,#9346,#9347,#9348,#9349,#9350,#9351,#9352,#9353,#9354,#9355,#9356,
#9357,#9358,#9359,#9360,#9361,#9362,#9363,#9364,#9365,#9366,#9367,#9368,
#9369,#9370,#9371,#9372,#9373,#9374,#9375,#9376,#9377,#9378,#9379,#9380,
#9381,#9382,#9383,#9384,#9385,#9386,#9387,#9388,#9389,#9390,#9391,#9392,
#9393,#9394,#9395,#9396,#9397,#9398,#9399,#9400,#9401,#9402,#9403,#9404,
#9405,#9406,#9407,#9408,#9409,#9410,#9411,#9412,#9413,#9414,#9415,#9416,
#9417,#9418,#9419,#9420,#9421,#9422,#9423,#9424,#9425,#9426,#9427,#9428,
#9429,#9430,#9431,#9432,#9433,#9434,#9435,#9436,#9437,#9438,#9439,#9440,
#9441,#9442,#9443,#9444,#9445,#9446,#9447,#9448,#9449,#9450,#9451,#9452,
#9453,#9454,#9455,#9456,#9457,#9458,#9459,#9460,#9461,#9462,#9463,#9464,
#9465,#9466,#9467,#9468,#9469,#9470,#9471,#9472,#9473,#9474,#9475,#9476,
#9477,#9478,#9479,#9480,#9481,#9482,#9483,#9484,#9485,#9486,#9487,#9488,
#9489,#9490,#9491,#9492,#9493,#9494,#9495,#9496,#9497,#9498,#9499,#9500,
#9501,#9502,#9503,#9504,#9505,#9506,#9507,#9508,#9509,#9510,#9511,#9512,
#9513,#9514,#9515,#9516,#9517,#9518,#9519,#9520,#9521,#9522,#9523,#9524,
#9525,#9526,#9527,#9528,#9529,#9530,#9531,#9532,#9533,#9534,#9535,#9536,
#9537,#9538,#9539,#9540,#9541,#9542,#9543,#9544,#9545,#9546,#9547,#9548,
#9549,#9550,#9551,#9552,#9553,#9554,#9555,#9556,#9557,#9558,#9559,#9560,
#9561,#9562,#9563,#9564,#9565,#9566,#9567,#9568,#9569,#9570,#9571,#9572,
#9573,#9574,#9575,#9576,#9577,#9578,#9579,#9580,#9581,#9582,#9583,#9584,
#9585,#9586,#9587,#9588,#9589,#9590,#9591,#9592,#9593,#9594,#9595,#9596,
#9597,#9598,#9599,#9600,#9601,#9602,#9603,#9604,#9605,#9606,#9607,#9608,
#9609,#9610,#9611,#9612));
#9661=CLOSED_SHELL('',(#9613,#9614,#9615,#9616,#9617,#9618,#9619,#9620,
#9621,#9622,#9623,#9624,#9625,#9626,#9627,#9628,#9629,#9630,#9631,#9632,
#9633,#9634,#9635,#9636,#9637,#9638,#9639,#9640,#9641,#9642,#9643,#9644,
#9645,#9646,#9647,#9648,#9649,#9650,#9651,#9652,#9653,#9654,#9655,#9656,
#9657,#9658,#9659));
#9662=MANIFOLD_SOLID_BREP('',#9660);
#9663=MANIFOLD_SOLID_BREP('',#9661);
#9664=SHAPE_DEFINITION_REPRESENTATION(#14673,#9665);
#9665=SHAPE_REPRESENTATION('EVQ-V5B00215B',(#9666),#14668);
#9666=AXIS2_PLACEMENT_3D('',#12494,#10365,#10366);
#9667=AXIS2_PLACEMENT_3D('',#12495,#10367,#10368);
#9668=AXIS2_PLACEMENT_3D('',#12496,#10369,#10370);
#9669=AXIS2_PLACEMENT_3D('',#12498,#10371,#10372);
#9670=AXIS2_PLACEMENT_3D('',#12499,#10373,#10374);
#9671=AXIS2_PLACEMENT_3D('',#12501,#10375,#10376);
#9672=AXIS2_PLACEMENT_3D('',#12502,#10377,#10378);
#9673=AXIS2_PLACEMENT_3D('',#12504,#10379,#10380);
#9674=AXIS2_PLACEMENT_3D('',#12505,#10381,#10382);
#9675=AXIS2_PLACEMENT_3D('',#12507,#10383,#10384);
#9676=AXIS2_PLACEMENT_3D('',#12508,#10385,#10386);
#9677=AXIS2_PLACEMENT_3D('',#12510,#10387,#10388);
#9678=AXIS2_PLACEMENT_3D('',#12519,#10393,#10394);
#9679=AXIS2_PLACEMENT_3D('',#12528,#10399,#10400);
#9680=AXIS2_PLACEMENT_3D('',#12534,#10404,#10405);
#9681=AXIS2_PLACEMENT_3D('',#12537,#10408,#10409);
#9682=AXIS2_PLACEMENT_3D('',#12543,#10413,#10414);
#9683=AXIS2_PLACEMENT_3D('',#12552,#10419,#10420);
#9684=AXIS2_PLACEMENT_3D('',#12561,#10425,#10426);
#9685=AXIS2_PLACEMENT_3D('',#12567,#10430,#10431);
#9686=AXIS2_PLACEMENT_3D('',#12573,#10435,#10436);
#9687=AXIS2_PLACEMENT_3D('',#12576,#10439,#10440);
#9688=AXIS2_PLACEMENT_3D('',#12585,#10445,#10446);
#9689=AXIS2_PLACEMENT_3D('',#12594,#10451,#10452);
#9690=AXIS2_PLACEMENT_3D('',#12600,#10456,#10457);
#9691=AXIS2_PLACEMENT_3D('',#12606,#10461,#10462);
#9692=AXIS2_PLACEMENT_3D('',#12609,#10465,#10466);
#9693=AXIS2_PLACEMENT_3D('',#12610,#10467,#10468);
#9694=AXIS2_PLACEMENT_3D('',#12612,#10469,#10470);
#9695=AXIS2_PLACEMENT_3D('',#12613,#10471,#10472);
#9696=AXIS2_PLACEMENT_3D('',#12615,#10473,#10474);
#9697=AXIS2_PLACEMENT_3D('',#12616,#10475,#10476);
#9698=AXIS2_PLACEMENT_3D('',#12621,#10478,#10479);
#9699=AXIS2_PLACEMENT_3D('',#12624,#10481,#10482);
#9700=AXIS2_PLACEMENT_3D('',#12630,#10486,#10487);
#9701=AXIS2_PLACEMENT_3D('',#12638,#10492,#10493);
#9702=AXIS2_PLACEMENT_3D('',#12646,#10498,#10499);
#9703=AXIS2_PLACEMENT_3D('',#12648,#10501,#10502);
#9704=AXIS2_PLACEMENT_3D('',#12649,#10503,#10504);
#9705=AXIS2_PLACEMENT_3D('',#12653,#10506,#10507);
#9706=AXIS2_PLACEMENT_3D('',#12654,#10508,#10509);
#9707=AXIS2_PLACEMENT_3D('',#12655,#10510,#10511);
#9708=AXIS2_PLACEMENT_3D('',#12660,#10513,#10514);
#9709=AXIS2_PLACEMENT_3D('',#12663,#10516,#10517);
#9710=AXIS2_PLACEMENT_3D('',#12664,#10518,#10519);
#9711=AXIS2_PLACEMENT_3D('',#12669,#10521,#10522);
#9712=AXIS2_PLACEMENT_3D('',#12672,#10524,#10525);
#9713=AXIS2_PLACEMENT_3D('',#12678,#10529,#10530);
#9714=AXIS2_PLACEMENT_3D('',#12679,#10531,#10532);
#9715=AXIS2_PLACEMENT_3D('',#12684,#10534,#10535);
#9716=AXIS2_PLACEMENT_3D('',#12687,#10537,#10538);
#9717=AXIS2_PLACEMENT_3D('',#12692,#10542,#10543);
#9718=AXIS2_PLACEMENT_3D('',#12696,#10546,#10547);
#9719=AXIS2_PLACEMENT_3D('',#12702,#10551,#10552);
#9720=AXIS2_PLACEMENT_3D('',#12708,#10556,#10557);
#9721=AXIS2_PLACEMENT_3D('',#12709,#10558,#10559);
#9722=AXIS2_PLACEMENT_3D('',#12714,#10561,#10562);
#9723=AXIS2_PLACEMENT_3D('',#12717,#10564,#10565);
#9724=AXIS2_PLACEMENT_3D('',#12722,#10569,#10570);
#9725=AXIS2_PLACEMENT_3D('',#12726,#10573,#10574);
#9726=AXIS2_PLACEMENT_3D('',#12732,#10578,#10579);
#9727=AXIS2_PLACEMENT_3D('',#12733,#10580,#10581);
#9728=AXIS2_PLACEMENT_3D('',#12738,#10583,#10584);
#9729=AXIS2_PLACEMENT_3D('',#12741,#10586,#10587);
#9730=AXIS2_PLACEMENT_3D('',#12742,#10588,#10589);
#9731=AXIS2_PLACEMENT_3D('',#12747,#10591,#10592);
#9732=AXIS2_PLACEMENT_3D('',#12750,#10594,#10595);
#9733=AXIS2_PLACEMENT_3D('',#12751,#10596,#10597);
#9734=AXIS2_PLACEMENT_3D('',#12754,#10598,#10599);
#9735=AXIS2_PLACEMENT_3D('',#12758,#10601,#10602);
#9736=AXIS2_PLACEMENT_3D('',#12762,#10604,#10605);
#9737=AXIS2_PLACEMENT_3D('',#12763,#10606,#10607);
#9738=AXIS2_PLACEMENT_3D('',#12764,#10608,#10609);
#9739=AXIS2_PLACEMENT_3D('',#12767,#10610,#10611);
#9740=AXIS2_PLACEMENT_3D('',#12771,#10613,#10614);
#9741=AXIS2_PLACEMENT_3D('',#12775,#10616,#10617);
#9742=AXIS2_PLACEMENT_3D('',#12776,#10618,#10619);
#9743=AXIS2_PLACEMENT_3D('',#12777,#10620,#10621);
#9744=AXIS2_PLACEMENT_3D('',#12782,#10623,#10624);
#9745=AXIS2_PLACEMENT_3D('',#12785,#10626,#10627);
#9746=AXIS2_PLACEMENT_3D('',#12786,#10628,#10629);
#9747=AXIS2_PLACEMENT_3D('',#12791,#10631,#10632);
#9748=AXIS2_PLACEMENT_3D('',#12795,#10634,#10635);
#9749=AXIS2_PLACEMENT_3D('',#12799,#10637,#10638);
#9750=AXIS2_PLACEMENT_3D('',#12802,#10640,#10641);
#9751=AXIS2_PLACEMENT_3D('',#12803,#10642,#10643);
#9752=AXIS2_PLACEMENT_3D('',#12808,#10645,#10646);
#9753=AXIS2_PLACEMENT_3D('',#12812,#10648,#10649);
#9754=AXIS2_PLACEMENT_3D('',#12816,#10651,#10652);
#9755=AXIS2_PLACEMENT_3D('',#12819,#10654,#10655);
#9756=AXIS2_PLACEMENT_3D('',#12820,#10656,#10657);
#9757=AXIS2_PLACEMENT_3D('',#12823,#10658,#10659);
#9758=AXIS2_PLACEMENT_3D('',#12824,#10660,#10661);
#9759=AXIS2_PLACEMENT_3D('',#12830,#10665,#10666);
#9760=AXIS2_PLACEMENT_3D('',#12836,#10670,#10671);
#9761=AXIS2_PLACEMENT_3D('',#12839,#10673,#10674);
#9762=AXIS2_PLACEMENT_3D('',#12840,#10675,#10676);
#9763=AXIS2_PLACEMENT_3D('',#12844,#10679,#10680);
#9764=AXIS2_PLACEMENT_3D('',#12850,#10684,#10685);
#9765=AXIS2_PLACEMENT_3D('',#12851,#10686,#10687);
#9766=AXIS2_PLACEMENT_3D('',#12852,#10688,#10689);
#9767=AXIS2_PLACEMENT_3D('',#12853,#10690,#10691);
#9768=AXIS2_PLACEMENT_3D('',#12855,#10692,#10693);
#9769=AXIS2_PLACEMENT_3D('',#12856,#10694,#10695);
#9770=AXIS2_PLACEMENT_3D('',#12858,#10696,#10697);
#9771=AXIS2_PLACEMENT_3D('',#12859,#10698,#10699);
#9772=AXIS2_PLACEMENT_3D('',#12861,#10700,#10701);
#9773=AXIS2_PLACEMENT_3D('',#12864,#10703,#10704);
#9774=AXIS2_PLACEMENT_3D('',#12867,#10706,#10707);
#9775=AXIS2_PLACEMENT_3D('',#12871,#10709,#10710);
#9776=AXIS2_PLACEMENT_3D('',#12875,#10712,#10713);
#9777=AXIS2_PLACEMENT_3D('',#12876,#10714,#10715);
#9778=AXIS2_PLACEMENT_3D('',#12881,#10719,#10720);
#9779=AXIS2_PLACEMENT_3D('',#12882,#10721,#10722);
#9780=AXIS2_PLACEMENT_3D('',#12885,#10724,#10725);
#9781=AXIS2_PLACEMENT_3D('',#12891,#10729,#10730);
#9782=AXIS2_PLACEMENT_3D('',#12892,#10731,#10732);
#9783=AXIS2_PLACEMENT_3D('',#12896,#10734,#10735);
#9784=AXIS2_PLACEMENT_3D('',#12897,#10736,#10737);
#9785=AXIS2_PLACEMENT_3D('',#12903,#10741,#10742);
#9786=AXIS2_PLACEMENT_3D('',#12907,#10745,#10746);
#9787=AXIS2_PLACEMENT_3D('',#12911,#10749,#10750);
#9788=AXIS2_PLACEMENT_3D('',#12913,#10752,#10753);
#9789=AXIS2_PLACEMENT_3D('',#12916,#10755,#10756);
#9790=AXIS2_PLACEMENT_3D('',#12919,#10758,#10759);
#9791=AXIS2_PLACEMENT_3D('',#12920,#10760,#10761);
#9792=AXIS2_PLACEMENT_3D('',#12925,#10763,#10764);
#9793=AXIS2_PLACEMENT_3D('',#12928,#10766,#10767);
#9794=AXIS2_PLACEMENT_3D('',#12933,#10771,#10772);
#9795=AXIS2_PLACEMENT_3D('',#12934,#10773,#10774);
#9796=AXIS2_PLACEMENT_3D('',#12937,#10776,#10777);
#9797=AXIS2_PLACEMENT_3D('',#12943,#10781,#10782);
#9798=AXIS2_PLACEMENT_3D('',#12944,#10783,#10784);
#9799=AXIS2_PLACEMENT_3D('',#12946,#10785,#10786);
#9800=AXIS2_PLACEMENT_3D('',#12949,#10788,#10789);
#9801=AXIS2_PLACEMENT_3D('',#12954,#10792,#10793);
#9802=AXIS2_PLACEMENT_3D('',#12955,#10794,#10795);
#9803=AXIS2_PLACEMENT_3D('',#12959,#10797,#10798);
#9804=AXIS2_PLACEMENT_3D('',#12963,#10800,#10801);
#9805=AXIS2_PLACEMENT_3D('',#12964,#10802,#10803);
#9806=AXIS2_PLACEMENT_3D('',#12969,#10807,#10808);
#9807=AXIS2_PLACEMENT_3D('',#12970,#10809,#10810);
#9808=AXIS2_PLACEMENT_3D('',#12973,#10812,#10813);
#9809=AXIS2_PLACEMENT_3D('',#12979,#10817,#10818);
#9810=AXIS2_PLACEMENT_3D('',#12980,#10819,#10820);
#9811=AXIS2_PLACEMENT_3D('',#12984,#10822,#10823);
#9812=AXIS2_PLACEMENT_3D('',#12985,#10824,#10825);
#9813=AXIS2_PLACEMENT_3D('',#12991,#10829,#10830);
#9814=AXIS2_PLACEMENT_3D('',#12995,#10833,#10834);
#9815=AXIS2_PLACEMENT_3D('',#12999,#10837,#10838);
#9816=AXIS2_PLACEMENT_3D('',#13001,#10840,#10841);
#9817=AXIS2_PLACEMENT_3D('',#13007,#10845,#10846);
#9818=AXIS2_PLACEMENT_3D('',#13011,#10849,#10850);
#9819=AXIS2_PLACEMENT_3D('',#13015,#10853,#10854);
#9820=AXIS2_PLACEMENT_3D('',#13017,#10856,#10857);
#9821=AXIS2_PLACEMENT_3D('',#13018,#10858,#10859);
#9822=AXIS2_PLACEMENT_3D('',#13023,#10862,#10863);
#9823=AXIS2_PLACEMENT_3D('',#13024,#10864,#10865);
#9824=AXIS2_PLACEMENT_3D('',#13029,#10867,#10868);
#9825=AXIS2_PLACEMENT_3D('',#13032,#10870,#10871);
#9826=AXIS2_PLACEMENT_3D('',#13037,#10875,#10876);
#9827=AXIS2_PLACEMENT_3D('',#13038,#10877,#10878);
#9828=AXIS2_PLACEMENT_3D('',#13041,#10880,#10881);
#9829=AXIS2_PLACEMENT_3D('',#13047,#10885,#10886);
#9830=AXIS2_PLACEMENT_3D('',#13048,#10887,#10888);
#9831=AXIS2_PLACEMENT_3D('',#13050,#10889,#10890);
#9832=AXIS2_PLACEMENT_3D('',#13053,#10892,#10893);
#9833=AXIS2_PLACEMENT_3D('',#13054,#10894,#10895);
#9834=AXIS2_PLACEMENT_3D('',#13059,#10897,#10898);
#9835=AXIS2_PLACEMENT_3D('',#13062,#10900,#10901);
#9836=AXIS2_PLACEMENT_3D('',#13068,#10905,#10906);
#9837=AXIS2_PLACEMENT_3D('',#13069,#10907,#10908);
#9838=AXIS2_PLACEMENT_3D('',#13071,#10909,#10910);
#9839=AXIS2_PLACEMENT_3D('',#13074,#10912,#10913);
#9840=AXIS2_PLACEMENT_3D('',#13077,#10916,#10917);
#9841=AXIS2_PLACEMENT_3D('',#13078,#10918,#10919);
#9842=AXIS2_PLACEMENT_3D('',#13083,#10921,#10922);
#9843=AXIS2_PLACEMENT_3D('',#13086,#10924,#10925);
#9844=AXIS2_PLACEMENT_3D('',#13092,#10929,#10930);
#9845=AXIS2_PLACEMENT_3D('',#13093,#10931,#10932);
#9846=AXIS2_PLACEMENT_3D('',#13095,#10933,#10934);
#9847=AXIS2_PLACEMENT_3D('',#13098,#10936,#10937);
#9848=AXIS2_PLACEMENT_3D('',#13101,#10940,#10941);
#9849=AXIS2_PLACEMENT_3D('',#13107,#10945,#10946);
#9850=AXIS2_PLACEMENT_3D('',#13110,#10948,#10949);
#9851=AXIS2_PLACEMENT_3D('',#13111,#10950,#10951);
#9852=AXIS2_PLACEMENT_3D('',#13115,#10954,#10955);
#9853=AXIS2_PLACEMENT_3D('',#13118,#10957,#10958);
#9854=AXIS2_PLACEMENT_3D('',#13121,#10960,#10961);
#9855=AXIS2_PLACEMENT_3D('',#13125,#10964,#10965);
#9856=AXIS2_PLACEMENT_3D('',#13126,#10966,#10967);
#9857=AXIS2_PLACEMENT_3D('',#13129,#10969,#10970);
#9858=AXIS2_PLACEMENT_3D('',#13133,#10973,#10974);
#9859=AXIS2_PLACEMENT_3D('',#13134,#10975,#10976);
#9860=AXIS2_PLACEMENT_3D('',#13137,#10978,#10979);
#9861=AXIS2_PLACEMENT_3D('',#13143,#10983,#10984);
#9862=AXIS2_PLACEMENT_3D('',#13146,#10986,#10987);
#9863=AXIS2_PLACEMENT_3D('',#13147,#10988,#10989);
#9864=AXIS2_PLACEMENT_3D('',#13151,#10992,#10993);
#9865=AXIS2_PLACEMENT_3D('',#13152,#10994,#10995);
#9866=AXIS2_PLACEMENT_3D('',#13156,#10997,#10998);
#9867=AXIS2_PLACEMENT_3D('',#13162,#11002,#11003);
#9868=AXIS2_PLACEMENT_3D('',#13165,#11005,#11006);
#9869=AXIS2_PLACEMENT_3D('',#13166,#11007,#11008);
#9870=AXIS2_PLACEMENT_3D('',#13170,#11011,#11012);
#9871=AXIS2_PLACEMENT_3D('',#13173,#11014,#11015);
#9872=AXIS2_PLACEMENT_3D('',#13176,#11017,#11018);
#9873=AXIS2_PLACEMENT_3D('',#13180,#11021,#11022);
#9874=AXIS2_PLACEMENT_3D('',#13181,#11023,#11024);
#9875=AXIS2_PLACEMENT_3D('',#13184,#11026,#11027);
#9876=AXIS2_PLACEMENT_3D('',#13188,#11030,#11031);
#9877=AXIS2_PLACEMENT_3D('',#13189,#11032,#11033);
#9878=AXIS2_PLACEMENT_3D('',#13192,#11035,#11036);
#9879=AXIS2_PLACEMENT_3D('',#13193,#11037,#11038);
#9880=AXIS2_PLACEMENT_3D('',#13194,#11039,#11040);
#9881=AXIS2_PLACEMENT_3D('',#13195,#11041,#11042);
#9882=AXIS2_PLACEMENT_3D('',#13196,#11043,#11044);
#9883=AXIS2_PLACEMENT_3D('',#13199,#11046,#11047);
#9884=AXIS2_PLACEMENT_3D('',#13200,#11048,#11049);
#9885=AXIS2_PLACEMENT_3D('',#13201,#11050,#11051);
#9886=AXIS2_PLACEMENT_3D('',#13202,#11052,#11053);
#9887=AXIS2_PLACEMENT_3D('',#13206,#11056,#11057);
#9888=AXIS2_PLACEMENT_3D('',#13209,#11059,#11060);
#9889=AXIS2_PLACEMENT_3D('',#13210,#11061,#11062);
#9890=AXIS2_PLACEMENT_3D('',#13214,#11065,#11066);
#9891=AXIS2_PLACEMENT_3D('',#13218,#11068,#11069);
#9892=AXIS2_PLACEMENT_3D('',#13219,#11070,#11071);
#9893=AXIS2_PLACEMENT_3D('',#13220,#11072,#11073);
#9894=AXIS2_PLACEMENT_3D('',#13221,#11074,#11075);
#9895=AXIS2_PLACEMENT_3D('',#13222,#11076,#11077);
#9896=AXIS2_PLACEMENT_3D('',#13223,#11078,#11079);
#9897=AXIS2_PLACEMENT_3D('',#13227,#11081,#11082);
#9898=AXIS2_PLACEMENT_3D('',#13231,#11084,#11085);
#9899=AXIS2_PLACEMENT_3D('',#13232,#11086,#11087);
#9900=AXIS2_PLACEMENT_3D('',#13238,#11091,#11092);
#9901=AXIS2_PLACEMENT_3D('',#13242,#11094,#11095);
#9902=AXIS2_PLACEMENT_3D('',#13243,#11096,#11097);
#9903=AXIS2_PLACEMENT_3D('',#13244,#11098,#11099);
#9904=AXIS2_PLACEMENT_3D('',#13253,#11104,#11105);
#9905=AXIS2_PLACEMENT_3D('',#13262,#11110,#11111);
#9906=AXIS2_PLACEMENT_3D('',#13263,#11112,#11113);
#9907=AXIS2_PLACEMENT_3D('',#13268,#11115,#11116);
#9908=AXIS2_PLACEMENT_3D('',#13271,#11118,#11119);
#9909=AXIS2_PLACEMENT_3D('',#13277,#11123,#11124);
#9910=AXIS2_PLACEMENT_3D('',#13278,#11125,#11126);
#9911=AXIS2_PLACEMENT_3D('',#13280,#11127,#11128);
#9912=AXIS2_PLACEMENT_3D('',#13283,#11130,#11131);
#9913=AXIS2_PLACEMENT_3D('',#13292,#11136,#11137);
#9914=AXIS2_PLACEMENT_3D('',#13301,#11142,#11143);
#9915=AXIS2_PLACEMENT_3D('',#13310,#11148,#11149);
#9916=AXIS2_PLACEMENT_3D('',#13314,#11151,#11152);
#9917=AXIS2_PLACEMENT_3D('',#13318,#11154,#11155);
#9918=AXIS2_PLACEMENT_3D('',#13319,#11156,#11157);
#9919=AXIS2_PLACEMENT_3D('',#13325,#11161,#11162);
#9920=AXIS2_PLACEMENT_3D('',#13329,#11164,#11165);
#9921=AXIS2_PLACEMENT_3D('',#13330,#11166,#11167);
#9922=AXIS2_PLACEMENT_3D('',#13331,#11168,#11169);
#9923=AXIS2_PLACEMENT_3D('',#13340,#11174,#11175);
#9924=AXIS2_PLACEMENT_3D('',#13349,#11180,#11181);
#9925=AXIS2_PLACEMENT_3D('',#13353,#11183,#11184);
#9926=AXIS2_PLACEMENT_3D('',#13357,#11186,#11187);
#9927=AXIS2_PLACEMENT_3D('',#13358,#11188,#11189);
#9928=AXIS2_PLACEMENT_3D('',#13364,#11193,#11194);
#9929=AXIS2_PLACEMENT_3D('',#13368,#11196,#11197);
#9930=AXIS2_PLACEMENT_3D('',#13369,#11198,#11199);
#9931=AXIS2_PLACEMENT_3D('',#13370,#11200,#11201);
#9932=AXIS2_PLACEMENT_3D('',#13379,#11206,#11207);
#9933=AXIS2_PLACEMENT_3D('',#13380,#11208,#11209);
#9934=AXIS2_PLACEMENT_3D('',#13385,#11212,#11213);
#9935=AXIS2_PLACEMENT_3D('',#13386,#11214,#11215);
#9936=AXIS2_PLACEMENT_3D('',#13387,#11216,#11217);
#9937=AXIS2_PLACEMENT_3D('',#13388,#11218,#11219);
#9938=AXIS2_PLACEMENT_3D('',#13390,#11220,#11221);
#9939=AXIS2_PLACEMENT_3D('',#13391,#11222,#11223);
#9940=AXIS2_PLACEMENT_3D('',#13393,#11224,#11225);
#9941=AXIS2_PLACEMENT_3D('',#13394,#11226,#11227);
#9942=AXIS2_PLACEMENT_3D('',#13396,#11228,#11229);
#9943=AXIS2_PLACEMENT_3D('',#13405,#11234,#11235);
#9944=AXIS2_PLACEMENT_3D('',#13411,#11239,#11240);
#9945=AXIS2_PLACEMENT_3D('',#13412,#11241,#11242);
#9946=AXIS2_PLACEMENT_3D('',#13415,#11244,#11245);
#9947=AXIS2_PLACEMENT_3D('',#13419,#11248,#11249);
#9948=AXIS2_PLACEMENT_3D('',#13420,#11250,#11251);
#9949=AXIS2_PLACEMENT_3D('',#13421,#11252,#11253);
#9950=AXIS2_PLACEMENT_3D('',#13422,#11254,#11255);
#9951=AXIS2_PLACEMENT_3D('',#13425,#11257,#11258);
#9952=AXIS2_PLACEMENT_3D('',#13431,#11262,#11263);
#9953=AXIS2_PLACEMENT_3D('',#13432,#11264,#11265);
#9954=AXIS2_PLACEMENT_3D('',#13436,#11267,#11268);
#9955=AXIS2_PLACEMENT_3D('',#13437,#11269,#11270);
#9956=AXIS2_PLACEMENT_3D('',#13443,#11274,#11275);
#9957=AXIS2_PLACEMENT_3D('',#13444,#11276,#11277);
#9958=AXIS2_PLACEMENT_3D('',#13448,#11279,#11280);
#9959=AXIS2_PLACEMENT_3D('',#13449,#11281,#11282);
#9960=AXIS2_PLACEMENT_3D('',#13454,#11286,#11287);
#9961=AXIS2_PLACEMENT_3D('',#13455,#11288,#11289);
#9962=AXIS2_PLACEMENT_3D('',#13459,#11291,#11292);
#9963=AXIS2_PLACEMENT_3D('',#13460,#11293,#11294);
#9964=AXIS2_PLACEMENT_3D('',#13461,#11295,#11296);
#9965=AXIS2_PLACEMENT_3D('',#13463,#11297,#11298);
#9966=AXIS2_PLACEMENT_3D('',#13466,#11300,#11301);
#9967=AXIS2_PLACEMENT_3D('',#13472,#11305,#11306);
#9968=AXIS2_PLACEMENT_3D('',#13476,#11308,#11309);
#9969=AXIS2_PLACEMENT_3D('',#13477,#11310,#11311);
#9970=AXIS2_PLACEMENT_3D('',#13478,#11312,#11313);
#9971=AXIS2_PLACEMENT_3D('',#13484,#11317,#11318);
#9972=AXIS2_PLACEMENT_3D('',#13488,#11320,#11321);
#9973=AXIS2_PLACEMENT_3D('',#13489,#11322,#11323);
#9974=AXIS2_PLACEMENT_3D('',#13490,#11324,#11325);
#9975=AXIS2_PLACEMENT_3D('',#13496,#11329,#11330);
#9976=AXIS2_PLACEMENT_3D('',#13497,#11331,#11332);
#9977=AXIS2_PLACEMENT_3D('',#13499,#11333,#11334);
#9978=AXIS2_PLACEMENT_3D('',#13502,#11336,#11337);
#9979=AXIS2_PLACEMENT_3D('',#13503,#11338,#11339);
#9980=AXIS2_PLACEMENT_3D('',#13506,#11341,#11342);
#9981=AXIS2_PLACEMENT_3D('',#13507,#11343,#11344);
#9982=AXIS2_PLACEMENT_3D('',#13513,#11348,#11349);
#9983=AXIS2_PLACEMENT_3D('',#13514,#11350,#11351);
#9984=AXIS2_PLACEMENT_3D('',#13518,#11353,#11354);
#9985=AXIS2_PLACEMENT_3D('',#13519,#11355,#11356);
#9986=AXIS2_PLACEMENT_3D('',#13525,#11360,#11361);
#9987=AXIS2_PLACEMENT_3D('',#13526,#11362,#11363);
#9988=AXIS2_PLACEMENT_3D('',#13530,#11365,#11366);
#9989=AXIS2_PLACEMENT_3D('',#13531,#11367,#11368);
#9990=AXIS2_PLACEMENT_3D('',#13536,#11372,#11373);
#9991=AXIS2_PLACEMENT_3D('',#13542,#11377,#11378);
#9992=AXIS2_PLACEMENT_3D('',#13543,#11379,#11380);
#9993=AXIS2_PLACEMENT_3D('',#13546,#11382,#11383);
#9994=AXIS2_PLACEMENT_3D('',#13550,#11386,#11387);
#9995=AXIS2_PLACEMENT_3D('',#13551,#11388,#11389);
#9996=AXIS2_PLACEMENT_3D('',#13555,#11391,#11392);
#9997=AXIS2_PLACEMENT_3D('',#13556,#11393,#11394);
#9998=AXIS2_PLACEMENT_3D('',#13557,#11395,#11396);
#9999=AXIS2_PLACEMENT_3D('',#13563,#11400,#11401);
#10000=AXIS2_PLACEMENT_3D('',#13572,#11406,#11407);
#10001=AXIS2_PLACEMENT_3D('',#13578,#11411,#11412);
#10002=AXIS2_PLACEMENT_3D('',#13579,#11413,#11414);
#10003=AXIS2_PLACEMENT_3D('',#13582,#11416,#11417);
#10004=AXIS2_PLACEMENT_3D('',#13586,#11420,#11421);
#10005=AXIS2_PLACEMENT_3D('',#13587,#11422,#11423);
#10006=AXIS2_PLACEMENT_3D('',#13588,#11424,#11425);
#10007=AXIS2_PLACEMENT_3D('',#13589,#11426,#11427);
#10008=AXIS2_PLACEMENT_3D('',#13592,#11429,#11430);
#10009=AXIS2_PLACEMENT_3D('',#13598,#11434,#11435);
#10010=AXIS2_PLACEMENT_3D('',#13599,#11436,#11437);
#10011=AXIS2_PLACEMENT_3D('',#13603,#11439,#11440);
#10012=AXIS2_PLACEMENT_3D('',#13604,#11441,#11442);
#10013=AXIS2_PLACEMENT_3D('',#13610,#11446,#11447);
#10014=AXIS2_PLACEMENT_3D('',#13611,#11448,#11449);
#10015=AXIS2_PLACEMENT_3D('',#13615,#11451,#11452);
#10016=AXIS2_PLACEMENT_3D('',#13616,#11453,#11454);
#10017=AXIS2_PLACEMENT_3D('',#13621,#11458,#11459);
#10018=AXIS2_PLACEMENT_3D('',#13622,#11460,#11461);
#10019=AXIS2_PLACEMENT_3D('',#13626,#11463,#11464);
#10020=AXIS2_PLACEMENT_3D('',#13627,#11465,#11466);
#10021=AXIS2_PLACEMENT_3D('',#13628,#11467,#11468);
#10022=AXIS2_PLACEMENT_3D('',#13630,#11469,#11470);
#10023=AXIS2_PLACEMENT_3D('',#13633,#11472,#11473);
#10024=AXIS2_PLACEMENT_3D('',#13639,#11477,#11478);
#10025=AXIS2_PLACEMENT_3D('',#13643,#11480,#11481);
#10026=AXIS2_PLACEMENT_3D('',#13644,#11482,#11483);
#10027=AXIS2_PLACEMENT_3D('',#13645,#11484,#11485);
#10028=AXIS2_PLACEMENT_3D('',#13651,#11489,#11490);
#10029=AXIS2_PLACEMENT_3D('',#13655,#11492,#11493);
#10030=AXIS2_PLACEMENT_3D('',#13656,#11494,#11495);
#10031=AXIS2_PLACEMENT_3D('',#13657,#11496,#11497);
#10032=AXIS2_PLACEMENT_3D('',#13663,#11501,#11502);
#10033=AXIS2_PLACEMENT_3D('',#13664,#11503,#11504);
#10034=AXIS2_PLACEMENT_3D('',#13666,#11505,#11506);
#10035=AXIS2_PLACEMENT_3D('',#13669,#11508,#11509);
#10036=AXIS2_PLACEMENT_3D('',#13670,#11510,#11511);
#10037=AXIS2_PLACEMENT_3D('',#13673,#11513,#11514);
#10038=AXIS2_PLACEMENT_3D('',#13674,#11515,#11516);
#10039=AXIS2_PLACEMENT_3D('',#13680,#11520,#11521);
#10040=AXIS2_PLACEMENT_3D('',#13681,#11522,#11523);
#10041=AXIS2_PLACEMENT_3D('',#13685,#11525,#11526);
#10042=AXIS2_PLACEMENT_3D('',#13686,#11527,#11528);
#10043=AXIS2_PLACEMENT_3D('',#13692,#11532,#11533);
#10044=AXIS2_PLACEMENT_3D('',#13693,#11534,#11535);
#10045=AXIS2_PLACEMENT_3D('',#13697,#11537,#11538);
#10046=AXIS2_PLACEMENT_3D('',#13698,#11539,#11540);
#10047=AXIS2_PLACEMENT_3D('',#13704,#11544,#11545);
#10048=AXIS2_PLACEMENT_3D('',#13710,#11549,#11550);
#10049=AXIS2_PLACEMENT_3D('',#13711,#11551,#11552);
#10050=AXIS2_PLACEMENT_3D('',#13714,#11554,#11555);
#10051=AXIS2_PLACEMENT_3D('',#13718,#11558,#11559);
#10052=AXIS2_PLACEMENT_3D('',#13727,#11564,#11565);
#10053=AXIS2_PLACEMENT_3D('',#13736,#11570,#11571);
#10054=AXIS2_PLACEMENT_3D('',#13737,#11572,#11573);
#10055=AXIS2_PLACEMENT_3D('',#13740,#11575,#11576);
#10056=AXIS2_PLACEMENT_3D('',#13741,#11577,#11578);
#10057=AXIS2_PLACEMENT_3D('',#13742,#11579,#11580);
#10058=AXIS2_PLACEMENT_3D('',#13748,#11584,#11585);
#10059=AXIS2_PLACEMENT_3D('',#13749,#11586,#11587);
#10060=AXIS2_PLACEMENT_3D('',#13751,#11588,#11589);
#10061=AXIS2_PLACEMENT_3D('',#13752,#11590,#11591);
#10062=AXIS2_PLACEMENT_3D('',#13754,#11592,#11593);
#10063=AXIS2_PLACEMENT_3D('',#13755,#11594,#11595);
#10064=AXIS2_PLACEMENT_3D('',#13757,#11596,#11597);
#10065=AXIS2_PLACEMENT_3D('',#13758,#11598,#11599);
#10066=AXIS2_PLACEMENT_3D('',#13760,#11600,#11601);
#10067=AXIS2_PLACEMENT_3D('',#13761,#11602,#11603);
#10068=AXIS2_PLACEMENT_3D('',#13763,#11604,#11605);
#10069=AXIS2_PLACEMENT_3D('',#13764,#11606,#11607);
#10070=AXIS2_PLACEMENT_3D('',#13766,#11608,#11609);
#10071=AXIS2_PLACEMENT_3D('',#13772,#11613,#11614);
#10072=AXIS2_PLACEMENT_3D('',#13778,#11618,#11619);
#10073=AXIS2_PLACEMENT_3D('',#13784,#11623,#11624);
#10074=AXIS2_PLACEMENT_3D('',#13789,#11628,#11629);
#10075=AXIS2_PLACEMENT_3D('',#13793,#11632,#11633);
#10076=AXIS2_PLACEMENT_3D('',#13802,#11638,#11639);
#10077=AXIS2_PLACEMENT_3D('',#13803,#11640,#11641);
#10078=AXIS2_PLACEMENT_3D('',#13805,#11642,#11643);
#10079=AXIS2_PLACEMENT_3D('',#13808,#11645,#11646);
#10080=AXIS2_PLACEMENT_3D('',#13811,#11649,#11650);
#10081=AXIS2_PLACEMENT_3D('',#13814,#11652,#11653);
#10082=AXIS2_PLACEMENT_3D('',#13816,#11654,#11655);
#10083=AXIS2_PLACEMENT_3D('',#13820,#11657,#11658);
#10084=AXIS2_PLACEMENT_3D('',#13824,#11660,#11661);
#10085=AXIS2_PLACEMENT_3D('',#13828,#11663,#11664);
#10086=AXIS2_PLACEMENT_3D('',#13830,#11665,#11666);
#10087=AXIS2_PLACEMENT_3D('',#13835,#11669,#11670);
#10088=AXIS2_PLACEMENT_3D('',#13839,#11673,#11674);
#10089=AXIS2_PLACEMENT_3D('',#13845,#11678,#11679);
#10090=AXIS2_PLACEMENT_3D('',#13851,#11683,#11684);
#10091=AXIS2_PLACEMENT_3D('',#13856,#11688,#11689);
#10092=AXIS2_PLACEMENT_3D('',#13860,#11692,#11693);
#10093=AXIS2_PLACEMENT_3D('',#13869,#11698,#11699);
#10094=AXIS2_PLACEMENT_3D('',#13870,#11700,#11701);
#10095=AXIS2_PLACEMENT_3D('',#13874,#11703,#11704);
#10096=AXIS2_PLACEMENT_3D('',#13875,#11705,#11706);
#10097=AXIS2_PLACEMENT_3D('',#13878,#11709,#11710);
#10098=AXIS2_PLACEMENT_3D('',#13879,#11711,#11712);
#10099=AXIS2_PLACEMENT_3D('',#13886,#11716,#11717);
#10100=AXIS2_PLACEMENT_3D('',#13890,#11720,#11721);
#10101=AXIS2_PLACEMENT_3D('',#13891,#11722,#11723);
#10102=AXIS2_PLACEMENT_3D('',#13895,#11725,#11726);
#10103=AXIS2_PLACEMENT_3D('',#13896,#11727,#11728);
#10104=AXIS2_PLACEMENT_3D('',#13897,#11729,#11730);
#10105=AXIS2_PLACEMENT_3D('',#13902,#11732,#11733);
#10106=AXIS2_PLACEMENT_3D('',#13905,#11735,#11736);
#10107=AXIS2_PLACEMENT_3D('',#13911,#11740,#11741);
#10108=AXIS2_PLACEMENT_3D('',#13912,#11742,#11743);
#10109=AXIS2_PLACEMENT_3D('',#13916,#11745,#11746);
#10110=AXIS2_PLACEMENT_3D('',#13917,#11747,#11748);
#10111=AXIS2_PLACEMENT_3D('',#13923,#11752,#11753);
#10112=AXIS2_PLACEMENT_3D('',#13929,#11757,#11758);
#10113=AXIS2_PLACEMENT_3D('',#13938,#11763,#11764);
#10114=AXIS2_PLACEMENT_3D('',#13944,#11768,#11769);
#10115=AXIS2_PLACEMENT_3D('',#13945,#11770,#11771);
#10116=AXIS2_PLACEMENT_3D('',#13949,#11773,#11774);
#10117=AXIS2_PLACEMENT_3D('',#13950,#11775,#11776);
#10118=AXIS2_PLACEMENT_3D('',#13953,#11778,#11779);
#10119=AXIS2_PLACEMENT_3D('',#13955,#11781,#11782);
#10120=AXIS2_PLACEMENT_3D('',#13956,#11783,#11784);
#10121=AXIS2_PLACEMENT_3D('',#13959,#11786,#11787);
#10122=AXIS2_PLACEMENT_3D('',#13962,#11790,#11791);
#10123=AXIS2_PLACEMENT_3D('',#13965,#11793,#11794);
#10124=AXIS2_PLACEMENT_3D('',#13970,#11797,#11798);
#10125=AXIS2_PLACEMENT_3D('',#13974,#11801,#11802);
#10126=AXIS2_PLACEMENT_3D('',#13980,#11806,#11807);
#10127=AXIS2_PLACEMENT_3D('',#13986,#11811,#11812);
#10128=AXIS2_PLACEMENT_3D('',#13991,#11816,#11817);
#10129=AXIS2_PLACEMENT_3D('',#13995,#11820,#11821);
#10130=AXIS2_PLACEMENT_3D('',#14004,#11826,#11827);
#10131=AXIS2_PLACEMENT_3D('',#14005,#11828,#11829);
#10132=AXIS2_PLACEMENT_3D('',#14007,#11830,#11831);
#10133=AXIS2_PLACEMENT_3D('',#14010,#11833,#11834);
#10134=AXIS2_PLACEMENT_3D('',#14013,#11837,#11838);
#10135=AXIS2_PLACEMENT_3D('',#14016,#11840,#11841);
#10136=AXIS2_PLACEMENT_3D('',#14018,#11842,#11843);
#10137=AXIS2_PLACEMENT_3D('',#14022,#11845,#11846);
#10138=AXIS2_PLACEMENT_3D('',#14026,#11848,#11849);
#10139=AXIS2_PLACEMENT_3D('',#14030,#11851,#11852);
#10140=AXIS2_PLACEMENT_3D('',#14032,#11853,#11854);
#10141=AXIS2_PLACEMENT_3D('',#14037,#11857,#11858);
#10142=AXIS2_PLACEMENT_3D('',#14041,#11861,#11862);
#10143=AXIS2_PLACEMENT_3D('',#14047,#11866,#11867);
#10144=AXIS2_PLACEMENT_3D('',#14053,#11871,#11872);
#10145=AXIS2_PLACEMENT_3D('',#14058,#11876,#11877);
#10146=AXIS2_PLACEMENT_3D('',#14062,#11880,#11881);
#10147=AXIS2_PLACEMENT_3D('',#14071,#11886,#11887);
#10148=AXIS2_PLACEMENT_3D('',#14072,#11888,#11889);
#10149=AXIS2_PLACEMENT_3D('',#14076,#11891,#11892);
#10150=AXIS2_PLACEMENT_3D('',#14077,#11893,#11894);
#10151=AXIS2_PLACEMENT_3D('',#14080,#11897,#11898);
#10152=AXIS2_PLACEMENT_3D('',#14087,#11902,#11903);
#10153=AXIS2_PLACEMENT_3D('',#14088,#11904,#11905);
#10154=AXIS2_PLACEMENT_3D('',#14092,#11908,#11909);
#10155=AXIS2_PLACEMENT_3D('',#14093,#11910,#11911);
#10156=AXIS2_PLACEMENT_3D('',#14095,#11912,#11913);
#10157=AXIS2_PLACEMENT_3D('',#14098,#11915,#11916);
#10158=AXIS2_PLACEMENT_3D('',#14099,#11917,#11918);
#10159=AXIS2_PLACEMENT_3D('',#14104,#11920,#11921);
#10160=AXIS2_PLACEMENT_3D('',#14107,#11923,#11924);
#10161=AXIS2_PLACEMENT_3D('',#14113,#11928,#11929);
#10162=AXIS2_PLACEMENT_3D('',#14114,#11930,#11931);
#10163=AXIS2_PLACEMENT_3D('',#14116,#11932,#11933);
#10164=AXIS2_PLACEMENT_3D('',#14119,#11935,#11936);
#10165=AXIS2_PLACEMENT_3D('',#14125,#11940,#11941);
#10166=AXIS2_PLACEMENT_3D('',#14132,#11947,#11948);
#10167=AXIS2_PLACEMENT_3D('',#14136,#11951,#11952);
#10168=AXIS2_PLACEMENT_3D('',#14145,#11957,#11958);
#10169=AXIS2_PLACEMENT_3D('',#14151,#11962,#11963);
#10170=AXIS2_PLACEMENT_3D('',#14152,#11964,#11965);
#10171=AXIS2_PLACEMENT_3D('',#14154,#11966,#11967);
#10172=AXIS2_PLACEMENT_3D('',#14157,#11969,#11970);
#10173=AXIS2_PLACEMENT_3D('',#14160,#11972,#11973);
#10174=AXIS2_PLACEMENT_3D('',#14162,#11975,#11976);
#10175=AXIS2_PLACEMENT_3D('',#14165,#11978,#11979);
#10176=AXIS2_PLACEMENT_3D('',#14166,#11980,#11981);
#10177=AXIS2_PLACEMENT_3D('',#14169,#11984,#11985);
#10178=AXIS2_PLACEMENT_3D('',#14172,#11987,#11988);
#10179=AXIS2_PLACEMENT_3D('',#14175,#11990,#11991);
#10180=AXIS2_PLACEMENT_3D('',#14176,#11992,#11993);
#10181=AXIS2_PLACEMENT_3D('',#14178,#11994,#11995);
#10182=AXIS2_PLACEMENT_3D('',#14179,#11996,#11997);
#10183=AXIS2_PLACEMENT_3D('',#14181,#11998,#11999);
#10184=AXIS2_PLACEMENT_3D('',#14182,#12000,#12001);
#10185=AXIS2_PLACEMENT_3D('',#14184,#12002,#12003);
#10186=AXIS2_PLACEMENT_3D('',#14185,#12004,#12005);
#10187=AXIS2_PLACEMENT_3D('',#14187,#12006,#12007);
#10188=AXIS2_PLACEMENT_3D('',#14188,#12008,#12009);
#10189=AXIS2_PLACEMENT_3D('',#14190,#12010,#12011);
#10190=AXIS2_PLACEMENT_3D('',#14191,#12012,#12013);
#10191=AXIS2_PLACEMENT_3D('',#14193,#12014,#12015);
#10192=AXIS2_PLACEMENT_3D('',#14198,#12018,#12019);
#10193=AXIS2_PLACEMENT_3D('',#14199,#12020,#12021);
#10194=AXIS2_PLACEMENT_3D('',#14202,#12023,#12024);
#10195=AXIS2_PLACEMENT_3D('',#14203,#12025,#12026);
#10196=AXIS2_PLACEMENT_3D('',#14207,#12029,#12030);
#10197=AXIS2_PLACEMENT_3D('',#14208,#12031,#12032);
#10198=AXIS2_PLACEMENT_3D('',#14211,#12034,#12035);
#10199=AXIS2_PLACEMENT_3D('',#14212,#12036,#12037);
#10200=AXIS2_PLACEMENT_3D('',#14215,#12039,#12040);
#10201=AXIS2_PLACEMENT_3D('',#14219,#12043,#12044);
#10202=AXIS2_PLACEMENT_3D('',#14220,#12045,#12046);
#10203=AXIS2_PLACEMENT_3D('',#14223,#12048,#12049);
#10204=AXIS2_PLACEMENT_3D('',#14227,#12052,#12053);
#10205=AXIS2_PLACEMENT_3D('',#14228,#12054,#12055);
#10206=AXIS2_PLACEMENT_3D('',#14231,#12057,#12058);
#10207=AXIS2_PLACEMENT_3D('',#14235,#12061,#12062);
#10208=AXIS2_PLACEMENT_3D('',#14236,#12063,#12064);
#10209=AXIS2_PLACEMENT_3D('',#14239,#12066,#12067);
#10210=AXIS2_PLACEMENT_3D('',#14240,#12068,#12069);
#10211=AXIS2_PLACEMENT_3D('',#14243,#12071,#12072);
#10212=AXIS2_PLACEMENT_3D('',#14246,#12074,#12075);
#10213=AXIS2_PLACEMENT_3D('',#14247,#12076,#12077);
#10214=AXIS2_PLACEMENT_3D('',#14248,#12078,#12079);
#10215=AXIS2_PLACEMENT_3D('',#14251,#12081,#12082);
#10216=AXIS2_PLACEMENT_3D('',#14255,#12085,#12086);
#10217=AXIS2_PLACEMENT_3D('',#14256,#12087,#12088);
#10218=AXIS2_PLACEMENT_3D('',#14259,#12090,#12091);
#10219=AXIS2_PLACEMENT_3D('',#14262,#12093,#12094);
#10220=AXIS2_PLACEMENT_3D('',#14263,#12095,#12096);
#10221=AXIS2_PLACEMENT_3D('',#14264,#12097,#12098);
#10222=AXIS2_PLACEMENT_3D('',#14267,#12100,#12101);
#10223=AXIS2_PLACEMENT_3D('',#14271,#12104,#12105);
#10224=AXIS2_PLACEMENT_3D('',#14272,#12106,#12107);
#10225=AXIS2_PLACEMENT_3D('',#14275,#12109,#12110);
#10226=AXIS2_PLACEMENT_3D('',#14278,#12112,#12113);
#10227=AXIS2_PLACEMENT_3D('',#14279,#12114,#12115);
#10228=AXIS2_PLACEMENT_3D('',#14282,#12117,#12118);
#10229=AXIS2_PLACEMENT_3D('',#14283,#12119,#12120);
#10230=AXIS2_PLACEMENT_3D('',#14287,#12123,#12124);
#10231=AXIS2_PLACEMENT_3D('',#14288,#12125,#12126);
#10232=AXIS2_PLACEMENT_3D('',#14291,#12128,#12129);
#10233=AXIS2_PLACEMENT_3D('',#14292,#12130,#12131);
#10234=AXIS2_PLACEMENT_3D('',#14295,#12133,#12134);
#10235=AXIS2_PLACEMENT_3D('',#14299,#12137,#12138);
#10236=AXIS2_PLACEMENT_3D('',#14300,#12139,#12140);
#10237=AXIS2_PLACEMENT_3D('',#14303,#12142,#12143);
#10238=AXIS2_PLACEMENT_3D('',#14307,#12146,#12147);
#10239=AXIS2_PLACEMENT_3D('',#14308,#12148,#12149);
#10240=AXIS2_PLACEMENT_3D('',#14311,#12151,#12152);
#10241=AXIS2_PLACEMENT_3D('',#14315,#12155,#12156);
#10242=AXIS2_PLACEMENT_3D('',#14316,#12157,#12158);
#10243=AXIS2_PLACEMENT_3D('',#14319,#12160,#12161);
#10244=AXIS2_PLACEMENT_3D('',#14320,#12162,#12163);
#10245=AXIS2_PLACEMENT_3D('',#14323,#12165,#12166);
#10246=AXIS2_PLACEMENT_3D('',#14326,#12168,#12169);
#10247=AXIS2_PLACEMENT_3D('',#14327,#12170,#12171);
#10248=AXIS2_PLACEMENT_3D('',#14328,#12172,#12173);
#10249=AXIS2_PLACEMENT_3D('',#14331,#12175,#12176);
#10250=AXIS2_PLACEMENT_3D('',#14335,#12179,#12180);
#10251=AXIS2_PLACEMENT_3D('',#14338,#12182,#12183);
#10252=AXIS2_PLACEMENT_3D('',#14339,#12184,#12185);
#10253=AXIS2_PLACEMENT_3D('',#14342,#12187,#12188);
#10254=AXIS2_PLACEMENT_3D('',#14343,#12189,#12190);
#10255=AXIS2_PLACEMENT_3D('',#14346,#12192,#12193);
#10256=AXIS2_PLACEMENT_3D('',#14347,#12194,#12195);
#10257=AXIS2_PLACEMENT_3D('',#14351,#12198,#12199);
#10258=AXIS2_PLACEMENT_3D('',#14352,#12200,#12201);
#10259=AXIS2_PLACEMENT_3D('',#14353,#12202,#12203);
#10260=AXIS2_PLACEMENT_3D('',#14354,#12204,#12205);
#10261=AXIS2_PLACEMENT_3D('',#14356,#12206,#12207);
#10262=AXIS2_PLACEMENT_3D('',#14357,#12208,#12209);
#10263=AXIS2_PLACEMENT_3D('',#14359,#12210,#12211);
#10264=AXIS2_PLACEMENT_3D('',#14360,#12212,#12213);
#10265=AXIS2_PLACEMENT_3D('',#14362,#12214,#12215);
#10266=AXIS2_PLACEMENT_3D('',#14363,#12216,#12217);
#10267=AXIS2_PLACEMENT_3D('',#14365,#12218,#12219);
#10268=AXIS2_PLACEMENT_3D('',#14366,#12220,#12221);
#10269=AXIS2_PLACEMENT_3D('',#14368,#12222,#12223);
#10270=AXIS2_PLACEMENT_3D('',#14369,#12224,#12225);
#10271=AXIS2_PLACEMENT_3D('',#14371,#12226,#12227);
#10272=AXIS2_PLACEMENT_3D('',#14372,#12228,#12229);
#10273=AXIS2_PLACEMENT_3D('',#14373,#12230,#12231);
#10274=AXIS2_PLACEMENT_3D('',#14378,#12233,#12234);
#10275=AXIS2_PLACEMENT_3D('',#14382,#12236,#12237);
#10276=AXIS2_PLACEMENT_3D('',#14386,#12239,#12240);
#10277=AXIS2_PLACEMENT_3D('',#14390,#12242,#12243);
#10278=AXIS2_PLACEMENT_3D('',#14394,#12245,#12246);
#10279=AXIS2_PLACEMENT_3D('',#14398,#12248,#12249);
#10280=AXIS2_PLACEMENT_3D('',#14402,#12251,#12252);
#10281=AXIS2_PLACEMENT_3D('',#14406,#12254,#12255);
#10282=AXIS2_PLACEMENT_3D('',#14410,#12257,#12258);
#10283=AXIS2_PLACEMENT_3D('',#14414,#12260,#12261);
#10284=AXIS2_PLACEMENT_3D('',#14418,#12263,#12264);
#10285=AXIS2_PLACEMENT_3D('',#14422,#12266,#12267);
#10286=AXIS2_PLACEMENT_3D('',#14426,#12269,#12270);
#10287=AXIS2_PLACEMENT_3D('',#14430,#12272,#12273);
#10288=AXIS2_PLACEMENT_3D('',#14434,#12275,#12276);
#10289=AXIS2_PLACEMENT_3D('',#14438,#12278,#12279);
#10290=AXIS2_PLACEMENT_3D('',#14442,#12281,#12282);
#10291=AXIS2_PLACEMENT_3D('',#14446,#12284,#12285);
#10292=AXIS2_PLACEMENT_3D('',#14450,#12287,#12288);
#10293=AXIS2_PLACEMENT_3D('',#14453,#12290,#12291);
#10294=AXIS2_PLACEMENT_3D('',#14455,#12292,#12293);
#10295=AXIS2_PLACEMENT_3D('',#14456,#12294,#12295);
#10296=AXIS2_PLACEMENT_3D('',#14458,#12296,#12297);
#10297=AXIS2_PLACEMENT_3D('',#14462,#12299,#12300);
#10298=AXIS2_PLACEMENT_3D('',#14466,#12302,#12303);
#10299=AXIS2_PLACEMENT_3D('',#14467,#12304,#12305);
#10300=AXIS2_PLACEMENT_3D('',#14474,#12306,#12307);
#10301=AXIS2_PLACEMENT_3D('',#14481,#12308,#12309);
#10302=AXIS2_PLACEMENT_3D('',#14482,#12310,#12311);
#10303=AXIS2_PLACEMENT_3D('',#14483,#12312,#12313);
#10304=AXIS2_PLACEMENT_3D('',#14488,#12315,#12316);
#10305=AXIS2_PLACEMENT_3D('',#14491,#12318,#12319);
#10306=AXIS2_PLACEMENT_3D('',#14498,#12320,#12321);
#10307=AXIS2_PLACEMENT_3D('',#14505,#12322,#12323);
#10308=AXIS2_PLACEMENT_3D('',#14506,#12324,#12325);
#10309=AXIS2_PLACEMENT_3D('',#14510,#12327,#12328);
#10310=AXIS2_PLACEMENT_3D('',#14514,#12330,#12331);
#10311=AXIS2_PLACEMENT_3D('',#14515,#12332,#12333);
#10312=AXIS2_PLACEMENT_3D('',#14522,#12334,#12335);
#10313=AXIS2_PLACEMENT_3D('',#14529,#12336,#12337);
#10314=AXIS2_PLACEMENT_3D('',#14530,#12338,#12339);
#10315=AXIS2_PLACEMENT_3D('',#14535,#12342,#12343);
#10316=AXIS2_PLACEMENT_3D('',#14540,#12346,#12347);
#10317=AXIS2_PLACEMENT_3D('',#14544,#12349,#12350);
#10318=AXIS2_PLACEMENT_3D('',#14548,#12352,#12353);
#10319=AXIS2_PLACEMENT_3D('',#14553,#12356,#12357);
#10320=AXIS2_PLACEMENT_3D('',#14557,#12359,#12360);
#10321=AXIS2_PLACEMENT_3D('',#14561,#12362,#12363);
#10322=AXIS2_PLACEMENT_3D('',#14565,#12365,#12366);
#10323=AXIS2_PLACEMENT_3D('',#14569,#12368,#12369);
#10324=AXIS2_PLACEMENT_3D('',#14570,#12370,#12371);
#10325=AXIS2_PLACEMENT_3D('',#14576,#12372,#12373);
#10326=AXIS2_PLACEMENT_3D('',#14582,#12374,#12375);
#10327=AXIS2_PLACEMENT_3D('',#14583,#12376,#12377);
#10328=AXIS2_PLACEMENT_3D('',#14588,#12379,#12380);
#10329=AXIS2_PLACEMENT_3D('',#14591,#12382,#12383);
#10330=AXIS2_PLACEMENT_3D('',#14594,#12386,#12387);
#10331=AXIS2_PLACEMENT_3D('',#14597,#12390,#12391);
#10332=AXIS2_PLACEMENT_3D('',#14599,#12393,#12394);
#10333=AXIS2_PLACEMENT_3D('',#14601,#12396,#12397);
#10334=AXIS2_PLACEMENT_3D('',#14603,#12399,#12400);
#10335=AXIS2_PLACEMENT_3D('',#14605,#12402,#12403);
#10336=AXIS2_PLACEMENT_3D('',#14607,#12405,#12406);
#10337=AXIS2_PLACEMENT_3D('',#14609,#12408,#12409);
#10338=AXIS2_PLACEMENT_3D('',#14612,#12412,#12413);
#10339=AXIS2_PLACEMENT_3D('',#14614,#12415,#12416);
#10340=AXIS2_PLACEMENT_3D('',#14616,#12418,#12419);
#10341=AXIS2_PLACEMENT_3D('',#14618,#12421,#12422);
#10342=AXIS2_PLACEMENT_3D('',#14620,#12424,#12425);
#10343=AXIS2_PLACEMENT_3D('',#14622,#12427,#12428);
#10344=AXIS2_PLACEMENT_3D('',#14624,#12430,#12431);
#10345=AXIS2_PLACEMENT_3D('',#14627,#12434,#12435);
#10346=AXIS2_PLACEMENT_3D('',#14629,#12437,#12438);
#10347=AXIS2_PLACEMENT_3D('',#14631,#12440,#12441);
#10348=AXIS2_PLACEMENT_3D('',#14633,#12443,#12444);
#10349=AXIS2_PLACEMENT_3D('',#14635,#12446,#12447);
#10350=AXIS2_PLACEMENT_3D('',#14637,#12449,#12450);
#10351=AXIS2_PLACEMENT_3D('',#14639,#12452,#12453);
#10352=AXIS2_PLACEMENT_3D('',#14641,#12455,#12456);
#10353=AXIS2_PLACEMENT_3D('',#14643,#12458,#12459);
#10354=AXIS2_PLACEMENT_3D('',#14645,#12461,#12462);
#10355=AXIS2_PLACEMENT_3D('',#14647,#12464,#12465);
#10356=AXIS2_PLACEMENT_3D('',#14650,#12468,#12469);
#10357=AXIS2_PLACEMENT_3D('',#14652,#12471,#12472);
#10358=AXIS2_PLACEMENT_3D('',#14654,#12474,#12475);
#10359=AXIS2_PLACEMENT_3D('',#14656,#12477,#12478);
#10360=AXIS2_PLACEMENT_3D('',#14658,#12480,#12481);
#10361=AXIS2_PLACEMENT_3D('',#14660,#12483,#12484);
#10362=AXIS2_PLACEMENT_3D('',#14662,#12486,#12487);
#10363=AXIS2_PLACEMENT_3D('',#14664,#12489,#12490);
#10364=AXIS2_PLACEMENT_3D('',#14666,#12492,#12493);
#10365=DIRECTION('',(0.,0.,1.));
#10366=DIRECTION('',(1.,0.,0.));
#10367=DIRECTION('',(0.,0.,-1.));
#10368=DIRECTION('',(-1.,0.,0.));
#10369=DIRECTION('',(0.,0.,1.));
#10370=DIRECTION('',(1.,0.,0.));
#10371=DIRECTION('',(0.,0.,1.));
#10372=DIRECTION('',(1.,0.,0.));
#10373=DIRECTION('',(0.,0.,1.));
#10374=DIRECTION('',(-1.,0.,0.));
#10375=DIRECTION('',(0.,0.,-1.));
#10376=DIRECTION('',(-1.,0.,0.));
#10377=DIRECTION('',(0.,0.,-1.));
#10378=DIRECTION('',(-1.,0.,0.));
#10379=DIRECTION('',(0.,0.,1.));
#10380=DIRECTION('',(1.,0.,0.));
#10381=DIRECTION('',(0.,0.,-1.));
#10382=DIRECTION('',(-1.,0.,0.));
#10383=DIRECTION('',(0.,0.,1.));
#10384=DIRECTION('',(1.,0.,0.));
#10385=DIRECTION('',(0.,0.,-1.));
#10386=DIRECTION('',(-1.,0.,0.));
#10387=DIRECTION('',(-0.842674871714357,0.,-0.538422752659275));
#10388=DIRECTION('',(-0.538422752659275,0.,0.842674871714358));
#10389=DIRECTION('',(-0.538422752659275,0.,0.842674871714358));
#10390=DIRECTION('',(0.,1.,0.));
#10391=DIRECTION('',(-0.538422752659275,0.,0.842674871714358));
#10392=DIRECTION('',(0.,1.,0.));
#10393=DIRECTION('',(-1.,0.,0.));
#10394=DIRECTION('',(0.,0.,1.));
#10395=DIRECTION('',(0.,1.,0.));
#10396=DIRECTION('',(0.,0.,1.));
#10397=DIRECTION('',(0.,1.,0.));
#10398=DIRECTION('',(0.,0.,1.));
#10399=DIRECTION('',(-0.842674871714357,0.,0.538422752659275));
#10400=DIRECTION('',(0.538422752659275,0.,0.842674871714358));
#10401=DIRECTION('',(0.,1.,0.));
#10402=DIRECTION('',(0.538422752659275,0.,0.842674871714358));
#10403=DIRECTION('',(0.538422752659275,0.,0.842674871714358));
#10404=DIRECTION('',(0.,0.,1.));
#10405=DIRECTION('',(1.,0.,0.));
#10406=DIRECTION('',(-1.,0.,0.));
#10407=DIRECTION('',(-1.,0.,0.));
#10408=DIRECTION('',(-1.,0.,0.));
#10409=DIRECTION('',(0.,0.,1.));
#10410=DIRECTION('',(0.,0.,1.));
#10411=DIRECTION('',(0.,1.,0.));
#10412=DIRECTION('',(0.,0.,1.));
#10413=DIRECTION('',(-1.,0.,0.));
#10414=DIRECTION('',(0.,0.,1.));
#10415=DIRECTION('',(0.,0.,-1.));
#10416=DIRECTION('',(0.,1.,0.));
#10417=DIRECTION('',(0.,0.,1.));
#10418=DIRECTION('',(0.,1.,0.));
#10419=DIRECTION('',(-1.,0.,0.));
#10420=DIRECTION('',(0.,0.,1.));
#10421=DIRECTION('',(0.,1.,0.));
#10422=DIRECTION('',(0.,0.,1.));
#10423=DIRECTION('',(0.,1.,0.));
#10424=DIRECTION('',(0.,0.,-1.));
#10425=DIRECTION('',(-0.842674871714357,0.,-0.538422752659275));
#10426=DIRECTION('',(-0.538422752659275,0.,0.842674871714358));
#10427=DIRECTION('',(-0.538422752659275,0.,0.842674871714358));
#10428=DIRECTION('',(0.,1.,0.));
#10429=DIRECTION('',(0.538422752659275,0.,-0.842674871714358));
#10430=DIRECTION('',(0.,0.,-1.));
#10431=DIRECTION('',(-1.,0.,0.));
#10432=DIRECTION('',(0.,1.,0.));
#10433=DIRECTION('',(-1.,0.,0.));
#10434=DIRECTION('',(-1.,0.,0.));
#10435=DIRECTION('',(-0.842674871714357,0.,0.538422752659275));
#10436=DIRECTION('',(0.538422752659275,0.,0.842674871714358));
#10437=DIRECTION('',(-0.538422752659275,0.,-0.842674871714358));
#10438=DIRECTION('',(0.538422752659275,0.,0.842674871714358));
#10439=DIRECTION('',(-1.,0.,0.));
#10440=DIRECTION('',(0.,0.,1.));
#10441=DIRECTION('',(0.,0.,1.));
#10442=DIRECTION('',(0.,1.,0.));
#10443=DIRECTION('',(0.,0.,-1.));
#10444=DIRECTION('',(0.,1.,0.));
#10445=DIRECTION('',(-1.,0.,0.));
#10446=DIRECTION('',(0.,0.,1.));
#10447=DIRECTION('',(0.,1.,0.));
#10448=DIRECTION('',(0.,0.,-1.));
#10449=DIRECTION('',(0.,1.,0.));
#10450=DIRECTION('',(0.,0.,1.));
#10451=DIRECTION('',(-0.842674871714357,0.,-0.538422752659275));
#10452=DIRECTION('',(-0.538422752659275,0.,0.842674871714358));
#10453=DIRECTION('',(0.,1.,0.));
#10454=DIRECTION('',(0.538422752659275,0.,-0.842674871714358));
#10455=DIRECTION('',(-0.538422752659275,0.,0.842674871714358));
#10456=DIRECTION('',(0.,0.,-1.));
#10457=DIRECTION('',(-1.,0.,0.));
#10458=DIRECTION('',(0.,1.,0.));
#10459=DIRECTION('',(-1.,0.,0.));
#10460=DIRECTION('',(-1.,0.,0.));
#10461=DIRECTION('',(-0.842674871714357,0.,0.538422752659275));
#10462=DIRECTION('',(0.538422752659275,0.,0.842674871714358));
#10463=DIRECTION('',(0.538422752659275,0.,0.842674871714358));
#10464=DIRECTION('',(-0.538422752659275,0.,-0.842674871714358));
#10465=DIRECTION('',(0.,0.,-1.));
#10466=DIRECTION('',(-1.,0.,0.));
#10467=DIRECTION('',(0.,0.,-1.));
#10468=DIRECTION('',(-1.,0.,0.));
#10469=DIRECTION('',(0.,0.,1.));
#10470=DIRECTION('',(1.,0.,0.));
#10471=DIRECTION('',(0.,0.,1.));
#10472=DIRECTION('',(1.,0.,0.));
#10473=DIRECTION('',(0.,0.,1.));
#10474=DIRECTION('',(1.,0.,0.));
#10475=DIRECTION('',(0.,0.,-1.));
#10476=DIRECTION('',(-1.,2.17553358845302E-15,0.));
#10477=DIRECTION('',(0.,0.,1.));
#10478=DIRECTION('',(0.,0.,-1.));
#10479=DIRECTION('',(-1.,2.17553358845302E-15,0.));
#10480=DIRECTION('',(0.,0.,1.));
#10481=DIRECTION('',(-0.741571964264073,0.,0.670873327698698));
#10482=DIRECTION('',(0.670873327698698,0.,0.741571964264073));
#10483=DIRECTION('',(0.670873327698698,0.,0.741571964264073));
#10484=DIRECTION('',(0.,1.,0.));
#10485=DIRECTION('',(0.670873327698698,0.,0.741571964264073));
#10486=DIRECTION('',(0.,-1.,0.));
#10487=DIRECTION('',(0.,0.,-1.));
#10488=DIRECTION('',(-0.670873327698698,0.,0.741571964264073));
#10489=DIRECTION('',(0.,0.,1.));
#10490=DIRECTION('',(-1.,0.,0.));
#10491=DIRECTION('',(0.,0.,1.));
#10492=DIRECTION('',(0.,1.,0.));
#10493=DIRECTION('',(0.,0.,1.));
#10494=DIRECTION('',(0.,0.,-1.));
#10495=DIRECTION('',(-1.,0.,0.));
#10496=DIRECTION('',(0.,0.,-1.));
#10497=DIRECTION('',(-0.670873327698698,0.,0.741571964264073));
#10498=DIRECTION('',(-0.741571964264073,0.,-0.670873327698698));
#10499=DIRECTION('',(-0.670873327698698,0.,0.741571964264073));
#10500=DIRECTION('',(0.,1.,0.));
#10501=DIRECTION('',(-1.,0.,0.));
#10502=DIRECTION('',(0.,0.,1.));
#10503=DIRECTION('',(1.,-6.12303176911189E-17,0.));
#10504=DIRECTION('',(-6.12303176911189E-17,-1.,0.));
#10505=DIRECTION('',(-1.,0.,0.));
#10506=DIRECTION('',(1.,-6.12303176911189E-17,0.));
#10507=DIRECTION('',(-6.12303176911189E-17,-1.,0.));
#10508=DIRECTION('',(0.,0.,1.));
#10509=DIRECTION('',(1.,0.,0.));
#10510=DIRECTION('',(0.,0.,1.));
#10511=DIRECTION('',(-1.,2.17553358845302E-15,0.));
#10512=DIRECTION('',(0.,0.,1.));
#10513=DIRECTION('',(0.,0.,1.));
#10514=DIRECTION('',(-1.,2.17553358845302E-15,0.));
#10515=DIRECTION('',(0.,0.,1.));
#10516=DIRECTION('',(0.,0.,1.));
#10517=DIRECTION('',(1.,0.,0.));
#10518=DIRECTION('',(0.,0.,-1.));
#10519=DIRECTION('',(-1.,2.17553358845302E-15,0.));
#10520=DIRECTION('',(0.,0.,1.));
#10521=DIRECTION('',(0.,0.,-1.));
#10522=DIRECTION('',(-1.,2.17553358845302E-15,0.));
#10523=DIRECTION('',(0.,0.,1.));
#10524=DIRECTION('',(-0.741571964264073,0.,0.670873327698698));
#10525=DIRECTION('',(0.670873327698698,0.,0.741571964264073));
#10526=DIRECTION('',(-0.670873327698698,0.,-0.741571964264073));
#10527=DIRECTION('',(0.670873327698698,0.,0.741571964264073));
#10528=DIRECTION('',(0.,1.,0.));
#10529=DIRECTION('',(-1.,0.,0.));
#10530=DIRECTION('',(0.,0.,1.));
#10531=DIRECTION('',(-1.,6.12303176911189E-17,0.));
#10532=DIRECTION('',(6.12303176911189E-17,1.,0.));
#10533=DIRECTION('',(-1.,0.,0.));
#10534=DIRECTION('',(-1.,6.12303176911189E-17,0.));
#10535=DIRECTION('',(6.12303176911189E-17,1.,0.));
#10536=DIRECTION('',(-1.,0.,0.));
#10537=DIRECTION('',(0.,-1.,0.));
#10538=DIRECTION('',(0.,0.,-1.));
#10539=DIRECTION('',(0.,0.,1.));
#10540=DIRECTION('',(0.,0.,1.));
#10541=DIRECTION('',(0.670873327698698,0.,-0.741571964264073));
#10542=DIRECTION('',(-0.741571964264073,0.,-0.670873327698698));
#10543=DIRECTION('',(-0.670873327698698,0.,0.741571964264073));
#10544=DIRECTION('',(0.,1.,0.));
#10545=DIRECTION('',(-0.670873327698698,0.,0.741571964264073));
#10546=DIRECTION('',(0.,1.,0.));
#10547=DIRECTION('',(0.,0.,1.));
#10548=DIRECTION('',(0.,0.,-1.));
#10549=DIRECTION('',(-1.,0.,0.));
#10550=DIRECTION('',(0.,0.,-1.));
#10551=DIRECTION('',(-0.741571964264073,0.,0.670873327698698));
#10552=DIRECTION('',(0.670873327698698,0.,0.741571964264073));
#10553=DIRECTION('',(0.670873327698698,0.,0.741571964264073));
#10554=DIRECTION('',(0.,1.,0.));
#10555=DIRECTION('',(-0.670873327698698,0.,-0.741571964264073));
#10556=DIRECTION('',(-1.,0.,0.));
#10557=DIRECTION('',(0.,0.,1.));
#10558=DIRECTION('',(-1.,6.12303176911189E-17,0.));
#10559=DIRECTION('',(6.12303176911189E-17,1.,0.));
#10560=DIRECTION('',(-1.,0.,0.));
#10561=DIRECTION('',(-1.,6.12303176911189E-17,0.));
#10562=DIRECTION('',(6.12303176911189E-17,1.,0.));
#10563=DIRECTION('',(-1.,0.,0.));
#10564=DIRECTION('',(0.,-1.,0.));
#10565=DIRECTION('',(0.,0.,-1.));
#10566=DIRECTION('',(0.,0.,1.));
#10567=DIRECTION('',(0.,0.,1.));
#10568=DIRECTION('',(0.670873327698698,0.,-0.741571964264073));
#10569=DIRECTION('',(-0.741571964264073,0.,-0.670873327698698));
#10570=DIRECTION('',(-0.670873327698698,0.,0.741571964264073));
#10571=DIRECTION('',(0.,1.,0.));
#10572=DIRECTION('',(-0.670873327698698,0.,0.741571964264073));
#10573=DIRECTION('',(0.,1.,0.));
#10574=DIRECTION('',(0.,0.,1.));
#10575=DIRECTION('',(0.,0.,-1.));
#10576=DIRECTION('',(-1.,0.,0.));
#10577=DIRECTION('',(0.,0.,-1.));
#10578=DIRECTION('',(0.,0.,1.));
#10579=DIRECTION('',(1.,0.,0.));
#10580=DIRECTION('',(0.,0.,1.));
#10581=DIRECTION('',(-1.,2.17553358845302E-15,0.));
#10582=DIRECTION('',(0.,0.,1.));
#10583=DIRECTION('',(0.,0.,1.));
#10584=DIRECTION('',(-1.,2.17553358845302E-15,0.));
#10585=DIRECTION('',(0.,0.,1.));
#10586=DIRECTION('',(0.,0.,1.));
#10587=DIRECTION('',(1.,0.,0.));
#10588=DIRECTION('',(0.,0.,1.));
#10589=DIRECTION('',(1.,0.,0.));
#10590=DIRECTION('',(0.,0.,1.));
#10591=DIRECTION('',(0.,0.,1.));
#10592=DIRECTION('',(1.,0.,0.));
#10593=DIRECTION('',(0.,0.,1.));
#10594=DIRECTION('',(0.,0.,1.));
#10595=DIRECTION('',(1.,0.,0.));
#10596=DIRECTION('',(0.,0.,-1.));
#10597=DIRECTION('',(-1.,0.,0.));
#10598=DIRECTION('',(0.,-0.723126710149508,-0.690715398024649));
#10599=DIRECTION('',(0.,-0.690715398024649,0.723126710149508));
#10600=DIRECTION('',(0.,0.,1.));
#10601=DIRECTION('',(0.,-6.82362859627449E-16,-1.));
#10602=DIRECTION('',(0.,1.,-6.82362859627449E-16));
#10603=DIRECTION('',(0.,0.,1.));
#10604=DIRECTION('',(0.,0.723126710149508,-0.690715398024649));
#10605=DIRECTION('',(0.,0.690715398024649,0.723126710149508));
#10606=DIRECTION('',(0.,0.,1.));
#10607=DIRECTION('',(-1.,0.,0.));
#10608=DIRECTION('',(0.,0.,1.));
#10609=DIRECTION('',(1.,0.,0.));
#10610=DIRECTION('',(0.,-0.723126710149508,0.690715398024649));
#10611=DIRECTION('',(0.,0.690715398024649,0.723126710149508));
#10612=DIRECTION('',(0.,0.,1.));
#10613=DIRECTION('',(0.,6.82362859627449E-16,1.));
#10614=DIRECTION('',(0.,1.,-6.82362859627449E-16));
#10615=DIRECTION('',(0.,0.,1.));
#10616=DIRECTION('',(0.,0.723126710149508,0.690715398024649));
#10617=DIRECTION('',(0.,-0.690715398024649,0.723126710149508));
#10618=DIRECTION('',(0.,0.,1.));
#10619=DIRECTION('',(1.,0.,0.));
#10620=DIRECTION('',(0.,0.,1.));
#10621=DIRECTION('',(1.,0.,0.));
#10622=DIRECTION('',(0.,0.,1.));
#10623=DIRECTION('',(0.,0.,1.));
#10624=DIRECTION('',(1.,0.,0.));
#10625=DIRECTION('',(0.,0.,1.));
#10626=DIRECTION('',(0.,0.,1.));
#10627=DIRECTION('',(1.,0.,0.));
#10628=DIRECTION('',(0.,0.,-1.));
#10629=DIRECTION('',(1.,0.,0.));
#10630=DIRECTION('',(0.,0.,1.));
#10631=DIRECTION('',(0.,0.,1.));
#10632=DIRECTION('',(1.,-1.96806645333336E-15,0.));
#10633=DIRECTION('',(0.,0.,1.));
#10634=DIRECTION('',(0.,0.,1.));
#10635=DIRECTION('',(1.,0.,0.));
#10636=DIRECTION('',(0.,0.,1.));
#10637=DIRECTION('',(0.,0.,-1.));
#10638=DIRECTION('',(1.,0.,0.));
#10639=DIRECTION('',(0.,0.,1.));
#10640=DIRECTION('',(0.,0.,1.));
#10641=DIRECTION('',(1.,0.,0.));
#10642=DIRECTION('',(0.,0.,-1.));
#10643=DIRECTION('',(1.,0.,0.));
#10644=DIRECTION('',(0.,0.,1.));
#10645=DIRECTION('',(0.,0.,1.));
#10646=DIRECTION('',(1.,-1.96806645333336E-15,0.));
#10647=DIRECTION('',(0.,0.,1.));
#10648=DIRECTION('',(0.,0.,1.));
#10649=DIRECTION('',(1.,0.,0.));
#10650=DIRECTION('',(0.,0.,1.));
#10651=DIRECTION('',(0.,0.,-1.));
#10652=DIRECTION('',(1.,0.,0.));
#10653=DIRECTION('',(0.,0.,1.));
#10654=DIRECTION('',(0.,0.,1.));
#10655=DIRECTION('',(1.,0.,0.));
#10656=DIRECTION('',(0.,0.,-1.));
#10657=DIRECTION('',(-1.,0.,0.));
#10658=DIRECTION('',(0.,0.,1.));
#10659=DIRECTION('',(1.,0.,0.));
#10660=DIRECTION('',(0.,1.,0.));
#10661=DIRECTION('',(0.,0.,1.));
#10662=DIRECTION('',(-1.,0.,0.));
#10663=DIRECTION('',(0.,0.,1.));
#10664=DIRECTION('',(-1.,0.,0.));
#10665=DIRECTION('',(0.,1.,0.));
#10666=DIRECTION('',(0.,0.,1.));
#10667=DIRECTION('',(-1.,0.,0.));
#10668=DIRECTION('',(-1.,0.,0.));
#10669=DIRECTION('',(0.,0.,1.));
#10670=DIRECTION('',(0.,0.,-1.));
#10671=DIRECTION('',(-1.,0.,0.));
#10672=DIRECTION('',(1.,0.,0.));
#10673=DIRECTION('',(0.,0.,1.));
#10674=DIRECTION('',(1.,0.,0.));
#10675=DIRECTION('',(0.,-1.,0.));
#10676=DIRECTION('',(0.,0.,-1.));
#10677=DIRECTION('',(0.,0.,1.));
#10678=DIRECTION('',(1.,0.,0.));
#10679=DIRECTION('',(0.,-1.,0.));
#10680=DIRECTION('',(0.,0.,-1.));
#10681=DIRECTION('',(1.,0.,0.));
#10682=DIRECTION('',(1.,0.,0.));
#10683=DIRECTION('',(0.,0.,1.));
#10684=DIRECTION('',(0.,0.,-1.));
#10685=DIRECTION('',(-1.,0.,0.));
#10686=DIRECTION('',(0.,0.,1.));
#10687=DIRECTION('',(1.,0.,0.));
#10688=DIRECTION('',(0.,0.,1.));
#10689=DIRECTION('',(1.,0.,0.));
#10690=DIRECTION('',(0.,0.,1.));
#10691=DIRECTION('',(1.,0.,0.));
#10692=DIRECTION('',(0.,0.,-1.));
#10693=DIRECTION('',(-1.,0.,0.));
#10694=DIRECTION('',(0.,0.,-1.));
#10695=DIRECTION('',(-1.,0.,0.));
#10696=DIRECTION('',(0.,0.,1.));
#10697=DIRECTION('',(1.,0.,0.));
#10698=DIRECTION('',(0.,0.,1.));
#10699=DIRECTION('',(-1.,0.,0.));
#10700=DIRECTION('',(0.,0.,1.));
#10701=DIRECTION('',(1.,0.,0.));
#10702=DIRECTION('',(-1.,-2.73165772639674E-15,0.));
#10703=DIRECTION('',(0.,0.,1.));
#10704=DIRECTION('',(-1.,2.17553358845302E-15,0.));
#10705=DIRECTION('',(1.,2.40758247260487E-15,0.));
#10706=DIRECTION('',(0.,0.,1.));
#10707=DIRECTION('',(1.,0.,0.));
#10708=DIRECTION('',(1.,5.62601131951798E-15,0.));
#10709=DIRECTION('',(0.,0.,1.));
#10710=DIRECTION('',(-1.,0.,0.));
#10711=DIRECTION('',(1.,2.17553358845302E-15,0.));
#10712=DIRECTION('',(0.,0.,-1.));
#10713=DIRECTION('',(-1.,0.,0.));
#10714=DIRECTION('',(5.62601131951798E-15,-1.,0.));
#10715=DIRECTION('',(1.,5.62601131951798E-15,0.));
#10716=DIRECTION('',(0.,0.,1.));
#10717=DIRECTION('',(1.,5.62601131951798E-15,0.));
#10718=DIRECTION('',(0.,0.,1.));
#10719=DIRECTION('',(0.,0.,1.));
#10720=DIRECTION('',(1.,0.,0.));
#10721=DIRECTION('',(0.,0.,1.));
#10722=DIRECTION('',(1.,0.,0.));
#10723=DIRECTION('',(-1.,-2.73165772639674E-15,0.));
#10724=DIRECTION('',(-2.73165772639674E-15,1.,0.));
#10725=DIRECTION('',(-1.,-2.73165772639674E-15,0.));
#10726=DIRECTION('',(0.,0.,1.));
#10727=DIRECTION('',(-1.,-2.73165772639674E-15,0.));
#10728=DIRECTION('',(0.,0.,1.));
#10729=DIRECTION('',(0.,0.,1.));
#10730=DIRECTION('',(1.,0.,0.));
#10731=DIRECTION('',(0.,0.,-1.));
#10732=DIRECTION('',(-1.,0.,0.));
#10733=DIRECTION('',(-1.,-5.64907859857368E-15,0.));
#10734=DIRECTION('',(0.,0.,1.));
#10735=DIRECTION('',(-1.,0.,0.));
#10736=DIRECTION('',(1.,-6.12303176911189E-17,0.));
#10737=DIRECTION('',(6.12303176911189E-17,1.,0.));
#10738=DIRECTION('',(-6.12303176911189E-17,-1.,0.));
#10739=DIRECTION('',(0.,0.,-1.));
#10740=DIRECTION('',(6.12303176911189E-17,1.,0.));
#10741=DIRECTION('',(0.,0.,1.));
#10742=DIRECTION('',(1.,0.,0.));
#10743=DIRECTION('',(1.,0.,0.));
#10744=DIRECTION('',(6.12303176911189E-17,1.,0.));
#10745=DIRECTION('',(1.,-6.12303176911189E-17,0.));
#10746=DIRECTION('',(6.12303176911189E-17,1.,0.));
#10747=DIRECTION('',(0.,0.,-1.));
#10748=DIRECTION('',(-6.12303176911189E-17,-1.,0.));
#10749=DIRECTION('',(0.,0.,-1.));
#10750=DIRECTION('',(-1.,0.,0.));
#10751=DIRECTION('',(-1.,0.,0.));
#10752=DIRECTION('',(0.,0.,1.));
#10753=DIRECTION('',(1.,0.,0.));
#10754=DIRECTION('',(-1.,4.46709161898198E-15,0.));
#10755=DIRECTION('',(0.,0.,-1.));
#10756=DIRECTION('',(-1.,2.17553358845302E-15,0.));
#10757=DIRECTION('',(1.,-1.04775203273861E-14,0.));
#10758=DIRECTION('',(0.,0.,1.));
#10759=DIRECTION('',(1.,0.,0.));
#10760=DIRECTION('',(0.,0.,1.));
#10761=DIRECTION('',(-1.,0.,0.));
#10762=DIRECTION('',(1.,-2.17553358845302E-15,0.));
#10763=DIRECTION('',(0.,0.,-1.));
#10764=DIRECTION('',(-1.,0.,0.));
#10765=DIRECTION('',(1.,0.,0.));
#10766=DIRECTION('',(-2.17553358845302E-15,-1.,0.));
#10767=DIRECTION('',(1.,-2.17553358845302E-15,0.));
#10768=DIRECTION('',(0.,0.,1.));
#10769=DIRECTION('',(1.,-2.17553358845302E-15,0.));
#10770=DIRECTION('',(0.,0.,1.));
#10771=DIRECTION('',(0.,0.,1.));
#10772=DIRECTION('',(1.,0.,0.));
#10773=DIRECTION('',(0.,0.,1.));
#10774=DIRECTION('',(1.,0.,0.));
#10775=DIRECTION('',(-1.,2.17553358845302E-15,0.));
#10776=DIRECTION('',(2.17553358845302E-15,1.,0.));
#10777=DIRECTION('',(-1.,2.17553358845302E-15,0.));
#10778=DIRECTION('',(0.,0.,1.));
#10779=DIRECTION('',(-1.,2.17553358845302E-15,0.));
#10780=DIRECTION('',(0.,0.,1.));
#10781=DIRECTION('',(0.,0.,1.));
#10782=DIRECTION('',(1.,0.,0.));
#10783=DIRECTION('',(0.,0.,-1.));
#10784=DIRECTION('',(-1.,0.,0.));
#10785=DIRECTION('',(0.,0.,1.));
#10786=DIRECTION('',(-1.,0.,0.));
#10787=DIRECTION('',(-1.,1.08776679422651E-15,0.));
#10788=DIRECTION('',(0.,0.,-1.));
#10789=DIRECTION('',(-1.,0.,0.));
#10790=DIRECTION('',(-1.,-2.40758247260488E-15,0.));
#10791=DIRECTION('',(1.,1.9754597810135E-15,0.));
#10792=DIRECTION('',(0.,0.,1.));
#10793=DIRECTION('',(-1.,2.17553358845302E-15,0.));
#10794=DIRECTION('',(0.,0.,1.));
#10795=DIRECTION('',(1.,0.,0.));
#10796=DIRECTION('',(-1.,-3.67562509252519E-15,0.));
#10797=DIRECTION('',(0.,0.,1.));
#10798=DIRECTION('',(-1.,0.,0.));
#10799=DIRECTION('',(-1.,0.,0.));
#10800=DIRECTION('',(0.,0.,-1.));
#10801=DIRECTION('',(-1.,0.,0.));
#10802=DIRECTION('',(-3.67562509252519E-15,1.,0.));
#10803=DIRECTION('',(-1.,-3.67562509252519E-15,0.));
#10804=DIRECTION('',(0.,0.,1.));
#10805=DIRECTION('',(-1.,-3.67562509252519E-15,0.));
#10806=DIRECTION('',(0.,0.,1.));
#10807=DIRECTION('',(0.,0.,-1.));
#10808=DIRECTION('',(-1.,0.,0.));
#10809=DIRECTION('',(0.,0.,-1.));
#10810=DIRECTION('',(-1.,0.,0.));
#10811=DIRECTION('',(1.,2.42495826921862E-15,0.));
#10812=DIRECTION('',(2.42495826921862E-15,-1.,0.));
#10813=DIRECTION('',(1.,2.42495826921862E-15,0.));
#10814=DIRECTION('',(0.,0.,1.));
#10815=DIRECTION('',(1.,2.42495826921862E-15,0.));
#10816=DIRECTION('',(0.,0.,1.));
#10817=DIRECTION('',(0.,0.,1.));
#10818=DIRECTION('',(1.,0.,0.));
#10819=DIRECTION('',(0.,0.,-1.));
#10820=DIRECTION('',(-1.,0.,0.));
#10821=DIRECTION('',(1.,0.,0.));
#10822=DIRECTION('',(0.,0.,1.));
#10823=DIRECTION('',(-1.,0.,0.));
#10824=DIRECTION('',(0.,0.,-1.));
#10825=DIRECTION('',(-1.,0.,0.));
#10826=DIRECTION('',(-6.12303176911189E-17,-1.,0.));
#10827=DIRECTION('',(1.,0.,0.));
#10828=DIRECTION('',(-6.12303176911189E-17,-1.,0.));
#10829=DIRECTION('',(-1.,6.12303176911189E-17,0.));
#10830=DIRECTION('',(-6.12303176911189E-17,-1.,0.));
#10831=DIRECTION('',(0.,0.,-1.));
#10832=DIRECTION('',(6.12303176911189E-17,1.,0.));
#10833=DIRECTION('',(0.,0.,1.));
#10834=DIRECTION('',(1.,0.,0.));
#10835=DIRECTION('',(-1.,0.,0.));
#10836=DIRECTION('',(6.12303176911189E-17,1.,0.));
#10837=DIRECTION('',(-1.,6.12303176911189E-17,0.));
#10838=DIRECTION('',(-6.12303176911189E-17,-1.,0.));
#10839=DIRECTION('',(0.,0.,-1.));
#10840=DIRECTION('',(0.,0.,-1.));
#10841=DIRECTION('',(-1.,0.,0.));
#10842=DIRECTION('',(-6.12303176911189E-17,-1.,0.));
#10843=DIRECTION('',(1.,0.,0.));
#10844=DIRECTION('',(-6.12303176911189E-17,-1.,0.));
#10845=DIRECTION('',(-1.,6.12303176911189E-17,0.));
#10846=DIRECTION('',(-6.12303176911189E-17,-1.,0.));
#10847=DIRECTION('',(0.,0.,-1.));
#10848=DIRECTION('',(6.12303176911189E-17,1.,0.));
#10849=DIRECTION('',(0.,0.,1.));
#10850=DIRECTION('',(1.,0.,0.));
#10851=DIRECTION('',(-1.,0.,0.));
#10852=DIRECTION('',(6.12303176911189E-17,1.,0.));
#10853=DIRECTION('',(-1.,6.12303176911189E-17,0.));
#10854=DIRECTION('',(-6.12303176911189E-17,-1.,0.));
#10855=DIRECTION('',(0.,0.,-1.));
#10856=DIRECTION('',(0.,0.,-1.));
#10857=DIRECTION('',(-1.,0.,0.));
#10858=DIRECTION('',(0.,0.,-1.));
#10859=DIRECTION('',(-1.,2.17553358845302E-15,0.));
#10860=DIRECTION('',(-1.,-4.05095646574676E-15,0.));
#10861=DIRECTION('',(1.,-2.17553358845302E-15,0.));
#10862=DIRECTION('',(0.,0.,1.));
#10863=DIRECTION('',(1.,0.,0.));
#10864=DIRECTION('',(0.,0.,1.));
#10865=DIRECTION('',(-1.,0.,0.));
#10866=DIRECTION('',(-1.,1.25543521691869E-15,0.));
#10867=DIRECTION('',(0.,0.,-1.));
#10868=DIRECTION('',(-1.,0.,0.));
#10869=DIRECTION('',(-1.,6.2767539984152E-16,0.));
#10870=DIRECTION('',(1.25543521691869E-15,1.,0.));
#10871=DIRECTION('',(-1.,1.25543521691869E-15,0.));
#10872=DIRECTION('',(0.,0.,1.));
#10873=DIRECTION('',(-1.,1.25543521691869E-15,0.));
#10874=DIRECTION('',(0.,0.,1.));
#10875=DIRECTION('',(0.,0.,-1.));
#10876=DIRECTION('',(-1.,0.,0.));
#10877=DIRECTION('',(0.,0.,-1.));
#10878=DIRECTION('',(-1.,0.,0.));
#10879=DIRECTION('',(1.,-6.07630604243854E-15,0.));
#10880=DIRECTION('',(-6.07630604243854E-15,-1.,0.));
#10881=DIRECTION('',(1.,-6.07630604243854E-15,0.));
#10882=DIRECTION('',(0.,0.,1.));
#10883=DIRECTION('',(1.,-6.07630604243854E-15,0.));
#10884=DIRECTION('',(0.,0.,1.));
#10885=DIRECTION('',(0.,0.,1.));
#10886=DIRECTION('',(1.,0.,0.));
#10887=DIRECTION('',(0.,0.,-1.));
#10888=DIRECTION('',(-1.,0.,0.));
#10889=DIRECTION('',(0.,0.,1.));
#10890=DIRECTION('',(-1.,0.,0.));
#10891=DIRECTION('',(1.,2.17553358845302E-15,0.));
#10892=DIRECTION('',(0.,0.,1.));
#10893=DIRECTION('',(1.,0.,0.));
#10894=DIRECTION('',(0.,0.,1.));
#10895=DIRECTION('',(1.,0.,0.));
#10896=DIRECTION('',(0.,1.,0.));
#10897=DIRECTION('',(0.,0.,1.));
#10898=DIRECTION('',(1.,0.,0.));
#10899=DIRECTION('',(0.,1.,0.));
#10900=DIRECTION('',(1.,0.,0.));
#10901=DIRECTION('',(0.,0.,-1.));
#10902=DIRECTION('',(0.,0.,1.));
#10903=DIRECTION('',(0.,0.,1.));
#10904=DIRECTION('',(0.,1.,0.));
#10905=DIRECTION('',(0.,0.,-1.));
#10906=DIRECTION('',(-1.,0.,0.));
#10907=DIRECTION('',(0.,0.,-1.));
#10908=DIRECTION('',(-1.,0.,0.));
#10909=DIRECTION('',(0.,0.,-1.));
#10910=DIRECTION('',(-1.,0.,0.));
#10911=DIRECTION('',(0.,1.,0.));
#10912=DIRECTION('',(-1.,0.,0.));
#10913=DIRECTION('',(0.,0.,1.));
#10914=DIRECTION('',(0.,0.,1.));
#10915=DIRECTION('',(0.,0.,1.));
#10916=DIRECTION('',(0.,0.,1.));
#10917=DIRECTION('',(1.,0.,0.));
#10918=DIRECTION('',(0.,0.,1.));
#10919=DIRECTION('',(1.,0.,0.));
#10920=DIRECTION('',(0.,-1.,0.));
#10921=DIRECTION('',(0.,0.,1.));
#10922=DIRECTION('',(1.,0.,0.));
#10923=DIRECTION('',(0.,-1.,0.));
#10924=DIRECTION('',(-1.,0.,0.));
#10925=DIRECTION('',(0.,0.,1.));
#10926=DIRECTION('',(0.,-1.,0.));
#10927=DIRECTION('',(0.,0.,1.));
#10928=DIRECTION('',(0.,0.,1.));
#10929=DIRECTION('',(0.,0.,-1.));
#10930=DIRECTION('',(-1.,0.,0.));
#10931=DIRECTION('',(0.,0.,-1.));
#10932=DIRECTION('',(-1.,0.,0.));
#10933=DIRECTION('',(0.,0.,-1.));
#10934=DIRECTION('',(-1.,0.,0.));
#10935=DIRECTION('',(0.,-1.,0.));
#10936=DIRECTION('',(1.,0.,0.));
#10937=DIRECTION('',(0.,0.,-1.));
#10938=DIRECTION('',(0.,0.,1.));
#10939=DIRECTION('',(0.,0.,1.));
#10940=DIRECTION('',(1.,3.60527148828852E-15,0.));
#10941=DIRECTION('',(-3.60527148828852E-15,1.,0.));
#10942=DIRECTION('',(-3.60527148828852E-15,1.,0.));
#10943=DIRECTION('',(0.,0.,1.));
#10944=DIRECTION('',(-3.60527148828852E-15,1.,0.));
#10945=DIRECTION('',(0.,0.,-1.));
#10946=DIRECTION('',(-1.,0.,0.));
#10947=DIRECTION('',(-1.,0.,0.));
#10948=DIRECTION('',(0.,0.,1.));
#10949=DIRECTION('',(1.,0.,0.));
#10950=DIRECTION('',(0.,1.,0.));
#10951=DIRECTION('',(0.,0.,1.));
#10952=DIRECTION('',(-1.,0.,0.));
#10953=DIRECTION('',(0.,0.,1.));
#10954=DIRECTION('',(0.,-0.723126710149508,-0.690715398024649));
#10955=DIRECTION('',(0.,0.690715398024649,-0.723126710149508));
#10956=DIRECTION('',(1.,0.,0.));
#10957=DIRECTION('',(0.,-0.723126710149508,-0.690715398024649));
#10958=DIRECTION('',(0.,-0.690715398024649,0.723126710149508));
#10959=DIRECTION('',(1.,0.,0.));
#10960=DIRECTION('',(0.,-1.,0.));
#10961=DIRECTION('',(0.,0.,-1.));
#10962=DIRECTION('',(0.,0.,1.));
#10963=DIRECTION('',(1.,0.,0.));
#10964=DIRECTION('',(0.,-6.82362859627449E-16,-1.));
#10965=DIRECTION('',(0.,1.,-6.82362859627449E-16));
#10966=DIRECTION('',(0.,-6.82362859627449E-16,-1.));
#10967=DIRECTION('',(0.,1.,-6.82362859627449E-16));
#10968=DIRECTION('',(1.,0.,0.));
#10969=DIRECTION('',(0.,1.,0.));
#10970=DIRECTION('',(0.,0.,1.));
#10971=DIRECTION('',(0.,0.,1.));
#10972=DIRECTION('',(1.,0.,0.));
#10973=DIRECTION('',(0.,0.723126710149508,-0.690715398024649));
#10974=DIRECTION('',(0.,0.690715398024649,0.723126710149508));
#10975=DIRECTION('',(0.,0.723126710149508,-0.690715398024649));
#10976=DIRECTION('',(0.,0.690715398024649,0.723126710149508));
#10977=DIRECTION('',(1.,0.,0.));
#10978=DIRECTION('',(1.43766796109229E-14,1.,0.));
#10979=DIRECTION('',(-1.,1.43766796109229E-14,0.));
#10980=DIRECTION('',(-1.,1.43766796109229E-14,0.));
#10981=DIRECTION('',(0.,0.,1.));
#10982=DIRECTION('',(-1.,1.43766796109229E-14,0.));
#10983=DIRECTION('',(0.,0.,-1.));
#10984=DIRECTION('',(-1.,0.,0.));
#10985=DIRECTION('',(2.34342646738755E-14,1.,0.));
#10986=DIRECTION('',(0.,0.,-1.));
#10987=DIRECTION('',(1.,0.,0.));
#10988=DIRECTION('',(1.,-2.34342646738755E-14,0.));
#10989=DIRECTION('',(2.34342646738755E-14,1.,0.));
#10990=DIRECTION('',(2.34342646738755E-14,1.,0.));
#10991=DIRECTION('',(0.,0.,1.));
#10992=DIRECTION('',(0.,0.974979384278877,0.222295299615583));
#10993=DIRECTION('',(0.,-0.222295299615583,0.974979384278877));
#10994=DIRECTION('',(0.,0.974979384278877,0.222295299615583));
#10995=DIRECTION('',(0.,-0.222295299615583,0.974979384278877));
#10996=DIRECTION('',(-1.,0.,0.));
#10997=DIRECTION('',(-1.,2.88421719063079E-14,0.));
#10998=DIRECTION('',(-2.88421719063079E-14,-1.,0.));
#10999=DIRECTION('',(-2.88421719063079E-14,-1.,0.));
#11000=DIRECTION('',(0.,0.,1.));
#11001=DIRECTION('',(-2.88421719063079E-14,-1.,0.));
#11002=DIRECTION('',(0.,0.,-1.));
#11003=DIRECTION('',(-1.,0.,0.));
#11004=DIRECTION('',(-1.,3.59416990273076E-15,0.));
#11005=DIRECTION('',(0.,0.,-1.));
#11006=DIRECTION('',(1.,0.,0.));
#11007=DIRECTION('',(3.59416990273076E-15,1.,0.));
#11008=DIRECTION('',(-1.,3.59416990273076E-15,0.));
#11009=DIRECTION('',(-1.,3.59416990273076E-15,0.));
#11010=DIRECTION('',(0.,0.,1.));
#11011=DIRECTION('',(0.,0.723126710149508,-0.690715398024649));
#11012=DIRECTION('',(0.,0.690715398024649,0.723126710149508));
#11013=DIRECTION('',(-1.,0.,0.));
#11014=DIRECTION('',(0.,-0.723126710149508,0.690715398024649));
#11015=DIRECTION('',(0.,0.690715398024649,0.723126710149508));
#11016=DIRECTION('',(-1.,0.,0.));
#11017=DIRECTION('',(0.,1.,0.));
#11018=DIRECTION('',(0.,0.,1.));
#11019=DIRECTION('',(0.,0.,1.));
#11020=DIRECTION('',(-1.,0.,0.));
#11021=DIRECTION('',(0.,-6.82362859627449E-16,-1.));
#11022=DIRECTION('',(0.,1.,-6.82362859627449E-16));
#11023=DIRECTION('',(0.,-6.82362859627449E-16,-1.));
#11024=DIRECTION('',(0.,1.,-6.82362859627449E-16));
#11025=DIRECTION('',(-1.,0.,0.));
#11026=DIRECTION('',(0.,-1.,0.));
#11027=DIRECTION('',(0.,0.,-1.));
#11028=DIRECTION('',(0.,0.,1.));
#11029=DIRECTION('',(-1.,0.,0.));
#11030=DIRECTION('',(0.,-0.723126710149508,-0.690715398024649));
#11031=DIRECTION('',(0.,0.690715398024649,-0.723126710149508));
#11032=DIRECTION('',(0.,0.723126710149508,0.690715398024649));
#11033=DIRECTION('',(0.,-0.690715398024649,0.723126710149508));
#11034=DIRECTION('',(-1.,0.,0.));
#11035=DIRECTION('',(0.,0.,1.));
#11036=DIRECTION('',(1.,0.,0.));
#11037=DIRECTION('',(0.,0.,-1.));
#11038=DIRECTION('',(1.,0.,0.));
#11039=DIRECTION('',(0.,0.,-1.));
#11040=DIRECTION('',(1.,0.,0.));
#11041=DIRECTION('',(0.,0.,-1.));
#11042=DIRECTION('',(1.,0.,0.));
#11043=DIRECTION('',(0.,0.,-1.));
#11044=DIRECTION('',(1.,0.,0.));
#11045=DIRECTION('',(1.,-7.18833980546147E-15,0.));
#11046=DIRECTION('',(0.,0.,-1.));
#11047=DIRECTION('',(1.,0.,0.));
#11048=DIRECTION('',(0.,0.,-1.));
#11049=DIRECTION('',(1.,0.,0.));
#11050=DIRECTION('',(0.,0.,-1.));
#11051=DIRECTION('',(1.,0.,0.));
#11052=DIRECTION('',(-7.18833980546147E-15,-1.,0.));
#11053=DIRECTION('',(1.,-7.18833980546147E-15,0.));
#11054=DIRECTION('',(0.,0.,1.));
#11055=DIRECTION('',(1.,-7.18833980546147E-15,0.));
#11056=DIRECTION('',(0.,0.,-1.));
#11057=DIRECTION('',(-1.,0.,0.));
#11058=DIRECTION('',(0.,1.,0.));
#11059=DIRECTION('',(0.,0.,1.));
#11060=DIRECTION('',(1.,0.,0.));
#11061=DIRECTION('',(1.,0.,0.));
#11062=DIRECTION('',(0.,0.,-1.));
#11063=DIRECTION('',(0.,1.,0.));
#11064=DIRECTION('',(0.,0.,1.));
#11065=DIRECTION('',(0.,0.974979384278877,-0.222295299615583));
#11066=DIRECTION('',(0.,0.222295299615583,0.974979384278877));
#11067=DIRECTION('',(-1.,0.,0.));
#11068=DIRECTION('',(0.,0.974979384278877,-0.222295299615583));
#11069=DIRECTION('',(0.,0.222295299615583,0.974979384278877));
#11070=DIRECTION('',(0.,0.,1.));
#11071=DIRECTION('',(1.,0.,0.));
#11072=DIRECTION('',(0.,0.,-1.));
#11073=DIRECTION('',(1.,0.,0.));
#11074=DIRECTION('',(0.,0.,-1.));
#11075=DIRECTION('',(1.,0.,0.));
#11076=DIRECTION('',(0.,0.,-1.));
#11077=DIRECTION('',(1.,0.,0.));
#11078=DIRECTION('',(0.,0.,-1.));
#11079=DIRECTION('',(-1.,0.,0.));
#11080=DIRECTION('',(0.,0.,-1.));
#11081=DIRECTION('',(0.,0.,1.));
#11082=DIRECTION('',(1.,0.,0.));
#11083=DIRECTION('',(0.,0.,-1.));
#11084=DIRECTION('',(0.,0.,1.));
#11085=DIRECTION('',(-1.,0.,0.));
#11086=DIRECTION('',(0.707106781186548,-0.707106781186547,0.));
#11087=DIRECTION('',(0.707106781186547,0.707106781186548,0.));
#11088=DIRECTION('',(0.,0.,-1.));
#11089=DIRECTION('',(0.707106781186547,0.707106781186548,0.));
#11090=DIRECTION('',(-0.707106781186547,-0.707106781186548,0.));
#11091=DIRECTION('',(0.,0.,-1.));
#11092=DIRECTION('',(-1.,0.,0.));
#11093=DIRECTION('',(0.,0.,-1.));
#11094=DIRECTION('',(0.,0.,1.));
#11095=DIRECTION('',(1.,0.,0.));
#11096=DIRECTION('',(0.,0.,1.));
#11097=DIRECTION('',(1.,0.,0.));
#11098=DIRECTION('',(-0.707106781186548,-0.707106781186548,0.));
#11099=DIRECTION('',(0.707106781186548,-0.707106781186548,0.));
#11100=DIRECTION('',(0.,0.,1.));
#11101=DIRECTION('',(0.707106781186546,-0.707106781186549,0.));
#11102=DIRECTION('',(0.,0.,1.));
#11103=DIRECTION('',(0.707106781186548,-0.707106781186548,0.));
#11104=DIRECTION('',(-0.707106781186548,0.707106781186548,0.));
#11105=DIRECTION('',(-0.707106781186548,-0.707106781186548,0.));
#11106=DIRECTION('',(-0.707106781186548,-0.707106781186548,0.));
#11107=DIRECTION('',(0.,0.,1.));
#11108=DIRECTION('',(-0.707106781186548,-0.707106781186548,0.));
#11109=DIRECTION('',(0.,0.,1.));
#11110=DIRECTION('',(0.,0.,-1.));
#11111=DIRECTION('',(-1.,0.,0.));
#11112=DIRECTION('',(0.,0.,-1.));
#11113=DIRECTION('',(-1.,0.,0.));
#11114=DIRECTION('',(0.,0.,-1.));
#11115=DIRECTION('',(0.,0.,1.));
#11116=DIRECTION('',(-1.,0.,0.));
#11117=DIRECTION('',(0.,0.,-1.));
#11118=DIRECTION('',(-0.707106781186548,-0.707106781186547,0.));
#11119=DIRECTION('',(0.707106781186547,-0.707106781186548,0.));
#11120=DIRECTION('',(-0.707106781186547,0.707106781186548,0.));
#11121=DIRECTION('',(-0.707106781186547,0.707106781186548,0.));
#11122=DIRECTION('',(0.,0.,-1.));
#11123=DIRECTION('',(0.,0.,-1.));
#11124=DIRECTION('',(-1.,0.,0.));
#11125=DIRECTION('',(0.,0.,-1.));
#11126=DIRECTION('',(-1.,0.,0.));
#11127=DIRECTION('',(0.,0.,1.));
#11128=DIRECTION('',(-1.,0.,0.));
#11129=DIRECTION('',(0.,0.,-1.));
#11130=DIRECTION('',(0.707106781186549,-0.707106781186547,0.));
#11131=DIRECTION('',(0.707106781186546,0.707106781186549,0.));
#11132=DIRECTION('',(0.707106781186546,0.707106781186549,0.));
#11133=DIRECTION('',(0.,0.,1.));
#11134=DIRECTION('',(0.707106781186546,0.707106781186549,0.));
#11135=DIRECTION('',(0.,0.,1.));
#11136=DIRECTION('',(0.468867789483226,0.,-0.883268360117758));
#11137=DIRECTION('',(-0.883268360117758,0.,-0.468867789483226));
#11138=DIRECTION('',(0.,1.,0.));
#11139=DIRECTION('',(-0.883268360117758,0.,-0.468867789483226));
#11140=DIRECTION('',(0.,1.,0.));
#11141=DIRECTION('',(-0.883268360117758,0.,-0.468867789483226));
#11142=DIRECTION('',(-0.707106781186549,-0.707106781186547,0.));
#11143=DIRECTION('',(0.707106781186546,-0.707106781186549,0.));
#11144=DIRECTION('',(0.,0.,1.));
#11145=DIRECTION('',(0.707106781186546,-0.707106781186549,0.));
#11146=DIRECTION('',(0.,0.,1.));
#11147=DIRECTION('',(0.707106781186546,-0.707106781186549,0.));
#11148=DIRECTION('',(0.,0.,-1.));
#11149=DIRECTION('',(-1.,0.,0.));
#11150=DIRECTION('',(0.,0.,-1.));
#11151=DIRECTION('',(0.,0.,1.));
#11152=DIRECTION('',(1.,0.,0.));
#11153=DIRECTION('',(0.,0.,-1.));
#11154=DIRECTION('',(0.,0.,1.));
#11155=DIRECTION('',(-1.,0.,0.));
#11156=DIRECTION('',(-0.707106781186548,0.707106781186547,0.));
#11157=DIRECTION('',(-0.707106781186547,-0.707106781186548,0.));
#11158=DIRECTION('',(0.,0.,-1.));
#11159=DIRECTION('',(-0.707106781186547,-0.707106781186548,0.));
#11160=DIRECTION('',(0.707106781186547,0.707106781186548,0.));
#11161=DIRECTION('',(0.,0.,-1.));
#11162=DIRECTION('',(-1.,0.,0.));
#11163=DIRECTION('',(0.,0.,-1.));
#11164=DIRECTION('',(0.,0.,1.));
#11165=DIRECTION('',(1.,0.,0.));
#11166=DIRECTION('',(0.,0.,1.));
#11167=DIRECTION('',(-1.,0.,0.));
#11168=DIRECTION('',(0.707106781186548,0.707106781186548,0.));
#11169=DIRECTION('',(-0.707106781186548,0.707106781186548,0.));
#11170=DIRECTION('',(0.,0.,1.));
#11171=DIRECTION('',(-0.707106781186548,0.707106781186548,0.));
#11172=DIRECTION('',(0.,0.,1.));
#11173=DIRECTION('',(-0.707106781186548,0.707106781186548,0.));
#11174=DIRECTION('',(0.707106781186548,-0.707106781186548,0.));
#11175=DIRECTION('',(0.707106781186548,0.707106781186548,0.));
#11176=DIRECTION('',(0.707106781186549,0.707106781186546,0.));
#11177=DIRECTION('',(0.,0.,1.));
#11178=DIRECTION('',(0.707106781186548,0.707106781186548,0.));
#11179=DIRECTION('',(0.,0.,1.));
#11180=DIRECTION('',(0.,0.,-1.));
#11181=DIRECTION('',(-1.,0.,0.));
#11182=DIRECTION('',(0.,0.,-1.));
#11183=DIRECTION('',(0.,0.,-1.));
#11184=DIRECTION('',(-1.,0.,0.));
#11185=DIRECTION('',(0.,0.,-1.));
#11186=DIRECTION('',(0.,0.,-1.));
#11187=DIRECTION('',(1.,0.,0.));
#11188=DIRECTION('',(-0.707106781186546,-0.707106781186549,0.));
#11189=DIRECTION('',(0.707106781186549,-0.707106781186546,0.));
#11190=DIRECTION('',(0.,0.,-1.));
#11191=DIRECTION('',(-0.707106781186549,0.707106781186546,0.));
#11192=DIRECTION('',(-0.707106781186549,0.707106781186546,0.));
#11193=DIRECTION('',(0.,0.,-1.));
#11194=DIRECTION('',(-1.,0.,0.));
#11195=DIRECTION('',(0.,0.,-1.));
#11196=DIRECTION('',(0.,0.,-1.));
#11197=DIRECTION('',(-1.,0.,0.));
#11198=DIRECTION('',(0.,0.,-1.));
#11199=DIRECTION('',(-1.,0.,0.));
#11200=DIRECTION('',(-0.707106781186549,0.707106781186547,0.));
#11201=DIRECTION('',(-0.707106781186546,-0.707106781186549,0.));
#11202=DIRECTION('',(-0.707106781186548,-0.707106781186548,0.));
#11203=DIRECTION('',(0.,0.,1.));
#11204=DIRECTION('',(-0.707106781186546,-0.707106781186549,0.));
#11205=DIRECTION('',(0.,0.,1.));
#11206=DIRECTION('',(0.,0.,-1.));
#11207=DIRECTION('',(-1.,0.,0.));
#11208=DIRECTION('',(0.,0.,1.));
#11209=DIRECTION('',(1.,0.,0.));
#11210=DIRECTION('',(0.,0.,1.));
#11211=DIRECTION('',(0.,0.,1.));
#11212=DIRECTION('',(0.,0.,1.));
#11213=DIRECTION('',(1.,0.,0.));
#11214=DIRECTION('',(0.,0.,1.));
#11215=DIRECTION('',(1.,0.,0.));
#11216=DIRECTION('',(0.,0.,1.));
#11217=DIRECTION('',(1.,0.,0.));
#11218=DIRECTION('',(0.,0.,1.));
#11219=DIRECTION('',(1.,0.,0.));
#11220=DIRECTION('',(0.,0.,1.));
#11221=DIRECTION('',(1.,0.,0.));
#11222=DIRECTION('',(0.,0.,1.));
#11223=DIRECTION('',(1.,0.,0.));
#11224=DIRECTION('',(0.,0.,1.));
#11225=DIRECTION('',(1.,0.,0.));
#11226=DIRECTION('',(0.,0.,1.));
#11227=DIRECTION('',(-1.,0.,0.));
#11228=DIRECTION('',(0.,-1.,0.));
#11229=DIRECTION('',(0.,0.,-1.));
#11230=DIRECTION('',(0.,0.,1.));
#11231=DIRECTION('',(1.,0.,0.));
#11232=DIRECTION('',(0.,0.,1.));
#11233=DIRECTION('',(1.,0.,0.));
#11234=DIRECTION('',(-5.64907859857368E-15,1.,0.));
#11235=DIRECTION('',(-1.,-5.64907859857368E-15,0.));
#11236=DIRECTION('',(-1.,-5.64907859857368E-15,0.));
#11237=DIRECTION('',(0.,0.,1.));
#11238=DIRECTION('',(0.,0.,1.));
#11239=DIRECTION('',(0.,0.,1.));
#11240=DIRECTION('',(1.,0.,0.));
#11241=DIRECTION('',(0.,0.,1.));
#11242=DIRECTION('',(1.,0.,0.));
#11243=DIRECTION('',(0.,0.,1.));
#11244=DIRECTION('',(2.17553358845302E-15,-1.,0.));
#11245=DIRECTION('',(1.,2.17553358845302E-15,0.));
#11246=DIRECTION('',(1.,2.17553358845302E-15,0.));
#11247=DIRECTION('',(0.,0.,1.));
#11248=DIRECTION('',(0.,0.,1.));
#11249=DIRECTION('',(1.,0.,0.));
#11250=DIRECTION('',(0.,0.,1.));
#11251=DIRECTION('',(1.,0.,0.));
#11252=DIRECTION('',(0.,0.,1.));
#11253=DIRECTION('',(1.,0.,0.));
#11254=DIRECTION('',(0.,0.,1.));
#11255=DIRECTION('',(1.,0.,0.));
#11256=DIRECTION('',(0.,0.,1.));
#11257=DIRECTION('',(0.70710678118655,-0.707106781186545,0.));
#11258=DIRECTION('',(0.707106781186545,0.70710678118655,0.));
#11259=DIRECTION('',(-0.707106781186545,-0.70710678118655,0.));
#11260=DIRECTION('',(0.,0.,-1.));
#11261=DIRECTION('',(-0.707106781186548,-0.707106781186548,0.));
#11262=DIRECTION('',(0.,0.,-1.));
#11263=DIRECTION('',(-1.,0.,0.));
#11264=DIRECTION('',(0.,0.,-1.));
#11265=DIRECTION('',(-1.,0.,0.));
#11266=DIRECTION('',(0.,0.,-1.));
#11267=DIRECTION('',(0.,0.,-1.));
#11268=DIRECTION('',(-1.,0.,0.));
#11269=DIRECTION('',(-0.707106781186545,-0.70710678118655,0.));
#11270=DIRECTION('',(0.70710678118655,-0.707106781186545,0.));
#11271=DIRECTION('',(-0.70710678118655,0.707106781186545,0.));
#11272=DIRECTION('',(0.,0.,-1.));
#11273=DIRECTION('',(-0.70710678118655,0.707106781186545,0.));
#11274=DIRECTION('',(0.,0.,-1.));
#11275=DIRECTION('',(-1.,0.,0.));
#11276=DIRECTION('',(0.,0.,-1.));
#11277=DIRECTION('',(1.,0.,0.));
#11278=DIRECTION('',(0.,0.,-1.));
#11279=DIRECTION('',(0.,0.,-1.));
#11280=DIRECTION('',(1.,0.,0.));
#11281=DIRECTION('',(-0.707106781186548,0.707106781186548,0.));
#11282=DIRECTION('',(-0.707106781186548,-0.707106781186548,0.));
#11283=DIRECTION('',(0.,0.,1.));
#11284=DIRECTION('',(0.707106781186549,0.707106781186546,0.));
#11285=DIRECTION('',(0.707106781186548,0.707106781186548,0.));
#11286=DIRECTION('',(0.,0.,1.));
#11287=DIRECTION('',(1.,0.,0.));
#11288=DIRECTION('',(0.,0.,1.));
#11289=DIRECTION('',(1.,0.,0.));
#11290=DIRECTION('',(0.,0.,1.));
#11291=DIRECTION('',(0.,0.,1.));
#11292=DIRECTION('',(1.,0.,0.));
#11293=DIRECTION('',(0.,0.,1.));
#11294=DIRECTION('',(1.,0.,0.));
#11295=DIRECTION('',(0.,0.,1.));
#11296=DIRECTION('',(1.,0.,0.));
#11297=DIRECTION('',(0.,0.,1.));
#11298=DIRECTION('',(1.,0.,0.));
#11299=DIRECTION('',(0.,0.,-1.));
#11300=DIRECTION('',(-1.,-1.36476815100601E-15,0.));
#11301=DIRECTION('',(1.36476815100601E-15,-1.,0.));
#11302=DIRECTION('',(-1.36476815100601E-15,1.,0.));
#11303=DIRECTION('',(1.36476815100601E-15,-1.,0.));
#11304=DIRECTION('',(0.,0.,1.));
#11305=DIRECTION('',(0.,0.,-1.));
#11306=DIRECTION('',(-1.,0.,0.));
#11307=DIRECTION('',(0.,0.,1.));
#11308=DIRECTION('',(0.,0.,1.));
#11309=DIRECTION('',(1.,0.,0.));
#11310=DIRECTION('',(0.,0.,1.));
#11311=DIRECTION('',(1.,0.,0.));
#11312=DIRECTION('',(0.,1.,0.));
#11313=DIRECTION('',(0.,0.,1.));
#11314=DIRECTION('',(0.,0.,1.));
#11315=DIRECTION('',(1.,0.,0.));
#11316=DIRECTION('',(-1.,0.,0.));
#11317=DIRECTION('',(0.,0.,-1.));
#11318=DIRECTION('',(-1.,0.,0.));
#11319=DIRECTION('',(0.,0.,1.));
#11320=DIRECTION('',(0.,0.,1.));
#11321=DIRECTION('',(1.,0.,0.));
#11322=DIRECTION('',(0.,0.,1.));
#11323=DIRECTION('',(1.,0.,0.));
#11324=DIRECTION('',(1.,-3.63938173601603E-15,0.));
#11325=DIRECTION('',(3.63938173601603E-15,1.,0.));
#11326=DIRECTION('',(-3.63938173601603E-15,-1.,0.));
#11327=DIRECTION('',(3.63938173601603E-15,1.,0.));
#11328=DIRECTION('',(0.,0.,-1.));
#11329=DIRECTION('',(0.,0.,1.));
#11330=DIRECTION('',(1.,0.,0.));
#11331=DIRECTION('',(0.,0.,1.));
#11332=DIRECTION('',(1.,0.,0.));
#11333=DIRECTION('',(0.,0.,1.));
#11334=DIRECTION('',(1.,0.,0.));
#11335=DIRECTION('',(0.,0.,1.));
#11336=DIRECTION('',(0.,0.,1.));
#11337=DIRECTION('',(1.,0.,0.));
#11338=DIRECTION('',(0.,0.,1.));
#11339=DIRECTION('',(1.,0.,0.));
#11340=DIRECTION('',(0.,0.,1.));
#11341=DIRECTION('',(0.,0.,1.));
#11342=DIRECTION('',(1.,0.,0.));
#11343=DIRECTION('',(-0.707106781186547,-0.707106781186548,0.));
#11344=DIRECTION('',(0.707106781186548,-0.707106781186547,0.));
#11345=DIRECTION('',(-0.707106781186548,0.707106781186547,0.));
#11346=DIRECTION('',(0.,0.,-1.));
#11347=DIRECTION('',(-0.707106781186548,0.707106781186548,0.));
#11348=DIRECTION('',(0.,0.,-1.));
#11349=DIRECTION('',(-1.,0.,0.));
#11350=DIRECTION('',(0.,0.,1.));
#11351=DIRECTION('',(-1.,0.,0.));
#11352=DIRECTION('',(0.,0.,-1.));
#11353=DIRECTION('',(0.,0.,1.));
#11354=DIRECTION('',(-1.,0.,0.));
#11355=DIRECTION('',(-0.707106781186546,0.707106781186549,0.));
#11356=DIRECTION('',(-0.707106781186549,-0.707106781186546,0.));
#11357=DIRECTION('',(0.707106781186549,0.707106781186546,0.));
#11358=DIRECTION('',(0.,0.,-1.));
#11359=DIRECTION('',(0.707106781186549,0.707106781186546,0.));
#11360=DIRECTION('',(0.,0.,-1.));
#11361=DIRECTION('',(-1.,0.,0.));
#11362=DIRECTION('',(0.,0.,1.));
#11363=DIRECTION('',(-1.,0.,0.));
#11364=DIRECTION('',(0.,0.,-1.));
#11365=DIRECTION('',(0.,0.,1.));
#11366=DIRECTION('',(-1.,0.,0.));
#11367=DIRECTION('',(0.707106781186549,0.707106781186546,0.));
#11368=DIRECTION('',(-0.707106781186546,0.707106781186549,0.));
#11369=DIRECTION('',(0.707106781186546,-0.707106781186549,0.));
#11370=DIRECTION('',(0.707106781186546,-0.707106781186549,0.));
#11371=DIRECTION('',(0.,0.,1.));
#11372=DIRECTION('',(1.08776679422651E-15,1.,0.));
#11373=DIRECTION('',(-1.,1.08776679422651E-15,0.));
#11374=DIRECTION('',(0.,0.,1.));
#11375=DIRECTION('',(0.,0.,1.));
#11376=DIRECTION('',(-1.,1.08776679422651E-15,0.));
#11377=DIRECTION('',(0.,0.,1.));
#11378=DIRECTION('',(1.,0.,0.));
#11379=DIRECTION('',(0.,0.,1.));
#11380=DIRECTION('',(1.,0.,0.));
#11381=DIRECTION('',(0.,0.,1.));
#11382=DIRECTION('',(0.,-1.,0.));
#11383=DIRECTION('',(0.,0.,-1.));
#11384=DIRECTION('',(0.,0.,1.));
#11385=DIRECTION('',(1.,0.,0.));
#11386=DIRECTION('',(0.,0.,1.));
#11387=DIRECTION('',(1.,0.,0.));
#11388=DIRECTION('',(0.,0.,1.));
#11389=DIRECTION('',(1.,0.,0.));
#11390=DIRECTION('',(0.,0.,1.));
#11391=DIRECTION('',(0.,0.,1.));
#11392=DIRECTION('',(1.,0.,0.));
#11393=DIRECTION('',(0.,0.,1.));
#11394=DIRECTION('',(1.,0.,0.));
#11395=DIRECTION('',(0.,1.,0.));
#11396=DIRECTION('',(0.,0.,1.));
#11397=DIRECTION('',(0.,0.,-1.));
#11398=DIRECTION('',(-1.,0.,0.));
#11399=DIRECTION('',(-1.,0.,0.));
#11400=DIRECTION('',(0.,-1.,0.));
#11401=DIRECTION('',(0.,0.,-1.));
#11402=DIRECTION('',(0.,0.,1.));
#11403=DIRECTION('',(1.,0.,0.));
#11404=DIRECTION('',(0.,0.,1.));
#11405=DIRECTION('',(1.,0.,0.));
#11406=DIRECTION('',(0.,-1.,0.));
#11407=DIRECTION('',(0.,0.,-1.));
#11408=DIRECTION('',(1.,0.,0.));
#11409=DIRECTION('',(0.,0.,1.));
#11410=DIRECTION('',(0.,0.,1.));
#11411=DIRECTION('',(0.,0.,1.));
#11412=DIRECTION('',(1.,0.,0.));
#11413=DIRECTION('',(0.,0.,1.));
#11414=DIRECTION('',(1.,0.,0.));
#11415=DIRECTION('',(0.,0.,1.));
#11416=DIRECTION('',(0.,1.,0.));
#11417=DIRECTION('',(0.,0.,1.));
#11418=DIRECTION('',(-1.,0.,0.));
#11419=DIRECTION('',(0.,0.,1.));
#11420=DIRECTION('',(0.,0.,1.));
#11421=DIRECTION('',(1.,0.,0.));
#11422=DIRECTION('',(0.,0.,1.));
#11423=DIRECTION('',(1.,0.,0.));
#11424=DIRECTION('',(0.,0.,1.));
#11425=DIRECTION('',(1.,0.,0.));
#11426=DIRECTION('',(0.,0.,1.));
#11427=DIRECTION('',(1.,0.,0.));
#11428=DIRECTION('',(0.,0.,1.));
#11429=DIRECTION('',(-0.707106781186549,0.707106781186546,0.));
#11430=DIRECTION('',(-0.707106781186546,-0.707106781186549,0.));
#11431=DIRECTION('',(0.707106781186546,0.707106781186549,0.));
#11432=DIRECTION('',(0.,0.,-1.));
#11433=DIRECTION('',(0.707106781186546,0.707106781186549,0.));
#11434=DIRECTION('',(0.,0.,-1.));
#11435=DIRECTION('',(-1.,0.,0.));
#11436=DIRECTION('',(0.,0.,-1.));
#11437=DIRECTION('',(-1.,0.,0.));
#11438=DIRECTION('',(0.,0.,-1.));
#11439=DIRECTION('',(0.,0.,-1.));
#11440=DIRECTION('',(-1.,0.,0.));
#11441=DIRECTION('',(0.707106781186546,0.707106781186549,0.));
#11442=DIRECTION('',(-0.707106781186549,0.707106781186546,0.));
#11443=DIRECTION('',(0.707106781186549,-0.707106781186546,0.));
#11444=DIRECTION('',(0.,0.,-1.));
#11445=DIRECTION('',(0.707106781186549,-0.707106781186546,0.));
#11446=DIRECTION('',(0.,0.,-1.));
#11447=DIRECTION('',(-1.,0.,0.));
#11448=DIRECTION('',(0.,0.,-1.));
#11449=DIRECTION('',(-1.,0.,0.));
#11450=DIRECTION('',(0.,0.,-1.));
#11451=DIRECTION('',(0.,0.,-1.));
#11452=DIRECTION('',(-1.,0.,0.));
#11453=DIRECTION('',(0.707106781186548,-0.707106781186548,0.));
#11454=DIRECTION('',(0.707106781186548,0.707106781186548,0.));
#11455=DIRECTION('',(0.,0.,1.));
#11456=DIRECTION('',(-0.707106781186548,-0.707106781186548,0.));
#11457=DIRECTION('',(-0.707106781186548,-0.707106781186548,0.));
#11458=DIRECTION('',(0.,0.,1.));
#11459=DIRECTION('',(1.,0.,0.));
#11460=DIRECTION('',(0.,0.,1.));
#11461=DIRECTION('',(1.,0.,0.));
#11462=DIRECTION('',(0.,0.,1.));
#11463=DIRECTION('',(0.,0.,1.));
#11464=DIRECTION('',(1.,0.,0.));
#11465=DIRECTION('',(0.,0.,1.));
#11466=DIRECTION('',(1.,0.,0.));
#11467=DIRECTION('',(0.,0.,1.));
#11468=DIRECTION('',(1.,0.,0.));
#11469=DIRECTION('',(0.,0.,1.));
#11470=DIRECTION('',(1.,0.,0.));
#11471=DIRECTION('',(0.,0.,-1.));
#11472=DIRECTION('',(1.,-3.5307354069828E-16,0.));
#11473=DIRECTION('',(3.5307354069828E-16,1.,0.));
#11474=DIRECTION('',(-3.5307354069828E-16,-1.,0.));
#11475=DIRECTION('',(3.5307354069828E-16,1.,0.));
#11476=DIRECTION('',(0.,0.,1.));
#11477=DIRECTION('',(0.,0.,-1.));
#11478=DIRECTION('',(-1.,0.,0.));
#11479=DIRECTION('',(0.,0.,1.));
#11480=DIRECTION('',(0.,0.,1.));
#11481=DIRECTION('',(1.,0.,0.));
#11482=DIRECTION('',(0.,0.,1.));
#11483=DIRECTION('',(1.,0.,0.));
#11484=DIRECTION('',(0.,-1.,0.));
#11485=DIRECTION('',(0.,0.,-1.));
#11486=DIRECTION('',(0.,0.,1.));
#11487=DIRECTION('',(-1.,0.,0.));
#11488=DIRECTION('',(1.,0.,0.));
#11489=DIRECTION('',(0.,0.,-1.));
#11490=DIRECTION('',(-1.,0.,0.));
#11491=DIRECTION('',(0.,0.,1.));
#11492=DIRECTION('',(0.,0.,1.));
#11493=DIRECTION('',(1.,0.,0.));
#11494=DIRECTION('',(0.,0.,1.));
#11495=DIRECTION('',(1.,0.,0.));
#11496=DIRECTION('',(-1.,0.,0.));
#11497=DIRECTION('',(0.,0.,1.));
#11498=DIRECTION('',(0.,1.,0.));
#11499=DIRECTION('',(0.,-1.,0.));
#11500=DIRECTION('',(0.,0.,-1.));
#11501=DIRECTION('',(0.,0.,1.));
#11502=DIRECTION('',(1.,0.,0.));
#11503=DIRECTION('',(0.,0.,1.));
#11504=DIRECTION('',(1.,0.,0.));
#11505=DIRECTION('',(0.,0.,1.));
#11506=DIRECTION('',(1.,0.,0.));
#11507=DIRECTION('',(0.,0.,1.));
#11508=DIRECTION('',(0.,0.,1.));
#11509=DIRECTION('',(1.,0.,0.));
#11510=DIRECTION('',(0.,0.,1.));
#11511=DIRECTION('',(1.,0.,0.));
#11512=DIRECTION('',(0.,0.,1.));
#11513=DIRECTION('',(0.,0.,1.));
#11514=DIRECTION('',(1.,0.,0.));
#11515=DIRECTION('',(0.707106781186546,0.707106781186549,0.));
#11516=DIRECTION('',(-0.707106781186549,0.707106781186546,0.));
#11517=DIRECTION('',(0.707106781186549,-0.707106781186546,0.));
#11518=DIRECTION('',(0.,0.,-1.));
#11519=DIRECTION('',(0.707106781186546,-0.707106781186549,0.));
#11520=DIRECTION('',(0.,0.,-1.));
#11521=DIRECTION('',(-1.,0.,0.));
#11522=DIRECTION('',(0.,0.,1.));
#11523=DIRECTION('',(1.,0.,0.));
#11524=DIRECTION('',(0.,0.,-1.));
#11525=DIRECTION('',(0.,0.,1.));
#11526=DIRECTION('',(1.,0.,0.));
#11527=DIRECTION('',(0.707106781186545,-0.70710678118655,0.));
#11528=DIRECTION('',(0.70710678118655,0.707106781186545,0.));
#11529=DIRECTION('',(-0.70710678118655,-0.707106781186545,0.));
#11530=DIRECTION('',(0.,0.,-1.));
#11531=DIRECTION('',(-0.70710678118655,-0.707106781186545,0.));
#11532=DIRECTION('',(0.,0.,-1.));
#11533=DIRECTION('',(-1.,0.,0.));
#11534=DIRECTION('',(0.,0.,1.));
#11535=DIRECTION('',(-1.,0.,0.));
#11536=DIRECTION('',(0.,0.,-1.));
#11537=DIRECTION('',(0.,0.,1.));
#11538=DIRECTION('',(-1.,0.,0.));
#11539=DIRECTION('',(-0.707106781186549,-0.707106781186546,0.));
#11540=DIRECTION('',(0.707106781186546,-0.707106781186549,0.));
#11541=DIRECTION('',(-0.707106781186544,0.707106781186551,0.));
#11542=DIRECTION('',(-0.707106781186546,0.707106781186549,0.));
#11543=DIRECTION('',(0.,0.,1.));
#11544=DIRECTION('',(2.17553358845302E-15,-1.,0.));
#11545=DIRECTION('',(1.,2.17553358845302E-15,0.));
#11546=DIRECTION('',(0.,0.,1.));
#11547=DIRECTION('',(0.,0.,1.));
#11548=DIRECTION('',(1.,2.17553358845302E-15,0.));
#11549=DIRECTION('',(0.,0.,1.));
#11550=DIRECTION('',(1.,0.,0.));
#11551=DIRECTION('',(0.,0.,1.));
#11552=DIRECTION('',(1.,0.,0.));
#11553=DIRECTION('',(0.,0.,1.));
#11554=DIRECTION('',(6.2767539984152E-16,1.,0.));
#11555=DIRECTION('',(-1.,6.2767539984152E-16,0.));
#11556=DIRECTION('',(0.,0.,1.));
#11557=DIRECTION('',(-1.,6.2767539984152E-16,0.));
#11558=DIRECTION('',(-0.468867789483226,0.,-0.883268360117758));
#11559=DIRECTION('',(-0.883268360117758,0.,0.468867789483226));
#11560=DIRECTION('',(0.,1.,0.));
#11561=DIRECTION('',(-0.883268360117758,0.,0.468867789483226));
#11562=DIRECTION('',(0.,1.,0.));
#11563=DIRECTION('',(-0.883268360117758,0.,0.468867789483226));
#11564=DIRECTION('',(0.,1.,0.));
#11565=DIRECTION('',(0.,0.,1.));
#11566=DIRECTION('',(0.,0.,-1.));
#11567=DIRECTION('',(-1.,0.,0.));
#11568=DIRECTION('',(0.,0.,1.));
#11569=DIRECTION('',(-1.,0.,0.));
#11570=DIRECTION('',(0.,0.,1.));
#11571=DIRECTION('',(1.,0.,0.));
#11572=DIRECTION('',(0.,0.,1.));
#11573=DIRECTION('',(1.,0.,0.));
#11574=DIRECTION('',(0.,0.,1.));
#11575=DIRECTION('',(0.,0.,1.));
#11576=DIRECTION('',(1.,0.,0.));
#11577=DIRECTION('',(0.,0.,1.));
#11578=DIRECTION('',(1.,0.,0.));
#11579=DIRECTION('',(0.707106781186549,0.707106781186547,0.));
#11580=DIRECTION('',(-0.707106781186546,0.707106781186549,0.));
#11581=DIRECTION('',(0.,0.,1.));
#11582=DIRECTION('',(-0.707106781186544,0.707106781186551,0.));
#11583=DIRECTION('',(-0.707106781186546,0.707106781186549,0.));
#11584=DIRECTION('',(0.,0.,1.));
#11585=DIRECTION('',(1.,0.,0.));
#11586=DIRECTION('',(0.,0.,-1.));
#11587=DIRECTION('',(1.,0.,0.));
#11588=DIRECTION('',(0.,0.,-1.));
#11589=DIRECTION('',(-1.,0.,0.));
#11590=DIRECTION('',(0.,0.,-1.));
#11591=DIRECTION('',(1.,0.,0.));
#11592=DIRECTION('',(0.,0.,-1.));
#11593=DIRECTION('',(-1.,0.,0.));
#11594=DIRECTION('',(0.,0.,-1.));
#11595=DIRECTION('',(1.,0.,0.));
#11596=DIRECTION('',(0.,0.,-1.));
#11597=DIRECTION('',(-1.,0.,0.));
#11598=DIRECTION('',(0.,0.,-1.));
#11599=DIRECTION('',(1.,0.,0.));
#11600=DIRECTION('',(0.,0.,-1.));
#11601=DIRECTION('',(-1.,0.,0.));
#11602=DIRECTION('',(0.,0.,1.));
#11603=DIRECTION('',(1.,0.,0.));
#11604=DIRECTION('',(0.,0.,-1.));
#11605=DIRECTION('',(-1.,0.,0.));
#11606=DIRECTION('',(0.,0.,1.));
#11607=DIRECTION('',(1.,0.,0.));
#11608=DIRECTION('',(0.707106781186547,-0.707106781186548,0.));
#11609=DIRECTION('',(0.707106781186548,0.707106781186547,0.));
#11610=DIRECTION('',(0.,0.,1.));
#11611=DIRECTION('',(0.707106781186548,0.707106781186547,0.));
#11612=DIRECTION('',(0.707106781186548,0.707106781186547,0.));
#11613=DIRECTION('',(-0.720957130497505,-0.692979664914349,0.));
#11614=DIRECTION('',(0.692979664914349,-0.720957130497505,0.));
#11615=DIRECTION('',(0.692979664914349,-0.720957130497505,0.));
#11616=DIRECTION('',(0.,0.,-1.));
#11617=DIRECTION('',(-0.692979664914349,0.720957130497505,0.));
#11618=DIRECTION('',(0.720957130497505,0.692979664914349,0.));
#11619=DIRECTION('',(-0.692979664914349,0.720957130497505,0.));
#11620=DIRECTION('',(0.,0.,-1.));
#11621=DIRECTION('',(-0.692979664914349,0.720957130497505,0.));
#11622=DIRECTION('',(0.692979664914349,-0.720957130497505,0.));
#11623=DIRECTION('',(0.,0.,1.));
#11624=DIRECTION('',(1.,0.,0.));
#11625=DIRECTION('',(0.707106781186548,-0.707106781186548,0.));
#11626=DIRECTION('',(0.707106781186548,0.707106781186547,0.));
#11627=DIRECTION('',(-0.707106781186548,0.707106781186547,0.));
#11628=DIRECTION('',(0.707106781186547,-0.707106781186548,0.));
#11629=DIRECTION('',(0.707106781186548,0.707106781186547,0.));
#11630=DIRECTION('',(0.,0.,-1.));
#11631=DIRECTION('',(0.707106781186548,0.707106781186547,0.));
#11632=DIRECTION('',(0.707106781186547,-0.707106781186548,0.));
#11633=DIRECTION('',(0.707106781186548,0.707106781186547,0.));
#11634=DIRECTION('',(0.,0.,-1.));
#11635=DIRECTION('',(-0.707106781186548,-0.707106781186547,0.));
#11636=DIRECTION('',(0.,0.,-1.));
#11637=DIRECTION('',(-0.707106781186548,-0.707106781186547,0.));
#11638=DIRECTION('',(0.707106781186548,0.707106781186547,0.));
#11639=DIRECTION('',(-0.707106781186547,0.707106781186548,0.));
#11640=DIRECTION('',(0.707106781186547,0.707106781186548,0.));
#11641=DIRECTION('',(-0.707106781186548,0.707106781186547,0.));
#11642=DIRECTION('',(-0.707106781186548,-0.707106781186548,0.));
#11643=DIRECTION('',(0.707106781186548,-0.707106781186548,0.));
#11644=DIRECTION('',(-0.707106781186548,-0.707106781186547,0.));
#11645=DIRECTION('',(0.,0.,1.));
#11646=DIRECTION('',(1.,0.,0.));
#11647=DIRECTION('',(0.707106781186548,-0.707106781186547,0.));
#11648=DIRECTION('',(-0.707106781186548,0.707106781186548,0.));
#11649=DIRECTION('',(0.,0.,1.));
#11650=DIRECTION('',(1.,0.,0.));
#11651=DIRECTION('',(0.707106781186548,-0.707106781186548,0.));
#11652=DIRECTION('',(0.,0.,-1.));
#11653=DIRECTION('',(0.452554744525548,0.891736622107344,0.));
#11654=DIRECTION('',(0.,0.,1.));
#11655=DIRECTION('',(-0.525547445255617,0.850764293318246,0.));
#11656=DIRECTION('',(1.05922062209484E-15,-1.,0.));
#11657=DIRECTION('',(0.,0.,-1.));
#11658=DIRECTION('',(1.,0.,0.));
#11659=DIRECTION('',(-1.,0.,0.));
#11660=DIRECTION('',(0.,0.,-1.));
#11661=DIRECTION('',(-1.48819673804123E-14,-1.,0.));
#11662=DIRECTION('',(3.5307354069828E-16,1.,0.));
#11663=DIRECTION('',(0.,0.,1.));
#11664=DIRECTION('',(1.,6.12036739827641E-15,0.));
#11665=DIRECTION('',(0.,0.,-1.));
#11666=DIRECTION('',(-0.525547445255474,-0.850764293318334,0.));
#11667=DIRECTION('',(-0.707106781186548,-0.707106781186548,0.));
#11668=DIRECTION('',(-0.707106781186548,0.707106781186547,0.));
#11669=DIRECTION('',(0.707106781186547,0.707106781186548,0.));
#11670=DIRECTION('',(-0.707106781186548,0.707106781186547,0.));
#11671=DIRECTION('',(0.,0.,1.));
#11672=DIRECTION('',(-0.707106781186548,0.707106781186547,0.));
#11673=DIRECTION('',(-0.720957130497505,0.692979664914349,0.));
#11674=DIRECTION('',(-0.692979664914349,-0.720957130497505,0.));
#11675=DIRECTION('',(0.692979664914349,0.720957130497505,0.));
#11676=DIRECTION('',(0.,0.,-1.));
#11677=DIRECTION('',(0.692979664914349,0.720957130497505,0.));
#11678=DIRECTION('',(0.720957130497505,-0.692979664914349,0.));
#11679=DIRECTION('',(0.692979664914349,0.720957130497505,0.));
#11680=DIRECTION('',(-0.692979664914349,-0.720957130497505,0.));
#11681=DIRECTION('',(-0.692979664914349,-0.720957130497505,0.));
#11682=DIRECTION('',(0.,0.,-1.));
#11683=DIRECTION('',(0.,0.,-1.));
#11684=DIRECTION('',(-1.,0.,0.));
#11685=DIRECTION('',(0.707106781186548,0.707106781186548,0.));
#11686=DIRECTION('',(-0.707106781186548,-0.707106781186547,0.));
#11687=DIRECTION('',(-0.707106781186548,0.707106781186547,0.));
#11688=DIRECTION('',(0.707106781186547,0.707106781186548,0.));
#11689=DIRECTION('',(-0.707106781186548,0.707106781186547,0.));
#11690=DIRECTION('',(0.,0.,-1.));
#11691=DIRECTION('',(-0.707106781186548,0.707106781186547,0.));
#11692=DIRECTION('',(0.707106781186547,0.707106781186548,0.));
#11693=DIRECTION('',(-0.707106781186548,0.707106781186547,0.));
#11694=DIRECTION('',(0.,0.,-1.));
#11695=DIRECTION('',(0.707106781186548,-0.707106781186547,0.));
#11696=DIRECTION('',(0.,0.,-1.));
#11697=DIRECTION('',(0.707106781186548,-0.707106781186547,0.));
#11698=DIRECTION('',(-0.707106781186548,0.707106781186547,0.));
#11699=DIRECTION('',(-0.707106781186547,-0.707106781186548,0.));
#11700=DIRECTION('',(0.707106781186547,-0.707106781186548,0.));
#11701=DIRECTION('',(0.707106781186548,0.707106781186547,0.));
#11702=DIRECTION('',(0.707106781186548,-0.707106781186547,0.));
#11703=DIRECTION('',(-0.707106781186548,0.707106781186548,0.));
#11704=DIRECTION('',(-0.707106781186548,-0.707106781186548,0.));
#11705=DIRECTION('',(0.,0.,-1.));
#11706=DIRECTION('',(-1.,0.,0.));
#11707=DIRECTION('',(0.707106781186548,0.707106781186548,0.));
#11708=DIRECTION('',(-0.707106781186548,-0.707106781186547,0.));
#11709=DIRECTION('',(0.,0.,1.));
#11710=DIRECTION('',(1.,0.,0.));
#11711=DIRECTION('',(0.,0.,-1.));
#11712=DIRECTION('',(-0.525547445255474,-0.850764293318334,0.));
#11713=DIRECTION('',(-1.,0.,0.));
#11714=DIRECTION('',(0.,1.,0.));
#11715=DIRECTION('',(0.707106781186548,0.707106781186547,0.));
#11716=DIRECTION('',(1.,0.,0.));
#11717=DIRECTION('',(0.,0.,-1.));
#11718=DIRECTION('',(0.,0.,1.));
#11719=DIRECTION('',(0.,1.,0.));
#11720=DIRECTION('',(0.883268360117758,0.,0.468867789483226));
#11721=DIRECTION('',(0.468867789483226,0.,-0.883268360117758));
#11722=DIRECTION('',(0.883268360117757,0.,0.468867789483228));
#11723=DIRECTION('',(0.468867789483228,0.,-0.883268360117757));
#11724=DIRECTION('',(-0.883268360117758,0.,-0.468867789483226));
#11725=DIRECTION('',(-0.883268360117758,0.,-0.468867789483225));
#11726=DIRECTION('',(-0.468867789483225,0.,0.883268360117758));
#11727=DIRECTION('',(0.,1.,0.));
#11728=DIRECTION('',(0.,0.,1.));
#11729=DIRECTION('',(0.,-1.,0.));
#11730=DIRECTION('',(1.,0.,0.));
#11731=DIRECTION('',(0.,1.,0.));
#11732=DIRECTION('',(0.,-1.,0.));
#11733=DIRECTION('',(1.,0.,0.));
#11734=DIRECTION('',(0.,1.,0.));
#11735=DIRECTION('',(0.662329696816443,0.,-0.749212501707652));
#11736=DIRECTION('',(-0.749212501707652,0.,-0.662329696816443));
#11737=DIRECTION('',(-0.749212501707652,0.,-0.662329696816443));
#11738=DIRECTION('',(0.,1.,0.));
#11739=DIRECTION('',(-0.749212501707652,0.,-0.662329696816443));
#11740=DIRECTION('',(0.,1.,0.));
#11741=DIRECTION('',(0.,0.,1.));
#11742=DIRECTION('',(0.,1.,0.));
#11743=DIRECTION('',(-1.,0.,0.));
#11744=DIRECTION('',(0.,1.,0.));
#11745=DIRECTION('',(0.,1.,0.));
#11746=DIRECTION('',(-1.,0.,0.));
#11747=DIRECTION('',(1.,0.,1.55011292634089E-15));
#11748=DIRECTION('',(1.55011292634089E-15,0.,-1.));
#11749=DIRECTION('',(0.,1.,0.));
#11750=DIRECTION('',(1.55011292634089E-15,0.,-1.));
#11751=DIRECTION('',(1.55011292634089E-15,0.,-1.));
#11752=DIRECTION('',(1.,0.,0.));
#11753=DIRECTION('',(0.,0.,-1.));
#11754=DIRECTION('',(0.,1.,0.));
#11755=DIRECTION('',(0.,0.,1.));
#11756=DIRECTION('',(0.,1.,0.));
#11757=DIRECTION('',(-1.,0.,2.56016964955849E-16));
#11758=DIRECTION('',(2.56016964955849E-16,0.,1.));
#11759=DIRECTION('',(2.56016964955849E-16,0.,1.));
#11760=DIRECTION('',(0.,1.,0.));
#11761=DIRECTION('',(2.56016964955849E-16,0.,1.));
#11762=DIRECTION('',(0.,1.,0.));
#11763=DIRECTION('',(-0.662329696816442,0.,0.749212501707654));
#11764=DIRECTION('',(0.749212501707654,0.,0.662329696816442));
#11765=DIRECTION('',(0.749212501707654,0.,0.662329696816442));
#11766=DIRECTION('',(0.,1.,0.));
#11767=DIRECTION('',(0.749212501707654,0.,0.662329696816442));
#11768=DIRECTION('',(0.,1.,0.));
#11769=DIRECTION('',(0.,0.,1.));
#11770=DIRECTION('',(0.,1.,0.));
#11771=DIRECTION('',(1.,0.,0.));
#11772=DIRECTION('',(0.,1.,0.));
#11773=DIRECTION('',(0.,1.,0.));
#11774=DIRECTION('',(1.,0.,0.));
#11775=DIRECTION('',(-0.883268360117758,0.,-0.468867789483225));
#11776=DIRECTION('',(-0.468867789483225,0.,0.883268360117758));
#11777=DIRECTION('',(-0.468867789483225,0.,0.883268360117758));
#11778=DIRECTION('',(-0.883268360117758,0.,-0.468867789483225));
#11779=DIRECTION('',(-0.468867789483225,0.,0.883268360117758));
#11780=DIRECTION('',(-0.468867789483225,0.,0.883268360117758));
#11781=DIRECTION('',(-0.883268360117758,0.,-0.468867789483226));
#11782=DIRECTION('',(-0.468867789483226,0.,0.883268360117758));
#11783=DIRECTION('',(0.883268360117757,0.,0.468867789483228));
#11784=DIRECTION('',(0.468867789483228,0.,-0.883268360117757));
#11785=DIRECTION('',(-0.883268360117758,0.,-0.468867789483226));
#11786=DIRECTION('',(0.883268360117757,0.,0.468867789483228));
#11787=DIRECTION('',(0.468867789483228,0.,-0.883268360117757));
#11788=DIRECTION('',(0.468867789483228,0.,-0.883268360117757));
#11789=DIRECTION('',(0.468867789483228,0.,-0.883268360117757));
#11790=DIRECTION('',(0.,0.,1.));
#11791=DIRECTION('',(1.,0.,0.));
#11792=DIRECTION('',(-1.,0.,0.));
#11793=DIRECTION('',(0.,0.,-1.));
#11794=DIRECTION('',(-0.525547445255474,-0.850764293318334,0.));
#11795=DIRECTION('',(0.707106781186548,-0.707106781186547,0.));
#11796=DIRECTION('',(-0.707106781186548,-0.707106781186547,0.));
#11797=DIRECTION('',(-0.707106781186547,0.707106781186548,0.));
#11798=DIRECTION('',(-0.707106781186548,-0.707106781186547,0.));
#11799=DIRECTION('',(0.,0.,1.));
#11800=DIRECTION('',(-0.707106781186548,-0.707106781186547,0.));
#11801=DIRECTION('',(0.720957130497505,0.692979664914349,0.));
#11802=DIRECTION('',(-0.692979664914349,0.720957130497505,0.));
#11803=DIRECTION('',(-0.692979664914349,0.720957130497505,0.));
#11804=DIRECTION('',(0.,0.,-1.));
#11805=DIRECTION('',(0.692979664914349,-0.720957130497505,0.));
#11806=DIRECTION('',(-0.720957130497505,-0.692979664914349,0.));
#11807=DIRECTION('',(0.692979664914349,-0.720957130497505,0.));
#11808=DIRECTION('',(0.,0.,-1.));
#11809=DIRECTION('',(0.692979664914349,-0.720957130497505,0.));
#11810=DIRECTION('',(-0.692979664914349,0.720957130497505,0.));
#11811=DIRECTION('',(0.,0.,1.));
#11812=DIRECTION('',(1.,0.,0.));
#11813=DIRECTION('',(-0.707106781186548,0.707106781186548,0.));
#11814=DIRECTION('',(-0.707106781186548,-0.707106781186547,0.));
#11815=DIRECTION('',(0.707106781186548,-0.707106781186547,0.));
#11816=DIRECTION('',(-0.707106781186547,0.707106781186548,0.));
#11817=DIRECTION('',(-0.707106781186548,-0.707106781186547,0.));
#11818=DIRECTION('',(0.,0.,-1.));
#11819=DIRECTION('',(-0.707106781186548,-0.707106781186547,0.));
#11820=DIRECTION('',(-0.707106781186547,0.707106781186548,0.));
#11821=DIRECTION('',(-0.707106781186548,-0.707106781186547,0.));
#11822=DIRECTION('',(0.,0.,-1.));
#11823=DIRECTION('',(0.707106781186548,0.707106781186547,0.));
#11824=DIRECTION('',(0.,0.,-1.));
#11825=DIRECTION('',(0.707106781186548,0.707106781186547,0.));
#11826=DIRECTION('',(-0.707106781186548,-0.707106781186547,0.));
#11827=DIRECTION('',(0.707106781186547,-0.707106781186548,0.));
#11828=DIRECTION('',(-0.707106781186547,-0.707106781186548,0.));
#11829=DIRECTION('',(0.707106781186548,-0.707106781186547,0.));
#11830=DIRECTION('',(0.707106781186548,0.707106781186548,0.));
#11831=DIRECTION('',(-0.707106781186548,0.707106781186548,0.));
#11832=DIRECTION('',(0.707106781186548,0.707106781186547,0.));
#11833=DIRECTION('',(0.,0.,1.));
#11834=DIRECTION('',(1.,0.,0.));
#11835=DIRECTION('',(-0.707106781186548,0.707106781186547,0.));
#11836=DIRECTION('',(0.707106781186548,-0.707106781186548,0.));
#11837=DIRECTION('',(0.,0.,1.));
#11838=DIRECTION('',(1.,0.,0.));
#11839=DIRECTION('',(-0.707106781186548,0.707106781186548,0.));
#11840=DIRECTION('',(0.,0.,-1.));
#11841=DIRECTION('',(-0.525547445255474,-0.850764293318334,0.));
#11842=DIRECTION('',(0.,0.,1.));
#11843=DIRECTION('',(0.452554744525515,-0.891736622107361,0.));
#11844=DIRECTION('',(3.63938173601603E-15,1.,0.));
#11845=DIRECTION('',(0.,0.,-1.));
#11846=DIRECTION('',(-1.,1.48819673804123E-14,0.));
#11847=DIRECTION('',(1.,0.,0.));
#11848=DIRECTION('',(0.,0.,-1.));
#11849=DIRECTION('',(1.48819673804123E-14,1.,0.));
#11850=DIRECTION('',(2.27461358501002E-15,-1.,0.));
#11851=DIRECTION('',(0.,0.,1.));
#11852=DIRECTION('',(-1.,0.,0.));
#11853=DIRECTION('',(0.,0.,-1.));
#11854=DIRECTION('',(0.452554744525548,0.891736622107344,0.));
#11855=DIRECTION('',(0.707106781186548,0.707106781186548,0.));
#11856=DIRECTION('',(0.707106781186548,-0.707106781186547,0.));
#11857=DIRECTION('',(-0.707106781186547,-0.707106781186548,0.));
#11858=DIRECTION('',(0.707106781186548,-0.707106781186547,0.));
#11859=DIRECTION('',(0.,0.,1.));
#11860=DIRECTION('',(0.707106781186548,-0.707106781186547,0.));
#11861=DIRECTION('',(-0.720957130497505,0.692979664914349,0.));
#11862=DIRECTION('',(-0.692979664914349,-0.720957130497505,0.));
#11863=DIRECTION('',(0.692979664914349,0.720957130497505,0.));
#11864=DIRECTION('',(0.,0.,-1.));
#11865=DIRECTION('',(0.692979664914349,0.720957130497505,0.));
#11866=DIRECTION('',(0.720957130497505,-0.692979664914349,0.));
#11867=DIRECTION('',(0.692979664914349,0.720957130497505,0.));
#11868=DIRECTION('',(0.,0.,-1.));
#11869=DIRECTION('',(-0.692979664914349,-0.720957130497505,0.));
#11870=DIRECTION('',(-0.692979664914349,-0.720957130497505,0.));
#11871=DIRECTION('',(0.,0.,-1.));
#11872=DIRECTION('',(-1.,0.,0.));
#11873=DIRECTION('',(0.707106781186548,0.707106781186547,0.));
#11874=DIRECTION('',(0.707106781186548,-0.707106781186547,0.));
#11875=DIRECTION('',(-0.707106781186548,-0.707106781186548,0.));
#11876=DIRECTION('',(-0.707106781186547,-0.707106781186548,0.));
#11877=DIRECTION('',(0.707106781186548,-0.707106781186547,0.));
#11878=DIRECTION('',(0.,0.,-1.));
#11879=DIRECTION('',(0.707106781186548,-0.707106781186547,0.));
#11880=DIRECTION('',(-0.707106781186547,-0.707106781186548,0.));
#11881=DIRECTION('',(0.707106781186548,-0.707106781186547,0.));
#11882=DIRECTION('',(0.,0.,-1.));
#11883=DIRECTION('',(-0.707106781186548,0.707106781186547,0.));
#11884=DIRECTION('',(0.,0.,-1.));
#11885=DIRECTION('',(-0.707106781186548,0.707106781186547,0.));
#11886=DIRECTION('',(0.707106781186548,-0.707106781186547,0.));
#11887=DIRECTION('',(0.707106781186547,0.707106781186548,0.));
#11888=DIRECTION('',(-0.707106781186547,0.707106781186548,0.));
#11889=DIRECTION('',(-0.707106781186548,-0.707106781186547,0.));
#11890=DIRECTION('',(-0.707106781186548,0.707106781186547,0.));
#11891=DIRECTION('',(0.707106781186548,-0.707106781186548,0.));
#11892=DIRECTION('',(0.707106781186548,0.707106781186548,0.));
#11893=DIRECTION('',(0.,0.,-1.));
#11894=DIRECTION('',(-1.,0.,0.));
#11895=DIRECTION('',(-0.707106781186548,-0.707106781186548,0.));
#11896=DIRECTION('',(0.707106781186548,0.707106781186547,0.));
#11897=DIRECTION('',(0.,0.,1.));
#11898=DIRECTION('',(1.,0.,0.));
#11899=DIRECTION('',(-1.,0.,0.));
#11900=DIRECTION('',(0.,1.,0.));
#11901=DIRECTION('',(-0.707106781186548,-0.707106781186547,0.));
#11902=DIRECTION('',(0.,0.,-1.));
#11903=DIRECTION('',(0.452554744525548,0.891736622107344,0.));
#11904=DIRECTION('',(1.,0.,0.));
#11905=DIRECTION('',(0.,0.,-1.));
#11906=DIRECTION('',(0.,0.,1.));
#11907=DIRECTION('',(0.,1.,0.));
#11908=DIRECTION('',(-0.883268360117758,0.,0.468867789483226));
#11909=DIRECTION('',(0.468867789483226,0.,0.883268360117758));
#11910=DIRECTION('',(0.883268360117758,0.,-0.468867789483225));
#11911=DIRECTION('',(-0.468867789483225,0.,-0.883268360117758));
#11912=DIRECTION('',(-0.883268360117757,0.,0.468867789483228));
#11913=DIRECTION('',(0.468867789483228,0.,0.883268360117757));
#11914=DIRECTION('',(-0.883268360117758,0.,0.468867789483226));
#11915=DIRECTION('',(0.,1.,0.));
#11916=DIRECTION('',(0.,0.,1.));
#11917=DIRECTION('',(0.,-1.,0.));
#11918=DIRECTION('',(-1.,0.,0.));
#11919=DIRECTION('',(0.,1.,0.));
#11920=DIRECTION('',(0.,-1.,0.));
#11921=DIRECTION('',(-1.,0.,0.));
#11922=DIRECTION('',(0.,1.,0.));
#11923=DIRECTION('',(-0.662329696816443,0.,-0.749212501707652));
#11924=DIRECTION('',(-0.749212501707652,0.,0.662329696816443));
#11925=DIRECTION('',(-0.749212501707652,0.,0.662329696816443));
#11926=DIRECTION('',(-0.749212501707652,0.,0.662329696816443));
#11927=DIRECTION('',(0.,1.,0.));
#11928=DIRECTION('',(0.,1.,0.));
#11929=DIRECTION('',(0.,0.,1.));
#11930=DIRECTION('',(0.,1.,0.));
#11931=DIRECTION('',(1.,0.,0.));
#11932=DIRECTION('',(0.,1.,0.));
#11933=DIRECTION('',(1.,0.,0.));
#11934=DIRECTION('',(0.,1.,0.));
#11935=DIRECTION('',(-1.,0.,1.55011292634089E-15));
#11936=DIRECTION('',(1.55011292634089E-15,0.,1.));
#11937=DIRECTION('',(0.,-1.,0.));
#11938=DIRECTION('',(1.55011292634089E-15,0.,1.));
#11939=DIRECTION('',(1.55011292634089E-15,0.,1.));
#11940=DIRECTION('',(0.,0.,1.));
#11941=DIRECTION('',(1.,0.,0.));
#11942=DIRECTION('',(-1.,0.,0.));
#11943=DIRECTION('',(0.,1.,0.));
#11944=DIRECTION('',(-1.,0.,0.));
#11945=DIRECTION('',(-1.,0.,0.));
#11946=DIRECTION('',(-1.,0.,0.));
#11947=DIRECTION('',(1.,0.,0.));
#11948=DIRECTION('',(0.,0.,-1.));
#11949=DIRECTION('',(0.,0.,1.));
#11950=DIRECTION('',(0.,1.,0.));
#11951=DIRECTION('',(1.,0.,2.56016964955849E-16));
#11952=DIRECTION('',(2.56016964955849E-16,0.,-1.));
#11953=DIRECTION('',(2.56016964955849E-16,0.,-1.));
#11954=DIRECTION('',(0.,1.,0.));
#11955=DIRECTION('',(2.56016964955849E-16,0.,-1.));
#11956=DIRECTION('',(0.,1.,0.));
#11957=DIRECTION('',(0.662329696816442,0.,0.749212501707654));
#11958=DIRECTION('',(0.749212501707654,0.,-0.662329696816442));
#11959=DIRECTION('',(0.749212501707654,0.,-0.662329696816442));
#11960=DIRECTION('',(0.749212501707654,0.,-0.662329696816442));
#11961=DIRECTION('',(0.,1.,0.));
#11962=DIRECTION('',(0.,1.,0.));
#11963=DIRECTION('',(0.,0.,1.));
#11964=DIRECTION('',(0.,1.,0.));
#11965=DIRECTION('',(-1.,0.,0.));
#11966=DIRECTION('',(0.,1.,0.));
#11967=DIRECTION('',(-1.,0.,0.));
#11968=DIRECTION('',(0.,1.,0.));
#11969=DIRECTION('',(0.883268360117758,0.,-0.468867789483225));
#11970=DIRECTION('',(-0.468867789483225,0.,-0.883268360117758));
#11971=DIRECTION('',(-0.468867789483225,0.,-0.883268360117758));
#11972=DIRECTION('',(0.883268360117758,0.,-0.468867789483225));
#11973=DIRECTION('',(-0.468867789483225,0.,-0.883268360117758));
#11974=DIRECTION('',(-0.468867789483225,0.,-0.883268360117758));
#11975=DIRECTION('',(0.883268360117758,0.,-0.468867789483226));
#11976=DIRECTION('',(-0.468867789483226,0.,-0.883268360117758));
#11977=DIRECTION('',(-0.883268360117758,0.,0.468867789483226));
#11978=DIRECTION('',(-0.883268360117757,0.,0.468867789483228));
#11979=DIRECTION('',(0.468867789483228,0.,0.883268360117757));
#11980=DIRECTION('',(-0.883268360117757,0.,0.468867789483228));
#11981=DIRECTION('',(0.468867789483228,0.,0.883268360117757));
#11982=DIRECTION('',(0.468867789483228,0.,0.883268360117757));
#11983=DIRECTION('',(0.468867789483228,0.,0.883268360117757));
#11984=DIRECTION('',(0.,0.,1.));
#11985=DIRECTION('',(1.,0.,0.));
#11986=DIRECTION('',(-1.,0.,0.));
#11987=DIRECTION('',(0.,0.,-1.));
#11988=DIRECTION('',(0.452554744525548,0.891736622107344,0.));
#11989=DIRECTION('',(-0.707106781186548,0.707106781186547,0.));
#11990=DIRECTION('',(0.,0.,-1.));
#11991=DIRECTION('',(-1.,0.,0.));
#11992=DIRECTION('',(0.,0.,-1.));
#11993=DIRECTION('',(1.,0.,0.));
#11994=DIRECTION('',(0.,0.,1.));
#11995=DIRECTION('',(1.,0.,0.));
#11996=DIRECTION('',(0.,0.,-1.));
#11997=DIRECTION('',(-1.,0.,0.));
#11998=DIRECTION('',(0.,0.,1.));
#11999=DIRECTION('',(1.,0.,0.));
#12000=DIRECTION('',(0.,0.,-1.));
#12001=DIRECTION('',(-1.,0.,0.));
#12002=DIRECTION('',(0.,0.,1.));
#12003=DIRECTION('',(1.,0.,0.));
#12004=DIRECTION('',(0.,0.,-1.));
#12005=DIRECTION('',(-1.,0.,0.));
#12006=DIRECTION('',(0.,0.,1.));
#12007=DIRECTION('',(1.,0.,0.));
#12008=DIRECTION('',(0.,0.,1.));
#12009=DIRECTION('',(-1.,0.,0.));
#12010=DIRECTION('',(0.,0.,1.));
#12011=DIRECTION('',(1.,0.,0.));
#12012=DIRECTION('',(0.,0.,1.));
#12013=DIRECTION('',(-1.,0.,0.));
#12014=DIRECTION('',(0.707106781186547,0.707106781186548,0.));
#12015=DIRECTION('',(-0.707106781186548,0.707106781186547,0.));
#12016=DIRECTION('',(0.,0.,-1.));
#12017=DIRECTION('',(0.707106781186548,-0.707106781186547,0.));
#12018=DIRECTION('',(0.707106781186547,0.707106781186548,0.));
#12019=DIRECTION('',(-0.707106781186548,0.707106781186547,0.));
#12020=DIRECTION('',(0.707106781186548,0.707106781186547,0.));
#12021=DIRECTION('',(-0.707106781186547,0.707106781186548,0.));
#12022=DIRECTION('',(-0.707106781186548,-0.707106781186547,0.));
#12023=DIRECTION('',(-0.707106781186548,-0.707106781186548,0.));
#12024=DIRECTION('',(0.707106781186548,-0.707106781186548,0.));
#12025=DIRECTION('',(-0.707106781186548,-0.707106781186548,0.));
#12026=DIRECTION('',(0.707106781186548,-0.707106781186548,0.));
#12027=DIRECTION('',(-0.707106781186548,0.707106781186548,0.));
#12028=DIRECTION('',(0.,0.,-1.));
#12029=DIRECTION('',(0.,0.,-1.));
#12030=DIRECTION('',(-1.,0.,0.));
#12031=DIRECTION('',(0.,0.,-1.));
#12032=DIRECTION('',(-1.,0.,0.));
#12033=DIRECTION('',(0.,0.,-1.));
#12034=DIRECTION('',(0.,0.,1.));
#12035=DIRECTION('',(1.,0.,0.));
#12036=DIRECTION('',(0.,0.,-1.));
#12037=DIRECTION('',(-1.,0.,0.));
#12038=DIRECTION('',(0.,0.,-1.));
#12039=DIRECTION('',(1.,1.05922062209484E-15,0.));
#12040=DIRECTION('',(-1.05922062209484E-15,1.,0.));
#12041=DIRECTION('',(1.05922062209484E-15,-1.,0.));
#12042=DIRECTION('',(0.,0.,-1.));
#12043=DIRECTION('',(0.,0.,-1.));
#12044=DIRECTION('',(-1.,0.,0.));
#12045=DIRECTION('',(0.,0.,-1.));
#12046=DIRECTION('',(-1.,0.,0.));
#12047=DIRECTION('',(0.,0.,-1.));
#12048=DIRECTION('',(0.,-1.,0.));
#12049=DIRECTION('',(0.,0.,-1.));
#12050=DIRECTION('',(-1.,0.,0.));
#12051=DIRECTION('',(0.,0.,-1.));
#12052=DIRECTION('',(0.,0.,-1.));
#12053=DIRECTION('',(-1.,0.,0.));
#12054=DIRECTION('',(0.,0.,-1.));
#12055=DIRECTION('',(-1.,0.,0.));
#12056=DIRECTION('',(0.,0.,-1.));
#12057=DIRECTION('',(-1.,3.5307354069828E-16,0.));
#12058=DIRECTION('',(-3.5307354069828E-16,-1.,0.));
#12059=DIRECTION('',(3.5307354069828E-16,1.,0.));
#12060=DIRECTION('',(0.,0.,-1.));
#12061=DIRECTION('',(0.,0.,1.));
#12062=DIRECTION('',(1.,0.,0.));
#12063=DIRECTION('',(0.,0.,-1.));
#12064=DIRECTION('',(-1.,0.,0.));
#12065=DIRECTION('',(0.,0.,-1.));
#12066=DIRECTION('',(0.,0.,-1.));
#12067=DIRECTION('',(-1.,0.,0.));
#12068=DIRECTION('',(0.,0.,-1.));
#12069=DIRECTION('',(-1.,0.,0.));
#12070=DIRECTION('',(0.,0.,-1.));
#12071=DIRECTION('',(-0.707106781186548,0.707106781186548,0.));
#12072=DIRECTION('',(-0.707106781186548,-0.707106781186548,0.));
#12073=DIRECTION('',(0.707106781186549,0.707106781186546,0.));
#12074=DIRECTION('',(-0.707106781186548,0.707106781186548,0.));
#12075=DIRECTION('',(-0.707106781186548,-0.707106781186548,0.));
#12076=DIRECTION('',(0.707106781186548,-0.707106781186547,0.));
#12077=DIRECTION('',(0.707106781186547,0.707106781186548,0.));
#12078=DIRECTION('',(0.707106781186547,-0.707106781186548,0.));
#12079=DIRECTION('',(0.707106781186548,0.707106781186547,0.));
#12080=DIRECTION('',(0.707106781186548,-0.707106781186547,0.));
#12081=DIRECTION('',(0.707106781186547,-0.707106781186548,0.));
#12082=DIRECTION('',(0.707106781186548,0.707106781186547,0.));
#12083=DIRECTION('',(-0.707106781186548,-0.707106781186547,0.));
#12084=DIRECTION('',(0.,0.,-1.));
#12085=DIRECTION('',(0.,0.,-1.));
#12086=DIRECTION('',(-1.,0.,0.));
#12087=DIRECTION('',(0.,0.,-1.));
#12088=DIRECTION('',(-1.,0.,0.));
#12089=DIRECTION('',(0.,0.,-1.));
#12090=DIRECTION('',(0.,1.,0.));
#12091=DIRECTION('',(0.,0.,1.));
#12092=DIRECTION('',(1.,0.,2.97206158815881E-15));
#12093=DIRECTION('',(0.,1.,0.));
#12094=DIRECTION('',(1.,0.,0.));
#12095=DIRECTION('',(0.,1.,0.));
#12096=DIRECTION('',(0.,0.,1.));
#12097=DIRECTION('',(0.,1.,0.));
#12098=DIRECTION('',(1.,0.,0.));
#12099=DIRECTION('',(0.,1.,0.));
#12100=DIRECTION('',(0.,1.,0.));
#12101=DIRECTION('',(0.,0.,1.));
#12102=DIRECTION('',(1.,0.,2.97206158815881E-15));
#12103=DIRECTION('',(0.,0.,-1.));
#12104=DIRECTION('',(0.,0.,-1.));
#12105=DIRECTION('',(-1.,0.,0.));
#12106=DIRECTION('',(0.,0.,-1.));
#12107=DIRECTION('',(-1.,0.,0.));
#12108=DIRECTION('',(0.,0.,-1.));
#12109=DIRECTION('',(-0.707106781186547,-0.707106781186548,0.));
#12110=DIRECTION('',(0.707106781186548,-0.707106781186547,0.));
#12111=DIRECTION('',(-0.707106781186548,0.707106781186547,0.));
#12112=DIRECTION('',(-0.707106781186547,-0.707106781186548,0.));
#12113=DIRECTION('',(0.707106781186548,-0.707106781186547,0.));
#12114=DIRECTION('',(-0.707106781186548,-0.707106781186547,0.));
#12115=DIRECTION('',(0.707106781186547,-0.707106781186548,0.));
#12116=DIRECTION('',(0.707106781186548,0.707106781186547,0.));
#12117=DIRECTION('',(0.707106781186548,0.707106781186548,0.));
#12118=DIRECTION('',(-0.707106781186548,0.707106781186548,0.));
#12119=DIRECTION('',(0.707106781186548,0.707106781186548,0.));
#12120=DIRECTION('',(-0.707106781186548,0.707106781186548,0.));
#12121=DIRECTION('',(0.707106781186549,-0.707106781186546,0.));
#12122=DIRECTION('',(0.,0.,-1.));
#12123=DIRECTION('',(0.,0.,-1.));
#12124=DIRECTION('',(-1.,0.,0.));
#12125=DIRECTION('',(0.,0.,-1.));
#12126=DIRECTION('',(-1.,0.,0.));
#12127=DIRECTION('',(0.,0.,-1.));
#12128=DIRECTION('',(0.,0.,1.));
#12129=DIRECTION('',(1.,0.,0.));
#12130=DIRECTION('',(0.,0.,-1.));
#12131=DIRECTION('',(-1.,0.,0.));
#12132=DIRECTION('',(0.,0.,-1.));
#12133=DIRECTION('',(-1.,3.63938173601603E-15,0.));
#12134=DIRECTION('',(-3.63938173601603E-15,-1.,0.));
#12135=DIRECTION('',(3.63938173601603E-15,1.,0.));
#12136=DIRECTION('',(0.,0.,-1.));
#12137=DIRECTION('',(0.,0.,-1.));
#12138=DIRECTION('',(-1.,0.,0.));
#12139=DIRECTION('',(0.,0.,-1.));
#12140=DIRECTION('',(-1.,0.,0.));
#12141=DIRECTION('',(0.,0.,-1.));
#12142=DIRECTION('',(0.,1.,0.));
#12143=DIRECTION('',(0.,0.,1.));
#12144=DIRECTION('',(1.,0.,0.));
#12145=DIRECTION('',(0.,0.,-1.));
#12146=DIRECTION('',(0.,0.,-1.));
#12147=DIRECTION('',(-1.,0.,0.));
#12148=DIRECTION('',(0.,0.,-1.));
#12149=DIRECTION('',(-1.,0.,0.));
#12150=DIRECTION('',(0.,0.,-1.));
#12151=DIRECTION('',(1.,2.27461358501002E-15,0.));
#12152=DIRECTION('',(-2.27461358501002E-15,1.,0.));
#12153=DIRECTION('',(2.27461358501002E-15,-1.,0.));
#12154=DIRECTION('',(0.,0.,-1.));
#12155=DIRECTION('',(0.,0.,1.));
#12156=DIRECTION('',(1.,0.,0.));
#12157=DIRECTION('',(0.,0.,-1.));
#12158=DIRECTION('',(-1.,0.,0.));
#12159=DIRECTION('',(0.,0.,-1.));
#12160=DIRECTION('',(0.,0.,-1.));
#12161=DIRECTION('',(-1.,0.,0.));
#12162=DIRECTION('',(0.,0.,-1.));
#12163=DIRECTION('',(-1.,0.,0.));
#12164=DIRECTION('',(0.,0.,-1.));
#12165=DIRECTION('',(0.707106781186548,-0.707106781186548,0.));
#12166=DIRECTION('',(0.707106781186548,0.707106781186548,0.));
#12167=DIRECTION('',(-0.707106781186549,-0.707106781186546,0.));
#12168=DIRECTION('',(0.707106781186548,-0.707106781186548,0.));
#12169=DIRECTION('',(0.707106781186548,0.707106781186548,0.));
#12170=DIRECTION('',(-0.707106781186548,0.707106781186547,0.));
#12171=DIRECTION('',(-0.707106781186547,-0.707106781186548,0.));
#12172=DIRECTION('',(-0.707106781186547,0.707106781186548,0.));
#12173=DIRECTION('',(-0.707106781186548,-0.707106781186547,0.));
#12174=DIRECTION('',(-0.707106781186548,0.707106781186547,0.));
#12175=DIRECTION('',(-0.707106781186547,0.707106781186548,0.));
#12176=DIRECTION('',(-0.707106781186548,-0.707106781186547,0.));
#12177=DIRECTION('',(0.707106781186548,0.707106781186547,0.));
#12178=DIRECTION('',(0.,0.,-1.));
#12179=DIRECTION('',(0.,0.,-1.));
#12180=DIRECTION('',(-1.,0.,0.));
#12181=DIRECTION('',(0.,0.,-1.));
#12182=DIRECTION('',(0.,0.,-1.));
#12183=DIRECTION('',(-1.,0.,0.));
#12184=DIRECTION('',(0.,1.,0.));
#12185=DIRECTION('',(0.,0.,1.));
#12186=DIRECTION('',(1.,0.,-5.94412317631761E-15));
#12187=DIRECTION('',(0.,1.,0.));
#12188=DIRECTION('',(-1.,0.,0.));
#12189=DIRECTION('',(0.,1.,0.));
#12190=DIRECTION('',(0.,0.,1.));
#12191=DIRECTION('',(0.,1.,0.));
#12192=DIRECTION('',(0.,1.,0.));
#12193=DIRECTION('',(-1.,0.,0.));
#12194=DIRECTION('',(0.,1.,0.));
#12195=DIRECTION('',(0.,0.,1.));
#12196=DIRECTION('',(1.,0.,-5.94412317631761E-15));
#12197=DIRECTION('',(0.,0.,-1.));
#12198=DIRECTION('',(0.,0.,-1.));
#12199=DIRECTION('',(-1.,0.,0.));
#12200=DIRECTION('',(0.,0.,-1.));
#12201=DIRECTION('',(-1.,0.,0.));
#12202=DIRECTION('',(0.,0.,-1.));
#12203=DIRECTION('',(-1.,0.,0.));
#12204=DIRECTION('',(0.,0.,-1.));
#12205=DIRECTION('',(-1.,0.,0.));
#12206=DIRECTION('',(0.,0.,-1.));
#12207=DIRECTION('',(-1.,0.,0.));
#12208=DIRECTION('',(0.,0.,-1.));
#12209=DIRECTION('',(-1.,0.,0.));
#12210=DIRECTION('',(0.,0.,-1.));
#12211=DIRECTION('',(-1.,0.,0.));
#12212=DIRECTION('',(0.,0.,-1.));
#12213=DIRECTION('',(-1.,0.,0.));
#12214=DIRECTION('',(0.,0.,-1.));
#12215=DIRECTION('',(-1.,0.,0.));
#12216=DIRECTION('',(0.,0.,-1.));
#12217=DIRECTION('',(-1.,0.,0.));
#12218=DIRECTION('',(0.,0.,-1.));
#12219=DIRECTION('',(-1.,0.,0.));
#12220=DIRECTION('',(0.,0.,-1.));
#12221=DIRECTION('',(-1.,0.,0.));
#12222=DIRECTION('',(0.,0.,-1.));
#12223=DIRECTION('',(-1.,0.,0.));
#12224=DIRECTION('',(0.,0.,-1.));
#12225=DIRECTION('',(-1.,0.,0.));
#12226=DIRECTION('',(0.,0.,-1.));
#12227=DIRECTION('',(-1.,0.,0.));
#12228=DIRECTION('',(0.,0.,1.));
#12229=DIRECTION('',(1.,0.,0.));
#12230=DIRECTION('',(0.,0.,1.));
#12231=DIRECTION('',(1.,0.,0.));
#12232=DIRECTION('',(-0.701849698306126,0.712325066937561,0.));
#12233=DIRECTION('',(0.,0.,1.));
#12234=DIRECTION('',(1.,0.,0.));
#12235=DIRECTION('',(1.,4.28211537728176E-16,0.));
#12236=DIRECTION('',(0.,0.,1.));
#12237=DIRECTION('',(1.,0.,0.));
#12238=DIRECTION('',(-1.,-2.14105768864088E-15,0.));
#12239=DIRECTION('',(0.,0.,1.));
#12240=DIRECTION('',(1.,0.,0.));
#12241=DIRECTION('',(0.701849698306129,0.712325066937558,0.));
#12242=DIRECTION('',(0.,0.,1.));
#12243=DIRECTION('',(1.,0.,0.));
#12244=DIRECTION('',(-0.701849698306125,-0.712325066937561,0.));
#12245=DIRECTION('',(0.,0.,1.));
#12246=DIRECTION('',(1.,0.,0.));
#12247=DIRECTION('',(1.20113643972182E-14,-1.,0.));
#12248=DIRECTION('',(0.,0.,1.));
#12249=DIRECTION('',(1.,0.,0.));
#12250=DIRECTION('',(-5.61792547607008E-15,1.,0.));
#12251=DIRECTION('',(0.,0.,1.));
#12252=DIRECTION('',(1.,0.,0.));
#12253=DIRECTION('',(-1.08037028385963E-15,1.,0.));
#12254=DIRECTION('',(0.,0.,1.));
#12255=DIRECTION('',(1.,0.,0.));
#12256=DIRECTION('',(8.00757626481223E-15,-1.,0.));
#12257=DIRECTION('',(0.,0.,1.));
#12258=DIRECTION('',(1.,0.,0.));
#12259=DIRECTION('',(-0.701849698306127,0.712325066937559,0.));
#12260=DIRECTION('',(0.,0.,1.));
#12261=DIRECTION('',(1.,0.,0.));
#12262=DIRECTION('',(0.701849698306124,-0.712325066937563,0.));
#12263=DIRECTION('',(0.,0.,1.));
#12264=DIRECTION('',(1.,0.,0.));
#12265=DIRECTION('',(1.,4.28211537728176E-15,0.));
#12266=DIRECTION('',(0.,0.,1.));
#12267=DIRECTION('',(1.,0.,0.));
#12268=DIRECTION('',(-1.,-4.28211537728176E-16,0.));
#12269=DIRECTION('',(0.,0.,1.));
#12270=DIRECTION('',(1.,0.,0.));
#12271=DIRECTION('',(-0.701849698306126,-0.712325066937561,0.));
#12272=DIRECTION('',(0.,0.,1.));
#12273=DIRECTION('',(1.,0.,0.));
#12274=DIRECTION('',(0.701849698306127,0.712325066937559,0.));
#12275=DIRECTION('',(0.,0.,1.));
#12276=DIRECTION('',(1.,0.,0.));
#12277=DIRECTION('',(0.,1.,0.));
#12278=DIRECTION('',(0.,0.,1.));
#12279=DIRECTION('',(1.,0.,0.));
#12280=DIRECTION('',(0.,-1.,0.));
#12281=DIRECTION('',(0.,0.,1.));
#12282=DIRECTION('',(1.,0.,0.));
#12283=DIRECTION('',(1.08037028385963E-15,1.,0.));
#12284=DIRECTION('',(0.,0.,1.));
#12285=DIRECTION('',(1.,0.,0.));
#12286=DIRECTION('',(-8.29426862160397E-16,-1.,0.));
#12287=DIRECTION('',(0.,0.,1.));
#12288=DIRECTION('',(1.,0.,0.));
#12289=DIRECTION('',(0.701849698306122,-0.712325066937564,0.));
#12290=DIRECTION('',(0.,0.,1.));
#12291=DIRECTION('',(1.,0.,0.));
#12292=DIRECTION('',(0.,0.,1.));
#12293=DIRECTION('',(1.,0.,0.));
#12294=DIRECTION('',(0.,0.,-1.));
#12295=DIRECTION('',(1.,0.,0.));
#12296=DIRECTION('',(0.,0.,1.));
#12297=DIRECTION('',(1.,0.,0.));
#12298=DIRECTION('',(-0.701849698306126,-0.712325066937561,0.));
#12299=DIRECTION('',(0.,0.,-1.));
#12300=DIRECTION('',(-1.,0.,0.));
#12301=DIRECTION('',(0.701849698306127,0.712325066937559,0.));
#12302=DIRECTION('',(0.,0.,1.));
#12303=DIRECTION('',(-1.,0.,0.));
#12304=DIRECTION('',(0.,0.,1.));
#12305=DIRECTION('',(1.,0.,0.));
#12306=DIRECTION('',(0.,0.,1.));
#12307=DIRECTION('',(1.,0.,0.));
#12308=DIRECTION('',(0.,0.,1.));
#12309=DIRECTION('',(1.,0.,0.));
#12310=DIRECTION('',(0.,0.,1.));
#12311=DIRECTION('',(1.,0.,0.));
#12312=DIRECTION('',(0.,0.,1.));
#12313=DIRECTION('',(-1.,0.,0.));
#12314=DIRECTION('',(-0.701849698306127,0.712325066937559,0.));
#12315=DIRECTION('',(0.,0.,-1.));
#12316=DIRECTION('',(-1.,0.,0.));
#12317=DIRECTION('',(0.701849698306124,-0.712325066937563,0.));
#12318=DIRECTION('',(0.,0.,1.));
#12319=DIRECTION('',(1.,0.,0.));
#12320=DIRECTION('',(0.,0.,1.));
#12321=DIRECTION('',(1.,0.,0.));
#12322=DIRECTION('',(0.,0.,1.));
#12323=DIRECTION('',(1.,0.,0.));
#12324=DIRECTION('',(0.,0.,1.));
#12325=DIRECTION('',(1.,0.,0.));
#12326=DIRECTION('',(0.701849698306129,0.712325066937558,0.));
#12327=DIRECTION('',(0.,0.,-1.));
#12328=DIRECTION('',(-1.,0.,0.));
#12329=DIRECTION('',(-0.701849698306125,-0.712325066937561,0.));
#12330=DIRECTION('',(0.,0.,1.));
#12331=DIRECTION('',(-1.,0.,0.));
#12332=DIRECTION('',(0.,0.,1.));
#12333=DIRECTION('',(1.,0.,0.));
#12334=DIRECTION('',(0.,0.,1.));
#12335=DIRECTION('',(1.,0.,0.));
#12336=DIRECTION('',(0.,0.,1.));
#12337=DIRECTION('',(1.,0.,0.));
#12338=DIRECTION('',(0.,0.,1.));
#12339=DIRECTION('',(1.,0.,0.));
#12340=DIRECTION('',(0.,1.,0.));
#12341=DIRECTION('',(-1.,-4.28211537728176E-16,0.));
#12342=DIRECTION('',(0.,0.,-1.));
#12343=DIRECTION('',(1.,0.,0.));
#12344=DIRECTION('',(1.,4.28211537728176E-15,0.));
#12345=DIRECTION('',(8.00757626481223E-15,-1.,0.));
#12346=DIRECTION('',(0.,0.,1.));
#12347=DIRECTION('',(1.,0.,0.));
#12348=DIRECTION('',(-1.08037028385963E-15,1.,0.));
#12349=DIRECTION('',(0.,0.,-1.));
#12350=DIRECTION('',(1.,0.,0.));
#12351=DIRECTION('',(-5.61792547607008E-15,1.,0.));
#12352=DIRECTION('',(0.,0.,-1.));
#12353=DIRECTION('',(1.,0.,0.));
#12354=DIRECTION('',(1.20113643972182E-14,-1.,0.));
#12355=DIRECTION('',(-1.,-2.14105768864088E-15,0.));
#12356=DIRECTION('',(0.,0.,1.));
#12357=DIRECTION('',(-1.,0.,0.));
#12358=DIRECTION('',(1.,4.28211537728176E-16,0.));
#12359=DIRECTION('',(0.,0.,1.));
#12360=DIRECTION('',(1.,0.,0.));
#12361=DIRECTION('',(-8.29426862160397E-16,-1.,0.));
#12362=DIRECTION('',(0.,0.,-1.));
#12363=DIRECTION('',(1.,0.,0.));
#12364=DIRECTION('',(1.08037028385963E-15,1.,0.));
#12365=DIRECTION('',(0.,0.,-1.));
#12366=DIRECTION('',(1.,0.,0.));
#12367=DIRECTION('',(0.,-1.,0.));
#12368=DIRECTION('',(0.,0.,-1.));
#12369=DIRECTION('',(1.,0.,0.));
#12370=DIRECTION('',(0.,0.,1.));
#12371=DIRECTION('',(1.,0.,0.));
#12372=DIRECTION('',(0.,0.,1.));
#12373=DIRECTION('',(1.,0.,0.));
#12374=DIRECTION('',(0.,0.,1.));
#12375=DIRECTION('',(1.,0.,0.));
#12376=DIRECTION('',(0.,0.,1.));
#12377=DIRECTION('',(-1.,0.,0.));
#12378=DIRECTION('',(0.701849698306122,-0.712325066937564,0.));
#12379=DIRECTION('',(0.,0.,-1.));
#12380=DIRECTION('',(-1.,0.,0.));
#12381=DIRECTION('',(-0.701849698306126,0.712325066937561,0.));
#12382=DIRECTION('',(-0.712325066937564,-0.701849698306122,0.));
#12383=DIRECTION('',(0.701849698306122,-0.712325066937564,0.));
#12384=DIRECTION('',(0.,0.,1.));
#12385=DIRECTION('',(0.,0.,1.));
#12386=DIRECTION('',(-1.,8.29426862160397E-16,0.));
#12387=DIRECTION('',(-8.29426862160397E-16,-1.,0.));
#12388=DIRECTION('',(0.,0.,1.));
#12389=DIRECTION('',(0.,0.,1.));
#12390=DIRECTION('',(0.,0.,1.));
#12391=DIRECTION('',(1.,0.,0.));
#12392=DIRECTION('',(0.,0.,1.));
#12393=DIRECTION('',(1.,-1.08037028385963E-15,0.));
#12394=DIRECTION('',(1.08037028385963E-15,1.,0.));
#12395=DIRECTION('',(0.,0.,1.));
#12396=DIRECTION('',(0.,0.,1.));
#12397=DIRECTION('',(1.,0.,0.));
#12398=DIRECTION('',(0.,0.,1.));
#12399=DIRECTION('',(-1.,0.,0.));
#12400=DIRECTION('',(0.,0.,1.));
#12401=DIRECTION('',(0.,0.,1.));
#12402=DIRECTION('',(0.,0.,1.));
#12403=DIRECTION('',(1.,0.,0.));
#12404=DIRECTION('',(0.,0.,1.));
#12405=DIRECTION('',(1.,0.,0.));
#12406=DIRECTION('',(0.,0.,-1.));
#12407=DIRECTION('',(0.,0.,1.));
#12408=DIRECTION('',(0.712325066937559,-0.701849698306127,0.));
#12409=DIRECTION('',(0.701849698306127,0.712325066937559,0.));
#12410=DIRECTION('',(0.,0.,1.));
#12411=DIRECTION('',(0.,0.,1.));
#12412=DIRECTION('',(0.,0.,1.));
#12413=DIRECTION('',(1.,0.,0.));
#12414=DIRECTION('',(0.,0.,1.));
#12415=DIRECTION('',(-0.712325066937561,0.701849698306125,0.));
#12416=DIRECTION('',(-0.701849698306126,-0.712325066937561,0.));
#12417=DIRECTION('',(0.,0.,1.));
#12418=DIRECTION('',(0.,0.,1.));
#12419=DIRECTION('',(1.,0.,0.));
#12420=DIRECTION('',(0.,0.,1.));
#12421=DIRECTION('',(-4.28211537728176E-16,1.,0.));
#12422=DIRECTION('',(-1.,-4.28211537728176E-16,0.));
#12423=DIRECTION('',(0.,0.,1.));
#12424=DIRECTION('',(0.,0.,1.));
#12425=DIRECTION('',(1.,0.,0.));
#12426=DIRECTION('',(0.,0.,1.));
#12427=DIRECTION('',(4.28211537728176E-15,-1.,0.));
#12428=DIRECTION('',(1.,4.28211537728176E-15,0.));
#12429=DIRECTION('',(0.,0.,1.));
#12430=DIRECTION('',(-0.712325066937563,-0.701849698306124,0.));
#12431=DIRECTION('',(0.701849698306124,-0.712325066937563,0.));
#12432=DIRECTION('',(0.,0.,1.));
#12433=DIRECTION('',(0.,0.,1.));
#12434=DIRECTION('',(0.,0.,1.));
#12435=DIRECTION('',(1.,0.,0.));
#12436=DIRECTION('',(0.,0.,1.));
#12437=DIRECTION('',(0.712325066937559,0.701849698306127,0.));
#12438=DIRECTION('',(-0.701849698306127,0.712325066937559,0.));
#12439=DIRECTION('',(0.,0.,1.));
#12440=DIRECTION('',(0.,0.,1.));
#12441=DIRECTION('',(1.,0.,0.));
#12442=DIRECTION('',(0.,0.,1.));
#12443=DIRECTION('',(-1.,-8.00757626481223E-15,0.));
#12444=DIRECTION('',(8.00757626481223E-15,-1.,0.));
#12445=DIRECTION('',(0.,0.,1.));
#12446=DIRECTION('',(0.,0.,1.));
#12447=DIRECTION('',(1.,0.,0.));
#12448=DIRECTION('',(0.,0.,1.));
#12449=DIRECTION('',(1.,1.08037028385963E-15,0.));
#12450=DIRECTION('',(-1.08037028385963E-15,1.,0.));
#12451=DIRECTION('',(0.,0.,1.));
#12452=DIRECTION('',(0.,0.,1.));
#12453=DIRECTION('',(1.,0.,0.));
#12454=DIRECTION('',(0.,0.,1.));
#12455=DIRECTION('',(1.,5.61792547607007E-15,0.));
#12456=DIRECTION('',(-5.61792547607008E-15,1.,0.));
#12457=DIRECTION('',(0.,0.,1.));
#12458=DIRECTION('',(0.,0.,1.));
#12459=DIRECTION('',(1.,0.,0.));
#12460=DIRECTION('',(0.,0.,1.));
#12461=DIRECTION('',(-1.,-1.20113643972182E-14,0.));
#12462=DIRECTION('',(1.20113643972182E-14,-1.,0.));
#12463=DIRECTION('',(0.,0.,1.));
#12464=DIRECTION('',(-0.712325066937561,0.701849698306125,0.));
#12465=DIRECTION('',(-0.701849698306125,-0.712325066937561,0.));
#12466=DIRECTION('',(0.,0.,1.));
#12467=DIRECTION('',(0.,0.,1.));
#12468=DIRECTION('',(0.,0.,1.));
#12469=DIRECTION('',(1.,0.,0.));
#12470=DIRECTION('',(0.,0.,1.));
#12471=DIRECTION('',(0.712325066937558,-0.701849698306129,0.));
#12472=DIRECTION('',(0.701849698306129,0.712325066937558,0.));
#12473=DIRECTION('',(0.,0.,1.));
#12474=DIRECTION('',(0.,0.,1.));
#12475=DIRECTION('',(1.,0.,0.));
#12476=DIRECTION('',(0.,0.,1.));
#12477=DIRECTION('',(-2.14105768864088E-15,1.,0.));
#12478=DIRECTION('',(-1.,-2.14105768864088E-15,0.));
#12479=DIRECTION('',(0.,0.,1.));
#12480=DIRECTION('',(0.,0.,1.));
#12481=DIRECTION('',(1.,0.,0.));
#12482=DIRECTION('',(0.,0.,1.));
#12483=DIRECTION('',(4.28211537728176E-16,-1.,0.));
#12484=DIRECTION('',(1.,4.28211537728176E-16,0.));
#12485=DIRECTION('',(0.,0.,1.));
#12486=DIRECTION('',(0.,0.,1.));
#12487=DIRECTION('',(1.,0.,0.));
#12488=DIRECTION('',(0.,0.,1.));
#12489=DIRECTION('',(0.712325066937561,0.701849698306125,0.));
#12490=DIRECTION('',(-0.701849698306126,0.712325066937561,0.));
#12491=DIRECTION('',(0.,0.,1.));
#12492=DIRECTION('',(0.,0.,1.));
#12493=DIRECTION('',(1.,0.,0.));
#12494=CARTESIAN_POINT('',(0.,0.,0.));
#12495=CARTESIAN_POINT('',(-4.14839780945771,12.0794887948596,-9.41909117417794));
#12496=CARTESIAN_POINT('',(-4.14839780945771,12.0794887948596,-9.41909117417794));
#12497=CARTESIAN_POINT('',(-3.84839780945771,12.0794887948596,-9.41909117417794));
#12498=CARTESIAN_POINT('',(-4.14839780945771,12.0794887948596,-9.41909117417794));
#12499=CARTESIAN_POINT('',(-4.14839780945771,12.0794887948596,-9.05));
#12500=CARTESIAN_POINT('',(-4.44839780945771,12.0794887948596,-9.05));
#12501=CARTESIAN_POINT('',(-4.14839780945771,12.0794887948596,-9.05));
#12502=CARTESIAN_POINT('',(-4.14839780945771,12.0794887948596,-9.));
#12503=CARTESIAN_POINT('',(-4.49839780945771,12.0794887948596,-9.));
#12504=CARTESIAN_POINT('',(6.41265521360667E-16,10.4730066010041,-16.5));
#12505=CARTESIAN_POINT('',(6.73533494602307E-16,11.,-16.5));
#12506=CARTESIAN_POINT('',(-0.526993398995886,11.,-16.5));
#12507=CARTESIAN_POINT('',(6.73533494602307E-16,11.,-15.9890570857657));
#12508=CARTESIAN_POINT('',(6.73533494602307E-16,11.,-15.9890570857657));
#12509=CARTESIAN_POINT('',(-0.799999999999996,11.,-15.9890570857657));
#12510=CARTESIAN_POINT('',(-2.66254691293644,14.0550089113798,-18.620860639793));
#12511=CARTESIAN_POINT('',(-4.62591646382453,14.775,-15.5480295303145));
#12512=CARTESIAN_POINT('',(-2.66254691293644,14.775,-18.620860639793));
#12513=CARTESIAN_POINT('',(-2.975,14.775,-18.1318464520426));
#12514=CARTESIAN_POINT('',(-2.975,14.0550089113798,-18.1318464520426));
#12515=CARTESIAN_POINT('',(-2.975,15.225,-18.1318464520426));
#12516=CARTESIAN_POINT('',(-2.66254691293644,15.225,-18.620860639793));
#12517=CARTESIAN_POINT('',(-2.66254691293644,15.225,-18.620860639793));
#12518=CARTESIAN_POINT('',(-2.66254691293644,14.0550089113798,-18.620860639793));
#12519=CARTESIAN_POINT('',(-2.025,14.0550089113798,-18.1318464520426));
#12520=CARTESIAN_POINT('',(-2.025,14.0550089113798,-18.1318464520426));
#12521=CARTESIAN_POINT('',(-2.025,14.775,-18.1318464520426));
#12522=CARTESIAN_POINT('',(-2.025,15.225,-18.1318464520426));
#12523=CARTESIAN_POINT('',(-2.025,15.225,-18.1318464520426));
#12524=CARTESIAN_POINT('',(-2.025,15.225,-14.8986025991835));
#12525=CARTESIAN_POINT('',(-2.025,14.0550089113798,-14.8986025991835));
#12526=CARTESIAN_POINT('',(-2.025,14.775,-14.8986025991835));
#12527=CARTESIAN_POINT('',(-2.025,14.775,-13.6306094704689));
#12528=CARTESIAN_POINT('',(-2.33745308706355,14.0550089113798,-18.620860639793));
#12529=CARTESIAN_POINT('',(-2.33745308706355,14.0550089113798,-18.620860639793));
#12530=CARTESIAN_POINT('',(-2.33745308706355,14.775,-18.620860639793));
#12531=CARTESIAN_POINT('',(-2.33745308706355,15.225,-18.620860639793));
#12532=CARTESIAN_POINT('',(-2.33745308706355,15.225,-18.620860639793));
#12533=CARTESIAN_POINT('',(0.133239819841614,14.775,-14.7540277132703));
#12534=CARTESIAN_POINT('',(-1.625,14.775,-18.620860639793));
#12535=CARTESIAN_POINT('',(-1.625,15.225,-18.620860639793));
#12536=CARTESIAN_POINT('',(-1.625,14.775,-18.620860639793));
#12537=CARTESIAN_POINT('',(-2.975,14.0550089113798,-18.1318464520426));
#12538=CARTESIAN_POINT('',(-2.975,14.775,-13.6306094704689));
#12539=CARTESIAN_POINT('',(-2.975,14.775,-14.8986025991835));
#12540=CARTESIAN_POINT('',(-2.975,14.0550089113798,-14.8986025991835));
#12541=CARTESIAN_POINT('',(-2.975,15.225,-14.8986025991835));
#12542=CARTESIAN_POINT('',(-2.975,15.225,-18.1318464520426));
#12543=CARTESIAN_POINT('',(-3.025,-16.1285612420793,-18.1318464520426));
#12544=CARTESIAN_POINT('',(-3.025,-15.225,-13.5971811817173));
#12545=CARTESIAN_POINT('',(-3.025,-15.225,-14.8986025991835));
#12546=CARTESIAN_POINT('',(-3.025,-15.225,-18.1318464520426));
#12547=CARTESIAN_POINT('',(-3.025,-16.1285612420793,-18.1318464520426));
#12548=CARTESIAN_POINT('',(-3.025,-14.775,-18.1318464520426));
#12549=CARTESIAN_POINT('',(-3.025,-14.775,-13.6306094704689));
#12550=CARTESIAN_POINT('',(-3.025,-14.775,-14.8986025991835));
#12551=CARTESIAN_POINT('',(-3.025,-16.1285612420793,-14.8986025991835));
#12552=CARTESIAN_POINT('',(-3.975,-16.1285612420793,-18.1318464520426));
#12553=CARTESIAN_POINT('',(-3.975,-16.1285612420793,-14.8986025991835));
#12554=CARTESIAN_POINT('',(-3.975,-15.225,-14.8986025991835));
#12555=CARTESIAN_POINT('',(-3.975,-14.775,-14.8986025991835));
#12556=CARTESIAN_POINT('',(-3.975,-14.775,-13.6306094704689));
#12557=CARTESIAN_POINT('',(-3.975,-14.775,-18.1318464520426));
#12558=CARTESIAN_POINT('',(-3.975,-16.1285612420793,-18.1318464520426));
#12559=CARTESIAN_POINT('',(-3.975,-15.225,-18.1318464520426));
#12560=CARTESIAN_POINT('',(-3.975,-15.225,-13.5971811817173));
#12561=CARTESIAN_POINT('',(-3.66254691293645,-16.1285612420793,-18.620860639793));
#12562=CARTESIAN_POINT('',(-5.62591646382453,-14.775,-15.5480295303145));
#12563=CARTESIAN_POINT('',(-3.66254691293645,-14.775,-18.620860639793));
#12564=CARTESIAN_POINT('',(-3.66254691293645,-16.1285612420793,-18.620860639793));
#12565=CARTESIAN_POINT('',(-3.66254691293645,-15.225,-18.620860639793));
#12566=CARTESIAN_POINT('',(-5.64108339068706,-15.225,-15.5242920710688));
#12567=CARTESIAN_POINT('',(-2.625,-14.775,-18.620860639793));
#12568=CARTESIAN_POINT('',(-3.33745308706356,-16.1285612420793,-18.620860639793));
#12569=CARTESIAN_POINT('',(-3.33745308706356,-15.225,-18.620860639793));
#12570=CARTESIAN_POINT('',(-3.33745308706356,-14.775,-18.620860639793));
#12571=CARTESIAN_POINT('',(-2.625,-15.225,-18.620860639793));
#12572=CARTESIAN_POINT('',(-2.625,-14.775,-18.620860639793));
#12573=CARTESIAN_POINT('',(-3.33745308706356,-16.1285612420793,-18.620860639793));
#12574=CARTESIAN_POINT('',(-0.851593253295855,-15.225,-14.7302902540247));
#12575=CARTESIAN_POINT('',(-0.866760180158389,-14.775,-14.7540277132703));
#12576=CARTESIAN_POINT('',(3.975,-16.1285612420793,-18.1318464520426));
#12577=CARTESIAN_POINT('',(3.975,-14.775,-13.6306094704689));
#12578=CARTESIAN_POINT('',(3.975,-14.775,-18.1318464520426));
#12579=CARTESIAN_POINT('',(3.975,-14.775,-14.8986025991835));
#12580=CARTESIAN_POINT('',(3.975,-16.1285612420793,-14.8986025991835));
#12581=CARTESIAN_POINT('',(3.975,-15.225,-14.8986025991835));
#12582=CARTESIAN_POINT('',(3.975,-15.225,-13.5971811817173));
#12583=CARTESIAN_POINT('',(3.975,-15.225,-18.1318464520426));
#12584=CARTESIAN_POINT('',(3.975,-16.1285612420793,-18.1318464520426));
#12585=CARTESIAN_POINT('',(3.025,-16.1285612420793,-18.1318464520426));
#12586=CARTESIAN_POINT('',(3.025,-16.1285612420793,-18.1318464520426));
#12587=CARTESIAN_POINT('',(3.025,-15.225,-18.1318464520426));
#12588=CARTESIAN_POINT('',(3.025,-14.775,-18.1318464520426));
#12589=CARTESIAN_POINT('',(3.025,-15.225,-13.5971811817173));
#12590=CARTESIAN_POINT('',(3.025,-15.225,-14.8986025991835));
#12591=CARTESIAN_POINT('',(3.025,-16.1285612420793,-14.8986025991835));
#12592=CARTESIAN_POINT('',(3.025,-14.775,-14.8986025991835));
#12593=CARTESIAN_POINT('',(3.025,-14.775,-13.6306094704689));
#12594=CARTESIAN_POINT('',(3.33745308706355,-16.1285612420793,-18.620860639793));
#12595=CARTESIAN_POINT('',(3.33745308706355,-16.1285612420793,-18.620860639793));
#12596=CARTESIAN_POINT('',(3.33745308706355,-15.225,-18.620860639793));
#12597=CARTESIAN_POINT('',(3.33745308706355,-14.775,-18.620860639793));
#12598=CARTESIAN_POINT('',(1.35891660931294,-15.225,-15.5242920710688));
#12599=CARTESIAN_POINT('',(1.37408353617547,-14.775,-15.5480295303145));
#12600=CARTESIAN_POINT('',(4.375,-14.775,-18.620860639793));
#12601=CARTESIAN_POINT('',(3.66254691293644,-16.1285612420793,-18.620860639793));
#12602=CARTESIAN_POINT('',(3.66254691293644,-15.225,-18.620860639793));
#12603=CARTESIAN_POINT('',(3.66254691293644,-14.775,-18.620860639793));
#12604=CARTESIAN_POINT('',(4.375,-15.225,-18.620860639793));
#12605=CARTESIAN_POINT('',(4.375,-14.775,-18.620860639793));
#12606=CARTESIAN_POINT('',(3.66254691293644,-16.1285612420793,-18.620860639793));
#12607=CARTESIAN_POINT('',(6.13323981984161,-14.775,-14.7540277132703));
#12608=CARTESIAN_POINT('',(6.14840674670415,-15.225,-14.7302902540247));
#12609=CARTESIAN_POINT('',(6.73533494602307E-16,11.,-14.3));
#12610=CARTESIAN_POINT('',(6.73533494602307E-16,11.,-15.));
#12611=CARTESIAN_POINT('',(-0.799999999999996,11.,-15.));
#12612=CARTESIAN_POINT('',(-6.73533494602307E-16,-11.,-16.5));
#12613=CARTESIAN_POINT('',(-6.73533494602307E-16,-11.,-16.5));
#12614=CARTESIAN_POINT('',(0.544010208071718,-11.,-16.5));
#12615=CARTESIAN_POINT('',(0.,0.,-13.682489374308));
#12616=CARTESIAN_POINT('',(0.,0.,-13.217510625692));
#12617=CARTESIAN_POINT('',(12.5449157887606,5.98624154648844,-13.217510625692));
#12618=CARTESIAN_POINT('',(13.3219613001228,3.96678044741948,-13.217510625692));
#12619=CARTESIAN_POINT('',(13.3219613001228,3.96678044741948,-13.682489374308));
#12620=CARTESIAN_POINT('',(13.3219613001228,3.96678044741948,-13.5999761538596));
#12621=CARTESIAN_POINT('',(0.,0.,-13.5999761538596));
#12622=CARTESIAN_POINT('',(12.5449157887606,5.98624154648844,-13.5999761538596));
#12623=CARTESIAN_POINT('',(12.5449157887606,5.98624154648844,-13.682489374308));
#12624=CARTESIAN_POINT('',(-2.025,14.0550089113798,-14.8986025991835));
#12625=CARTESIAN_POINT('',(-2.025,15.225,-14.8986025991835));
#12626=CARTESIAN_POINT('',(-1.625,15.225,-14.4564494035525));
#12627=CARTESIAN_POINT('',(-1.625,14.0550089113798,-14.4564494035525));
#12628=CARTESIAN_POINT('',(-1.625,14.775,-14.4564494035525));
#12629=CARTESIAN_POINT('',(-1.21414393017584,14.775,-14.0022960930095));
#12630=CARTESIAN_POINT('',(-1.625,15.225,-13.5971811817173));
#12631=CARTESIAN_POINT('',(-2.975,15.225,-14.8986025991835));
#12632=CARTESIAN_POINT('',(-3.375,15.225,-14.4564494035525));
#12633=CARTESIAN_POINT('',(-3.375,15.225,-13.5971811817173));
#12634=CARTESIAN_POINT('',(-3.375,15.225,-13.5971811817173));
#12635=CARTESIAN_POINT('',(-1.625,15.225,-13.5971811817173));
#12636=CARTESIAN_POINT('',(-1.625,15.225,-13.5971811817173));
#12637=CARTESIAN_POINT('',(-1.625,15.225,-13.5971811817173));
#12638=CARTESIAN_POINT('',(-1.625,14.775,-13.6306094704689));
#12639=CARTESIAN_POINT('',(-1.625,14.775,-13.6306094704689));
#12640=CARTESIAN_POINT('',(-1.625,14.775,-13.6306094704689));
#12641=CARTESIAN_POINT('',(-1.625,14.775,-13.6306094704689));
#12642=CARTESIAN_POINT('',(-3.375,14.775,-13.6306094704689));
#12643=CARTESIAN_POINT('',(-3.375,14.775,-13.6306094704689));
#12644=CARTESIAN_POINT('',(-3.375,14.775,-14.4564494035525));
#12645=CARTESIAN_POINT('',(-2.99823178164349,14.775,-14.8729225829488));
#12646=CARTESIAN_POINT('',(-2.975,14.0550089113798,-14.8986025991835));
#12647=CARTESIAN_POINT('',(-3.375,14.0550089113798,-14.4564494035525));
#12648=CARTESIAN_POINT('',(-1.625,14.8084282887516,-13.5971811817173));
#12649=CARTESIAN_POINT('',(-3.375,14.8084282887516,-13.5971811817173));
#12650=CARTESIAN_POINT('',(-3.375,14.8084282887516,-13.1806094704689));
#12651=CARTESIAN_POINT('',(-1.625,14.8084282887516,-13.1806094704689));
#12652=CARTESIAN_POINT('',(-1.625,14.8084282887516,-13.1806094704689));
#12653=CARTESIAN_POINT('',(-1.625,14.8084282887516,-13.5971811817173));
#12654=CARTESIAN_POINT('',(0.,0.,-13.682489374308));
#12655=CARTESIAN_POINT('',(0.,0.,-13.217510625692));
#12656=CARTESIAN_POINT('',(-12.5449157887606,5.98624154648844,-13.217510625692));
#12657=CARTESIAN_POINT('',(-13.3219613001228,3.9667804474195,-13.217510625692));
#12658=CARTESIAN_POINT('',(-12.5449157887606,5.98624154648844,-13.682489374308));
#12659=CARTESIAN_POINT('',(-12.5449157887606,5.98624154648844,-13.5999761538596));
#12660=CARTESIAN_POINT('',(0.,0.,-13.5999761538596));
#12661=CARTESIAN_POINT('',(-13.3219613001228,3.9667804474195,-13.5999761538596));
#12662=CARTESIAN_POINT('',(-13.3219613001228,3.9667804474195,-13.682489374308));
#12663=CARTESIAN_POINT('',(0.,0.,-13.682489374308));
#12664=CARTESIAN_POINT('',(0.,0.,-13.217510625692));
#12665=CARTESIAN_POINT('',(-12.5449157887606,-5.98624154648844,-13.217510625692));
#12666=CARTESIAN_POINT('',(-13.3219613001228,-3.9667804474195,-13.217510625692));
#12667=CARTESIAN_POINT('',(-13.3219613001228,-3.9667804474195,-13.682489374308));
#12668=CARTESIAN_POINT('',(-13.3219613001228,-3.9667804474195,-13.5999761538596));
#12669=CARTESIAN_POINT('',(0.,0.,-13.5999761538596));
#12670=CARTESIAN_POINT('',(-12.5449157887606,-5.98624154648844,-13.5999761538596));
#12671=CARTESIAN_POINT('',(-12.5449157887606,-5.98624154648844,-13.682489374308));
#12672=CARTESIAN_POINT('',(-3.025,-16.1285612420793,-14.8986025991835));
#12673=CARTESIAN_POINT('',(-2.19751332806129,-15.225,-13.983912908334));
#12674=CARTESIAN_POINT('',(-2.625,-15.225,-14.4564494035525));
#12675=CARTESIAN_POINT('',(-2.21414393017585,-14.775,-14.0022960930095));
#12676=CARTESIAN_POINT('',(-2.625,-14.775,-14.4564494035525));
#12677=CARTESIAN_POINT('',(-2.625,-16.1285612420793,-14.4564494035525));
#12678=CARTESIAN_POINT('',(-2.625,-14.8084282887516,-13.5971811817173));
#12679=CARTESIAN_POINT('',(-4.375,-14.8084282887516,-13.5971811817173));
#12680=CARTESIAN_POINT('',(-4.375,-15.225,-13.5971811817173));
#12681=CARTESIAN_POINT('',(-4.375,-14.8084282887516,-13.1806094704689));
#12682=CARTESIAN_POINT('',(-2.625,-15.225,-13.5971811817173));
#12683=CARTESIAN_POINT('',(-2.625,-15.225,-13.5971811817173));
#12684=CARTESIAN_POINT('',(-2.625,-14.8084282887516,-13.5971811817173));
#12685=CARTESIAN_POINT('',(-2.625,-14.8084282887516,-13.1806094704689));
#12686=CARTESIAN_POINT('',(-2.625,-14.8084282887516,-13.1806094704689));
#12687=CARTESIAN_POINT('',(-2.625,-15.225,-13.5971811817173));
#12688=CARTESIAN_POINT('',(-2.625,-15.225,-13.5971811817173));
#12689=CARTESIAN_POINT('',(-4.375,-15.225,-13.5971811817173));
#12690=CARTESIAN_POINT('',(-4.375,-15.225,-14.4564494035525));
#12691=CARTESIAN_POINT('',(-4.01486238375804,-15.225,-14.8545393982733));
#12692=CARTESIAN_POINT('',(-3.975,-16.1285612420793,-14.8986025991835));
#12693=CARTESIAN_POINT('',(-4.375,-16.1285612420793,-14.4564494035525));
#12694=CARTESIAN_POINT('',(-4.375,-14.775,-14.4564494035525));
#12695=CARTESIAN_POINT('',(-3.99823178164349,-14.775,-14.8729225829488));
#12696=CARTESIAN_POINT('',(-2.625,-14.775,-13.6306094704689));
#12697=CARTESIAN_POINT('',(-4.375,-14.775,-13.6306094704689));
#12698=CARTESIAN_POINT('',(-4.375,-14.775,-13.6306094704689));
#12699=CARTESIAN_POINT('',(-2.625,-14.775,-13.6306094704689));
#12700=CARTESIAN_POINT('',(-2.625,-14.775,-13.6306094704689));
#12701=CARTESIAN_POINT('',(-2.625,-14.775,-13.6306094704689));
#12702=CARTESIAN_POINT('',(3.975,-16.1285612420793,-14.8986025991835));
#12703=CARTESIAN_POINT('',(4.78585606982415,-14.775,-14.0022960930095));
#12704=CARTESIAN_POINT('',(4.375,-14.775,-14.4564494035525));
#12705=CARTESIAN_POINT('',(4.375,-16.1285612420793,-14.4564494035525));
#12706=CARTESIAN_POINT('',(4.375,-15.225,-14.4564494035525));
#12707=CARTESIAN_POINT('',(4.80248667193871,-15.225,-13.983912908334));
#12708=CARTESIAN_POINT('',(4.375,-14.8084282887516,-13.5971811817173));
#12709=CARTESIAN_POINT('',(2.625,-14.8084282887516,-13.5971811817173));
#12710=CARTESIAN_POINT('',(2.625,-15.225,-13.5971811817173));
#12711=CARTESIAN_POINT('',(2.625,-14.8084282887516,-13.1806094704689));
#12712=CARTESIAN_POINT('',(4.375,-15.225,-13.5971811817173));
#12713=CARTESIAN_POINT('',(4.375,-15.225,-13.5971811817173));
#12714=CARTESIAN_POINT('',(4.375,-14.8084282887516,-13.5971811817173));
#12715=CARTESIAN_POINT('',(4.375,-14.8084282887516,-13.1806094704689));
#12716=CARTESIAN_POINT('',(4.375,-14.8084282887516,-13.1806094704689));
#12717=CARTESIAN_POINT('',(4.375,-15.225,-13.5971811817173));
#12718=CARTESIAN_POINT('',(4.375,-15.225,-13.5971811817173));
#12719=CARTESIAN_POINT('',(2.625,-15.225,-13.5971811817173));
#12720=CARTESIAN_POINT('',(2.625,-15.225,-14.4564494035525));
#12721=CARTESIAN_POINT('',(2.98513761624196,-15.225,-14.8545393982733));
#12722=CARTESIAN_POINT('',(3.025,-16.1285612420793,-14.8986025991835));
#12723=CARTESIAN_POINT('',(2.625,-16.1285612420793,-14.4564494035525));
#12724=CARTESIAN_POINT('',(2.625,-14.775,-14.4564494035525));
#12725=CARTESIAN_POINT('',(3.00176821835651,-14.775,-14.8729225829488));
#12726=CARTESIAN_POINT('',(4.375,-14.775,-13.6306094704689));
#12727=CARTESIAN_POINT('',(2.625,-14.775,-13.6306094704689));
#12728=CARTESIAN_POINT('',(2.625,-14.775,-13.6306094704689));
#12729=CARTESIAN_POINT('',(4.375,-14.775,-13.6306094704689));
#12730=CARTESIAN_POINT('',(4.375,-14.775,-13.6306094704689));
#12731=CARTESIAN_POINT('',(4.375,-14.775,-13.6306094704689));
#12732=CARTESIAN_POINT('',(0.,0.,-13.682489374308));
#12733=CARTESIAN_POINT('',(0.,0.,-13.217510625692));
#12734=CARTESIAN_POINT('',(12.5449157887606,-5.98624154648843,-13.217510625692));
#12735=CARTESIAN_POINT('',(13.3219613001228,-3.96678044741948,-13.217510625692));
#12736=CARTESIAN_POINT('',(12.5449157887606,-5.98624154648843,-13.682489374308));
#12737=CARTESIAN_POINT('',(12.5449157887606,-5.98624154648843,-13.5999761538596));
#12738=CARTESIAN_POINT('',(0.,0.,-13.5999761538596));
#12739=CARTESIAN_POINT('',(13.3219613001228,-3.96678044741948,-13.5999761538596));
#12740=CARTESIAN_POINT('',(13.3219613001228,-3.96678044741948,-13.682489374308));
#12741=CARTESIAN_POINT('',(0.,0.,-7.85));
#12742=CARTESIAN_POINT('',(0.,0.,0.));
#12743=CARTESIAN_POINT('',(9.98372468572105,3.91801817245966,0.));
#12744=CARTESIAN_POINT('',(3.83656906924005,10.015306424516,0.));
#12745=CARTESIAN_POINT('',(9.98372468572105,3.91801817245966,-7.85));
#12746=CARTESIAN_POINT('',(9.98372468572105,3.91801817245966,-7.85));
#12747=CARTESIAN_POINT('',(0.,0.,-7.85));
#12748=CARTESIAN_POINT('',(3.83656906924005,10.015306424516,-7.85));
#12749=CARTESIAN_POINT('',(3.83656906924005,10.015306424516,-7.85));
#12750=CARTESIAN_POINT('',(0.,0.,-6.96577468103674));
#12751=CARTESIAN_POINT('',(0.,0.,0.));
#12752=CARTESIAN_POINT('',(10.2783635015957,1.74237445144985,0.));
#12753=CARTESIAN_POINT('',(10.2783635015957,-1.74237445144985,0.));
#12754=CARTESIAN_POINT('',(0.,0.,-1.82413409130416));
#12755=CARTESIAN_POINT('',(10.347216601084,-1.27111510503658,-0.493372844696416));
#12756=CARTESIAN_POINT('',(10.347216601084,-1.27111510503658,-6.96577468103674));
#12757=CARTESIAN_POINT('',(10.347216601084,-1.27111510503658,-6.08963589292353));
#12758=CARTESIAN_POINT('',(0.,0.,-6.08963589292353));
#12759=CARTESIAN_POINT('',(10.347216601084,1.27111510503658,-6.08963589292353));
#12760=CARTESIAN_POINT('',(10.347216601084,1.27111510503658,-6.96577468103674));
#12761=CARTESIAN_POINT('',(10.347216601084,1.27111510503658,-0.493372844696416));
#12762=CARTESIAN_POINT('',(0.,0.,-1.82413409130416));
#12763=CARTESIAN_POINT('',(0.,0.,-6.96577468103674));
#12764=CARTESIAN_POINT('',(0.,0.,0.));
#12765=CARTESIAN_POINT('',(-10.2783635015957,-1.74237445144985,0.));
#12766=CARTESIAN_POINT('',(-10.2783635015957,1.74237445144985,0.));
#12767=CARTESIAN_POINT('',(0.,0.,-1.82413409130416));
#12768=CARTESIAN_POINT('',(-10.347216601084,1.27111510503658,-0.493372844696416));
#12769=CARTESIAN_POINT('',(-10.347216601084,1.27111510503658,-6.96577468103674));
#12770=CARTESIAN_POINT('',(-10.347216601084,1.27111510503658,-6.08963589292353));
#12771=CARTESIAN_POINT('',(0.,0.,-6.08963589292353));
#12772=CARTESIAN_POINT('',(-10.347216601084,-1.27111510503658,-6.08963589292353));
#12773=CARTESIAN_POINT('',(-10.347216601084,-1.27111510503658,-6.96577468103674));
#12774=CARTESIAN_POINT('',(-10.347216601084,-1.27111510503658,-0.493372844696416));
#12775=CARTESIAN_POINT('',(0.,0.,-1.82413409130416));
#12776=CARTESIAN_POINT('',(0.,0.,-7.85));
#12777=CARTESIAN_POINT('',(0.,0.,0.));
#12778=CARTESIAN_POINT('',(-3.83656906924007,10.0153064245159,0.));
#12779=CARTESIAN_POINT('',(-9.98372468572105,3.91801817245965,0.));
#12780=CARTESIAN_POINT('',(-3.83656906924007,10.0153064245159,-7.85));
#12781=CARTESIAN_POINT('',(-3.83656906924007,10.0153064245159,-7.85));
#12782=CARTESIAN_POINT('',(0.,0.,-7.85));
#12783=CARTESIAN_POINT('',(-9.98372468572105,3.91801817245965,-7.85));
#12784=CARTESIAN_POINT('',(-9.98372468572105,3.91801817245965,-7.85));
#12785=CARTESIAN_POINT('',(0.,0.,-7.85));
#12786=CARTESIAN_POINT('',(0.,0.,0.));
#12787=CARTESIAN_POINT('',(-3.83656906924007,-10.0153064245159,0.));
#12788=CARTESIAN_POINT('',(-7.46933675720696,-7.69640392699324,0.));
#12789=CARTESIAN_POINT('',(-7.46933675720696,-7.69640392699324,-7.85));
#12790=CARTESIAN_POINT('',(-7.46933675720696,-7.69640392699324,-1.59749012050189));
#12791=CARTESIAN_POINT('',(0.,0.,-1.59749012050189));
#12792=CARTESIAN_POINT('',(-8.55805449791269,-6.46415719260883,-1.59749012050189));
#12793=CARTESIAN_POINT('',(-8.55805449791269,-6.46415719260882,-7.85));
#12794=CARTESIAN_POINT('',(-8.55805449791269,-6.46415719260882,0.));
#12795=CARTESIAN_POINT('',(0.,0.,0.));
#12796=CARTESIAN_POINT('',(-9.98372468572105,-3.91801817245965,0.));
#12797=CARTESIAN_POINT('',(-9.98372468572105,-3.91801817245965,-7.85));
#12798=CARTESIAN_POINT('',(-9.98372468572105,-3.91801817245965,-7.85));
#12799=CARTESIAN_POINT('',(0.,0.,-7.85));
#12800=CARTESIAN_POINT('',(-3.83656906924007,-10.0153064245159,-7.85));
#12801=CARTESIAN_POINT('',(-3.83656906924007,-10.0153064245159,-7.85));
#12802=CARTESIAN_POINT('',(0.,0.,-7.85));
#12803=CARTESIAN_POINT('',(0.,0.,0.));
#12804=CARTESIAN_POINT('',(9.98372468572105,-3.91801817245966,0.));
#12805=CARTESIAN_POINT('',(8.55805449791269,-6.46415719260883,0.));
#12806=CARTESIAN_POINT('',(8.55805449791269,-6.46415719260883,-7.85));
#12807=CARTESIAN_POINT('',(8.55805449791269,-6.46415719260883,-1.59749012050189));
#12808=CARTESIAN_POINT('',(0.,0.,-1.59749012050189));
#12809=CARTESIAN_POINT('',(7.46933675720696,-7.69640392699325,-1.59749012050189));
#12810=CARTESIAN_POINT('',(7.46933675720696,-7.69640392699325,-7.85));
#12811=CARTESIAN_POINT('',(7.46933675720696,-7.69640392699325,0.));
#12812=CARTESIAN_POINT('',(0.,0.,0.));
#12813=CARTESIAN_POINT('',(3.83656906924006,-10.015306424516,0.));
#12814=CARTESIAN_POINT('',(3.83656906924006,-10.015306424516,-7.85));
#12815=CARTESIAN_POINT('',(3.83656906924006,-10.015306424516,-7.85));
#12816=CARTESIAN_POINT('',(0.,0.,-7.85));
#12817=CARTESIAN_POINT('',(9.98372468572105,-3.91801817245966,-7.85));
#12818=CARTESIAN_POINT('',(9.98372468572105,-3.91801817245966,-7.85));
#12819=CARTESIAN_POINT('',(5.93754288623511E-16,9.69706366082813,-15.));
#12820=CARTESIAN_POINT('',(6.73533494602307E-16,11.,-15.));
#12821=CARTESIAN_POINT('',(-0.579338267594347,9.83294804073025,-15.));
#12822=CARTESIAN_POINT('',(0.579338267594348,9.83294804073025,-15.));
#12823=CARTESIAN_POINT('',(0.,0.,-15.));
#12824=CARTESIAN_POINT('',(6.14718363094539,-7.69640392699325,-1.59749012050189));
#12825=CARTESIAN_POINT('',(6.14718363094539,-7.69640392699325,-1.59749012050189));
#12826=CARTESIAN_POINT('',(6.14718363094539,-7.69640392699325,-1.59749012050189));
#12827=CARTESIAN_POINT('',(6.14718363094539,-7.69640392699325,-1.59749012050189));
#12828=CARTESIAN_POINT('',(6.14718363094539,-7.69640392699325,0.));
#12829=CARTESIAN_POINT('',(6.14718363094539,-7.69640392699325,0.));
#12830=CARTESIAN_POINT('',(-7.78895799144937,-7.69640392699324,-1.59749012050189));
#12831=CARTESIAN_POINT('',(-7.78895799144937,-7.69640392699324,-1.59749012050189));
#12832=CARTESIAN_POINT('',(-6.14718363094539,-7.69640392699325,-1.59749012050189));
#12833=CARTESIAN_POINT('',(-7.78895799144937,-7.69640392699324,0.));
#12834=CARTESIAN_POINT('',(-6.14718363094539,-7.69640392699325,0.));
#12835=CARTESIAN_POINT('',(-6.14718363094539,-7.69640392699325,-1.59749012050189));
#12836=CARTESIAN_POINT('',(0.,0.,-1.59749012050189));
#12837=CARTESIAN_POINT('',(-7.43217140472713,-6.46415719260883,-1.59749012050189));
#12838=CARTESIAN_POINT('',(-7.43217140472713,-6.46415719260883,-1.59749012050189));
#12839=CARTESIAN_POINT('',(0.,0.,-1.59749012050189));
#12840=CARTESIAN_POINT('',(-7.43217140472713,-6.46415719260883,-1.59749012050189));
#12841=CARTESIAN_POINT('',(-7.43217140472713,-6.46415719260883,-1.59749012050189));
#12842=CARTESIAN_POINT('',(-7.43217140472713,-6.46415719260883,0.));
#12843=CARTESIAN_POINT('',(-7.43217140472713,-6.46415719260883,0.));
#12844=CARTESIAN_POINT('',(8.83839192326543,-6.46415719260883,-1.59749012050189));
#12845=CARTESIAN_POINT('',(8.83839192326543,-6.46415719260883,-1.59749012050189));
#12846=CARTESIAN_POINT('',(7.43217140472713,-6.46415719260883,-1.59749012050189));
#12847=CARTESIAN_POINT('',(8.83839192326543,-6.46415719260883,0.));
#12848=CARTESIAN_POINT('',(7.43217140472713,-6.46415719260883,0.));
#12849=CARTESIAN_POINT('',(7.43217140472713,-6.46415719260883,-1.59749012050189));
#12850=CARTESIAN_POINT('',(0.,0.,-1.59749012050189));
#12851=CARTESIAN_POINT('',(0.,0.,-1.59749012050189));
#12852=CARTESIAN_POINT('',(-6.73533494602307E-16,-11.,-16.5));
#12853=CARTESIAN_POINT('',(-6.73533494602307E-16,-11.,-15.9890570857657));
#12854=CARTESIAN_POINT('',(0.848497590214476,-11.,-15.9890570857657));
#12855=CARTESIAN_POINT('',(-9.30853151357945,-5.35163187465906,-15.));
#12856=CARTESIAN_POINT('',(-9.30853151357945,-5.35163187465906,-15.));
#12857=CARTESIAN_POINT('',(-10.1835315135795,-5.35163187465906,-15.));
#12858=CARTESIAN_POINT('',(9.30853151357945,-5.35163187465906,-15.));
#12859=CARTESIAN_POINT('',(9.30853151357945,-5.35163187465906,-15.));
#12860=CARTESIAN_POINT('',(8.43353151357945,-5.35163187465906,-15.));
#12861=CARTESIAN_POINT('',(0.,0.,-13.5999761538596));
#12862=CARTESIAN_POINT('',(12.9040556757157,3.9667804474195,-13.5999761538596));
#12863=CARTESIAN_POINT('',(12.1970429001072,3.9667804474195,-13.5999761538596));
#12864=CARTESIAN_POINT('',(0.,0.,-13.5999761538596));
#12865=CARTESIAN_POINT('',(11.3431968497502,5.98624154648843,-13.5999761538596));
#12866=CARTESIAN_POINT('',(11.3431968497502,5.98624154648844,-13.5999761538596));
#12867=CARTESIAN_POINT('',(0.,0.,-13.45));
#12868=CARTESIAN_POINT('',(-3.36786627019124E-14,5.98624154648837,-13.45));
#12869=CARTESIAN_POINT('',(11.3431968497502,5.98624154648844,-13.45));
#12870=CARTESIAN_POINT('',(12.1002029795824,5.98624154648844,-13.45));
#12871=CARTESIAN_POINT('',(0.,0.,-13.45));
#12872=CARTESIAN_POINT('',(10.729526427438,7.02712354153498,-13.45));
#12873=CARTESIAN_POINT('',(10.729526427438,7.02712354153498,-13.45));
#12874=CARTESIAN_POINT('',(11.5269048201156,7.02712354153498,-13.45));
#12875=CARTESIAN_POINT('',(0.,0.,-13.45));
#12876=CARTESIAN_POINT('',(12.1002029795824,5.98624154648844,-13.682489374308));
#12877=CARTESIAN_POINT('',(12.1002029795824,5.98624154648844,-24.3576565571309));
#12878=CARTESIAN_POINT('',(12.1002029795824,5.98624154648844,-13.217510625692));
#12879=CARTESIAN_POINT('',(12.1002029795824,5.98624154648844,-13.217510625692));
#12880=CARTESIAN_POINT('',(11.3431968497502,5.98624154648843,-13.682489374308));
#12881=CARTESIAN_POINT('',(0.,0.,-13.217510625692));
#12882=CARTESIAN_POINT('',(0.,0.,-13.217510625692));
#12883=CARTESIAN_POINT('',(12.9040556757157,3.9667804474195,-13.217510625692));
#12884=CARTESIAN_POINT('',(12.9040556757157,3.9667804474195,-13.217510625692));
#12885=CARTESIAN_POINT('',(12.9040556757157,3.9667804474195,-13.682489374308));
#12886=CARTESIAN_POINT('',(12.9040556757157,3.9667804474195,-24.3576565571309));
#12887=CARTESIAN_POINT('',(12.9040556757157,3.9667804474195,-13.45));
#12888=CARTESIAN_POINT('',(-1.08358864581129E-14,3.96678044741947,-13.45));
#12889=CARTESIAN_POINT('',(12.1970429001072,3.9667804474195,-13.45));
#12890=CARTESIAN_POINT('',(12.1970429001072,3.9667804474195,-13.682489374308));
#12891=CARTESIAN_POINT('',(0.,0.,-13.45));
#12892=CARTESIAN_POINT('',(0.,0.,-13.45));
#12893=CARTESIAN_POINT('',(13.1881215454763,2.88503901217,-13.45));
#12894=CARTESIAN_POINT('',(13.1881215454763,2.88503901217,-13.45));
#12895=CARTESIAN_POINT('',(12.4971897850414,2.88503901217,-13.45));
#12896=CARTESIAN_POINT('',(0.,0.,-13.45));
#12897=CARTESIAN_POINT('',(-1.625,14.8084282887516,-13.5971811817173));
#12898=CARTESIAN_POINT('',(-1.625,13.2662647276531,-13.1806094704689));
#12899=CARTESIAN_POINT('',(-1.625,14.,-13.1806094704689));
#12900=CARTESIAN_POINT('',(-1.625,14.,-15.));
#12901=CARTESIAN_POINT('',(-1.625,14.,-13.6306094704689));
#12902=CARTESIAN_POINT('',(-1.625,13.2662647276531,-13.6306094704689));
#12903=CARTESIAN_POINT('',(-1.625,13.2662647276531,-13.6306094704689));
#12904=CARTESIAN_POINT('',(14.,14.,-13.6306094704689));
#12905=CARTESIAN_POINT('',(-3.375,14.,-13.6306094704689));
#12906=CARTESIAN_POINT('',(-3.375,13.2662647276531,-13.6306094704689));
#12907=CARTESIAN_POINT('',(-3.375,14.8084282887516,-13.5971811817173));
#12908=CARTESIAN_POINT('',(-3.375,14.,-15.));
#12909=CARTESIAN_POINT('',(-3.375,14.,-13.1806094704689));
#12910=CARTESIAN_POINT('',(-3.375,13.2662647276531,-13.1806094704689));
#12911=CARTESIAN_POINT('',(-1.625,13.2662647276531,-13.1806094704689));
#12912=CARTESIAN_POINT('',(14.,14.,-13.1806094704689));
#12913=CARTESIAN_POINT('',(0.,0.,-13.5999761538596));
#12914=CARTESIAN_POINT('',(-11.3431968497502,5.98624154648843,-13.5999761538596));
#12915=CARTESIAN_POINT('',(-11.3431968497502,5.98624154648843,-13.5999761538596));
#12916=CARTESIAN_POINT('',(0.,0.,-13.5999761538596));
#12917=CARTESIAN_POINT('',(-12.1970429001072,3.96678044741949,-13.5999761538596));
#12918=CARTESIAN_POINT('',(-13.3219613001228,3.9667804474195,-13.5999761538596));
#12919=CARTESIAN_POINT('',(0.,0.,-13.45));
#12920=CARTESIAN_POINT('',(0.,0.,-13.45));
#12921=CARTESIAN_POINT('',(-12.9040556757157,3.9667804474195,-13.45));
#12922=CARTESIAN_POINT('',(-13.1881215454763,2.88503901217,-13.45));
#12923=CARTESIAN_POINT('',(8.62986410137977E-15,3.96678044741947,-13.45));
#12924=CARTESIAN_POINT('',(-12.1970429001072,3.9667804474195,-13.45));
#12925=CARTESIAN_POINT('',(0.,0.,-13.45));
#12926=CARTESIAN_POINT('',(-12.4971897850414,2.88503901217,-13.45));
#12927=CARTESIAN_POINT('',(-13.1881215454763,2.88503901217,-13.45));
#12928=CARTESIAN_POINT('',(-12.9040556757157,3.9667804474195,-13.682489374308));
#12929=CARTESIAN_POINT('',(-12.9040556757157,3.9667804474195,-24.3576565571309));
#12930=CARTESIAN_POINT('',(-12.9040556757157,3.9667804474195,-13.217510625692));
#12931=CARTESIAN_POINT('',(-12.9040556757157,3.9667804474195,-13.217510625692));
#12932=CARTESIAN_POINT('',(-12.1970429001072,3.96678044741949,-13.682489374308));
#12933=CARTESIAN_POINT('',(0.,0.,-13.217510625692));
#12934=CARTESIAN_POINT('',(0.,0.,-13.217510625692));
#12935=CARTESIAN_POINT('',(-12.1002029795824,5.98624154648844,-13.217510625692));
#12936=CARTESIAN_POINT('',(-12.1002029795824,5.98624154648844,-13.217510625692));
#12937=CARTESIAN_POINT('',(-12.1002029795824,5.98624154648844,-13.682489374308));
#12938=CARTESIAN_POINT('',(-12.1002029795824,5.98624154648844,-24.3576565571309));
#12939=CARTESIAN_POINT('',(-12.1002029795824,5.98624154648844,-13.45));
#12940=CARTESIAN_POINT('',(1.30232695529785E-14,5.98624154648841,-13.45));
#12941=CARTESIAN_POINT('',(-11.3431968497502,5.98624154648843,-13.45));
#12942=CARTESIAN_POINT('',(-11.3431968497502,5.98624154648843,-13.682489374308));
#12943=CARTESIAN_POINT('',(0.,0.,-13.45));
#12944=CARTESIAN_POINT('',(0.,0.,-13.45));
#12945=CARTESIAN_POINT('',(-10.729526427438,7.02712354153498,-13.45));
#12946=CARTESIAN_POINT('',(0.,0.,-13.45));
#12947=CARTESIAN_POINT('',(-11.5269048201156,7.02712354153498,-13.45));
#12948=CARTESIAN_POINT('',(-10.729526427438,7.02712354153498,-13.45));
#12949=CARTESIAN_POINT('',(0.,0.,-13.5999761538596));
#12950=CARTESIAN_POINT('',(-11.3431968497502,-5.98624154648843,-13.5999761538596));
#12951=CARTESIAN_POINT('',(-11.3431968497502,-5.98624154648843,-13.5999761538596));
#12952=CARTESIAN_POINT('',(-13.3219613001228,-3.96678044741949,-13.5999761538596));
#12953=CARTESIAN_POINT('',(-12.1970429001072,-3.96678044741949,-13.5999761538596));
#12954=CARTESIAN_POINT('',(0.,0.,-13.5999761538596));
#12955=CARTESIAN_POINT('',(0.,0.,-13.45));
#12956=CARTESIAN_POINT('',(2.20031796381895E-14,-5.98624154648839,-13.45));
#12957=CARTESIAN_POINT('',(-11.3431968497502,-5.98624154648843,-13.45));
#12958=CARTESIAN_POINT('',(-12.1002029795824,-5.98624154648843,-13.45));
#12959=CARTESIAN_POINT('',(0.,0.,-13.45));
#12960=CARTESIAN_POINT('',(-10.729526427438,-7.02712354153498,-13.45));
#12961=CARTESIAN_POINT('',(-10.729526427438,-7.02712354153498,-13.45));
#12962=CARTESIAN_POINT('',(-11.5269048201156,-7.02712354153498,-13.45));
#12963=CARTESIAN_POINT('',(0.,0.,-13.45));
#12964=CARTESIAN_POINT('',(-12.1002029795824,-5.98624154648843,-13.682489374308));
#12965=CARTESIAN_POINT('',(-12.1002029795824,-5.98624154648843,-24.3576565571309));
#12966=CARTESIAN_POINT('',(-12.1002029795824,-5.98624154648843,-13.217510625692));
#12967=CARTESIAN_POINT('',(-12.1002029795824,-5.98624154648843,-13.217510625692));
#12968=CARTESIAN_POINT('',(-11.3431968497502,-5.98624154648843,-13.682489374308));
#12969=CARTESIAN_POINT('',(0.,0.,-13.217510625692));
#12970=CARTESIAN_POINT('',(0.,0.,-13.217510625692));
#12971=CARTESIAN_POINT('',(-12.9040556757157,-3.96678044741949,-13.217510625692));
#12972=CARTESIAN_POINT('',(-12.9040556757157,-3.96678044741949,-13.217510625692));
#12973=CARTESIAN_POINT('',(-12.9040556757157,-3.96678044741949,-13.682489374308));
#12974=CARTESIAN_POINT('',(-12.9040556757157,-3.96678044741949,-24.3576565571309));
#12975=CARTESIAN_POINT('',(-12.9040556757157,-3.96678044741949,-13.45));
#12976=CARTESIAN_POINT('',(9.61927704814456E-15,-3.96678044741946,-13.45));
#12977=CARTESIAN_POINT('',(-12.1970429001072,-3.96678044741949,-13.45));
#12978=CARTESIAN_POINT('',(-12.1970429001072,-3.96678044741949,-13.682489374308));
#12979=CARTESIAN_POINT('',(0.,0.,-13.45));
#12980=CARTESIAN_POINT('',(0.,0.,-13.45));
#12981=CARTESIAN_POINT('',(-13.1881215454763,-2.88503901217001,-13.45));
#12982=CARTESIAN_POINT('',(-13.1881215454763,-2.88503901217,-13.45));
#12983=CARTESIAN_POINT('',(-12.4971897850414,-2.88503901217,-13.45));
#12984=CARTESIAN_POINT('',(0.,0.,-13.45));
#12985=CARTESIAN_POINT('',(-2.625,-13.2662647276531,-13.6306094704689));
#12986=CARTESIAN_POINT('',(-4.375,-13.2662647276531,-13.6306094704689));
#12987=CARTESIAN_POINT('',(-4.375,-14.,-13.6306094704689));
#12988=CARTESIAN_POINT('',(-14.,-14.,-13.6306094704689));
#12989=CARTESIAN_POINT('',(-2.625,-14.,-13.6306094704689));
#12990=CARTESIAN_POINT('',(-2.625,-13.2662647276531,-13.6306094704689));
#12991=CARTESIAN_POINT('',(-2.625,-14.8084282887516,-13.5971811817173));
#12992=CARTESIAN_POINT('',(-2.625,-14.,-15.));
#12993=CARTESIAN_POINT('',(-2.625,-14.,-13.1806094704689));
#12994=CARTESIAN_POINT('',(-2.625,-13.2662647276531,-13.1806094704689));
#12995=CARTESIAN_POINT('',(-2.625,-13.2662647276531,-13.1806094704689));
#12996=CARTESIAN_POINT('',(-14.,-14.,-13.1806094704689));
#12997=CARTESIAN_POINT('',(-4.375,-14.,-13.1806094704689));
#12998=CARTESIAN_POINT('',(-4.375,-13.2662647276531,-13.1806094704689));
#12999=CARTESIAN_POINT('',(-4.375,-14.8084282887516,-13.5971811817173));
#13000=CARTESIAN_POINT('',(-4.375,-14.,-15.));
#13001=CARTESIAN_POINT('',(4.375,-13.2662647276531,-13.6306094704689));
#13002=CARTESIAN_POINT('',(2.625,-13.2662647276531,-13.6306094704689));
#13003=CARTESIAN_POINT('',(2.625,-14.,-13.6306094704689));
#13004=CARTESIAN_POINT('',(-14.,-14.,-13.6306094704689));
#13005=CARTESIAN_POINT('',(4.375,-14.,-13.6306094704689));
#13006=CARTESIAN_POINT('',(4.375,-13.2662647276531,-13.6306094704689));
#13007=CARTESIAN_POINT('',(4.375,-14.8084282887516,-13.5971811817173));
#13008=CARTESIAN_POINT('',(4.375,-14.,-15.));
#13009=CARTESIAN_POINT('',(4.375,-14.,-13.1806094704689));
#13010=CARTESIAN_POINT('',(4.375,-13.2662647276531,-13.1806094704689));
#13011=CARTESIAN_POINT('',(4.375,-13.2662647276531,-13.1806094704689));
#13012=CARTESIAN_POINT('',(-14.,-14.,-13.1806094704689));
#13013=CARTESIAN_POINT('',(2.625,-14.,-13.1806094704689));
#13014=CARTESIAN_POINT('',(2.625,-13.2662647276531,-13.1806094704689));
#13015=CARTESIAN_POINT('',(2.625,-14.8084282887516,-13.5971811817173));
#13016=CARTESIAN_POINT('',(2.625,-14.,-15.));
#13017=CARTESIAN_POINT('',(0.,0.,-13.5999761538596));
#13018=CARTESIAN_POINT('',(0.,0.,-13.5999761538596));
#13019=CARTESIAN_POINT('',(12.1970429001072,-3.96678044741949,-13.5999761538596));
#13020=CARTESIAN_POINT('',(11.3431968497502,-5.98624154648843,-13.5999761538596));
#13021=CARTESIAN_POINT('',(13.3219613001228,-3.96678044741949,-13.5999761538596));
#13022=CARTESIAN_POINT('',(11.3431968497502,-5.98624154648843,-13.5999761538596));
#13023=CARTESIAN_POINT('',(0.,0.,-13.45));
#13024=CARTESIAN_POINT('',(0.,0.,-13.45));
#13025=CARTESIAN_POINT('',(12.9040556757157,-3.96678044741949,-13.45));
#13026=CARTESIAN_POINT('',(13.1881215454763,-2.88503901217,-13.45));
#13027=CARTESIAN_POINT('',(-4.98003587147489E-15,-3.96678044741947,-13.45));
#13028=CARTESIAN_POINT('',(12.1970429001072,-3.96678044741949,-13.45));
#13029=CARTESIAN_POINT('',(0.,0.,-13.45));
#13030=CARTESIAN_POINT('',(12.4971897850414,-2.88503901217,-13.45));
#13031=CARTESIAN_POINT('',(13.1881215454763,-2.88503901217,-13.45));
#13032=CARTESIAN_POINT('',(12.9040556757157,-3.96678044741949,-13.682489374308));
#13033=CARTESIAN_POINT('',(12.9040556757157,-3.96678044741949,-24.3576565571309));
#13034=CARTESIAN_POINT('',(12.9040556757157,-3.96678044741949,-13.217510625692));
#13035=CARTESIAN_POINT('',(12.9040556757157,-3.96678044741949,-13.217510625692));
#13036=CARTESIAN_POINT('',(12.1970429001072,-3.96678044741949,-13.682489374308));
#13037=CARTESIAN_POINT('',(0.,0.,-13.217510625692));
#13038=CARTESIAN_POINT('',(0.,0.,-13.217510625692));
#13039=CARTESIAN_POINT('',(12.1002029795824,-5.98624154648843,-13.217510625692));
#13040=CARTESIAN_POINT('',(12.1002029795824,-5.98624154648843,-13.217510625692));
#13041=CARTESIAN_POINT('',(12.1002029795824,-5.98624154648843,-13.682489374308));
#13042=CARTESIAN_POINT('',(12.1002029795824,-5.98624154648843,-24.3576565571309));
#13043=CARTESIAN_POINT('',(12.1002029795824,-5.98624154648843,-13.45));
#13044=CARTESIAN_POINT('',(-3.63742356804238E-14,-5.98624154648835,-13.45));
#13045=CARTESIAN_POINT('',(11.3431968497502,-5.98624154648843,-13.45));
#13046=CARTESIAN_POINT('',(11.3431968497502,-5.98624154648843,-13.682489374308));
#13047=CARTESIAN_POINT('',(0.,0.,-13.45));
#13048=CARTESIAN_POINT('',(0.,0.,-13.45));
#13049=CARTESIAN_POINT('',(10.729526427438,-7.02712354153498,-13.45));
#13050=CARTESIAN_POINT('',(0.,0.,-13.45));
#13051=CARTESIAN_POINT('',(11.5269048201156,-7.02712354153498,-13.45));
#13052=CARTESIAN_POINT('',(10.729526427438,-7.02712354153498,-13.45));
#13053=CARTESIAN_POINT('',(1.95888615472165,9.4498742530914,-3.11854503025216));
#13054=CARTESIAN_POINT('',(0.,0.,-3.11854503025216));
#13055=CARTESIAN_POINT('',(1.95888615472165,9.65325152644641,-3.11854503025216));
#13056=CARTESIAN_POINT('',(-1.95888615472165,9.65325152644641,-3.11854503025216));
#13057=CARTESIAN_POINT('',(-1.95888615472165,9.4498742530914,-3.11854503025216));
#13058=CARTESIAN_POINT('',(-1.95888615472165,10.7733590413037,-3.11854503025216));
#13059=CARTESIAN_POINT('',(0.,0.,-3.11854503025216));
#13060=CARTESIAN_POINT('',(1.95888615472165,10.7733590413037,-3.11854503025216));
#13061=CARTESIAN_POINT('',(1.95888615472165,9.4498742530914,-3.11854503025216));
#13062=CARTESIAN_POINT('',(1.95888615472165,9.4498742530914,-6.58278210327383));
#13063=CARTESIAN_POINT('',(1.95888615472165,9.65325152644641,-3.7094133774407));
#13064=CARTESIAN_POINT('',(1.95888615472165,9.65325152644641,-6.58278210327383));
#13065=CARTESIAN_POINT('',(1.95888615472165,10.7733590413037,-9.));
#13066=CARTESIAN_POINT('',(1.95888615472165,10.7733590413037,-6.58278210327383));
#13067=CARTESIAN_POINT('',(1.95888615472165,9.4498742530914,-6.58278210327383));
#13068=CARTESIAN_POINT('',(-1.95888615472165,9.4498742530914,-6.58278210327383));
#13069=CARTESIAN_POINT('',(0.,0.,-6.58278210327383));
#13070=CARTESIAN_POINT('',(-1.95888615472165,9.65325152644641,-6.58278210327383));
#13071=CARTESIAN_POINT('',(0.,0.,-6.58278210327383));
#13072=CARTESIAN_POINT('',(-1.95888615472165,10.7733590413037,-6.58278210327383));
#13073=CARTESIAN_POINT('',(-1.95888615472165,9.4498742530914,-6.58278210327383));
#13074=CARTESIAN_POINT('',(-1.95888615472165,9.4498742530914,-3.11854503025216));
#13075=CARTESIAN_POINT('',(-1.95888615472165,10.7733590413037,-9.));
#13076=CARTESIAN_POINT('',(-1.95888615472165,9.65325152644641,-3.7094133774407));
#13077=CARTESIAN_POINT('',(1.95888615472165,-9.4498742530914,-3.11854503025216));
#13078=CARTESIAN_POINT('',(0.,0.,-3.11854503025216));
#13079=CARTESIAN_POINT('',(-1.95888615472165,-9.65325152644641,-3.11854503025216));
#13080=CARTESIAN_POINT('',(1.95888615472165,-9.65325152644641,-3.11854503025216));
#13081=CARTESIAN_POINT('',(1.95888615472165,-9.4498742530914,-3.11854503025216));
#13082=CARTESIAN_POINT('',(1.95888615472165,-10.7733590413037,-3.11854503025216));
#13083=CARTESIAN_POINT('',(0.,0.,-3.11854503025216));
#13084=CARTESIAN_POINT('',(-1.95888615472165,-10.7733590413037,-3.11854503025216));
#13085=CARTESIAN_POINT('',(-1.95888615472165,-9.4498742530914,-3.11854503025216));
#13086=CARTESIAN_POINT('',(-1.95888615472165,-9.4498742530914,-3.11854503025216));
#13087=CARTESIAN_POINT('',(-1.95888615472165,-9.4498742530914,-6.58278210327383));
#13088=CARTESIAN_POINT('',(-1.95888615472165,-9.65325152644641,-6.58278210327383));
#13089=CARTESIAN_POINT('',(-1.95888615472165,-10.7733590413037,-6.58278210327383));
#13090=CARTESIAN_POINT('',(-1.95888615472165,-9.65325152644641,-3.7094133774407));
#13091=CARTESIAN_POINT('',(-1.95888615472165,-10.7733590413037,-9.));
#13092=CARTESIAN_POINT('',(-1.95888615472165,-9.4498742530914,-6.58278210327383));
#13093=CARTESIAN_POINT('',(0.,0.,-6.58278210327383));
#13094=CARTESIAN_POINT('',(1.95888615472165,-9.65325152644641,-6.58278210327383));
#13095=CARTESIAN_POINT('',(0.,0.,-6.58278210327383));
#13096=CARTESIAN_POINT('',(1.95888615472165,-10.7733590413037,-6.58278210327383));
#13097=CARTESIAN_POINT('',(1.95888615472165,-9.4498742530914,-6.58278210327383));
#13098=CARTESIAN_POINT('',(1.95888615472165,-9.4498742530914,-6.58278210327383));
#13099=CARTESIAN_POINT('',(1.95888615472165,-9.65325152644641,-3.7094133774407));
#13100=CARTESIAN_POINT('',(1.95888615472165,-10.7733590413037,-9.));
#13101=CARTESIAN_POINT('',(3.83656906924006,-10.015306424516,-7.85));
#13102=CARTESIAN_POINT('',(3.83656906924006,-10.015306424516,0.));
#13103=CARTESIAN_POINT('',(3.83656906924006,-10.2558879565326,0.));
#13104=CARTESIAN_POINT('',(3.83656906924006,-10.2558879565326,-7.85));
#13105=CARTESIAN_POINT('',(3.83656906924006,-10.2558879565326,-7.85));
#13106=CARTESIAN_POINT('',(3.83656906924006,-10.015306424516,-7.85));
#13107=CARTESIAN_POINT('',(0.,0.,-7.85));
#13108=CARTESIAN_POINT('',(10.2250493201879,-3.91801817245965,-7.85));
#13109=CARTESIAN_POINT('',(10.2250493201879,-3.91801817245965,-7.85));
#13110=CARTESIAN_POINT('',(0.,0.,-7.85));
#13111=CARTESIAN_POINT('',(10.2250493201879,-3.91801817245965,-7.85));
#13112=CARTESIAN_POINT('',(10.2250493201879,-3.91801817245965,0.));
#13113=CARTESIAN_POINT('',(10.2250493201879,-3.91801817245965,0.));
#13114=CARTESIAN_POINT('',(10.2250493201879,-3.91801817245965,-7.85));
#13115=CARTESIAN_POINT('',(10.0587065898269,-1.74237445144985,0.));
#13116=CARTESIAN_POINT('',(10.0587065898269,-1.74237445144985,0.));
#13117=CARTESIAN_POINT('',(10.8104870968396,-1.74237445144985,0.));
#13118=CARTESIAN_POINT('',(0.,0.,-1.82413409130416));
#13119=CARTESIAN_POINT('',(10.8759719744834,-1.27111510503658,-0.493372844696416));
#13120=CARTESIAN_POINT('',(10.0587065898269,-1.27111510503658,-0.493372844696416));
#13121=CARTESIAN_POINT('',(10.0587065898269,-1.27111510503658,-0.493372844696416));
#13122=CARTESIAN_POINT('',(10.8759719744834,-1.27111510503658,-9.));
#13123=CARTESIAN_POINT('',(10.8759719744834,-1.27111510503658,-6.08963589292353));
#13124=CARTESIAN_POINT('',(10.0587065898269,-1.27111510503658,-6.08963589292353));
#13125=CARTESIAN_POINT('',(10.0587065898269,1.27111510503658,-6.08963589292353));
#13126=CARTESIAN_POINT('',(0.,0.,-6.08963589292353));
#13127=CARTESIAN_POINT('',(10.8759719744834,1.27111510503658,-6.08963589292353));
#13128=CARTESIAN_POINT('',(10.0587065898269,1.27111510503658,-6.08963589292353));
#13129=CARTESIAN_POINT('',(10.0587065898269,1.27111510503658,-0.493372844696416));
#13130=CARTESIAN_POINT('',(10.8759719744834,1.27111510503658,-9.));
#13131=CARTESIAN_POINT('',(10.8759719744834,1.27111510503658,-0.493372844696416));
#13132=CARTESIAN_POINT('',(10.0587065898269,1.27111510503658,-0.493372844696416));
#13133=CARTESIAN_POINT('',(10.0587065898269,1.74237445144985,0.));
#13134=CARTESIAN_POINT('',(0.,0.,-1.82413409130416));
#13135=CARTESIAN_POINT('',(10.8104870968396,1.74237445144985,0.));
#13136=CARTESIAN_POINT('',(10.0587065898269,1.74237445144985,0.));
#13137=CARTESIAN_POINT('',(10.2250493201879,3.91801817245965,-7.85));
#13138=CARTESIAN_POINT('',(10.2250493201879,3.91801817245965,0.));
#13139=CARTESIAN_POINT('',(10.2250493201879,3.91801817245965,0.));
#13140=CARTESIAN_POINT('',(10.2250493201879,3.91801817245965,-7.85));
#13141=CARTESIAN_POINT('',(10.2250493201879,3.91801817245965,-7.85));
#13142=CARTESIAN_POINT('',(10.2250493201879,3.91801817245965,-7.85));
#13143=CARTESIAN_POINT('',(0.,0.,-7.85));
#13144=CARTESIAN_POINT('',(3.83656906924005,10.015306424516,-7.85));
#13145=CARTESIAN_POINT('',(3.83656906924006,10.2558879565326,-7.85));
#13146=CARTESIAN_POINT('',(0.,0.,-7.85));
#13147=CARTESIAN_POINT('',(3.83656906924005,10.015306424516,-7.85));
#13148=CARTESIAN_POINT('',(3.83656906924005,10.015306424516,0.));
#13149=CARTESIAN_POINT('',(3.83656906924006,10.2558879565326,0.));
#13150=CARTESIAN_POINT('',(3.83656906924006,10.2558879565326,-7.85));
#13151=CARTESIAN_POINT('',(20.3763927482121,10.5206165354117,0.302929220559945));
#13152=CARTESIAN_POINT('',(0.,0.,46.445984200436));
#13153=CARTESIAN_POINT('',(2.78587227939887,10.5896843976993,0.));
#13154=CARTESIAN_POINT('',(-2.78587227939887,10.5896843976993,0.));
#13155=CARTESIAN_POINT('',(0.,10.5896843976993,0.));
#13156=CARTESIAN_POINT('',(-3.83656906924007,10.0153064245159,-7.85));
#13157=CARTESIAN_POINT('',(-3.83656906924007,10.0153064245159,0.));
#13158=CARTESIAN_POINT('',(-3.83656906924006,10.2558879565326,0.));
#13159=CARTESIAN_POINT('',(-3.83656906924006,10.2558879565326,-7.85));
#13160=CARTESIAN_POINT('',(-3.83656906924006,10.2558879565326,-7.85));
#13161=CARTESIAN_POINT('',(-3.83656906924007,10.0153064245159,-7.85));
#13162=CARTESIAN_POINT('',(0.,0.,-7.85));
#13163=CARTESIAN_POINT('',(-9.98372468572105,3.91801817245965,-7.85));
#13164=CARTESIAN_POINT('',(-10.2250493201879,3.91801817245965,-7.85));
#13165=CARTESIAN_POINT('',(0.,0.,-7.85));
#13166=CARTESIAN_POINT('',(-9.98372468572105,3.91801817245965,-7.85));
#13167=CARTESIAN_POINT('',(-9.98372468572105,3.91801817245965,0.));
#13168=CARTESIAN_POINT('',(-10.2250493201879,3.91801817245965,0.));
#13169=CARTESIAN_POINT('',(-10.2250493201879,3.91801817245965,-7.85));
#13170=CARTESIAN_POINT('',(-10.0587065898269,1.74237445144985,0.));
#13171=CARTESIAN_POINT('',(-10.0587065898269,1.74237445144985,0.));
#13172=CARTESIAN_POINT('',(-10.8104870968396,1.74237445144985,0.));
#13173=CARTESIAN_POINT('',(0.,0.,-1.82413409130416));
#13174=CARTESIAN_POINT('',(-10.8759719744834,1.27111510503658,-0.493372844696416));
#13175=CARTESIAN_POINT('',(-10.0587065898269,1.27111510503658,-0.493372844696416));
#13176=CARTESIAN_POINT('',(-10.0587065898269,1.27111510503658,-0.493372844696416));
#13177=CARTESIAN_POINT('',(-10.8759719744834,1.27111510503658,-9.));
#13178=CARTESIAN_POINT('',(-10.8759719744834,1.27111510503658,-6.08963589292353));
#13179=CARTESIAN_POINT('',(-10.0587065898269,1.27111510503658,-6.08963589292353));
#13180=CARTESIAN_POINT('',(-10.0587065898269,1.27111510503658,-6.08963589292353));
#13181=CARTESIAN_POINT('',(0.,0.,-6.08963589292353));
#13182=CARTESIAN_POINT('',(-10.8759719744834,-1.27111510503658,-6.08963589292353));
#13183=CARTESIAN_POINT('',(-10.0587065898269,-1.27111510503658,-6.08963589292353));
#13184=CARTESIAN_POINT('',(-10.0587065898269,-1.27111510503658,-0.493372844696416));
#13185=CARTESIAN_POINT('',(-10.8759719744834,-1.27111510503658,-9.));
#13186=CARTESIAN_POINT('',(-10.8759719744834,-1.27111510503658,-0.493372844696415));
#13187=CARTESIAN_POINT('',(-10.0587065898269,-1.27111510503658,-0.493372844696416));
#13188=CARTESIAN_POINT('',(-10.0587065898269,-1.74237445144985,0.));
#13189=CARTESIAN_POINT('',(0.,0.,-1.82413409130416));
#13190=CARTESIAN_POINT('',(-10.8104870968396,-1.74237445144985,0.));
#13191=CARTESIAN_POINT('',(-10.0587065898269,-1.74237445144985,0.));
#13192=CARTESIAN_POINT('',(0.,0.,0.));
#13193=CARTESIAN_POINT('',(0.,0.,0.));
#13194=CARTESIAN_POINT('',(0.,0.,0.));
#13195=CARTESIAN_POINT('',(0.,0.,0.));
#13196=CARTESIAN_POINT('',(0.,0.,0.));
#13197=CARTESIAN_POINT('',(-10.2250493201879,-3.91801817245965,0.));
#13198=CARTESIAN_POINT('',(-9.98372468572105,-3.91801817245965,0.));
#13199=CARTESIAN_POINT('',(0.,0.,0.));
#13200=CARTESIAN_POINT('',(0.,0.,0.));
#13201=CARTESIAN_POINT('',(0.,0.,0.));
#13202=CARTESIAN_POINT('',(-9.98372468572105,-3.91801817245965,-7.85));
#13203=CARTESIAN_POINT('',(-10.2250493201879,-3.91801817245965,-7.85));
#13204=CARTESIAN_POINT('',(-10.2250493201879,-3.91801817245965,-7.85));
#13205=CARTESIAN_POINT('',(-9.98372468572105,-3.91801817245965,-7.85));
#13206=CARTESIAN_POINT('',(0.,0.,-7.85));
#13207=CARTESIAN_POINT('',(-3.83656906924006,-10.015306424516,-7.85));
#13208=CARTESIAN_POINT('',(-3.83656906924006,-10.2558879565326,-7.85));
#13209=CARTESIAN_POINT('',(0.,0.,-7.85));
#13210=CARTESIAN_POINT('',(-3.83656906924006,-10.015306424516,-7.85));
#13211=CARTESIAN_POINT('',(-3.83656906924006,-10.015306424516,0.));
#13212=CARTESIAN_POINT('',(-3.83656906924006,-10.2558879565326,0.));
#13213=CARTESIAN_POINT('',(-3.83656906924006,-10.2558879565326,-7.85));
#13214=CARTESIAN_POINT('',(20.3763927482121,-10.5206165354117,0.302929220559945));
#13215=CARTESIAN_POINT('',(0.,-10.5896843976993,0.));
#13216=CARTESIAN_POINT('',(2.78587227939887,-10.5896843976993,0.));
#13217=CARTESIAN_POINT('',(-2.78587227939887,-10.5896843976993,0.));
#13218=CARTESIAN_POINT('',(0.,0.,46.445984200436));
#13219=CARTESIAN_POINT('',(0.,0.,0.));
#13220=CARTESIAN_POINT('',(0.,0.,0.));
#13221=CARTESIAN_POINT('',(0.,0.,0.));
#13222=CARTESIAN_POINT('',(0.,0.,0.));
#13223=CARTESIAN_POINT('',(8.54287857189557,-7.92600328449943,-13.4463976487192));
#13224=CARTESIAN_POINT('',(8.04790382506498,-7.43102853766885,-13.4463976487192));
#13225=CARTESIAN_POINT('',(8.04790382506498,-7.43102853766885,-13.95));
#13226=CARTESIAN_POINT('',(8.04790382506498,-7.43102853766885,-14.6282536415012));
#13227=CARTESIAN_POINT('',(8.54287857189557,-7.92600328449943,-13.95));
#13228=CARTESIAN_POINT('',(9.04754856324382,-7.44091751905938,-13.95));
#13229=CARTESIAN_POINT('',(9.04754856324382,-7.44091751905938,-13.4463976487192));
#13230=CARTESIAN_POINT('',(9.04754856324382,-7.44091751905938,-14.6282536415012));
#13231=CARTESIAN_POINT('',(8.54287857189557,-7.92600328449943,-14.6282536415012));
#13232=CARTESIAN_POINT('',(8.04790382506498,-7.43102853766885,-13.4463976487192));
#13233=CARTESIAN_POINT('',(7.32387617873015,-8.15505618400368,-13.4463976487192));
#13234=CARTESIAN_POINT('',(7.32387617873015,-8.15505618400368,-13.95));
#13235=CARTESIAN_POINT('',(7.32387617873015,-8.15505618400368,-14.6282536415012));
#13236=CARTESIAN_POINT('',(8.24461220622494,-7.23432015650888,-13.95));
#13237=CARTESIAN_POINT('',(8.04790382506498,-7.43102853766885,-14.6282536415012));
#13238=CARTESIAN_POINT('',(7.81885092556073,-8.65003093083426,-13.4463976487192));
#13239=CARTESIAN_POINT('',(7.31418093421248,-9.13511669627431,-13.4463976487192));
#13240=CARTESIAN_POINT('',(7.31418093421248,-9.13511669627431,-13.95));
#13241=CARTESIAN_POINT('',(7.31418093421248,-9.13511669627431,-14.6282536415012));
#13242=CARTESIAN_POINT('',(7.81885092556073,-8.65003093083426,-13.95));
#13243=CARTESIAN_POINT('',(7.81885092556073,-8.65003093083426,-14.6282536415012));
#13244=CARTESIAN_POINT('',(7.92102758493898,-10.5204412818856,-15.9904506110442));
#13245=CARTESIAN_POINT('',(8.15734142823713,-10.7567551251837,-24.3576565571309));
#13246=CARTESIAN_POINT('',(8.15734142823713,-10.7567551251837,-13.95));
#13247=CARTESIAN_POINT('',(8.15734142823713,-10.7567551251837,-9.43456314372841));
#13248=CARTESIAN_POINT('',(8.15734142823714,-10.7567551251837,-13.95));
#13249=CARTESIAN_POINT('',(8.51938435722196,-11.1187980541685,-13.95));
#13250=CARTESIAN_POINT('',(8.51938435722196,-11.1187980541685,-15.9904506110442));
#13251=CARTESIAN_POINT('',(8.51938435722196,-11.1187980541685,-9.43456314372841));
#13252=CARTESIAN_POINT('',(7.92102758493898,-10.5204412818856,-9.43456314372841));
#13253=CARTESIAN_POINT('',(-7.92102758493898,-10.5204412818856,-15.9904506110442));
#13254=CARTESIAN_POINT('',(-8.15734142823713,-10.7567551251837,-13.95));
#13255=CARTESIAN_POINT('',(-8.15734142823713,-10.7567551251837,-13.95));
#13256=CARTESIAN_POINT('',(-8.51938435722196,-11.1187980541685,-13.95));
#13257=CARTESIAN_POINT('',(-8.15734142823713,-10.7567551251837,-24.3576565571309));
#13258=CARTESIAN_POINT('',(-8.15734142823714,-10.7567551251837,-9.43456314372841));
#13259=CARTESIAN_POINT('',(-7.92102758493898,-10.5204412818856,-9.43456314372841));
#13260=CARTESIAN_POINT('',(-8.51938435722196,-11.1187980541685,-9.43456314372841));
#13261=CARTESIAN_POINT('',(-8.51938435722196,-11.1187980541685,-15.9904506110442));
#13262=CARTESIAN_POINT('',(-7.81885092556073,-8.65003093083426,-13.4463976487192));
#13263=CARTESIAN_POINT('',(-7.81885092556073,-8.65003093083426,-13.95));
#13264=CARTESIAN_POINT('',(-7.31418093421248,-9.13511669627431,-13.95));
#13265=CARTESIAN_POINT('',(-7.32387617873015,-8.15505618400368,-13.95));
#13266=CARTESIAN_POINT('',(-7.31418093421248,-9.13511669627431,-13.4463976487192));
#13267=CARTESIAN_POINT('',(-7.31418093421248,-9.13511669627431,-14.6282536415012));
#13268=CARTESIAN_POINT('',(-7.81885092556073,-8.65003093083426,-14.6282536415012));
#13269=CARTESIAN_POINT('',(-7.32387617873015,-8.15505618400368,-14.6282536415012));
#13270=CARTESIAN_POINT('',(-7.32387617873015,-8.15505618400368,-13.4463976487192));
#13271=CARTESIAN_POINT('',(-8.04790382506498,-7.43102853766885,-13.4463976487192));
#13272=CARTESIAN_POINT('',(-8.24461220622494,-7.23432015650888,-13.95));
#13273=CARTESIAN_POINT('',(-8.04790382506498,-7.43102853766885,-13.95));
#13274=CARTESIAN_POINT('',(-8.04790382506498,-7.43102853766885,-14.6282536415012));
#13275=CARTESIAN_POINT('',(-8.04790382506498,-7.43102853766885,-14.6282536415012));
#13276=CARTESIAN_POINT('',(-8.04790382506498,-7.43102853766885,-13.4463976487192));
#13277=CARTESIAN_POINT('',(-8.54287857189556,-7.92600328449943,-13.4463976487192));
#13278=CARTESIAN_POINT('',(-8.54287857189556,-7.92600328449943,-13.95));
#13279=CARTESIAN_POINT('',(-9.04754856324382,-7.44091751905938,-13.95));
#13280=CARTESIAN_POINT('',(-8.54287857189556,-7.92600328449943,-14.6282536415012));
#13281=CARTESIAN_POINT('',(-9.04754856324382,-7.44091751905938,-14.6282536415012));
#13282=CARTESIAN_POINT('',(-9.04754856324382,-7.44091751905938,-13.4463976487192));
#13283=CARTESIAN_POINT('',(-11.1374100289178,-8.5007723824727,-15.9904506110442));
#13284=CARTESIAN_POINT('',(-11.1374100289178,-8.5007723824727,-13.95));
#13285=CARTESIAN_POINT('',(-11.1374100289178,-8.5007723824727,-13.95));
#13286=CARTESIAN_POINT('',(-10.7727905419563,-8.13615289551124,-13.95));
#13287=CARTESIAN_POINT('',(-11.1374100289178,-8.5007723824727,-15.9904506110442));
#13288=CARTESIAN_POINT('',(-11.1374100289178,-8.5007723824727,-9.43456314372841));
#13289=CARTESIAN_POINT('',(-11.1374100289178,-8.5007723824727,-9.43456314372841));
#13290=CARTESIAN_POINT('',(-10.7727905419563,-8.13615289551124,-9.43456314372841));
#13291=CARTESIAN_POINT('',(-10.7727905419563,-8.13615289551124,-24.3576565571309));
#13292=CARTESIAN_POINT('',(-13.9510553332675,-1.25,-18.580173056593));
#13293=CARTESIAN_POINT('',(-13.9510553332675,-1.25,-18.580173056593));
#13294=CARTESIAN_POINT('',(-13.9510553332675,-0.049999999999999,-18.580173056593));
#13295=CARTESIAN_POINT('',(-13.9510553332675,0.049999999999999,-18.580173056593));
#13296=CARTESIAN_POINT('',(-13.9510553332675,0.049999999999999,-18.580173056593));
#13297=CARTESIAN_POINT('',(-13.5094211532087,0.049999999999999,-18.3457391618514));
#13298=CARTESIAN_POINT('',(-13.5094211532087,-1.25,-18.3457391618514));
#13299=CARTESIAN_POINT('',(-13.5094211532087,-0.049999999999999,-18.3457391618514));
#13300=CARTESIAN_POINT('',(-13.9510553332675,-0.049999999999999,-18.580173056593));
#13301=CARTESIAN_POINT('',(-11.1374100289178,8.5007723824727,-15.9904506110442));
#13302=CARTESIAN_POINT('',(-11.1374100289178,8.5007723824727,-15.9904506110442));
#13303=CARTESIAN_POINT('',(-11.1374100289178,8.5007723824727,-13.95));
#13304=CARTESIAN_POINT('',(-11.1374100289178,8.5007723824727,-9.43456314372841));
#13305=CARTESIAN_POINT('',(-11.1374100289178,8.5007723824727,-13.95));
#13306=CARTESIAN_POINT('',(-10.7727905419563,8.13615289551124,-13.95));
#13307=CARTESIAN_POINT('',(-10.7727905419563,8.13615289551124,-24.3576565571309));
#13308=CARTESIAN_POINT('',(-10.7727905419563,8.13615289551124,-9.43456314372841));
#13309=CARTESIAN_POINT('',(-11.1374100289178,8.5007723824727,-9.43456314372841));
#13310=CARTESIAN_POINT('',(-8.54287857189556,7.92600328449943,-13.4463976487192));
#13311=CARTESIAN_POINT('',(-8.04790382506498,7.43102853766885,-13.4463976487192));
#13312=CARTESIAN_POINT('',(-8.04790382506498,7.43102853766885,-13.95));
#13313=CARTESIAN_POINT('',(-8.04790382506498,7.43102853766885,-14.6282536415012));
#13314=CARTESIAN_POINT('',(-8.54287857189556,7.92600328449943,-13.95));
#13315=CARTESIAN_POINT('',(-9.04754856324382,7.44091751905938,-13.95));
#13316=CARTESIAN_POINT('',(-9.04754856324382,7.44091751905938,-13.4463976487192));
#13317=CARTESIAN_POINT('',(-9.04754856324382,7.44091751905938,-14.6282536415012));
#13318=CARTESIAN_POINT('',(-8.54287857189556,7.92600328449943,-14.6282536415012));
#13319=CARTESIAN_POINT('',(-8.04790382506498,7.43102853766885,-13.4463976487192));
#13320=CARTESIAN_POINT('',(-7.32387617873015,8.15505618400368,-13.4463976487192));
#13321=CARTESIAN_POINT('',(-7.32387617873015,8.15505618400368,-13.95));
#13322=CARTESIAN_POINT('',(-7.32387617873015,8.15505618400368,-14.6282536415012));
#13323=CARTESIAN_POINT('',(-8.24461220622494,7.23432015650888,-13.95));
#13324=CARTESIAN_POINT('',(-8.04790382506498,7.43102853766885,-14.6282536415012));
#13325=CARTESIAN_POINT('',(-7.81885092556073,8.65003093083426,-13.4463976487192));
#13326=CARTESIAN_POINT('',(-7.31418093421248,9.13511669627431,-13.4463976487192));
#13327=CARTESIAN_POINT('',(-7.31418093421248,9.13511669627431,-13.95));
#13328=CARTESIAN_POINT('',(-7.31418093421248,9.13511669627431,-14.6282536415012));
#13329=CARTESIAN_POINT('',(-7.81885092556073,8.65003093083426,-13.95));
#13330=CARTESIAN_POINT('',(-7.81885092556073,8.65003093083426,-14.6282536415012));
#13331=CARTESIAN_POINT('',(-7.92102758493898,10.5204412818856,-15.9904506110442));
#13332=CARTESIAN_POINT('',(-8.15734142823713,10.7567551251837,-24.3576565571309));
#13333=CARTESIAN_POINT('',(-8.15734142823713,10.7567551251837,-13.95));
#13334=CARTESIAN_POINT('',(-8.15734142823713,10.7567551251837,-9.43456314372841));
#13335=CARTESIAN_POINT('',(-8.15734142823713,10.7567551251837,-13.95));
#13336=CARTESIAN_POINT('',(-8.51938435722196,11.1187980541685,-13.95));
#13337=CARTESIAN_POINT('',(-8.51938435722196,11.1187980541685,-15.9904506110442));
#13338=CARTESIAN_POINT('',(-8.51938435722196,11.1187980541685,-9.43456314372841));
#13339=CARTESIAN_POINT('',(-7.92102758493898,10.5204412818856,-9.43456314372841));
#13340=CARTESIAN_POINT('',(7.92102758493898,10.5204412818856,-15.9904506110442));
#13341=CARTESIAN_POINT('',(8.15734142823713,10.7567551251837,-13.95));
#13342=CARTESIAN_POINT('',(8.15734142823713,10.7567551251837,-13.95));
#13343=CARTESIAN_POINT('',(8.51938435722196,11.1187980541685,-13.95));
#13344=CARTESIAN_POINT('',(8.15734142823713,10.7567551251837,-24.3576565571309));
#13345=CARTESIAN_POINT('',(8.15734142823713,10.7567551251837,-9.43456314372841));
#13346=CARTESIAN_POINT('',(7.92102758493898,10.5204412818856,-9.43456314372841));
#13347=CARTESIAN_POINT('',(8.51938435722196,11.1187980541685,-9.43456314372841));
#13348=CARTESIAN_POINT('',(8.51938435722196,11.1187980541685,-15.9904506110442));
#13349=CARTESIAN_POINT('',(7.81885092556073,8.65003093083426,-13.4463976487192));
#13350=CARTESIAN_POINT('',(7.32387617873015,8.15505618400368,-13.4463976487192));
#13351=CARTESIAN_POINT('',(7.32387617873015,8.15505618400368,-13.95));
#13352=CARTESIAN_POINT('',(7.32387617873015,8.15505618400368,-14.6282536415012));
#13353=CARTESIAN_POINT('',(7.81885092556073,8.65003093083426,-13.95));
#13354=CARTESIAN_POINT('',(7.31418093421248,9.13511669627431,-13.95));
#13355=CARTESIAN_POINT('',(7.31418093421248,9.13511669627431,-13.4463976487192));
#13356=CARTESIAN_POINT('',(7.31418093421248,9.13511669627431,-14.6282536415012));
#13357=CARTESIAN_POINT('',(7.81885092556073,8.65003093083426,-14.6282536415012));
#13358=CARTESIAN_POINT('',(7.73946618136692,7.73946618136691,-13.4463976487192));
#13359=CARTESIAN_POINT('',(8.04790382506498,7.43102853766885,-13.4463976487192));
#13360=CARTESIAN_POINT('',(8.04790382506498,7.43102853766885,-13.95));
#13361=CARTESIAN_POINT('',(8.04790382506498,7.43102853766885,-14.6282536415012));
#13362=CARTESIAN_POINT('',(8.24461220622495,7.23432015650889,-13.95));
#13363=CARTESIAN_POINT('',(7.73946618136692,7.73946618136691,-14.6282536415012));
#13364=CARTESIAN_POINT('',(8.54287857189557,7.92600328449943,-13.4463976487192));
#13365=CARTESIAN_POINT('',(9.04754856324382,7.44091751905938,-13.4463976487192));
#13366=CARTESIAN_POINT('',(9.04754856324382,7.44091751905938,-13.95));
#13367=CARTESIAN_POINT('',(9.04754856324382,7.44091751905938,-14.6282536415012));
#13368=CARTESIAN_POINT('',(8.54287857189557,7.92600328449943,-13.95));
#13369=CARTESIAN_POINT('',(8.54287857189557,7.92600328449943,-14.6282536415012));
#13370=CARTESIAN_POINT('',(11.1374100289178,8.5007723824727,-15.9904506110442));
#13371=CARTESIAN_POINT('',(11.1374100289178,8.5007723824727,-13.95));
#13372=CARTESIAN_POINT('',(11.1374100289178,8.5007723824727,-13.95));
#13373=CARTESIAN_POINT('',(10.7727905419563,8.13615289551124,-13.95));
#13374=CARTESIAN_POINT('',(11.1374100289178,8.5007723824727,-15.9904506110442));
#13375=CARTESIAN_POINT('',(11.1374100289178,8.5007723824727,-9.43456314372841));
#13376=CARTESIAN_POINT('',(11.1374100289178,8.5007723824727,-9.43456314372841));
#13377=CARTESIAN_POINT('',(10.7727905419563,8.13615289551123,-9.43456314372841));
#13378=CARTESIAN_POINT('',(10.7727905419563,8.13615289551124,-24.3576565571309));
#13379=CARTESIAN_POINT('',(6.73533494602307E-16,11.,-14.3));
#13380=CARTESIAN_POINT('',(6.73533494602307E-16,11.,-14.5));
#13381=CARTESIAN_POINT('',(-0.579338267594346,9.83294804073025,-14.5));
#13382=CARTESIAN_POINT('',(0.579338267594349,9.83294804073025,-14.5));
#13383=CARTESIAN_POINT('',(0.579338267594348,9.83294804073025,-10.3807109114474));
#13384=CARTESIAN_POINT('',(-0.579338267594347,9.83294804073025,-10.3807109114474));
#13385=CARTESIAN_POINT('',(0.,0.,-3.7094133774407));
#13386=CARTESIAN_POINT('',(0.,0.,-14.5));
#13387=CARTESIAN_POINT('',(-6.73533494602307E-16,-11.,-14.3));
#13388=CARTESIAN_POINT('',(-6.73533494602307E-16,-11.,-14.5));
#13389=CARTESIAN_POINT('',(0.848497590214476,-11.,-14.5));
#13390=CARTESIAN_POINT('',(-9.30853151357945,-5.35163187465906,-15.));
#13391=CARTESIAN_POINT('',(-9.30853151357945,-5.35163187465906,-14.5));
#13392=CARTESIAN_POINT('',(-8.43353151357945,-5.35163187465906,-14.5));
#13393=CARTESIAN_POINT('',(9.30853151357945,-5.35163187465906,-15.));
#13394=CARTESIAN_POINT('',(9.30853151357945,-5.35163187465906,-14.5));
#13395=CARTESIAN_POINT('',(8.43353151357945,-5.35163187465906,-14.5));
#13396=CARTESIAN_POINT('',(13.0400876907722,2.03810498627756,-15.9904506110442));
#13397=CARTESIAN_POINT('',(13.9180930802885,2.03810498627756,-15.9904506110442));
#13398=CARTESIAN_POINT('',(13.9180930802885,2.03810498627756,-14.5));
#13399=CARTESIAN_POINT('',(13.9180930802885,2.03810498627756,-9.43456314372841));
#13400=CARTESIAN_POINT('',(13.0400876907722,2.03810498627756,-14.5));
#13401=CARTESIAN_POINT('',(13.345266129415,2.03810498627756,-14.5));
#13402=CARTESIAN_POINT('',(13.345266129415,2.03810498627756,-24.3576565571309));
#13403=CARTESIAN_POINT('',(13.345266129415,2.03810498627756,-9.43456314372841));
#13404=CARTESIAN_POINT('',(13.0400876907722,2.03810498627756,-9.43456314372841));
#13405=CARTESIAN_POINT('',(13.1881215454763,2.88503901217,-15.55));
#13406=CARTESIAN_POINT('',(-1.62978121396993E-14,2.88503901216993,-14.5));
#13407=CARTESIAN_POINT('',(13.1881215454763,2.88503901217,-14.5));
#13408=CARTESIAN_POINT('',(12.4971897850414,2.88503901217,-14.5));
#13409=CARTESIAN_POINT('',(12.4971897850414,2.88503901217,-15.55));
#13410=CARTESIAN_POINT('',(13.1881215454763,2.88503901217,-15.55));
#13411=CARTESIAN_POINT('',(0.,0.,-15.55));
#13412=CARTESIAN_POINT('',(0.,0.,-14.5));
#13413=CARTESIAN_POINT('',(10.729526427438,7.02712354153498,-14.5));
#13414=CARTESIAN_POINT('',(10.729526427438,7.02712354153498,-15.55));
#13415=CARTESIAN_POINT('',(10.729526427438,7.02712354153498,-15.55));
#13416=CARTESIAN_POINT('',(-1.52877432948183E-14,7.02712354153495,-14.5));
#13417=CARTESIAN_POINT('',(11.5269048201156,7.02712354153498,-14.5));
#13418=CARTESIAN_POINT('',(11.5269048201156,7.02712354153498,-15.55));
#13419=CARTESIAN_POINT('',(0.,0.,-24.3576565571309));
#13420=CARTESIAN_POINT('',(0.,0.,-9.43456314372841));
#13421=CARTESIAN_POINT('',(0.,0.,-14.5));
#13422=CARTESIAN_POINT('',(0.,0.,-14.5));
#13423=CARTESIAN_POINT('',(10.7727905419563,8.13615289551124,-14.5));
#13424=CARTESIAN_POINT('',(10.7727905419563,8.13615289551124,-24.3576565571309));
#13425=CARTESIAN_POINT('',(10.7727905419563,8.13615289551124,-13.95));
#13426=CARTESIAN_POINT('',(10.7727905419563,8.13615289551124,-14.5));
#13427=CARTESIAN_POINT('',(9.37177943444565,6.73514178800053,-14.5));
#13428=CARTESIAN_POINT('',(9.37177943444565,6.73514178800053,-13.95));
#13429=CARTESIAN_POINT('',(9.37177943444565,6.73514178800053,-13.95));
#13430=CARTESIAN_POINT('',(11.1374100289178,8.5007723824727,-13.95));
#13431=CARTESIAN_POINT('',(8.55860663608112,7.54831458636506,-13.95));
#13432=CARTESIAN_POINT('',(8.55860663608112,7.54831458636506,-14.5));
#13433=CARTESIAN_POINT('',(7.74543383771659,6.73514178800052,-14.5));
#13434=CARTESIAN_POINT('',(7.74543383771659,6.73514178800052,-13.95));
#13435=CARTESIAN_POINT('',(7.74543383771659,6.73514178800052,-13.95));
#13436=CARTESIAN_POINT('',(8.55860663608112,7.54831458636506,-13.95));
#13437=CARTESIAN_POINT('',(6.75375376274979,7.72682186296731,-13.95));
#13438=CARTESIAN_POINT('',(6.75375376274979,7.72682186296731,-14.5));
#13439=CARTESIAN_POINT('',(6.75375376274979,7.72682186296731,-14.5));
#13440=CARTESIAN_POINT('',(6.75375376274979,7.72682186296731,-13.95));
#13441=CARTESIAN_POINT('',(6.75375376274979,7.72682186296731,-13.95));
#13442=CARTESIAN_POINT('',(6.75375376274979,7.72682186296731,-13.95));
#13443=CARTESIAN_POINT('',(7.56692656111432,8.53999466133185,-13.95));
#13444=CARTESIAN_POINT('',(7.56692656111432,8.53999466133185,-14.5));
#13445=CARTESIAN_POINT('',(6.75375376274979,9.35316745969638,-14.5));
#13446=CARTESIAN_POINT('',(6.75375376274979,9.35316745969638,-13.95));
#13447=CARTESIAN_POINT('',(6.75375376274979,9.35316745969638,-13.95));
#13448=CARTESIAN_POINT('',(7.56692656111432,8.53999466133185,-13.95));
#13449=CARTESIAN_POINT('',(8.15734142823713,10.7567551251837,-13.95));
#13450=CARTESIAN_POINT('',(8.15734142823713,10.7567551251837,-24.3576565571309));
#13451=CARTESIAN_POINT('',(8.15734142823714,10.7567551251837,-14.5));
#13452=CARTESIAN_POINT('',(8.15734142823713,10.7567551251837,-13.95));
#13453=CARTESIAN_POINT('',(8.15734142823713,10.7567551251837,-14.5));
#13454=CARTESIAN_POINT('',(0.,0.,-24.3576565571309));
#13455=CARTESIAN_POINT('',(0.,0.,-14.5));
#13456=CARTESIAN_POINT('',(6.10948905109489,12.0384443984491,-14.5));
#13457=CARTESIAN_POINT('',(6.10948905109489,12.0384443984491,-24.3576565571309));
#13458=CARTESIAN_POINT('',(6.10948905109489,12.0384443984491,-9.43456314372841));
#13459=CARTESIAN_POINT('',(0.,0.,-9.43456314372841));
#13460=CARTESIAN_POINT('',(6.2,12.2167917228706,-24.3576565571309));
#13461=CARTESIAN_POINT('',(6.2,12.2167917228706,-9.43456314372841));
#13462=CARTESIAN_POINT('',(6.,12.2167917228706,-9.43456314372841));
#13463=CARTESIAN_POINT('',(6.2,12.2167917228706,-14.5));
#13464=CARTESIAN_POINT('',(6.,12.2167917228706,-14.5));
#13465=CARTESIAN_POINT('',(6.,12.2167917228706,-15.));
#13466=CARTESIAN_POINT('',(6.,12.0933866224478,-24.3576565571309));
#13467=CARTESIAN_POINT('',(6.,12.0933866224478,-9.43456314372841));
#13468=CARTESIAN_POINT('',(6.,13.8,-9.43456314372841));
#13469=CARTESIAN_POINT('',(6.00000000000002,8.18860890603609E-15,-14.5));
#13470=CARTESIAN_POINT('',(6.,13.8,-14.5));
#13471=CARTESIAN_POINT('',(6.,13.8,-9.));
#13472=CARTESIAN_POINT('',(5.8,13.8,-24.3576565571309));
#13473=CARTESIAN_POINT('',(5.8,14.,-15.));
#13474=CARTESIAN_POINT('',(5.8,14.,-9.43456314372841));
#13475=CARTESIAN_POINT('',(5.8,14.,-14.5));
#13476=CARTESIAN_POINT('',(5.8,13.8,-9.43456314372841));
#13477=CARTESIAN_POINT('',(5.8,13.8,-14.5));
#13478=CARTESIAN_POINT('',(14.,14.,-15.));
#13479=CARTESIAN_POINT('',(-5.8,14.,-9.));
#13480=CARTESIAN_POINT('',(-5.8,14.,-14.5));
#13481=CARTESIAN_POINT('',(-5.8,14.,-9.43456314372841));
#13482=CARTESIAN_POINT('',(14.,14.,-9.43456314372841));
#13483=CARTESIAN_POINT('',(14.,14.,-14.5));
#13484=CARTESIAN_POINT('',(-5.8,13.8,-15.));
#13485=CARTESIAN_POINT('',(-6.,13.8,-15.));
#13486=CARTESIAN_POINT('',(-6.,13.8,-9.43456314372841));
#13487=CARTESIAN_POINT('',(-6.,13.8,-14.5));
#13488=CARTESIAN_POINT('',(-5.8,13.8,-9.43456314372841));
#13489=CARTESIAN_POINT('',(-5.8,13.8,-14.5));
#13490=CARTESIAN_POINT('',(-6.00000000000001,12.0933866224478,-24.3576565571309));
#13491=CARTESIAN_POINT('',(-6.00000000000001,12.0933866224478,-9.43456314372841));
#13492=CARTESIAN_POINT('',(-6.00000000000001,12.2167917228706,-9.43456314372841));
#13493=CARTESIAN_POINT('',(-6.00000000000005,2.18362904160963E-14,-14.5));
#13494=CARTESIAN_POINT('',(-6.00000000000001,12.2167917228706,-14.5));
#13495=CARTESIAN_POINT('',(-6.00000000000001,12.2167917228706,-9.));
#13496=CARTESIAN_POINT('',(-6.20000000000001,12.2167917228706,-24.3576565571309));
#13497=CARTESIAN_POINT('',(-6.20000000000001,12.2167917228706,-9.43456314372841));
#13498=CARTESIAN_POINT('',(-6.1094890510949,12.0384443984491,-9.43456314372841));
#13499=CARTESIAN_POINT('',(-6.20000000000001,12.2167917228706,-14.5));
#13500=CARTESIAN_POINT('',(-6.1094890510949,12.0384443984491,-14.5));
#13501=CARTESIAN_POINT('',(-6.1094890510949,12.0384443984491,-24.3576565571309));
#13502=CARTESIAN_POINT('',(0.,0.,-24.3576565571309));
#13503=CARTESIAN_POINT('',(0.,0.,-14.5));
#13504=CARTESIAN_POINT('',(-8.15734142823713,10.7567551251837,-14.5));
#13505=CARTESIAN_POINT('',(-8.15734142823713,10.7567551251837,-24.3576565571309));
#13506=CARTESIAN_POINT('',(0.,0.,-9.43456314372841));
#13507=CARTESIAN_POINT('',(-8.15734142823713,10.7567551251837,-13.95));
#13508=CARTESIAN_POINT('',(-8.15734142823713,10.7567551251837,-14.5));
#13509=CARTESIAN_POINT('',(-6.75375376274979,9.35316745969638,-14.5));
#13510=CARTESIAN_POINT('',(-6.75375376274979,9.35316745969638,-13.95));
#13511=CARTESIAN_POINT('',(-6.75375376274979,9.35316745969638,-13.95));
#13512=CARTESIAN_POINT('',(-8.15734142823713,10.7567551251837,-13.95));
#13513=CARTESIAN_POINT('',(-7.56692656111432,8.53999466133185,-13.95));
#13514=CARTESIAN_POINT('',(-7.56692656111432,8.53999466133185,-14.5));
#13515=CARTESIAN_POINT('',(-6.75375376274979,7.72682186296731,-14.5));
#13516=CARTESIAN_POINT('',(-6.75375376274979,7.72682186296731,-13.95));
#13517=CARTESIAN_POINT('',(-6.75375376274979,7.72682186296731,-13.95));
#13518=CARTESIAN_POINT('',(-7.56692656111432,8.53999466133185,-13.95));
#13519=CARTESIAN_POINT('',(-6.75375376274979,7.72682186296731,-13.95));
#13520=CARTESIAN_POINT('',(-6.75375376274979,7.72682186296731,-14.5));
#13521=CARTESIAN_POINT('',(-7.74543383771659,6.73514178800052,-14.5));
#13522=CARTESIAN_POINT('',(-7.74543383771659,6.73514178800052,-13.95));
#13523=CARTESIAN_POINT('',(-7.74543383771659,6.73514178800052,-13.95));
#13524=CARTESIAN_POINT('',(-6.75375376274979,7.72682186296731,-13.95));
#13525=CARTESIAN_POINT('',(-8.55860663608111,7.54831458636506,-13.95));
#13526=CARTESIAN_POINT('',(-8.55860663608111,7.54831458636506,-14.5));
#13527=CARTESIAN_POINT('',(-9.37177943444565,6.73514178800053,-14.5));
#13528=CARTESIAN_POINT('',(-9.37177943444565,6.73514178800053,-13.95));
#13529=CARTESIAN_POINT('',(-9.37177943444565,6.73514178800053,-13.95));
#13530=CARTESIAN_POINT('',(-8.55860663608111,7.54831458636506,-13.95));
#13531=CARTESIAN_POINT('',(-10.7727905419563,8.13615289551124,-13.95));
#13532=CARTESIAN_POINT('',(-11.1374100289178,8.5007723824727,-13.95));
#13533=CARTESIAN_POINT('',(-10.7727905419563,8.13615289551124,-14.5));
#13534=CARTESIAN_POINT('',(-10.7727905419563,8.13615289551124,-14.5));
#13535=CARTESIAN_POINT('',(-10.7727905419563,8.13615289551124,-24.3576565571309));
#13536=CARTESIAN_POINT('',(-10.729526427438,7.02712354153498,-15.55));
#13537=CARTESIAN_POINT('',(-10.729526427438,7.02712354153498,-15.55));
#13538=CARTESIAN_POINT('',(-10.729526427438,7.02712354153498,-14.5));
#13539=CARTESIAN_POINT('',(-11.5269048201156,7.02712354153498,-15.55));
#13540=CARTESIAN_POINT('',(-11.5269048201156,7.02712354153498,-14.5));
#13541=CARTESIAN_POINT('',(7.64387164740914E-15,7.02712354153496,-14.5));
#13542=CARTESIAN_POINT('',(0.,0.,-15.55));
#13543=CARTESIAN_POINT('',(0.,0.,-14.5));
#13544=CARTESIAN_POINT('',(-12.4971897850414,2.88503901217,-14.5));
#13545=CARTESIAN_POINT('',(-12.4971897850414,2.88503901217,-15.55));
#13546=CARTESIAN_POINT('',(-13.1881215454763,2.88503901217,-15.55));
#13547=CARTESIAN_POINT('',(-13.1881215454763,2.88503901217,-15.55));
#13548=CARTESIAN_POINT('',(-13.1881215454763,2.88503901217,-14.5));
#13549=CARTESIAN_POINT('',(0.,2.88503901217,-14.5));
#13550=CARTESIAN_POINT('',(0.,0.,-24.3576565571309));
#13551=CARTESIAN_POINT('',(0.,0.,-14.5));
#13552=CARTESIAN_POINT('',(-13.345266129415,2.03810498627756,-14.5));
#13553=CARTESIAN_POINT('',(-13.345266129415,2.03810498627756,-24.3576565571309));
#13554=CARTESIAN_POINT('',(-13.345266129415,2.03810498627756,-9.43456314372841));
#13555=CARTESIAN_POINT('',(0.,0.,-9.43456314372841));
#13556=CARTESIAN_POINT('',(0.,0.,-14.5));
#13557=CARTESIAN_POINT('',(-13.0400876907722,2.03810498627756,-15.9904506110442));
#13558=CARTESIAN_POINT('',(-13.9180930802885,2.03810498627756,-15.9904506110442));
#13559=CARTESIAN_POINT('',(-13.9180930802885,2.03810498627756,-9.43456314372841));
#13560=CARTESIAN_POINT('',(-13.9180930802885,2.03810498627756,-14.5));
#13561=CARTESIAN_POINT('',(-13.0400876907722,2.03810498627756,-9.43456314372841));
#13562=CARTESIAN_POINT('',(-13.0400876907722,2.03810498627756,-14.5));
#13563=CARTESIAN_POINT('',(-14.,-2.03810498627756,-15.9904506110442));
#13564=CARTESIAN_POINT('',(-13.9180930802885,-2.03810498627756,-15.9904506110442));
#13565=CARTESIAN_POINT('',(-13.9180930802885,-2.03810498627756,-14.5));
#13566=CARTESIAN_POINT('',(-13.9180930802885,-2.03810498627756,-9.43456314372841));
#13567=CARTESIAN_POINT('',(-14.,-2.03810498627756,-14.5));
#13568=CARTESIAN_POINT('',(-13.345266129415,-2.03810498627756,-14.5));
#13569=CARTESIAN_POINT('',(-13.345266129415,-2.03810498627756,-24.3576565571309));
#13570=CARTESIAN_POINT('',(-13.345266129415,-2.03810498627756,-9.43456314372841));
#13571=CARTESIAN_POINT('',(-14.,-2.03810498627756,-9.43456314372841));
#13572=CARTESIAN_POINT('',(-13.1881215454763,-2.88503901217,-15.55));
#13573=CARTESIAN_POINT('',(0.,-2.88503901217,-14.5));
#13574=CARTESIAN_POINT('',(-13.1881215454763,-2.88503901217,-14.5));
#13575=CARTESIAN_POINT('',(-12.4971897850414,-2.88503901217,-14.5));
#13576=CARTESIAN_POINT('',(-12.4971897850414,-2.88503901217,-15.55));
#13577=CARTESIAN_POINT('',(-13.1881215454763,-2.88503901217001,-15.55));
#13578=CARTESIAN_POINT('',(0.,0.,-15.55));
#13579=CARTESIAN_POINT('',(0.,0.,-14.5));
#13580=CARTESIAN_POINT('',(-10.729526427438,-7.02712354153498,-14.5));
#13581=CARTESIAN_POINT('',(-10.729526427438,-7.02712354153498,-15.55));
#13582=CARTESIAN_POINT('',(-10.729526427438,-7.02712354153498,-15.55));
#13583=CARTESIAN_POINT('',(0.,-7.02712354153498,-14.5));
#13584=CARTESIAN_POINT('',(-11.5269048201156,-7.02712354153498,-14.5));
#13585=CARTESIAN_POINT('',(-11.5269048201156,-7.02712354153498,-15.55));
#13586=CARTESIAN_POINT('',(0.,0.,-24.3576565571309));
#13587=CARTESIAN_POINT('',(0.,0.,-9.43456314372841));
#13588=CARTESIAN_POINT('',(0.,0.,-14.5));
#13589=CARTESIAN_POINT('',(0.,0.,-14.5));
#13590=CARTESIAN_POINT('',(-10.7727905419563,-8.13615289551124,-14.5));
#13591=CARTESIAN_POINT('',(-10.7727905419563,-8.13615289551124,-24.3576565571309));
#13592=CARTESIAN_POINT('',(-10.7727905419563,-8.13615289551124,-13.95));
#13593=CARTESIAN_POINT('',(-10.7727905419563,-8.13615289551124,-14.5));
#13594=CARTESIAN_POINT('',(-9.37177943444565,-6.73514178800053,-14.5));
#13595=CARTESIAN_POINT('',(-9.37177943444565,-6.73514178800053,-13.95));
#13596=CARTESIAN_POINT('',(-9.37177943444565,-6.73514178800053,-13.95));
#13597=CARTESIAN_POINT('',(-11.1374100289178,-8.5007723824727,-13.95));
#13598=CARTESIAN_POINT('',(-8.55860663608111,-7.54831458636506,-13.95));
#13599=CARTESIAN_POINT('',(-8.55860663608111,-7.54831458636506,-14.5));
#13600=CARTESIAN_POINT('',(-7.74543383771659,-6.73514178800052,-14.5));
#13601=CARTESIAN_POINT('',(-7.74543383771659,-6.73514178800052,-13.95));
#13602=CARTESIAN_POINT('',(-7.74543383771659,-6.73514178800052,-13.95));
#13603=CARTESIAN_POINT('',(-8.55860663608111,-7.54831458636506,-13.95));
#13604=CARTESIAN_POINT('',(-6.75375376274979,-7.72682186296731,-13.95));
#13605=CARTESIAN_POINT('',(-6.75375376274979,-7.72682186296731,-14.5));
#13606=CARTESIAN_POINT('',(-6.75375376274979,-7.72682186296731,-14.5));
#13607=CARTESIAN_POINT('',(-6.75375376274979,-7.72682186296731,-13.95));
#13608=CARTESIAN_POINT('',(-6.75375376274979,-7.72682186296731,-13.95));
#13609=CARTESIAN_POINT('',(-6.75375376274979,-7.72682186296731,-13.95));
#13610=CARTESIAN_POINT('',(-7.56692656111432,-8.53999466133185,-13.95));
#13611=CARTESIAN_POINT('',(-7.56692656111432,-8.53999466133185,-14.5));
#13612=CARTESIAN_POINT('',(-6.75375376274979,-9.35316745969638,-14.5));
#13613=CARTESIAN_POINT('',(-6.75375376274979,-9.35316745969638,-13.95));
#13614=CARTESIAN_POINT('',(-6.75375376274979,-9.35316745969638,-13.95));
#13615=CARTESIAN_POINT('',(-7.56692656111432,-8.53999466133185,-13.95));
#13616=CARTESIAN_POINT('',(-8.15734142823713,-10.7567551251837,-13.95));
#13617=CARTESIAN_POINT('',(-8.15734142823713,-10.7567551251837,-24.3576565571309));
#13618=CARTESIAN_POINT('',(-8.15734142823713,-10.7567551251837,-14.5));
#13619=CARTESIAN_POINT('',(-8.15734142823713,-10.7567551251837,-13.95));
#13620=CARTESIAN_POINT('',(-8.15734142823713,-10.7567551251837,-14.5));
#13621=CARTESIAN_POINT('',(0.,0.,-24.3576565571309));
#13622=CARTESIAN_POINT('',(0.,0.,-14.5));
#13623=CARTESIAN_POINT('',(-7.0948905109489,-11.4853179597975,-14.5));
#13624=CARTESIAN_POINT('',(-7.0948905109489,-11.4853179597975,-24.3576565571309));
#13625=CARTESIAN_POINT('',(-7.0948905109489,-11.4853179597975,-9.43456314372841));
#13626=CARTESIAN_POINT('',(0.,0.,-9.43456314372841));
#13627=CARTESIAN_POINT('',(-7.2,-11.6554708184612,-24.3576565571309));
#13628=CARTESIAN_POINT('',(-7.2,-11.6554708184612,-9.43456314372841));
#13629=CARTESIAN_POINT('',(-7.,-11.6554708184612,-9.43456314372841));
#13630=CARTESIAN_POINT('',(-7.2,-11.6554708184612,-14.5));
#13631=CARTESIAN_POINT('',(-7.,-11.6554708184612,-14.5));
#13632=CARTESIAN_POINT('',(-7.,-11.6554708184612,-15.));
#13633=CARTESIAN_POINT('',(-7.,-11.5433963806152,-24.3576565571309));
#13634=CARTESIAN_POINT('',(-7.,-11.5433963806152,-9.43456314372841));
#13635=CARTESIAN_POINT('',(-7.,-13.8,-9.43456314372841));
#13636=CARTESIAN_POINT('',(-7.,2.47151478488796E-15,-14.5));
#13637=CARTESIAN_POINT('',(-7.,-13.8,-14.5));
#13638=CARTESIAN_POINT('',(-7.,-13.8,-9.));
#13639=CARTESIAN_POINT('',(-6.8,-13.8,-24.3576565571309));
#13640=CARTESIAN_POINT('',(-6.8,-14.,-15.));
#13641=CARTESIAN_POINT('',(-6.8,-14.,-9.43456314372841));
#13642=CARTESIAN_POINT('',(-6.8,-14.,-14.5));
#13643=CARTESIAN_POINT('',(-6.8,-13.8,-9.43456314372841));
#13644=CARTESIAN_POINT('',(-6.8,-13.8,-14.5));
#13645=CARTESIAN_POINT('',(-14.,-14.,-15.));
#13646=CARTESIAN_POINT('',(6.8,-14.,-9.));
#13647=CARTESIAN_POINT('',(6.8,-14.,-14.5));
#13648=CARTESIAN_POINT('',(6.8,-14.,-9.43456314372841));
#13649=CARTESIAN_POINT('',(-14.,-14.,-9.43456314372841));
#13650=CARTESIAN_POINT('',(-14.,-14.,-14.5));
#13651=CARTESIAN_POINT('',(6.8,-13.8,-15.));
#13652=CARTESIAN_POINT('',(7.,-13.8,-15.));
#13653=CARTESIAN_POINT('',(7.,-13.8,-9.43456314372841));
#13654=CARTESIAN_POINT('',(7.,-13.8,-14.5));
#13655=CARTESIAN_POINT('',(6.8,-13.8,-9.43456314372841));
#13656=CARTESIAN_POINT('',(6.8,-13.8,-14.5));
#13657=CARTESIAN_POINT('',(7.,-11.5433963806152,-24.3576565571309));
#13658=CARTESIAN_POINT('',(7.,-11.5433963806152,-9.43456314372841));
#13659=CARTESIAN_POINT('',(7.,-11.6554708184612,-9.43456314372841));
#13660=CARTESIAN_POINT('',(7.,0.,-14.5));
#13661=CARTESIAN_POINT('',(7.,-11.6554708184612,-14.5));
#13662=CARTESIAN_POINT('',(7.,-11.6554708184612,-9.));
#13663=CARTESIAN_POINT('',(7.2,-11.6554708184612,-24.3576565571309));
#13664=CARTESIAN_POINT('',(7.2,-11.6554708184612,-9.43456314372841));
#13665=CARTESIAN_POINT('',(7.09489051094891,-11.4853179597975,-9.43456314372841));
#13666=CARTESIAN_POINT('',(7.2,-11.6554708184612,-14.5));
#13667=CARTESIAN_POINT('',(7.09489051094891,-11.4853179597975,-14.5));
#13668=CARTESIAN_POINT('',(7.09489051094891,-11.4853179597975,-24.3576565571309));
#13669=CARTESIAN_POINT('',(0.,0.,-24.3576565571309));
#13670=CARTESIAN_POINT('',(0.,0.,-14.5));
#13671=CARTESIAN_POINT('',(8.15734142823714,-10.7567551251837,-14.5));
#13672=CARTESIAN_POINT('',(8.15734142823713,-10.7567551251837,-24.3576565571309));
#13673=CARTESIAN_POINT('',(0.,0.,-9.43456314372841));
#13674=CARTESIAN_POINT('',(8.15734142823714,-10.7567551251837,-13.95));
#13675=CARTESIAN_POINT('',(8.15734142823714,-10.7567551251837,-14.5));
#13676=CARTESIAN_POINT('',(6.75375376274979,-9.35316745969638,-14.5));
#13677=CARTESIAN_POINT('',(6.75375376274979,-9.35316745969638,-13.95));
#13678=CARTESIAN_POINT('',(6.75375376274979,-9.35316745969638,-13.95));
#13679=CARTESIAN_POINT('',(8.15734142823714,-10.7567551251837,-13.95));
#13680=CARTESIAN_POINT('',(7.56692656111432,-8.53999466133185,-13.95));
#13681=CARTESIAN_POINT('',(7.56692656111432,-8.53999466133185,-14.5));
#13682=CARTESIAN_POINT('',(6.75375376274979,-7.72682186296731,-14.5));
#13683=CARTESIAN_POINT('',(6.75375376274979,-7.72682186296731,-13.95));
#13684=CARTESIAN_POINT('',(6.75375376274979,-7.72682186296731,-13.95));
#13685=CARTESIAN_POINT('',(7.56692656111432,-8.53999466133185,-13.95));
#13686=CARTESIAN_POINT('',(6.75375376274979,-7.72682186296731,-13.95));
#13687=CARTESIAN_POINT('',(6.75375376274979,-7.72682186296731,-14.5));
#13688=CARTESIAN_POINT('',(7.74543383771659,-6.73514178800052,-14.5));
#13689=CARTESIAN_POINT('',(7.74543383771659,-6.73514178800052,-13.95));
#13690=CARTESIAN_POINT('',(7.74543383771659,-6.73514178800052,-13.95));
#13691=CARTESIAN_POINT('',(6.75375376274979,-7.72682186296731,-13.95));
#13692=CARTESIAN_POINT('',(8.55860663608112,-7.54831458636506,-13.95));
#13693=CARTESIAN_POINT('',(8.55860663608112,-7.54831458636506,-14.5));
#13694=CARTESIAN_POINT('',(9.37177943444565,-6.73514178800053,-14.5));
#13695=CARTESIAN_POINT('',(9.37177943444565,-6.73514178800053,-13.95));
#13696=CARTESIAN_POINT('',(9.37177943444565,-6.73514178800053,-13.95));
#13697=CARTESIAN_POINT('',(8.55860663608112,-7.54831458636506,-13.95));
#13698=CARTESIAN_POINT('',(10.7727905419564,-8.13615289551124,-13.95));
#13699=CARTESIAN_POINT('',(11.1374100289178,-8.5007723824727,-13.95));
#13700=CARTESIAN_POINT('',(10.7727905419563,-8.13615289551124,-13.95));
#13701=CARTESIAN_POINT('',(10.7727905419564,-8.13615289551124,-14.5));
#13702=CARTESIAN_POINT('',(10.7727905419563,-8.13615289551123,-14.5));
#13703=CARTESIAN_POINT('',(10.7727905419563,-8.13615289551124,-24.3576565571309));
#13704=CARTESIAN_POINT('',(10.729526427438,-7.02712354153498,-15.55));
#13705=CARTESIAN_POINT('',(10.729526427438,-7.02712354153498,-15.55));
#13706=CARTESIAN_POINT('',(10.729526427438,-7.02712354153498,-14.5));
#13707=CARTESIAN_POINT('',(11.5269048201156,-7.02712354153498,-15.55));
#13708=CARTESIAN_POINT('',(11.5269048201156,-7.02712354153498,-14.5));
#13709=CARTESIAN_POINT('',(1.52877432948183E-14,-7.027123541535,-14.5));
#13710=CARTESIAN_POINT('',(0.,0.,-15.55));
#13711=CARTESIAN_POINT('',(0.,0.,-14.5));
#13712=CARTESIAN_POINT('',(12.4971897850414,-2.88503901217,-14.5));
#13713=CARTESIAN_POINT('',(12.4971897850414,-2.88503901217,-15.55));
#13714=CARTESIAN_POINT('',(13.1881215454763,-2.88503901217,-15.55));
#13715=CARTESIAN_POINT('',(13.1881215454763,-2.88503901217,-15.55));
#13716=CARTESIAN_POINT('',(13.1881215454763,-2.88503901217,-14.5));
#13717=CARTESIAN_POINT('',(-1.81086801552218E-15,-2.88503901216999,-14.5));
#13718=CARTESIAN_POINT('',(13.9510553332675,-1.25,-18.580173056593));
#13719=CARTESIAN_POINT('',(13.9510553332675,-1.25,-18.580173056593));
#13720=CARTESIAN_POINT('',(13.9510553332675,-0.049999999999999,-18.580173056593));
#13721=CARTESIAN_POINT('',(13.9510553332675,0.049999999999999,-18.580173056593));
#13722=CARTESIAN_POINT('',(13.5094211532087,-0.049999999999999,-18.3457391618514));
#13723=CARTESIAN_POINT('',(13.5094211532087,-0.049999999999999,-18.3457391618514));
#13724=CARTESIAN_POINT('',(13.5094211532087,-1.25,-18.3457391618514));
#13725=CARTESIAN_POINT('',(13.5094211532087,0.049999999999999,-18.3457391618514));
#13726=CARTESIAN_POINT('',(13.9510553332675,0.049999999999999,-18.580173056593));
#13727=CARTESIAN_POINT('',(14.,-2.03810498627756,-15.9904506110442));
#13728=CARTESIAN_POINT('',(13.9180930802885,-2.03810498627756,-15.9904506110442));
#13729=CARTESIAN_POINT('',(13.9180930802885,-2.03810498627756,-9.43456314372841));
#13730=CARTESIAN_POINT('',(13.9180930802885,-2.03810498627756,-14.5));
#13731=CARTESIAN_POINT('',(14.,-2.03810498627756,-9.43456314372841));
#13732=CARTESIAN_POINT('',(13.345266129415,-2.03810498627756,-9.43456314372841));
#13733=CARTESIAN_POINT('',(13.345266129415,-2.03810498627756,-24.3576565571309));
#13734=CARTESIAN_POINT('',(13.345266129415,-2.03810498627756,-14.5));
#13735=CARTESIAN_POINT('',(14.,-2.03810498627756,-14.5));
#13736=CARTESIAN_POINT('',(0.,0.,-24.3576565571309));
#13737=CARTESIAN_POINT('',(0.,0.,-9.43456314372841));
#13738=CARTESIAN_POINT('',(10.7727905419563,-8.13615289551124,-9.43456314372841));
#13739=CARTESIAN_POINT('',(10.7727905419563,-8.13615289551124,-24.3576565571309));
#13740=CARTESIAN_POINT('',(0.,0.,-14.5));
#13741=CARTESIAN_POINT('',(0.,0.,-14.5));
#13742=CARTESIAN_POINT('',(11.1374100289178,-8.5007723824727,-15.9904506110442));
#13743=CARTESIAN_POINT('',(11.1374100289178,-8.5007723824727,-15.9904506110442));
#13744=CARTESIAN_POINT('',(11.1374100289178,-8.5007723824727,-13.95));
#13745=CARTESIAN_POINT('',(11.1374100289178,-8.5007723824727,-9.43456314372841));
#13746=CARTESIAN_POINT('',(11.1374100289178,-8.5007723824727,-13.95));
#13747=CARTESIAN_POINT('',(11.1374100289178,-8.5007723824727,-9.43456314372841));
#13748=CARTESIAN_POINT('',(0.,0.,-9.));
#13749=CARTESIAN_POINT('',(0.,0.,-9.43456314372841));
#13750=CARTESIAN_POINT('',(10.95,0.,-9.43456314372841));
#13751=CARTESIAN_POINT('',(-4.14839780945771,-12.0794887948596,-9.41909117417794));
#13752=CARTESIAN_POINT('',(-4.14839780945771,-12.0794887948596,-9.41909117417794));
#13753=CARTESIAN_POINT('',(-3.84839780945771,-12.0794887948596,-9.41909117417794));
#13754=CARTESIAN_POINT('',(4.12217315034893,-12.0794887948596,-9.41909117417794));
#13755=CARTESIAN_POINT('',(4.12217315034893,-12.0794887948596,-9.41909117417794));
#13756=CARTESIAN_POINT('',(4.37217315034893,-12.0794887948596,-9.41909117417794));
#13757=CARTESIAN_POINT('',(-1.60705571902162,-12.3395414434928,-9.41909117417794));
#13758=CARTESIAN_POINT('',(-1.60705571902162,-12.3395414434928,-9.41909117417794));
#13759=CARTESIAN_POINT('',(-1.18205571902162,-12.3395414434928,-9.41909117417794));
#13760=CARTESIAN_POINT('',(-1.60705571902162,12.3395414434928,-9.41909117417794));
#13761=CARTESIAN_POINT('',(-1.60705571902162,12.3395414434928,-9.41909117417794));
#13762=CARTESIAN_POINT('',(-1.18205571902162,12.3395414434928,-9.41909117417794));
#13763=CARTESIAN_POINT('',(4.12217315034893,12.0794887948596,-9.41909117417794));
#13764=CARTESIAN_POINT('',(4.12217315034893,12.0794887948596,-9.41909117417794));
#13765=CARTESIAN_POINT('',(4.37217315034893,12.0794887948596,-9.41909117417794));
#13766=CARTESIAN_POINT('',(8.51938435722196,-11.1187980541685,-15.9904506110442));
#13767=CARTESIAN_POINT('',(10.6008442337372,-9.03733817765326,-15.9904506110442));
#13768=CARTESIAN_POINT('',(10.6008442337372,-9.03733817765327,-13.95));
#13769=CARTESIAN_POINT('',(10.6008442337372,-9.03733817765326,-9.43456314372841));
#13770=CARTESIAN_POINT('',(8.51938435722196,-11.1187980541685,-13.95));
#13771=CARTESIAN_POINT('',(8.51938435722196,-11.1187980541685,-9.43456314372841));
#13772=CARTESIAN_POINT('',(10.1157203643839,-8.55221430829995,-13.4463976487192));
#13773=CARTESIAN_POINT('',(8.8664049737514,-7.2524606723428,-13.95));
#13774=CARTESIAN_POINT('',(10.1157203643839,-8.55221430829995,-13.95));
#13775=CARTESIAN_POINT('',(10.1157203643839,-8.55221430829995,-8.56380655360678));
#13776=CARTESIAN_POINT('',(10.1157203643839,-8.55221430829995,-14.6282536415012));
#13777=CARTESIAN_POINT('',(10.1157203643839,-8.55221430829995,-14.6282536415012));
#13778=CARTESIAN_POINT('',(8.36831542148968,-10.2318094472799,-13.4463976487192));
#13779=CARTESIAN_POINT('',(8.36831542148968,-10.2318094472799,-8.56380655360678));
#13780=CARTESIAN_POINT('',(8.36831542148968,-10.2318094472799,-13.95));
#13781=CARTESIAN_POINT('',(8.36831542148968,-10.2318094472799,-14.6282536415012));
#13782=CARTESIAN_POINT('',(7.11900003085716,-8.93205581132272,-13.95));
#13783=CARTESIAN_POINT('',(8.36831542148968,-10.2318094472799,-14.6282536415012));
#13784=CARTESIAN_POINT('',(8.55860663608112,-7.54831458636506,-13.95));
#13785=CARTESIAN_POINT('',(7.12171359832799,-8.98520762411818,-13.95));
#13786=CARTESIAN_POINT('',(8.88734419280016,-10.7508382185903,-13.95));
#13787=CARTESIAN_POINT('',(8.51938435722196,-11.1187980541685,-13.95));
#13788=CARTESIAN_POINT('',(8.86408139210123,-7.30057533601726,-13.95));
#13789=CARTESIAN_POINT('',(8.51938435722196,-11.1187980541685,-15.9904506110442));
#13790=CARTESIAN_POINT('',(8.88734419280016,-10.7508382185903,-15.9904506110442));
#13791=CARTESIAN_POINT('',(8.88734419280016,-10.7508382185903,-9.43456314372841));
#13792=CARTESIAN_POINT('',(8.51938435722196,-11.1187980541685,-9.43456314372841));
#13793=CARTESIAN_POINT('',(8.93239258465724,-10.7958866104474,-8.56380655360678));
#13794=CARTESIAN_POINT('',(8.93239258465724,-10.7958866104474,-8.56380655360678));
#13795=CARTESIAN_POINT('',(8.93239258465724,-10.7958866104474,-9.48));
#13796=CARTESIAN_POINT('',(8.93239258465724,-10.7958866104474,-14.1282536415012));
#13797=CARTESIAN_POINT('',(10.6458926255943,-9.08238656951035,-14.1282536415012));
#13798=CARTESIAN_POINT('',(10.6458926255943,-9.08238656951035,-14.1282536415012));
#13799=CARTESIAN_POINT('',(10.6458926255943,-9.08238656951035,-8.56380655360678));
#13800=CARTESIAN_POINT('',(10.6458926255943,-9.08238656951035,-9.48));
#13801=CARTESIAN_POINT('',(8.93239258465724,-10.7958866104474,-9.48));
#13802=CARTESIAN_POINT('',(9.51058620695906,-9.51058620695907,-14.1282536415012));
#13803=CARTESIAN_POINT('',(10.2923392350011,-8.72883317891708,-14.1282536415012));
#13804=CARTESIAN_POINT('',(10.2923392350011,-8.72883317891708,-14.6282536415012));
#13805=CARTESIAN_POINT('',(8.57883919406397,-10.4423332198542,-14.1282536415012));
#13806=CARTESIAN_POINT('',(8.57883919406397,-10.4423332198542,-14.6282536415012));
#13807=CARTESIAN_POINT('',(8.57883919406397,-10.4423332198542,-14.6282536415012));
#13808=CARTESIAN_POINT('',(0.,0.,-14.6282536415012));
#13809=CARTESIAN_POINT('',(10.4590878603973,-8.89558180431331,-14.6282536415012));
#13810=CARTESIAN_POINT('',(8.93239258465724,-10.7958866104474,-14.6282536415012));
#13811=CARTESIAN_POINT('',(6.07173035727983,11.9640427697288,-9.43456314372841));
#13812=CARTESIAN_POINT('',(-3.87790321911956,2.01440919332938,-9.43456314372841));
#13813=CARTESIAN_POINT('',(8.50933141955463,-10.3728254453448,-9.43456314372841));
#13814=CARTESIAN_POINT('',(0.,0.,-9.43456314372841));
#13815=CARTESIAN_POINT('',(7.05104170522814,-11.4143348382,-9.43456314372841));
#13816=CARTESIAN_POINT('',(7.2,-11.6554708184612,-9.43456314372841));
#13817=CARTESIAN_POINT('',(6.91656546689251,-11.6554708184612,-9.43456314372841));
#13818=CARTESIAN_POINT('',(6.9165654668925,-11.6554708184612,-9.43456314372841));
#13819=CARTESIAN_POINT('',(6.91656546689251,-13.8,-9.43456314372841));
#13820=CARTESIAN_POINT('',(6.8,-13.8,-9.43456314372841));
#13821=CARTESIAN_POINT('',(6.8,-13.9165654668925,-9.43456314372841));
#13822=CARTESIAN_POINT('',(6.8,-13.9165654668925,-9.43456314372841));
#13823=CARTESIAN_POINT('',(-6.8,-13.9165654668925,-9.43456314372841));
#13824=CARTESIAN_POINT('',(-6.8,-13.8,-9.43456314372841));
#13825=CARTESIAN_POINT('',(-6.91656546689251,-13.8,-9.43456314372841));
#13826=CARTESIAN_POINT('',(-6.91656546689251,-13.8,-9.43456314372841));
#13827=CARTESIAN_POINT('',(-6.91656546689251,-11.6554708184612,-9.43456314372841));
#13828=CARTESIAN_POINT('',(-7.2,-11.6554708184612,-9.43456314372841));
#13829=CARTESIAN_POINT('',(-7.05104170522814,-11.4143348382,-9.43456314372841));
#13830=CARTESIAN_POINT('',(0.,0.,-9.43456314372841));
#13831=CARTESIAN_POINT('',(-8.50933141955463,-10.3728254453448,-9.43456314372841));
#13832=CARTESIAN_POINT('',(9.94963357639939,8.0861395506092,-9.43456314372841));
#13833=CARTESIAN_POINT('',(-8.88734419280016,-10.7508382185903,-9.43456314372841));
#13834=CARTESIAN_POINT('',(-8.51938435722196,-11.1187980541685,-9.43456314372841));
#13835=CARTESIAN_POINT('',(-8.51938435722196,-11.1187980541685,-15.9904506110442));
#13836=CARTESIAN_POINT('',(-8.88734419280016,-10.7508382185903,-15.9904506110442));
#13837=CARTESIAN_POINT('',(-8.88734419280016,-10.7508382185903,-13.95));
#13838=CARTESIAN_POINT('',(-8.51938435722196,-11.1187980541685,-13.95));
#13839=CARTESIAN_POINT('',(-8.36831542148968,-10.2318094472799,-13.4463976487192));
#13840=CARTESIAN_POINT('',(-7.11900003085716,-8.93205581132272,-13.95));
#13841=CARTESIAN_POINT('',(-8.36831542148968,-10.2318094472799,-13.95));
#13842=CARTESIAN_POINT('',(-8.36831542148968,-10.2318094472799,-8.56380655360678));
#13843=CARTESIAN_POINT('',(-8.36831542148968,-10.2318094472799,-14.6282536415012));
#13844=CARTESIAN_POINT('',(-8.36831542148968,-10.2318094472799,-14.6282536415012));
#13845=CARTESIAN_POINT('',(-10.1157203643839,-8.55221430829995,-13.4463976487192));
#13846=CARTESIAN_POINT('',(-8.86640497375139,-7.2524606723428,-13.95));
#13847=CARTESIAN_POINT('',(-10.1157203643839,-8.55221430829995,-13.95));
#13848=CARTESIAN_POINT('',(-10.1157203643839,-8.55221430829995,-14.6282536415012));
#13849=CARTESIAN_POINT('',(-10.1157203643839,-8.55221430829995,-14.6282536415012));
#13850=CARTESIAN_POINT('',(-10.1157203643839,-8.55221430829995,-8.56380655360678));
#13851=CARTESIAN_POINT('',(-8.55860663608111,-7.54831458636506,-13.95));
#13852=CARTESIAN_POINT('',(-7.12171359832799,-8.98520762411818,-13.95));
#13853=CARTESIAN_POINT('',(-8.86408139210123,-7.30057533601726,-13.95));
#13854=CARTESIAN_POINT('',(-10.6008442337372,-9.03733817765327,-13.95));
#13855=CARTESIAN_POINT('',(-8.51938435722196,-11.1187980541685,-13.95));
#13856=CARTESIAN_POINT('',(-8.51938435722196,-11.1187980541685,-15.9904506110442));
#13857=CARTESIAN_POINT('',(-10.6008442337372,-9.03733817765327,-15.9904506110442));
#13858=CARTESIAN_POINT('',(-10.6008442337372,-9.03733817765327,-9.43456314372841));
#13859=CARTESIAN_POINT('',(-8.51938435722196,-11.1187980541685,-9.43456314372841));
#13860=CARTESIAN_POINT('',(-8.93239258465724,-10.7958866104474,-8.56380655360678));
#13861=CARTESIAN_POINT('',(-10.6458926255943,-9.08238656951035,-8.56380655360678));
#13862=CARTESIAN_POINT('',(-10.6458926255943,-9.08238656951035,-9.48));
#13863=CARTESIAN_POINT('',(-10.6458926255943,-9.08238656951035,-14.1282536415012));
#13864=CARTESIAN_POINT('',(-8.93239258465724,-10.7958866104474,-14.1282536415012));
#13865=CARTESIAN_POINT('',(-8.93239258465724,-10.7958866104474,-14.1282536415012));
#13866=CARTESIAN_POINT('',(-8.93239258465724,-10.7958866104474,-8.56380655360678));
#13867=CARTESIAN_POINT('',(-8.93239258465724,-10.7958866104474,-9.48));
#13868=CARTESIAN_POINT('',(-8.93239258465724,-10.7958866104474,-9.48));
#13869=CARTESIAN_POINT('',(-8.57883919406397,-10.4423332198542,-14.1282536415012));
#13870=CARTESIAN_POINT('',(-10.292339235001,-8.72883317891708,-14.1282536415012));
#13871=CARTESIAN_POINT('',(-10.292339235001,-8.72883317891708,-14.6282536415012));
#13872=CARTESIAN_POINT('',(-10.292339235001,-8.72883317891708,-14.6282536415012));
#13873=CARTESIAN_POINT('',(-8.57883919406397,-10.4423332198542,-14.6282536415012));
#13874=CARTESIAN_POINT('',(-8.57883919406397,-10.4423332198542,-14.1282536415012));
#13875=CARTESIAN_POINT('',(0.,0.,-14.6282536415012));
#13876=CARTESIAN_POINT('',(-8.93239258465724,-10.7958866104474,-14.6282536415012));
#13877=CARTESIAN_POINT('',(-10.4590878603973,-8.89558180431331,-14.6282536415012));
#13878=CARTESIAN_POINT('',(6.07173035727983,11.9640427697288,-9.43456314372841));
#13879=CARTESIAN_POINT('',(0.,0.,-9.43456314372841));
#13880=CARTESIAN_POINT('',(-10.236433174237,-8.67292711815299,-9.43456314372841));
#13881=CARTESIAN_POINT('',(-13.3582082978,-1.25,-9.43456314372841));
#13882=CARTESIAN_POINT('',(6.07173035727983,-1.25,-9.43456314372841));
#13883=CARTESIAN_POINT('',(-13.9180930802885,-1.25,-9.43456314372841));
#13884=CARTESIAN_POINT('',(-13.9180930802885,11.9640427697288,-9.43456314372841));
#13885=CARTESIAN_POINT('',(8.35048332957342,9.91398938565739,-9.43456314372841));
#13886=CARTESIAN_POINT('',(-13.9180930802885,2.66289643593396,25.1978704819821));
#13887=CARTESIAN_POINT('',(-13.9180930802885,-1.25,25.1978704819821));
#13888=CARTESIAN_POINT('',(-13.9180930802885,-1.25,-14.5));
#13889=CARTESIAN_POINT('',(-13.9180930802885,0.,-14.5));
#13890=CARTESIAN_POINT('',(-14.5136966806474,-0.049999999999999,-17.5202510244517));
#13891=CARTESIAN_POINT('',(-14.0720625005885,-0.049999999999999,-17.28581712971));
#13892=CARTESIAN_POINT('',(-14.0720625005885,-1.25,-17.28581712971));
#13893=CARTESIAN_POINT('',(-14.0720625005885,-1.25,-17.28581712971));
#13894=CARTESIAN_POINT('',(-14.5136966806474,-1.25,-17.5202510244517));
#13895=CARTESIAN_POINT('',(-14.5136966806474,-0.049999999999999,-17.5202510244517));
#13896=CARTESIAN_POINT('',(-14.0062428319169,-1.25,-17.0274345070353));
#13897=CARTESIAN_POINT('',(-14.0062428319169,1.25,-17.0274345070353));
#13898=CARTESIAN_POINT('',(-14.1249877637925,1.25,-16.8931129026995));
#13899=CARTESIAN_POINT('',(-14.164598469229,1.25,-17.1114948684965));
#13900=CARTESIAN_POINT('',(-14.1249877637925,-1.25,-16.8931129026995));
#13901=CARTESIAN_POINT('',(-14.1249877637925,-1.25,-16.8931129026995));
#13902=CARTESIAN_POINT('',(-14.0062428319169,-1.25,-17.0274345070353));
#13903=CARTESIAN_POINT('',(-14.164598469229,-1.25,-17.1114948684965));
#13904=CARTESIAN_POINT('',(-14.164598469229,-1.25,-17.1114948684965));
#13905=CARTESIAN_POINT('',(-14.1249877637925,-1.25,-16.8931129026995));
#13906=CARTESIAN_POINT('',(-14.1249877637925,1.25,-16.8931129026995));
#13907=CARTESIAN_POINT('',(-13.594425302583,1.25,-16.4240773843732));
#13908=CARTESIAN_POINT('',(-13.594425302583,-1.25,-16.4240773843732));
#13909=CARTESIAN_POINT('',(-13.594425302583,-1.25,-16.4240773843732));
#13910=CARTESIAN_POINT('',(-14.1249877637925,-1.25,-16.8931129026995));
#13911=CARTESIAN_POINT('',(-13.7796375686366,-1.25,-16.2145694220034));
#13912=CARTESIAN_POINT('',(-13.7796375686366,1.25,-16.2145694220034));
#13913=CARTESIAN_POINT('',(-13.5,1.25,-16.2145694220034));
#13914=CARTESIAN_POINT('',(-13.5,-1.25,-16.2145694220034));
#13915=CARTESIAN_POINT('',(-13.5,-1.25,-16.2145694220034));
#13916=CARTESIAN_POINT('',(-13.7796375686366,-1.25,-16.2145694220034));
#13917=CARTESIAN_POINT('',(-13.5,-1.25,-16.2145694220034));
#13918=CARTESIAN_POINT('',(-13.5,0.,-14.5));
#13919=CARTESIAN_POINT('',(-13.5,-1.25,-14.5));
#13920=CARTESIAN_POINT('',(-13.5,1.25,-14.5));
#13921=CARTESIAN_POINT('',(-13.5,-1.25,-16.2145694220034));
#13922=CARTESIAN_POINT('',(-13.5,1.25,-16.2145694220034));
#13923=CARTESIAN_POINT('',(-13.9180930802885,2.66289643593396,25.1978704819821));
#13924=CARTESIAN_POINT('',(-13.9180930802885,0.,-14.5));
#13925=CARTESIAN_POINT('',(-13.9180930802885,1.25,-14.5));
#13926=CARTESIAN_POINT('',(-13.9180930802885,1.25,25.1978704819821));
#13927=CARTESIAN_POINT('',(-13.9180930802885,1.25,-9.43456314372841));
#13928=CARTESIAN_POINT('',(-13.9180930802885,11.9640427697288,-9.43456314372841));
#13929=CARTESIAN_POINT('',(-14.,-1.25,-9.33943745778312));
#13930=CARTESIAN_POINT('',(-14.,1.25,-9.33943745778312));
#13931=CARTESIAN_POINT('',(-14.,1.25,-16.1152520069321));
#13932=CARTESIAN_POINT('',(-14.,1.25,-9.33943745778312));
#13933=CARTESIAN_POINT('',(-14.,-1.25,-16.1152520069321));
#13934=CARTESIAN_POINT('',(-14.,-1.25,-16.1152520069321));
#13935=CARTESIAN_POINT('',(-14.,-1.25,-9.33943745778312));
#13936=CARTESIAN_POINT('',(-14.,-1.25,-9.33943745778312));
#13937=CARTESIAN_POINT('',(-14.,-1.25,-9.33943745778312));
#13938=CARTESIAN_POINT('',(-14.,-1.25,-16.1152520069321));
#13939=CARTESIAN_POINT('',(-14.,1.25,-16.1152520069321));
#13940=CARTESIAN_POINT('',(-14.723659259505,1.25,-16.7549917561406));
#13941=CARTESIAN_POINT('',(-14.723659259505,-1.25,-16.7549917561406));
#13942=CARTESIAN_POINT('',(-14.723659259505,-1.25,-16.7549917561406));
#13943=CARTESIAN_POINT('',(-14.,-1.25,-16.1152520069321));
#13944=CARTESIAN_POINT('',(-14.5738207637954,-1.25,-16.9244857026786));
#13945=CARTESIAN_POINT('',(-14.5738207637954,1.25,-16.9244857026786));
#13946=CARTESIAN_POINT('',(-14.7736420960172,1.25,-17.0305574137925));
#13947=CARTESIAN_POINT('',(-14.7736420960172,-1.25,-17.0305574137925));
#13948=CARTESIAN_POINT('',(-14.7736420960172,-1.25,-17.0305574137925));
#13949=CARTESIAN_POINT('',(-14.5738207637954,-1.25,-16.9244857026786));
#13950=CARTESIAN_POINT('',(-13.9510553332675,-1.25,-18.580173056593));
#13951=CARTESIAN_POINT('',(-13.9510553332675,1.25,-18.580173056593));
#13952=CARTESIAN_POINT('',(-14.5136966806474,1.25,-17.5202510244517));
#13953=CARTESIAN_POINT('',(-14.5136966806474,0.049999999999999,-17.5202510244517));
#13954=CARTESIAN_POINT('',(-13.9510553332675,-1.25,-18.580173056593));
#13955=CARTESIAN_POINT('',(-13.4002810594173,0.049999999999999,-16.9292135270452));
#13956=CARTESIAN_POINT('',(-14.0720625005885,0.049999999999999,-17.28581712971));
#13957=CARTESIAN_POINT('',(-14.0720625005885,1.25,-17.28581712971));
#13958=CARTESIAN_POINT('',(-13.4002810594173,1.25,-16.9292135270452));
#13959=CARTESIAN_POINT('',(-13.5094211532087,-1.25,-18.3457391618514));
#13960=CARTESIAN_POINT('',(-13.5094211532087,1.25,-18.3457391618514));
#13961=CARTESIAN_POINT('',(-13.5094211532087,-1.25,-18.3457391618514));
#13962=CARTESIAN_POINT('',(6.07173035727983,11.9640427697288,-9.43456314372841));
#13963=CARTESIAN_POINT('',(6.07173035727983,1.25,-9.43456314372841));
#13964=CARTESIAN_POINT('',(-13.3582082978,1.25,-9.43456314372841));
#13965=CARTESIAN_POINT('',(0.,0.,-9.43456314372841));
#13966=CARTESIAN_POINT('',(-10.236433174237,8.67292711815299,-9.43456314372841));
#13967=CARTESIAN_POINT('',(-4.55796687726999,2.99446082118602,-9.43456314372841));
#13968=CARTESIAN_POINT('',(-10.6008442337372,9.03733817765327,-9.43456314372841));
#13969=CARTESIAN_POINT('',(-8.51938435722196,11.1187980541685,-9.43456314372841));
#13970=CARTESIAN_POINT('',(-8.51938435722196,11.1187980541685,-15.9904506110442));
#13971=CARTESIAN_POINT('',(-10.6008442337372,9.03733817765327,-15.9904506110442));
#13972=CARTESIAN_POINT('',(-10.6008442337372,9.03733817765327,-13.95));
#13973=CARTESIAN_POINT('',(-8.51938435722196,11.1187980541685,-13.95));
#13974=CARTESIAN_POINT('',(-10.1157203643839,8.55221430829995,-13.4463976487192));
#13975=CARTESIAN_POINT('',(-8.86640497375139,7.2524606723428,-13.95));
#13976=CARTESIAN_POINT('',(-10.1157203643839,8.55221430829995,-13.95));
#13977=CARTESIAN_POINT('',(-10.1157203643839,8.55221430829995,-8.56380655360678));
#13978=CARTESIAN_POINT('',(-10.1157203643839,8.55221430829995,-14.6282536415012));
#13979=CARTESIAN_POINT('',(-10.1157203643839,8.55221430829995,-14.6282536415012));
#13980=CARTESIAN_POINT('',(-8.36831542148968,10.2318094472799,-13.4463976487192));
#13981=CARTESIAN_POINT('',(-8.36831542148968,10.2318094472799,-8.56380655360678));
#13982=CARTESIAN_POINT('',(-8.36831542148968,10.2318094472799,-13.95));
#13983=CARTESIAN_POINT('',(-8.36831542148968,10.2318094472799,-14.6282536415012));
#13984=CARTESIAN_POINT('',(-7.11900003085716,8.93205581132272,-13.95));
#13985=CARTESIAN_POINT('',(-8.36831542148968,10.2318094472799,-14.6282536415012));
#13986=CARTESIAN_POINT('',(-8.55860663608111,7.54831458636506,-13.95));
#13987=CARTESIAN_POINT('',(-7.12171359832799,8.98520762411818,-13.95));
#13988=CARTESIAN_POINT('',(-8.88734419280016,10.7508382185903,-13.95));
#13989=CARTESIAN_POINT('',(-8.51938435722196,11.1187980541685,-13.95));
#13990=CARTESIAN_POINT('',(-8.86408139210123,7.30057533601726,-13.95));
#13991=CARTESIAN_POINT('',(-8.51938435722196,11.1187980541685,-15.9904506110442));
#13992=CARTESIAN_POINT('',(-8.88734419280016,10.7508382185903,-15.9904506110442));
#13993=CARTESIAN_POINT('',(-8.88734419280016,10.7508382185903,-9.43456314372841));
#13994=CARTESIAN_POINT('',(-8.51938435722196,11.1187980541685,-9.43456314372841));
#13995=CARTESIAN_POINT('',(-8.93239258465724,10.7958866104474,-8.56380655360678));
#13996=CARTESIAN_POINT('',(-8.93239258465724,10.7958866104474,-8.56380655360678));
#13997=CARTESIAN_POINT('',(-8.93239258465724,10.7958866104474,-9.48));
#13998=CARTESIAN_POINT('',(-8.93239258465724,10.7958866104474,-14.1282536415012));
#13999=CARTESIAN_POINT('',(-10.6458926255943,9.08238656951035,-14.1282536415012));
#14000=CARTESIAN_POINT('',(-10.6458926255943,9.08238656951035,-14.1282536415012));
#14001=CARTESIAN_POINT('',(-10.6458926255943,9.08238656951035,-8.56380655360678));
#14002=CARTESIAN_POINT('',(-10.6458926255943,9.08238656951035,-9.48));
#14003=CARTESIAN_POINT('',(-8.93239258465724,10.7958866104474,-9.48));
#14004=CARTESIAN_POINT('',(-9.51058620695906,9.51058620695907,-14.1282536415012));
#14005=CARTESIAN_POINT('',(-10.292339235001,8.72883317891708,-14.1282536415012));
#14006=CARTESIAN_POINT('',(-10.292339235001,8.72883317891708,-14.6282536415012));
#14007=CARTESIAN_POINT('',(-8.57883919406397,10.4423332198542,-14.1282536415012));
#14008=CARTESIAN_POINT('',(-8.57883919406397,10.4423332198542,-14.6282536415012));
#14009=CARTESIAN_POINT('',(-8.57883919406397,10.4423332198542,-14.6282536415012));
#14010=CARTESIAN_POINT('',(0.,0.,-14.6282536415012));
#14011=CARTESIAN_POINT('',(-10.4590878603973,8.89558180431331,-14.6282536415012));
#14012=CARTESIAN_POINT('',(-8.93239258465724,10.7958866104474,-14.6282536415012));
#14013=CARTESIAN_POINT('',(6.07173035727983,11.9640427697288,-9.43456314372841));
#14014=CARTESIAN_POINT('',(-2.01440919332938,3.87790321911956,-9.43456314372841));
#14015=CARTESIAN_POINT('',(-8.50933141955463,10.3728254453448,-9.43456314372841));
#14016=CARTESIAN_POINT('',(0.,0.,-9.43456314372841));
#14017=CARTESIAN_POINT('',(-6.07173035727983,11.9640427697288,-9.43456314372841));
#14018=CARTESIAN_POINT('',(-6.20000000000001,12.2167917228706,-9.43456314372841));
#14019=CARTESIAN_POINT('',(-5.91656546689251,12.2167917228706,-9.43456314372841));
#14020=CARTESIAN_POINT('',(-5.91656546689251,12.2167917228706,-9.43456314372841));
#14021=CARTESIAN_POINT('',(-5.91656546689251,13.8,-9.43456314372841));
#14022=CARTESIAN_POINT('',(-5.8,13.8,-9.43456314372841));
#14023=CARTESIAN_POINT('',(-5.8,13.9165654668925,-9.43456314372841));
#14024=CARTESIAN_POINT('',(-5.8,13.9165654668925,-9.43456314372841));
#14025=CARTESIAN_POINT('',(5.8,13.9165654668925,-9.43456314372841));
#14026=CARTESIAN_POINT('',(5.8,13.8,-9.43456314372841));
#14027=CARTESIAN_POINT('',(5.91656546689251,13.8,-9.43456314372841));
#14028=CARTESIAN_POINT('',(5.91656546689251,13.8,-9.43456314372841));
#14029=CARTESIAN_POINT('',(5.91656546689251,12.2167917228706,-9.43456314372841));
#14030=CARTESIAN_POINT('',(6.2,12.2167917228706,-9.43456314372841));
#14031=CARTESIAN_POINT('',(6.07173035727984,11.9640427697288,-9.43456314372841));
#14032=CARTESIAN_POINT('',(0.,0.,-9.43456314372841));
#14033=CARTESIAN_POINT('',(8.50933141955463,10.3728254453448,-9.43456314372841));
#14034=CARTESIAN_POINT('',(8.0861395506092,9.94963357639939,-9.43456314372841));
#14035=CARTESIAN_POINT('',(8.88734419280016,10.7508382185903,-9.43456314372841));
#14036=CARTESIAN_POINT('',(8.51938435722196,11.1187980541685,-9.43456314372841));
#14037=CARTESIAN_POINT('',(8.51938435722196,11.1187980541685,-15.9904506110442));
#14038=CARTESIAN_POINT('',(8.88734419280016,10.7508382185903,-15.9904506110442));
#14039=CARTESIAN_POINT('',(8.88734419280016,10.7508382185903,-13.95));
#14040=CARTESIAN_POINT('',(8.51938435722196,11.1187980541685,-13.95));
#14041=CARTESIAN_POINT('',(8.36831542148968,10.2318094472799,-13.4463976487192));
#14042=CARTESIAN_POINT('',(7.11900003085716,8.93205581132272,-13.95));
#14043=CARTESIAN_POINT('',(8.36831542148968,10.2318094472799,-13.95));
#14044=CARTESIAN_POINT('',(8.36831542148968,10.2318094472799,-8.56380655360678));
#14045=CARTESIAN_POINT('',(8.36831542148968,10.2318094472799,-14.6282536415012));
#14046=CARTESIAN_POINT('',(8.36831542148968,10.2318094472799,-14.6282536415012));
#14047=CARTESIAN_POINT('',(10.1157203643839,8.55221430829995,-13.4463976487192));
#14048=CARTESIAN_POINT('',(10.1157203643839,8.55221430829995,-8.56380655360678));
#14049=CARTESIAN_POINT('',(10.1157203643839,8.55221430829995,-13.95));
#14050=CARTESIAN_POINT('',(10.1157203643839,8.55221430829995,-14.6282536415012));
#14051=CARTESIAN_POINT('',(8.8664049737514,7.2524606723428,-13.95));
#14052=CARTESIAN_POINT('',(10.1157203643839,8.55221430829995,-14.6282536415012));
#14053=CARTESIAN_POINT('',(8.55860663608112,7.54831458636506,-13.95));
#14054=CARTESIAN_POINT('',(8.86408139210123,7.30057533601726,-13.95));
#14055=CARTESIAN_POINT('',(10.6008442337372,9.03733817765327,-13.95));
#14056=CARTESIAN_POINT('',(8.51938435722196,11.1187980541685,-13.95));
#14057=CARTESIAN_POINT('',(7.12171359832799,8.98520762411818,-13.95));
#14058=CARTESIAN_POINT('',(8.51938435722196,11.1187980541685,-15.9904506110442));
#14059=CARTESIAN_POINT('',(10.6008442337372,9.03733817765326,-15.9904506110442));
#14060=CARTESIAN_POINT('',(10.6008442337372,9.03733817765326,-9.43456314372841));
#14061=CARTESIAN_POINT('',(8.51938435722196,11.1187980541685,-9.43456314372841));
#14062=CARTESIAN_POINT('',(8.93239258465724,10.7958866104474,-8.56380655360678));
#14063=CARTESIAN_POINT('',(10.6458926255943,9.08238656951035,-8.56380655360678));
#14064=CARTESIAN_POINT('',(10.6458926255943,9.08238656951035,-9.48));
#14065=CARTESIAN_POINT('',(10.6458926255943,9.08238656951035,-14.1282536415012));
#14066=CARTESIAN_POINT('',(8.93239258465724,10.7958866104474,-14.1282536415012));
#14067=CARTESIAN_POINT('',(8.93239258465724,10.7958866104474,-14.1282536415012));
#14068=CARTESIAN_POINT('',(8.93239258465724,10.7958866104474,-8.56380655360678));
#14069=CARTESIAN_POINT('',(8.93239258465724,10.7958866104474,-9.48));
#14070=CARTESIAN_POINT('',(8.93239258465724,10.7958866104474,-9.48));
#14071=CARTESIAN_POINT('',(8.57883919406397,10.4423332198542,-14.1282536415012));
#14072=CARTESIAN_POINT('',(10.2923392350011,8.72883317891708,-14.1282536415012));
#14073=CARTESIAN_POINT('',(10.2923392350011,8.72883317891708,-14.6282536415012));
#14074=CARTESIAN_POINT('',(10.2923392350011,8.72883317891708,-14.6282536415012));
#14075=CARTESIAN_POINT('',(8.57883919406397,10.4423332198542,-14.6282536415012));
#14076=CARTESIAN_POINT('',(8.57883919406397,10.4423332198542,-14.1282536415012));
#14077=CARTESIAN_POINT('',(0.,0.,-14.6282536415012));
#14078=CARTESIAN_POINT('',(8.93239258465724,10.7958866104474,-14.6282536415012));
#14079=CARTESIAN_POINT('',(10.4590878603973,8.89558180431331,-14.6282536415012));
#14080=CARTESIAN_POINT('',(6.07173035727983,11.9640427697288,-9.43456314372841));
#14081=CARTESIAN_POINT('',(6.07173035727983,1.25,-9.43456314372841));
#14082=CARTESIAN_POINT('',(13.9180930802885,1.25,-9.43456314372841));
#14083=CARTESIAN_POINT('',(13.3582082978,1.25,-9.43456314372841));
#14084=CARTESIAN_POINT('',(13.9180930802885,11.9640427697288,-9.43456314372841));
#14085=CARTESIAN_POINT('',(10.1091843728803,8.54567831679637,-9.43456314372841));
#14086=CARTESIAN_POINT('',(10.236433174237,8.67292711815299,-9.43456314372841));
#14087=CARTESIAN_POINT('',(0.,0.,-9.43456314372841));
#14088=CARTESIAN_POINT('',(13.9180930802885,2.66289643593396,25.1978704819821));
#14089=CARTESIAN_POINT('',(13.9180930802885,1.25,25.1978704819821));
#14090=CARTESIAN_POINT('',(13.9180930802885,1.25,-14.5));
#14091=CARTESIAN_POINT('',(13.9180930802885,0.,-14.5));
#14092=CARTESIAN_POINT('',(10.4601429046522,0.049999999999999,-15.3684918487365));
#14093=CARTESIAN_POINT('',(14.5136966806474,0.049999999999999,-17.5202510244517));
#14094=CARTESIAN_POINT('',(14.5136966806474,1.25,-17.5202510244517));
#14095=CARTESIAN_POINT('',(14.0720625005885,0.049999999999999,-17.28581712971));
#14096=CARTESIAN_POINT('',(14.0720625005885,1.25,-17.28581712971));
#14097=CARTESIAN_POINT('',(10.4601429046522,1.25,-15.3684918487365));
#14098=CARTESIAN_POINT('',(14.0062428319169,-1.25,-17.0274345070353));
#14099=CARTESIAN_POINT('',(14.0062428319169,1.25,-17.0274345070353));
#14100=CARTESIAN_POINT('',(14.164598469229,1.25,-17.1114948684965));
#14101=CARTESIAN_POINT('',(14.1249877637925,1.25,-16.8931129026995));
#14102=CARTESIAN_POINT('',(14.164598469229,-1.25,-17.1114948684965));
#14103=CARTESIAN_POINT('',(14.164598469229,-1.25,-17.1114948684965));
#14104=CARTESIAN_POINT('',(14.0062428319169,-1.25,-17.0274345070353));
#14105=CARTESIAN_POINT('',(14.1249877637925,-1.25,-16.8931129026995));
#14106=CARTESIAN_POINT('',(14.1249877637925,-1.25,-16.8931129026995));
#14107=CARTESIAN_POINT('',(14.1249877637925,-1.25,-16.8931129026995));
#14108=CARTESIAN_POINT('',(14.1249877637925,1.25,-16.8931129026995));
#14109=CARTESIAN_POINT('',(13.5944253025831,1.25,-16.4240773843731));
#14110=CARTESIAN_POINT('',(14.1249877637925,-1.25,-16.8931129026995));
#14111=CARTESIAN_POINT('',(13.5944253025831,-1.25,-16.4240773843731));
#14112=CARTESIAN_POINT('',(13.5944253025831,-1.25,-16.4240773843731));
#14113=CARTESIAN_POINT('',(13.7796375686366,-1.25,-16.2145694220034));
#14114=CARTESIAN_POINT('',(13.7796375686366,1.25,-16.2145694220034));
#14115=CARTESIAN_POINT('',(13.5,1.25,-16.2145694220034));
#14116=CARTESIAN_POINT('',(13.7796375686366,-1.25,-16.2145694220034));
#14117=CARTESIAN_POINT('',(13.5,-1.25,-16.2145694220034));
#14118=CARTESIAN_POINT('',(13.5,-1.25,-16.2145694220034));
#14119=CARTESIAN_POINT('',(13.5,-1.25,-16.2145694220034));
#14120=CARTESIAN_POINT('',(13.5,0.,-14.5));
#14121=CARTESIAN_POINT('',(13.5,1.25,-14.5));
#14122=CARTESIAN_POINT('',(13.5,-1.25,-14.5));
#14123=CARTESIAN_POINT('',(13.5,1.25,-16.2145694220034));
#14124=CARTESIAN_POINT('',(13.5,-1.25,-16.2145694220034));
#14125=CARTESIAN_POINT('',(0.,0.,-14.5));
#14126=CARTESIAN_POINT('',(0.,-1.25,-14.5));
#14127=CARTESIAN_POINT('',(13.9180930802885,-1.25,-14.5));
#14128=CARTESIAN_POINT('',(13.9180930802885,0.,-14.5));
#14129=CARTESIAN_POINT('',(0.,-1.25,-14.5));
#14130=CARTESIAN_POINT('',(0.,1.25,-14.5));
#14131=CARTESIAN_POINT('',(0.,1.25,-14.5));
#14132=CARTESIAN_POINT('',(13.9180930802885,2.66289643593396,25.1978704819821));
#14133=CARTESIAN_POINT('',(13.9180930802885,-1.25,25.1978704819821));
#14134=CARTESIAN_POINT('',(13.9180930802885,-1.25,-9.43456314372841));
#14135=CARTESIAN_POINT('',(13.9180930802885,11.9640427697288,-9.43456314372841));
#14136=CARTESIAN_POINT('',(14.,-1.25,-9.33943745778312));
#14137=CARTESIAN_POINT('',(14.,1.25,-9.33943745778312));
#14138=CARTESIAN_POINT('',(14.,1.25,-9.33943745778312));
#14139=CARTESIAN_POINT('',(14.,1.25,-16.1152520069321));
#14140=CARTESIAN_POINT('',(14.,-1.25,-9.33943745778312));
#14141=CARTESIAN_POINT('',(14.,-1.25,-9.33943745778312));
#14142=CARTESIAN_POINT('',(14.,-1.25,-9.33943745778312));
#14143=CARTESIAN_POINT('',(14.,-1.25,-16.1152520069321));
#14144=CARTESIAN_POINT('',(14.,-1.25,-16.1152520069321));
#14145=CARTESIAN_POINT('',(14.,-1.25,-16.1152520069321));
#14146=CARTESIAN_POINT('',(14.,1.25,-16.1152520069321));
#14147=CARTESIAN_POINT('',(14.723659259505,1.25,-16.7549917561406));
#14148=CARTESIAN_POINT('',(14.,-1.25,-16.1152520069321));
#14149=CARTESIAN_POINT('',(14.723659259505,-1.25,-16.7549917561406));
#14150=CARTESIAN_POINT('',(14.723659259505,-1.25,-16.7549917561406));
#14151=CARTESIAN_POINT('',(14.5738207637954,-1.25,-16.9244857026786));
#14152=CARTESIAN_POINT('',(14.5738207637954,1.25,-16.9244857026786));
#14153=CARTESIAN_POINT('',(14.7736420960172,1.25,-17.0305574137925));
#14154=CARTESIAN_POINT('',(14.5738207637954,-1.25,-16.9244857026786));
#14155=CARTESIAN_POINT('',(14.7736420960172,-1.25,-17.0305574137925));
#14156=CARTESIAN_POINT('',(14.7736420960172,-1.25,-17.0305574137925));
#14157=CARTESIAN_POINT('',(13.9510553332675,-1.25,-18.580173056593));
#14158=CARTESIAN_POINT('',(13.9510553332675,-1.25,-18.580173056593));
#14159=CARTESIAN_POINT('',(14.5136966806474,-1.25,-17.5202510244517));
#14160=CARTESIAN_POINT('',(14.5136966806474,-0.049999999999999,-17.5202510244517));
#14161=CARTESIAN_POINT('',(13.9510553332675,1.25,-18.580173056593));
#14162=CARTESIAN_POINT('',(14.5136966806474,-0.049999999999999,-17.5202510244517));
#14163=CARTESIAN_POINT('',(14.5136966806474,-1.25,-17.5202510244517));
#14164=CARTESIAN_POINT('',(14.0720625005885,-1.25,-17.28581712971));
#14165=CARTESIAN_POINT('',(14.0720625005885,-0.049999999999999,-17.28581712971));
#14166=CARTESIAN_POINT('',(13.5094211532087,-1.25,-18.3457391618514));
#14167=CARTESIAN_POINT('',(13.5094211532087,-1.25,-18.3457391618514));
#14168=CARTESIAN_POINT('',(13.5094211532087,1.25,-18.3457391618514));
#14169=CARTESIAN_POINT('',(6.07173035727983,11.9640427697288,-9.43456314372841));
#14170=CARTESIAN_POINT('',(6.07173035727983,-1.25,-9.43456314372841));
#14171=CARTESIAN_POINT('',(13.3582082978,-1.25,-9.43456314372841));
#14172=CARTESIAN_POINT('',(0.,0.,-9.43456314372841));
#14173=CARTESIAN_POINT('',(10.236433174237,-8.67292711815299,-9.43456314372841));
#14174=CARTESIAN_POINT('',(-2.79926583396307,4.36277189004704,-9.43456314372841));
#14175=CARTESIAN_POINT('',(0.,0.,-9.43456314372841));
#14176=CARTESIAN_POINT('',(0.,0.,-9.43456314372841));
#14177=CARTESIAN_POINT('',(11.05,0.,-9.43456314372841));
#14178=CARTESIAN_POINT('',(-4.14839780945771,-12.0794887948596,-9.41909117417794));
#14179=CARTESIAN_POINT('',(-4.14839780945771,-12.0794887948596,-9.05));
#14180=CARTESIAN_POINT('',(-4.44839780945771,-12.0794887948596,-9.05));
#14181=CARTESIAN_POINT('',(4.12217315034893,-12.0794887948596,-9.41909117417794));
#14182=CARTESIAN_POINT('',(4.12217315034893,-12.0794887948596,-9.05));
#14183=CARTESIAN_POINT('',(3.87217315034893,-12.0794887948596,-9.05));
#14184=CARTESIAN_POINT('',(-1.60705571902162,-12.3395414434928,-9.41909117417794));
#14185=CARTESIAN_POINT('',(-1.60705571902162,-12.3395414434928,-9.05));
#14186=CARTESIAN_POINT('',(-2.03205571902162,-12.3395414434928,-9.05));
#14187=CARTESIAN_POINT('',(-1.60705571902162,12.3395414434928,-9.41909117417794));
#14188=CARTESIAN_POINT('',(-1.60705571902162,12.3395414434928,-9.05));
#14189=CARTESIAN_POINT('',(-2.03205571902162,12.3395414434928,-9.05));
#14190=CARTESIAN_POINT('',(4.12217315034893,12.0794887948596,-9.41909117417794));
#14191=CARTESIAN_POINT('',(4.12217315034893,12.0794887948596,-9.05));
#14192=CARTESIAN_POINT('',(3.87217315034893,12.0794887948596,-9.05));
#14193=CARTESIAN_POINT('',(10.4590878603973,-8.89558180431331,-8.56380655360678));
#14194=CARTESIAN_POINT('',(10.236433174237,-8.67292711815299,-9.43456314372841));
#14195=CARTESIAN_POINT('',(10.236433174237,-8.67292711815299,-9.));
#14196=CARTESIAN_POINT('',(10.4588858343383,-8.89537977825433,-9.));
#14197=CARTESIAN_POINT('',(10.3064813706248,-8.74297531454081,-9.));
#14198=CARTESIAN_POINT('',(10.3064813706248,-8.74297531454081,-9.48));
#14199=CARTESIAN_POINT('',(8.5929813296877,-10.4564753554779,-9.48));
#14200=CARTESIAN_POINT('',(10.3064813706248,-8.74297531454081,-9.));
#14201=CARTESIAN_POINT('',(8.5929813296877,-10.4564753554779,-9.));
#14202=CARTESIAN_POINT('',(8.5929813296877,-10.4564753554779,-9.48));
#14203=CARTESIAN_POINT('',(8.93239258465724,-10.7958866104474,-8.56380655360678));
#14204=CARTESIAN_POINT('',(8.93239258465724,-10.7958866104474,-9.));
#14205=CARTESIAN_POINT('',(8.50933141955463,-10.3728254453448,-9.));
#14206=CARTESIAN_POINT('',(8.50933141955463,-10.3728254453448,-9.));
#14207=CARTESIAN_POINT('',(0.,0.,-9.));
#14208=CARTESIAN_POINT('',(0.,0.,-9.));
#14209=CARTESIAN_POINT('',(7.05104170522814,-11.4143348382,-9.));
#14210=CARTESIAN_POINT('',(7.05104170522814,-11.4143348382,-8.84366162855226));
#14211=CARTESIAN_POINT('',(7.2,-11.6554708184612,-9.));
#14212=CARTESIAN_POINT('',(7.2,-11.6554708184612,-9.));
#14213=CARTESIAN_POINT('',(6.91656546689251,-11.6554708184612,-9.));
#14214=CARTESIAN_POINT('',(6.91656546689251,-11.6554708184612,-8.84366162855226));
#14215=CARTESIAN_POINT('',(6.9165654668925,-11.6554708184612,-8.84366162855226));
#14216=CARTESIAN_POINT('',(6.91656546689249,7.32616877660157E-15,-9.));
#14217=CARTESIAN_POINT('',(6.91656546689251,-13.8,-9.));
#14218=CARTESIAN_POINT('',(6.91656546689251,-13.8,-8.84366162855226));
#14219=CARTESIAN_POINT('',(6.8,-13.8,-9.));
#14220=CARTESIAN_POINT('',(6.8,-13.8,-9.));
#14221=CARTESIAN_POINT('',(6.8,-13.9165654668925,-9.));
#14222=CARTESIAN_POINT('',(6.8,-13.9165654668925,-8.84366162855226));
#14223=CARTESIAN_POINT('',(6.8,-13.9165654668925,-8.84366162855226));
#14224=CARTESIAN_POINT('',(0.,-13.9165654668925,-9.));
#14225=CARTESIAN_POINT('',(-6.8,-13.9165654668925,-9.));
#14226=CARTESIAN_POINT('',(-6.8,-13.9165654668925,-8.84366162855226));
#14227=CARTESIAN_POINT('',(-6.8,-13.8,-9.));
#14228=CARTESIAN_POINT('',(-6.8,-13.8,-9.));
#14229=CARTESIAN_POINT('',(-6.91656546689251,-13.8,-9.));
#14230=CARTESIAN_POINT('',(-6.91656546689251,-13.8,-8.84366162855226));
#14231=CARTESIAN_POINT('',(-6.91656546689251,-13.8,-8.84366162855226));
#14232=CARTESIAN_POINT('',(-6.9165654668925,2.44205625886719E-15,-9.));
#14233=CARTESIAN_POINT('',(-6.91656546689251,-11.6554708184612,-9.));
#14234=CARTESIAN_POINT('',(-6.91656546689251,-11.6554708184612,-8.84366162855226));
#14235=CARTESIAN_POINT('',(-7.2,-11.6554708184612,-9.));
#14236=CARTESIAN_POINT('',(-7.2,-11.6554708184612,-9.));
#14237=CARTESIAN_POINT('',(-7.05104170522814,-11.4143348382,-9.));
#14238=CARTESIAN_POINT('',(-7.05104170522814,-11.4143348382,-8.84366162855226));
#14239=CARTESIAN_POINT('',(0.,0.,-9.));
#14240=CARTESIAN_POINT('',(0.,0.,-9.));
#14241=CARTESIAN_POINT('',(-8.50933141955463,-10.3728254453448,-9.));
#14242=CARTESIAN_POINT('',(-8.50933141955463,-10.3728254453448,-9.));
#14243=CARTESIAN_POINT('',(-8.93239258465724,-10.7958866104474,-8.56380655360678));
#14244=CARTESIAN_POINT('',(-8.81420901903473,-10.6777030448249,-9.));
#14245=CARTESIAN_POINT('',(-8.5929813296877,-10.4564753554779,-9.));
#14246=CARTESIAN_POINT('',(-8.5929813296877,-10.4564753554779,-9.48));
#14247=CARTESIAN_POINT('',(-9.52472834258279,-9.5247283425828,-9.48));
#14248=CARTESIAN_POINT('',(-10.3064813706248,-8.74297531454081,-9.48));
#14249=CARTESIAN_POINT('',(-10.3064813706248,-8.74297531454081,-9.));
#14250=CARTESIAN_POINT('',(-9.52472834258279,-9.5247283425828,-9.));
#14251=CARTESIAN_POINT('',(-10.4588858343383,-8.89537977825433,-8.56380655360678));
#14252=CARTESIAN_POINT('',(-10.4588858343383,-8.89537977825433,-9.));
#14253=CARTESIAN_POINT('',(-10.236433174237,-8.67292711815299,-9.));
#14254=CARTESIAN_POINT('',(-10.236433174237,-8.67292711815299,-9.43456314372841));
#14255=CARTESIAN_POINT('',(0.,0.,-9.));
#14256=CARTESIAN_POINT('',(0.,0.,-9.));
#14257=CARTESIAN_POINT('',(-13.3582082978,-1.25,-9.));
#14258=CARTESIAN_POINT('',(-13.3582082978,-1.25,-9.));
#14259=CARTESIAN_POINT('',(-13.7796375686366,-1.25,-16.2145694220034));
#14260=CARTESIAN_POINT('',(-13.0768857157042,-1.25,-9.));
#14261=CARTESIAN_POINT('',(-13.6605625422169,-1.25,-9.));
#14262=CARTESIAN_POINT('',(-13.6605625422169,-1.25,-9.33943745778312));
#14263=CARTESIAN_POINT('',(-13.6605625422169,-1.25,-9.33943745778312));
#14264=CARTESIAN_POINT('',(-13.6605625422169,1.25,-9.33943745778312));
#14265=CARTESIAN_POINT('',(-13.6605625422169,1.25,-9.));
#14266=CARTESIAN_POINT('',(-13.6605625422169,-1.25,-9.));
#14267=CARTESIAN_POINT('',(-13.7796375686366,1.25,-16.2145694220034));
#14268=CARTESIAN_POINT('',(-13.0768857157042,1.25,-9.));
#14269=CARTESIAN_POINT('',(-13.3582082978,1.25,-9.));
#14270=CARTESIAN_POINT('',(-13.3582082978,1.25,-9.));
#14271=CARTESIAN_POINT('',(0.,0.,-9.));
#14272=CARTESIAN_POINT('',(0.,0.,-9.));
#14273=CARTESIAN_POINT('',(-10.236433174237,8.67292711815299,-9.));
#14274=CARTESIAN_POINT('',(-10.236433174237,8.67292711815299,-9.43456314372841));
#14275=CARTESIAN_POINT('',(-10.4590878603973,8.89558180431331,-8.56380655360678));
#14276=CARTESIAN_POINT('',(-10.4588858343383,8.89537977825433,-9.));
#14277=CARTESIAN_POINT('',(-10.3064813706248,8.74297531454081,-9.));
#14278=CARTESIAN_POINT('',(-10.3064813706248,8.74297531454081,-9.48));
#14279=CARTESIAN_POINT('',(-8.5929813296877,10.4564753554779,-9.48));
#14280=CARTESIAN_POINT('',(-10.3064813706248,8.74297531454081,-9.));
#14281=CARTESIAN_POINT('',(-8.5929813296877,10.4564753554779,-9.));
#14282=CARTESIAN_POINT('',(-8.5929813296877,10.4564753554779,-9.48));
#14283=CARTESIAN_POINT('',(-8.93239258465724,10.7958866104474,-8.56380655360678));
#14284=CARTESIAN_POINT('',(-8.81420901903473,10.6777030448249,-9.));
#14285=CARTESIAN_POINT('',(-8.50933141955463,10.3728254453448,-9.));
#14286=CARTESIAN_POINT('',(-8.50933141955463,10.3728254453448,-9.));
#14287=CARTESIAN_POINT('',(0.,0.,-9.));
#14288=CARTESIAN_POINT('',(0.,0.,-9.));
#14289=CARTESIAN_POINT('',(-6.07173035727983,11.9640427697288,-9.));
#14290=CARTESIAN_POINT('',(-6.07173035727983,11.9640427697288,-8.84366162855226));
#14291=CARTESIAN_POINT('',(-6.20000000000001,12.2167917228706,-9.));
#14292=CARTESIAN_POINT('',(-6.20000000000001,12.2167917228706,-9.));
#14293=CARTESIAN_POINT('',(-5.91656546689251,12.2167917228706,-9.));
#14294=CARTESIAN_POINT('',(-5.91656546689251,12.2167917228706,-8.84366162855226));
#14295=CARTESIAN_POINT('',(-5.91656546689251,12.2167917228706,-8.84366162855226));
#14296=CARTESIAN_POINT('',(-5.91656546689256,2.15326403001519E-14,-9.));
#14297=CARTESIAN_POINT('',(-5.91656546689251,13.8,-9.));
#14298=CARTESIAN_POINT('',(-5.91656546689251,13.8,-8.84366162855226));
#14299=CARTESIAN_POINT('',(-5.8,13.8,-9.));
#14300=CARTESIAN_POINT('',(-5.8,13.8,-9.));
#14301=CARTESIAN_POINT('',(-5.8,13.9165654668925,-9.));
#14302=CARTESIAN_POINT('',(-5.8,13.9165654668925,-8.84366162855226));
#14303=CARTESIAN_POINT('',(-5.8,13.9165654668925,-8.84366162855226));
#14304=CARTESIAN_POINT('',(0.,13.9165654668925,-9.));
#14305=CARTESIAN_POINT('',(5.8,13.9165654668925,-9.));
#14306=CARTESIAN_POINT('',(5.8,13.9165654668925,-8.84366162855226));
#14307=CARTESIAN_POINT('',(5.8,13.8,-9.));
#14308=CARTESIAN_POINT('',(5.8,13.8,-9.));
#14309=CARTESIAN_POINT('',(5.91656546689251,13.8,-9.));
#14310=CARTESIAN_POINT('',(5.91656546689251,13.8,-8.84366162855226));
#14311=CARTESIAN_POINT('',(5.91656546689251,13.8,-8.84366162855226));
#14312=CARTESIAN_POINT('',(5.91656546689254,1.34579001875949E-14,-9.));
#14313=CARTESIAN_POINT('',(5.91656546689251,12.2167917228706,-9.));
#14314=CARTESIAN_POINT('',(5.91656546689251,12.2167917228706,-8.84366162855226));
#14315=CARTESIAN_POINT('',(6.2,12.2167917228706,-9.));
#14316=CARTESIAN_POINT('',(6.2,12.2167917228706,-9.));
#14317=CARTESIAN_POINT('',(6.07173035727984,11.9640427697288,-9.));
#14318=CARTESIAN_POINT('',(6.07173035727984,11.9640427697288,-8.84366162855226));
#14319=CARTESIAN_POINT('',(0.,0.,-9.));
#14320=CARTESIAN_POINT('',(0.,0.,-9.));
#14321=CARTESIAN_POINT('',(8.50933141955463,10.3728254453448,-9.));
#14322=CARTESIAN_POINT('',(8.50933141955463,10.3728254453448,-9.));
#14323=CARTESIAN_POINT('',(8.93239258465724,10.7958866104474,-8.56380655360678));
#14324=CARTESIAN_POINT('',(8.81420901903474,10.6777030448249,-9.));
#14325=CARTESIAN_POINT('',(8.5929813296877,10.4564753554779,-9.));
#14326=CARTESIAN_POINT('',(8.5929813296877,10.4564753554779,-9.48));
#14327=CARTESIAN_POINT('',(9.52472834258279,9.5247283425828,-9.48));
#14328=CARTESIAN_POINT('',(10.3064813706248,8.74297531454081,-9.48));
#14329=CARTESIAN_POINT('',(10.3064813706248,8.74297531454081,-9.));
#14330=CARTESIAN_POINT('',(9.52472834258279,9.5247283425828,-9.));
#14331=CARTESIAN_POINT('',(10.4588858343383,8.89537977825433,-8.56380655360678));
#14332=CARTESIAN_POINT('',(10.4588858343383,8.89537977825433,-9.));
#14333=CARTESIAN_POINT('',(10.236433174237,8.67292711815299,-9.));
#14334=CARTESIAN_POINT('',(10.236433174237,8.67292711815299,-9.43456314372841));
#14335=CARTESIAN_POINT('',(0.,0.,-9.));
#14336=CARTESIAN_POINT('',(13.3582082978,1.25,-9.));
#14337=CARTESIAN_POINT('',(13.3582082978,1.25,-9.));
#14338=CARTESIAN_POINT('',(0.,0.,-9.));
#14339=CARTESIAN_POINT('',(13.6605625422169,1.25,-9.33943745778312));
#14340=CARTESIAN_POINT('',(13.0768857157042,1.25,-9.));
#14341=CARTESIAN_POINT('',(13.6605625422169,1.25,-9.));
#14342=CARTESIAN_POINT('',(13.6605625422169,1.25,-9.33943745778312));
#14343=CARTESIAN_POINT('',(13.6605625422169,-1.25,-9.33943745778312));
#14344=CARTESIAN_POINT('',(13.6605625422169,-1.25,-9.));
#14345=CARTESIAN_POINT('',(13.6605625422169,-1.25,-9.));
#14346=CARTESIAN_POINT('',(13.6605625422169,-1.25,-9.33943745778312));
#14347=CARTESIAN_POINT('',(13.6605625422169,-1.25,-9.33943745778312));
#14348=CARTESIAN_POINT('',(13.0768857157042,-1.25,-9.));
#14349=CARTESIAN_POINT('',(13.3582082978,-1.25,-9.));
#14350=CARTESIAN_POINT('',(13.3582082978,-1.25,-9.));
#14351=CARTESIAN_POINT('',(0.,0.,-9.));
#14352=CARTESIAN_POINT('',(0.,0.,-9.));
#14353=CARTESIAN_POINT('',(0.,0.,-8.19215297286365));
#14354=CARTESIAN_POINT('',(0.,0.,-9.));
#14355=CARTESIAN_POINT('',(-11.05,0.,-9.));
#14356=CARTESIAN_POINT('',(-4.14839780945771,-12.0794887948596,-9.05));
#14357=CARTESIAN_POINT('',(-4.14839780945771,-12.0794887948596,-9.));
#14358=CARTESIAN_POINT('',(-4.49839780945771,-12.0794887948596,-9.));
#14359=CARTESIAN_POINT('',(4.12217315034893,-12.0794887948596,-9.05));
#14360=CARTESIAN_POINT('',(4.12217315034893,-12.0794887948596,-9.));
#14361=CARTESIAN_POINT('',(3.82217315034893,-12.0794887948596,-9.));
#14362=CARTESIAN_POINT('',(-1.60705571902162,-12.3395414434928,-9.05));
#14363=CARTESIAN_POINT('',(-1.60705571902162,-12.3395414434928,-9.));
#14364=CARTESIAN_POINT('',(-2.08205571902162,-12.3395414434928,-9.));
#14365=CARTESIAN_POINT('',(-1.60705571902162,12.3395414434928,-9.05));
#14366=CARTESIAN_POINT('',(-1.60705571902162,12.3395414434928,-9.));
#14367=CARTESIAN_POINT('',(-2.08205571902162,12.3395414434928,-9.));
#14368=CARTESIAN_POINT('',(4.12217315034893,12.0794887948596,-9.05));
#14369=CARTESIAN_POINT('',(4.12217315034893,12.0794887948596,-9.));
#14370=CARTESIAN_POINT('',(3.82217315034893,12.0794887948596,-9.));
#14371=CARTESIAN_POINT('',(0.,0.,-9.));
#14372=CARTESIAN_POINT('',(0.,0.,-14.5));
#14373=CARTESIAN_POINT('',(0.,0.,-14.5));
#14374=CARTESIAN_POINT('',(5.58092369381791,-7.45510409546663,-14.5));
#14375=CARTESIAN_POINT('',(7.40169533553157,-5.65156549200587,-14.5));
#14376=CARTESIAN_POINT('',(0.930199369024387,0.916519966538733,-14.5));
#14377=CARTESIAN_POINT('',(7.03809532380751,-5.28253861443519,-14.5));
#14378=CARTESIAN_POINT('',(0.,0.,-14.5));
#14379=CARTESIAN_POINT('',(8.6826735310033,-1.43219424451246,-14.5));
#14380=CARTESIAN_POINT('',(6.13282099768128E-16,-1.43219424451247,-14.5));
#14381=CARTESIAN_POINT('',(9.18905978030317,-1.43219424451247,-14.5));
#14382=CARTESIAN_POINT('',(0.,0.,-14.5));
#14383=CARTESIAN_POINT('',(9.18905978030317,1.43219424451246,-14.5));
#14384=CARTESIAN_POINT('',(-3.06641049884059E-15,1.43219424451245,-14.5));
#14385=CARTESIAN_POINT('',(8.6826735310033,1.43219424451246,-14.5));
#14386=CARTESIAN_POINT('',(0.,0.,-14.5));
#14387=CARTESIAN_POINT('',(7.03809532380751,5.28253861443519,-14.5));
#14388=CARTESIAN_POINT('',(0.930199369024354,-0.916519966538709,-14.5));
#14389=CARTESIAN_POINT('',(7.40169533553157,5.65156549200587,-14.5));
#14390=CARTESIAN_POINT('',(0.,0.,-14.5));
#14391=CARTESIAN_POINT('',(5.5809236938179,7.45510409546663,-14.5));
#14392=CARTESIAN_POINT('',(-0.895343256746615,0.882176444147398,-14.5));
#14393=CARTESIAN_POINT('',(5.21760746814162,7.08636523955637,-14.5));
#14394=CARTESIAN_POINT('',(0.,0.,-14.5));
#14395=CARTESIAN_POINT('',(3.47630518318336,8.08426263015821,-14.5));
#14396=CARTESIAN_POINT('',(3.47630518318346,4.1755168311155E-14,-14.5));
#14397=CARTESIAN_POINT('',(3.47630518318335,8.62585081446303,-14.5));
#14398=CARTESIAN_POINT('',(0.,0.,-14.5));
#14399=CARTESIAN_POINT('',(0.759912977976126,9.26890135161139,-14.5));
#14400=CARTESIAN_POINT('',(0.759912977976178,4.26913447856865E-15,-14.5));
#14401=CARTESIAN_POINT('',(0.759912977976129,8.26712793712419,-14.5));
#14402=CARTESIAN_POINT('',(0.,-0.5,-14.5));
#14403=CARTESIAN_POINT('',(-0.759912977976128,8.26712793712419,-14.5));
#14404=CARTESIAN_POINT('',(-0.759912977976119,-8.20987399724677E-16,-14.5));
#14405=CARTESIAN_POINT('',(-0.759912977976129,9.26890135161139,-14.5));
#14406=CARTESIAN_POINT('',(0.,0.,-14.5));
#14407=CARTESIAN_POINT('',(-3.47630518318337,8.62585081446302,-14.5));
#14408=CARTESIAN_POINT('',(-3.4763051831833,-2.78367788741023E-14,-14.5));
#14409=CARTESIAN_POINT('',(-3.47630518318336,8.08426263015821,-14.5));
#14410=CARTESIAN_POINT('',(0.,0.,-14.5));
#14411=CARTESIAN_POINT('',(-5.21760746814162,7.08636523955637,-14.5));
#14412=CARTESIAN_POINT('',(0.895343256746627,0.882176444147414,-14.5));
#14413=CARTESIAN_POINT('',(-5.58092369381791,7.45510409546662,-14.5));
#14414=CARTESIAN_POINT('',(0.,0.,-14.5));
#14415=CARTESIAN_POINT('',(-7.40169533553157,5.65156549200587,-14.5));
#14416=CARTESIAN_POINT('',(-0.930199369024404,-0.916519966538746,-14.5));
#14417=CARTESIAN_POINT('',(-7.03809532380751,5.28253861443519,-14.5));
#14418=CARTESIAN_POINT('',(0.,0.,-14.5));
#14419=CARTESIAN_POINT('',(-8.6826735310033,1.43219424451247,-14.5));
#14420=CARTESIAN_POINT('',(-6.13282099768143E-15,1.4321942445125,-14.5));
#14421=CARTESIAN_POINT('',(-9.18905978030317,1.43219424451246,-14.5));
#14422=CARTESIAN_POINT('',(0.,0.,-14.5));
#14423=CARTESIAN_POINT('',(-9.18905978030317,-1.43219424451246,-14.5));
#14424=CARTESIAN_POINT('',(6.13282099768125E-16,-1.43219424451246,-14.5));
#14425=CARTESIAN_POINT('',(-8.6826735310033,-1.43219424451246,-14.5));
#14426=CARTESIAN_POINT('',(0.,0.,-14.5));
#14427=CARTESIAN_POINT('',(-7.03809532380751,-5.28253861443519,-14.5));
#14428=CARTESIAN_POINT('',(-0.930199369024387,0.916519966538733,-14.5));
#14429=CARTESIAN_POINT('',(-7.40169533553157,-5.65156549200587,-14.5));
#14430=CARTESIAN_POINT('',(0.,0.,-14.5));
#14431=CARTESIAN_POINT('',(-5.58092369381791,-7.45510409546662,-14.5));
#14432=CARTESIAN_POINT('',(0.895343256746627,-0.882176444147414,-14.5));
#14433=CARTESIAN_POINT('',(-5.21760746814162,-7.08636523955637,-14.5));
#14434=CARTESIAN_POINT('',(0.,0.,-14.5));
#14435=CARTESIAN_POINT('',(-2.64606334038252,-8.39275573329069,-14.5));
#14436=CARTESIAN_POINT('',(-2.64606334038252,0.,-14.5));
#14437=CARTESIAN_POINT('',(-2.64606334038252,-8.91562385919705,-14.5));
#14438=CARTESIAN_POINT('',(0.,0.,-14.5));
#14439=CARTESIAN_POINT('',(-0.759912977976129,-9.26890135161139,-14.5));
#14440=CARTESIAN_POINT('',(-0.759912977976129,0.,-14.5));
#14441=CARTESIAN_POINT('',(-0.759912977976128,-8.26712793712419,-14.5));
#14442=CARTESIAN_POINT('',(0.,0.5,-14.5));
#14443=CARTESIAN_POINT('',(0.759912977976129,-8.26712793712419,-14.5));
#14444=CARTESIAN_POINT('',(0.759912977976138,-8.20987399724697E-16,-14.5));
#14445=CARTESIAN_POINT('',(0.759912977976126,-9.26890135161139,-14.5));
#14446=CARTESIAN_POINT('',(0.,0.,-14.5));
#14447=CARTESIAN_POINT('',(2.64606334038252,-8.91562385919705,-14.5));
#14448=CARTESIAN_POINT('',(2.64606334038252,-2.19471601349114E-15,-14.5));
#14449=CARTESIAN_POINT('',(2.64606334038252,-8.39275573329069,-14.5));
#14450=CARTESIAN_POINT('',(0.,0.,-14.5));
#14451=CARTESIAN_POINT('',(5.21760746814162,-7.08636523955637,-14.5));
#14452=CARTESIAN_POINT('',(-0.89534325674659,-0.882176444147366,-14.5));
#14453=CARTESIAN_POINT('',(0.,0.,-14.5));
#14454=CARTESIAN_POINT('',(9.8,0.,-14.5));
#14455=CARTESIAN_POINT('',(0.,0.,-3.7094133774407));
#14456=CARTESIAN_POINT('',(0.,0.,0.));
#14457=CARTESIAN_POINT('',(9.8,0.,0.));
#14458=CARTESIAN_POINT('',(0.,0.,-5.));
#14459=CARTESIAN_POINT('',(-7.40169533553157,-5.65156549200587,-5.));
#14460=CARTESIAN_POINT('',(-7.03809532380751,-5.28253861443519,-5.));
#14461=CARTESIAN_POINT('',(-7.40169533553157,-5.65156549200587,-5.));
#14462=CARTESIAN_POINT('',(0.,0.,-5.));
#14463=CARTESIAN_POINT('',(-5.21760746814162,-7.08636523955637,-5.));
#14464=CARTESIAN_POINT('',(-5.58092369381791,-7.45510409546662,-5.));
#14465=CARTESIAN_POINT('',(-5.58092369381791,-7.45510409546662,-5.));
#14466=CARTESIAN_POINT('',(0.,0.,-5.));
#14467=CARTESIAN_POINT('',(0.,0.,0.));
#14468=CARTESIAN_POINT('',(-2.64606334038252,-8.39275573329069,-0.35));
#14469=CARTESIAN_POINT('',(-2.64606334038252,-8.51496223351991,-0.233448942563158));
#14470=CARTESIAN_POINT('',(-2.64606334038252,-8.63705385162675,-0.116777656686755));
#14471=CARTESIAN_POINT('',(-2.64606334038252,-8.75904382901945,5.679392870925E-16));
#14472=CARTESIAN_POINT('',(-2.64606334038252,-8.39275573329069,-0.350000000000007));
#14473=CARTESIAN_POINT('',(-2.64606334038252,-8.75904382901945,0.));
#14474=CARTESIAN_POINT('',(0.,0.,-0.35));
#14475=CARTESIAN_POINT('',(-8.6826735310033,-1.43219424451246,-0.350000000000007));
#14476=CARTESIAN_POINT('',(-9.03721857907539,-1.43219424451247,0.));
#14477=CARTESIAN_POINT('',(-8.91906605061708,-1.43219424451247,-0.116696199491597));
#14478=CARTESIAN_POINT('',(-8.80088554273104,-1.43219424451247,-0.233364056218744));
#14479=CARTESIAN_POINT('',(-8.6826735310033,-1.43219424451247,-0.349999999999999));
#14480=CARTESIAN_POINT('',(-9.03721857907539,-1.43219424451247,0.));
#14481=CARTESIAN_POINT('',(0.,0.,0.));
#14482=CARTESIAN_POINT('',(0.,0.,-5.));
#14483=CARTESIAN_POINT('',(0.,0.,-5.));
#14484=CARTESIAN_POINT('',(-5.58092369381791,7.45510409546662,-5.));
#14485=CARTESIAN_POINT('',(-7.40169533553157,5.65156549200587,-5.));
#14486=CARTESIAN_POINT('',(-5.58092369381791,7.45510409546662,-5.));
#14487=CARTESIAN_POINT('',(-5.21760746814162,7.08636523955637,-5.));
#14488=CARTESIAN_POINT('',(0.,0.,-5.));
#14489=CARTESIAN_POINT('',(-7.03809532380751,5.28253861443519,-5.));
#14490=CARTESIAN_POINT('',(-7.40169533553157,5.65156549200587,-5.));
#14491=CARTESIAN_POINT('',(0.,0.,0.));
#14492=CARTESIAN_POINT('',(-8.6826735310033,1.43219424451247,-0.35));
#14493=CARTESIAN_POINT('',(-8.80088554273103,1.43219424451247,-0.233364056218747));
#14494=CARTESIAN_POINT('',(-8.91906605061709,1.43219424451247,-0.116696199491595));
#14495=CARTESIAN_POINT('',(-9.03721857907539,1.43219424451246,-2.60287728126816E-16));
#14496=CARTESIAN_POINT('',(-8.6826735310033,1.43219424451247,-0.350000000000007));
#14497=CARTESIAN_POINT('',(-9.03721857907539,1.43219424451246,0.));
#14498=CARTESIAN_POINT('',(0.,0.,-0.35));
#14499=CARTESIAN_POINT('',(-3.47630518318336,8.08426263015821,-0.350000000000007));
#14500=CARTESIAN_POINT('',(-3.47630518318336,8.46391175954549,0.));
#14501=CARTESIAN_POINT('',(-3.47630518318336,8.33755812197018,-0.116879348517495));
#14502=CARTESIAN_POINT('',(-3.47630518318336,8.21101685684859,-0.233555175221862));
#14503=CARTESIAN_POINT('',(-3.47630518318336,8.08426263015821,-0.350000000000001));
#14504=CARTESIAN_POINT('',(-3.47630518318336,8.46391175954549,0.));
#14505=CARTESIAN_POINT('',(0.,0.,0.));
#14506=CARTESIAN_POINT('',(0.,0.,-5.));
#14507=CARTESIAN_POINT('',(7.40169533553157,5.65156549200587,-5.));
#14508=CARTESIAN_POINT('',(7.03809532380751,5.28253861443519,-5.));
#14509=CARTESIAN_POINT('',(7.40169533553157,5.65156549200587,-5.));
#14510=CARTESIAN_POINT('',(0.,0.,-5.));
#14511=CARTESIAN_POINT('',(5.21760746814162,7.08636523955637,-5.));
#14512=CARTESIAN_POINT('',(5.58092369381791,7.45510409546663,-5.));
#14513=CARTESIAN_POINT('',(5.5809236938179,7.45510409546663,-5.));
#14514=CARTESIAN_POINT('',(0.,0.,-5.));
#14515=CARTESIAN_POINT('',(0.,0.,0.));
#14516=CARTESIAN_POINT('',(3.47630518318336,8.08426263015821,-0.35));
#14517=CARTESIAN_POINT('',(3.47630518318336,8.21101685684859,-0.233555175221863));
#14518=CARTESIAN_POINT('',(3.47630518318336,8.33755812197018,-0.116879348517493));
#14519=CARTESIAN_POINT('',(3.47630518318336,8.4639117595455,-3.51739937663992E-16));
#14520=CARTESIAN_POINT('',(3.47630518318336,8.08426263015821,-0.350000000000007));
#14521=CARTESIAN_POINT('',(3.47630518318336,8.4639117595455,0.));
#14522=CARTESIAN_POINT('',(0.,0.,-0.35));
#14523=CARTESIAN_POINT('',(8.6826735310033,1.43219424451246,-0.350000000000007));
#14524=CARTESIAN_POINT('',(9.03721857907539,1.43219424451247,0.));
#14525=CARTESIAN_POINT('',(8.91906605061708,1.43219424451247,-0.116696199491597));
#14526=CARTESIAN_POINT('',(8.80088554273104,1.43219424451247,-0.233364056218744));
#14527=CARTESIAN_POINT('',(8.6826735310033,1.43219424451247,-0.349999999999999));
#14528=CARTESIAN_POINT('',(9.03721857907539,1.43219424451247,0.));
#14529=CARTESIAN_POINT('',(0.,0.,0.));
#14530=CARTESIAN_POINT('',(0.,0.,0.));
#14531=CARTESIAN_POINT('',(-2.64606334038252,-8.39275573329069,0.));
#14532=CARTESIAN_POINT('',(-2.64606334038252,-8.91562385919705,0.));
#14533=CARTESIAN_POINT('',(-9.18905978030317,-1.43219424451247,0.));
#14534=CARTESIAN_POINT('',(-9.18905978030317,-1.43219424451246,0.));
#14535=CARTESIAN_POINT('',(0.,0.,0.));
#14536=CARTESIAN_POINT('',(-9.18905978030317,1.43219424451246,0.));
#14537=CARTESIAN_POINT('',(-8.6826735310033,1.43219424451247,0.));
#14538=CARTESIAN_POINT('',(-3.47630518318336,8.62585081446303,0.));
#14539=CARTESIAN_POINT('',(-3.47630518318337,8.62585081446302,0.));
#14540=CARTESIAN_POINT('',(0.,0.,0.));
#14541=CARTESIAN_POINT('',(-0.759912977976129,9.26890135161139,0.));
#14542=CARTESIAN_POINT('',(-0.759912977976129,8.76712793712419,0.));
#14543=CARTESIAN_POINT('',(-0.759912977976128,8.26712793712419,0.));
#14544=CARTESIAN_POINT('',(0.,-0.5,0.));
#14545=CARTESIAN_POINT('',(0.759912977976131,8.26712793712419,0.));
#14546=CARTESIAN_POINT('',(0.759912977976129,8.76712793712419,0.));
#14547=CARTESIAN_POINT('',(0.759912977976126,9.26890135161139,0.));
#14548=CARTESIAN_POINT('',(0.,0.,0.));
#14549=CARTESIAN_POINT('',(3.47630518318335,8.62585081446303,0.));
#14550=CARTESIAN_POINT('',(3.47630518318335,8.62585081446303,0.));
#14551=CARTESIAN_POINT('',(9.18905978030317,1.43219424451247,0.));
#14552=CARTESIAN_POINT('',(9.18905978030317,1.43219424451246,0.));
#14553=CARTESIAN_POINT('',(0.,0.,0.));
#14554=CARTESIAN_POINT('',(9.18905978030317,-1.43219424451247,0.));
#14555=CARTESIAN_POINT('',(8.6826735310033,-1.43219424451247,0.));
#14556=CARTESIAN_POINT('',(9.03721857907539,-1.43219424451247,0.));
#14557=CARTESIAN_POINT('',(0.,0.,0.));
#14558=CARTESIAN_POINT('',(2.64606334038252,-8.75904382901945,0.));
#14559=CARTESIAN_POINT('',(2.64606334038252,-8.39275573329069,0.));
#14560=CARTESIAN_POINT('',(2.64606334038252,-8.91562385919705,0.));
#14561=CARTESIAN_POINT('',(0.,0.,0.));
#14562=CARTESIAN_POINT('',(0.759912977976126,-9.26890135161139,0.));
#14563=CARTESIAN_POINT('',(0.759912977976129,-8.76712793712419,0.));
#14564=CARTESIAN_POINT('',(0.759912977976129,-8.26712793712419,0.));
#14565=CARTESIAN_POINT('',(0.,0.5,0.));
#14566=CARTESIAN_POINT('',(-0.759912977976129,-8.26712793712419,0.));
#14567=CARTESIAN_POINT('',(-0.759912977976129,-8.76712793712419,0.));
#14568=CARTESIAN_POINT('',(-0.759912977976129,-9.26890135161139,0.));
#14569=CARTESIAN_POINT('',(0.,0.,0.));
#14570=CARTESIAN_POINT('',(0.,0.,0.));
#14571=CARTESIAN_POINT('',(8.6826735310033,-1.43219424451246,-0.35));
#14572=CARTESIAN_POINT('',(8.80088554273103,-1.43219424451246,-0.233364056218747));
#14573=CARTESIAN_POINT('',(8.91906605061708,-1.43219424451247,-0.116696199491595));
#14574=CARTESIAN_POINT('',(9.03721857907539,-1.43219424451247,-4.68404098101714E-16));
#14575=CARTESIAN_POINT('',(8.6826735310033,-1.43219424451246,-0.350000000000007));
#14576=CARTESIAN_POINT('',(0.,0.,-0.35));
#14577=CARTESIAN_POINT('',(2.64606334038252,-8.39275573329069,-0.350000000000007));
#14578=CARTESIAN_POINT('',(2.64606334038252,-8.75904382901945,0.));
#14579=CARTESIAN_POINT('',(2.64606334038252,-8.63705385162674,-0.116777656686757));
#14580=CARTESIAN_POINT('',(2.64606334038252,-8.51496223351992,-0.233448942563156));
#14581=CARTESIAN_POINT('',(2.64606334038252,-8.39275573329069,-0.35));
#14582=CARTESIAN_POINT('',(0.,0.,-5.));
#14583=CARTESIAN_POINT('',(0.,0.,-5.));
#14584=CARTESIAN_POINT('',(5.58092369381791,-7.45510409546663,-5.));
#14585=CARTESIAN_POINT('',(7.40169533553157,-5.65156549200587,-5.));
#14586=CARTESIAN_POINT('',(5.58092369381791,-7.45510409546663,-5.));
#14587=CARTESIAN_POINT('',(5.21760746814162,-7.08636523955637,-5.));
#14588=CARTESIAN_POINT('',(0.,0.,-5.));
#14589=CARTESIAN_POINT('',(7.03809532380751,-5.28253861443519,-5.));
#14590=CARTESIAN_POINT('',(7.40169533553157,-5.65156549200587,-5.));
#14591=CARTESIAN_POINT('',(5.58092369381791,-7.45510409546663,-24.));
#14592=CARTESIAN_POINT('',(5.21760746814162,-7.08636523955637,-24.));
#14593=CARTESIAN_POINT('',(5.58092369381791,-7.45510409546663,-24.));
#14594=CARTESIAN_POINT('',(2.64606334038252,-8.39275573329069,-24.789533025815));
#14595=CARTESIAN_POINT('',(2.64606334038252,-8.91562385919705,-24.789533025815));
#14596=CARTESIAN_POINT('',(2.64606334038252,-8.39275573329069,-24.789533025815));
#14597=CARTESIAN_POINT('',(0.,0.,-24.789533025815));
#14598=CARTESIAN_POINT('',(0.759912977976126,-9.26890135161139,-24.789533025815));
#14599=CARTESIAN_POINT('',(0.759912977976129,-8.76712793712419,-24.789533025815));
#14600=CARTESIAN_POINT('',(0.759912977976129,-8.26712793712419,-24.789533025815));
#14601=CARTESIAN_POINT('',(0.,0.5,-30.6757143023694));
#14602=CARTESIAN_POINT('',(-0.759912977976128,-8.26712793712419,-24.789533025815));
#14603=CARTESIAN_POINT('',(-0.759912977976129,-8.76712793712419,-24.789533025815));
#14604=CARTESIAN_POINT('',(-0.759912977976129,-9.26890135161139,-24.789533025815));
#14605=CARTESIAN_POINT('',(0.,0.,-24.789533025815));
#14606=CARTESIAN_POINT('',(-2.64606334038252,-8.91562385919705,-24.789533025815));
#14607=CARTESIAN_POINT('',(-2.64606334038252,-8.39275573329069,-24.789533025815));
#14608=CARTESIAN_POINT('',(-2.64606334038252,-8.39275573329069,-24.789533025815));
#14609=CARTESIAN_POINT('',(-5.58092369381791,-7.45510409546662,-24.));
#14610=CARTESIAN_POINT('',(-5.58092369381791,-7.45510409546662,-24.));
#14611=CARTESIAN_POINT('',(-5.21760746814162,-7.08636523955637,-24.));
#14612=CARTESIAN_POINT('',(0.,0.,-24.));
#14613=CARTESIAN_POINT('',(-7.40169533553157,-5.65156549200587,-24.));
#14614=CARTESIAN_POINT('',(-7.40169533553157,-5.65156549200587,-24.));
#14615=CARTESIAN_POINT('',(-7.03809532380751,-5.28253861443519,-24.));
#14616=CARTESIAN_POINT('',(0.,0.,-30.6757143023694));
#14617=CARTESIAN_POINT('',(-8.6826735310033,-1.43219424451246,-24.789533025815));
#14618=CARTESIAN_POINT('',(-9.18905978030317,-1.43219424451247,-24.789533025815));
#14619=CARTESIAN_POINT('',(-9.18905978030317,-1.43219424451246,-24.789533025815));
#14620=CARTESIAN_POINT('',(0.,0.,-24.789533025815));
#14621=CARTESIAN_POINT('',(-9.18905978030317,1.43219424451246,-24.789533025815));
#14622=CARTESIAN_POINT('',(-8.6826735310033,1.43219424451247,-24.789533025815));
#14623=CARTESIAN_POINT('',(-8.6826735310033,1.43219424451247,-24.789533025815));
#14624=CARTESIAN_POINT('',(-7.40169533553157,5.65156549200587,-24.));
#14625=CARTESIAN_POINT('',(-7.40169533553157,5.65156549200587,-24.));
#14626=CARTESIAN_POINT('',(-7.03809532380751,5.28253861443519,-24.));
#14627=CARTESIAN_POINT('',(0.,0.,-24.));
#14628=CARTESIAN_POINT('',(-5.58092369381791,7.45510409546662,-24.));
#14629=CARTESIAN_POINT('',(-5.58092369381791,7.45510409546662,-24.));
#14630=CARTESIAN_POINT('',(-5.21760746814162,7.08636523955637,-24.));
#14631=CARTESIAN_POINT('',(0.,0.,-30.6757143023694));
#14632=CARTESIAN_POINT('',(-3.47630518318336,8.08426263015821,-24.789533025815));
#14633=CARTESIAN_POINT('',(-3.47630518318336,8.62585081446303,-24.789533025815));
#14634=CARTESIAN_POINT('',(-3.47630518318337,8.62585081446302,-24.789533025815));
#14635=CARTESIAN_POINT('',(0.,0.,-24.789533025815));
#14636=CARTESIAN_POINT('',(-0.759912977976129,9.26890135161139,-24.789533025815));
#14637=CARTESIAN_POINT('',(-0.759912977976129,8.76712793712419,-24.789533025815));
#14638=CARTESIAN_POINT('',(-0.759912977976128,8.26712793712419,-24.789533025815));
#14639=CARTESIAN_POINT('',(0.,-0.5,-30.6757143023694));
#14640=CARTESIAN_POINT('',(0.759912977976129,8.26712793712419,-24.789533025815));
#14641=CARTESIAN_POINT('',(0.759912977976129,8.76712793712419,-24.789533025815));
#14642=CARTESIAN_POINT('',(0.759912977976126,9.26890135161139,-24.789533025815));
#14643=CARTESIAN_POINT('',(0.,0.,-24.789533025815));
#14644=CARTESIAN_POINT('',(3.47630518318335,8.62585081446303,-24.789533025815));
#14645=CARTESIAN_POINT('',(3.47630518318335,8.62585081446303,-24.789533025815));
#14646=CARTESIAN_POINT('',(3.47630518318336,8.08426263015821,-24.789533025815));
#14647=CARTESIAN_POINT('',(5.58092369381791,7.45510409546663,-24.));
#14648=CARTESIAN_POINT('',(5.5809236938179,7.45510409546663,-24.));
#14649=CARTESIAN_POINT('',(5.21760746814162,7.08636523955637,-24.));
#14650=CARTESIAN_POINT('',(0.,0.,-24.));
#14651=CARTESIAN_POINT('',(7.40169533553157,5.65156549200587,-24.));
#14652=CARTESIAN_POINT('',(7.40169533553157,5.65156549200587,-24.));
#14653=CARTESIAN_POINT('',(7.03809532380751,5.28253861443519,-24.));
#14654=CARTESIAN_POINT('',(0.,0.,-30.6757143023694));
#14655=CARTESIAN_POINT('',(8.6826735310033,1.43219424451246,-24.789533025815));
#14656=CARTESIAN_POINT('',(9.18905978030317,1.43219424451247,-24.789533025815));
#14657=CARTESIAN_POINT('',(9.18905978030317,1.43219424451246,-24.789533025815));
#14658=CARTESIAN_POINT('',(0.,0.,-24.789533025815));
#14659=CARTESIAN_POINT('',(9.18905978030317,-1.43219424451247,-24.789533025815));
#14660=CARTESIAN_POINT('',(8.6826735310033,-1.43219424451247,-24.789533025815));
#14661=CARTESIAN_POINT('',(8.6826735310033,-1.43219424451246,-24.789533025815));
#14662=CARTESIAN_POINT('',(0.,0.,-30.6757143023694));
#14663=CARTESIAN_POINT('',(7.03809532380751,-5.28253861443519,-24.));
#14664=CARTESIAN_POINT('',(7.40169533553157,-5.65156549200587,-24.));
#14665=CARTESIAN_POINT('',(7.40169533553157,-5.65156549200587,-24.));
#14666=CARTESIAN_POINT('',(0.,0.,-24.));
#14667=MECHANICAL_DESIGN_GEOMETRIC_PRESENTATION_REPRESENTATION('',(#6915,
#6916,#6917,#6918,#6919,#6920,#6921,#6922,#6923,#6924,#6925,#6926,#6927,
#6928,#6929,#6930,#6931,#6932,#6933,#6934,#6935,#6936,#6937,#6938,#6939,
#6940,#6941,#6942,#6943,#6944,#6945,#6946,#6947,#6948,#6949,#6950,#6951,
#6952,#6953,#6954,#6955,#6956,#6957,#6958,#6959,#6960,#6961,#6962,#6963,
#6964,#6965,#6966,#6967,#6968,#6969,#6970,#6971,#6972,#6973,#6974,#6975,
#6976,#6977,#6978,#6979,#6980,#6981,#6982,#6983,#6984,#6985,#6986,#6987,
#6988,#6989,#6990,#6991,#6992,#6993,#6994,#6995,#6996,#6997,#6998,#6999,
#7000,#7001,#7002,#7003,#7004,#7005,#7006,#7007,#7008,#7009,#7010,#7011,
#7012,#7013,#7014,#7015,#7016,#7017,#7018,#7019,#7020,#7021,#7022,#7023,
#7024,#7025,#7026,#7027,#7028,#7029,#7030,#7031,#7032,#7033,#7034,#7035,
#7036,#7037,#7038,#7039,#7040,#7041,#7042,#7043,#7044,#7045,#7046,#7047,
#7048,#7049,#7050,#7051,#7052,#7053,#7054,#7055,#7056,#7057,#7058,#7059,
#7060,#7061,#7062,#7063,#7064,#7065,#7066,#7067,#7068,#7069,#7070,#7071,
#7072,#7073,#7074,#7075,#7076,#7077,#7078,#7079,#7080,#7081,#7082,#7083,
#7084,#7085,#7086,#7087,#7088,#7089,#7090,#7091,#7092,#7093,#7094,#7095,
#7096,#7097,#7098,#7099,#7100,#7101,#7102,#7103,#7104,#7105,#7106,#7107,
#7108,#7109,#7110,#7111,#7112,#7113,#7114,#7115,#7116,#7117,#7118,#7119,
#7120,#7121,#7122,#7123,#7124,#7125,#7126,#7127,#7128,#7129,#7130,#7131,
#7132,#7133,#7134,#7135,#7136,#7137,#7138,#7139,#7140,#7141,#7142,#7143,
#7144,#7145,#7146,#7147,#7148,#7149,#7150,#7151,#7152,#7153,#7154,#7155,
#7156,#7157,#7158,#7159,#7160,#7161,#7162,#7163,#7164,#7165,#7166,#7167,
#7168,#7169,#7170,#7171,#7172,#7173,#7174,#7175,#7176,#7177,#7178,#7179,
#7180,#7181,#7182,#7183,#7184,#7185,#7186,#7187,#7188,#7189,#7190,#7191,
#7192,#7193,#7194,#7195,#7196,#7197,#7198,#7199,#7200,#7201,#7202,#7203,
#7204,#7205,#7206,#7207,#7208,#7209,#7210,#7211,#7212,#7213,#7214,#7215,
#7216,#7217,#7218,#7219,#7220,#7221,#7222,#7223,#7224,#7225,#7226,#7227,
#7228,#7229,#7230,#7231,#7232,#7233,#7234,#7235,#7236,#7237,#7238,#7239,
#7240,#7241,#7242,#7243,#7244,#7245,#7246,#7247,#7248,#7249,#7250,#7251),
#14668);
#14668=(
GEOMETRIC_REPRESENTATION_CONTEXT(3)
GLOBAL_UNCERTAINTY_ASSIGNED_CONTEXT((#14669))
GLOBAL_UNIT_ASSIGNED_CONTEXT((#14672,#14671,#14670))
REPRESENTATION_CONTEXT('EVQ-V5B00215B','TOP_LEVEL_ASSEMBLY_PART')
);
#14669=UNCERTAINTY_MEASURE_WITH_UNIT(LENGTH_MEASURE(0.005),#14672,
'DISTANCE_ACCURACY_VALUE','Maximum Tolerance applied to model');
#14670=(
NAMED_UNIT(*)
SI_UNIT($,.STERADIAN.)
SOLID_ANGLE_UNIT()
);
#14671=(
NAMED_UNIT(*)
PLANE_ANGLE_UNIT()
SI_UNIT($,.RADIAN.)
);
#14672=(
LENGTH_UNIT()
NAMED_UNIT(*)
SI_UNIT(.MILLI.,.METRE.)
);
#14673=PRODUCT_DEFINITION_SHAPE('','',#14674);
#14674=PRODUCT_DEFINITION('','',#14676,#14675);
#14675=PRODUCT_DEFINITION_CONTEXT('',#14682,'design');
#14676=PRODUCT_DEFINITION_FORMATION_WITH_SPECIFIED_SOURCE('','',#14678,
 .NOT_KNOWN.);
#14677=PRODUCT_RELATED_PRODUCT_CATEGORY('','',(#14678));
#14678=PRODUCT('EVQ-V5B00215B','EVQ-V5B00215B','EVQ-V5B00215B',(#14680));
#14679=PRODUCT_CATEGORY('','');
#14680=PRODUCT_CONTEXT('',#14682,'mechanical');
#14681=APPLICATION_PROTOCOL_DEFINITION('international standard',
'automotive_design',2010,#14682);
#14682=APPLICATION_CONTEXT(
'core data for automotive mechanical design processes');
ENDSEC;
END-ISO-10303-21;
