ISO-10303-21;
HEADER;
/* Generated by software containing ST-Developer
 * from STEP Tools, Inc. (www.steptools.com) 
 */

FILE_DESCRIPTION(
/* description */ (''),
/* implementation_level */ '2;1');

FILE_NAME(
/* name */ 'C:/Users/DerSt/Downloads/Neopixel 24 WS2812B 66mm.step',
/* time_stamp */ '2020-10-04T16:31:21+02:00',
/* author */ (''),
/* organization */ (''),
/* preprocessor_version */ 'ST-DEVELOPER v18.1',
/* originating_system */ 'Autodesk Translation Framework v9.3.0.1241',
/* authorisation */ '');

FILE_SCHEMA (('AUTOMOTIVE_DESIGN { 1 0 10303 214 3 1 1 }'));
ENDSEC;

DATA;
#10=MECHANICAL_DESIGN_GEOMETRIC_PRESENTATION_REPRESENTATION('',(#1973,#1974,
#1975,#1976,#1977,#1978,#1979,#1980,#1981,#1982,#1983,#1984,#1985,#1986,
#1987,#1988,#1989,#1990,#1991,#1992,#1993,#1994,#1995,#1996,#1997,#1998,
#1999,#2000,#2001,#2002,#2003,#2004,#2005,#2006,#2007,#2008,#2009,#2010,
#2011,#2012,#2013,#2014,#2015,#2016,#2017,#2018,#2019,#2020,#2021,#2022,
#2023,#2024,#2025,#2026,#2027,#2028,#2029,#2030,#2031,#2032,#2033,#2034,
#2035,#2036,#2037,#2038,#2039,#2040),#3520);
#11=ITEM_DEFINED_TRANSFORMATION($,$,#2158,#2311);
#12=ITEM_DEFINED_TRANSFORMATION($,$,#2158,#2312);
#13=ITEM_DEFINED_TRANSFORMATION($,$,#2158,#2313);
#14=ITEM_DEFINED_TRANSFORMATION($,$,#2158,#2314);
#15=ITEM_DEFINED_TRANSFORMATION($,$,#2158,#2315);
#16=ITEM_DEFINED_TRANSFORMATION($,$,#2158,#2316);
#17=ITEM_DEFINED_TRANSFORMATION($,$,#2158,#2317);
#18=ITEM_DEFINED_TRANSFORMATION($,$,#2158,#2318);
#19=ITEM_DEFINED_TRANSFORMATION($,$,#2158,#2319);
#20=ITEM_DEFINED_TRANSFORMATION($,$,#2158,#2320);
#21=ITEM_DEFINED_TRANSFORMATION($,$,#2158,#2321);
#22=ITEM_DEFINED_TRANSFORMATION($,$,#2158,#2322);
#23=ITEM_DEFINED_TRANSFORMATION($,$,#2158,#2323);
#24=ITEM_DEFINED_TRANSFORMATION($,$,#2158,#2324);
#25=ITEM_DEFINED_TRANSFORMATION($,$,#2158,#2325);
#26=ITEM_DEFINED_TRANSFORMATION($,$,#2158,#2326);
#27=ITEM_DEFINED_TRANSFORMATION($,$,#2158,#2327);
#28=ITEM_DEFINED_TRANSFORMATION($,$,#2158,#2328);
#29=ITEM_DEFINED_TRANSFORMATION($,$,#2158,#2329);
#30=ITEM_DEFINED_TRANSFORMATION($,$,#2158,#2330);
#31=ITEM_DEFINED_TRANSFORMATION($,$,#2158,#2331);
#32=ITEM_DEFINED_TRANSFORMATION($,$,#2158,#2332);
#33=ITEM_DEFINED_TRANSFORMATION($,$,#2158,#2333);
#34=ITEM_DEFINED_TRANSFORMATION($,$,#2158,#2334);
#35=(
REPRESENTATION_RELATIONSHIP($,$,#3554,#3553)
REPRESENTATION_RELATIONSHIP_WITH_TRANSFORMATION(#11)
SHAPE_REPRESENTATION_RELATIONSHIP()
);
#36=(
REPRESENTATION_RELATIONSHIP($,$,#3554,#3553)
REPRESENTATION_RELATIONSHIP_WITH_TRANSFORMATION(#12)
SHAPE_REPRESENTATION_RELATIONSHIP()
);
#37=(
REPRESENTATION_RELATIONSHIP($,$,#3554,#3553)
REPRESENTATION_RELATIONSHIP_WITH_TRANSFORMATION(#13)
SHAPE_REPRESENTATION_RELATIONSHIP()
);
#38=(
REPRESENTATION_RELATIONSHIP($,$,#3554,#3553)
REPRESENTATION_RELATIONSHIP_WITH_TRANSFORMATION(#14)
SHAPE_REPRESENTATION_RELATIONSHIP()
);
#39=(
REPRESENTATION_RELATIONSHIP($,$,#3554,#3553)
REPRESENTATION_RELATIONSHIP_WITH_TRANSFORMATION(#15)
SHAPE_REPRESENTATION_RELATIONSHIP()
);
#40=(
REPRESENTATION_RELATIONSHIP($,$,#3554,#3553)
REPRESENTATION_RELATIONSHIP_WITH_TRANSFORMATION(#16)
SHAPE_REPRESENTATION_RELATIONSHIP()
);
#41=(
REPRESENTATION_RELATIONSHIP($,$,#3554,#3553)
REPRESENTATION_RELATIONSHIP_WITH_TRANSFORMATION(#17)
SHAPE_REPRESENTATION_RELATIONSHIP()
);
#42=(
REPRESENTATION_RELATIONSHIP($,$,#3554,#3553)
REPRESENTATION_RELATIONSHIP_WITH_TRANSFORMATION(#18)
SHAPE_REPRESENTATION_RELATIONSHIP()
);
#43=(
REPRESENTATION_RELATIONSHIP($,$,#3554,#3553)
REPRESENTATION_RELATIONSHIP_WITH_TRANSFORMATION(#19)
SHAPE_REPRESENTATION_RELATIONSHIP()
);
#44=(
REPRESENTATION_RELATIONSHIP($,$,#3554,#3553)
REPRESENTATION_RELATIONSHIP_WITH_TRANSFORMATION(#20)
SHAPE_REPRESENTATION_RELATIONSHIP()
);
#45=(
REPRESENTATION_RELATIONSHIP($,$,#3554,#3553)
REPRESENTATION_RELATIONSHIP_WITH_TRANSFORMATION(#21)
SHAPE_REPRESENTATION_RELATIONSHIP()
);
#46=(
REPRESENTATION_RELATIONSHIP($,$,#3554,#3553)
REPRESENTATION_RELATIONSHIP_WITH_TRANSFORMATION(#22)
SHAPE_REPRESENTATION_RELATIONSHIP()
);
#47=(
REPRESENTATION_RELATIONSHIP($,$,#3554,#3553)
REPRESENTATION_RELATIONSHIP_WITH_TRANSFORMATION(#23)
SHAPE_REPRESENTATION_RELATIONSHIP()
);
#48=(
REPRESENTATION_RELATIONSHIP($,$,#3554,#3553)
REPRESENTATION_RELATIONSHIP_WITH_TRANSFORMATION(#24)
SHAPE_REPRESENTATION_RELATIONSHIP()
);
#49=(
REPRESENTATION_RELATIONSHIP($,$,#3554,#3553)
REPRESENTATION_RELATIONSHIP_WITH_TRANSFORMATION(#25)
SHAPE_REPRESENTATION_RELATIONSHIP()
);
#50=(
REPRESENTATION_RELATIONSHIP($,$,#3554,#3553)
REPRESENTATION_RELATIONSHIP_WITH_TRANSFORMATION(#26)
SHAPE_REPRESENTATION_RELATIONSHIP()
);
#51=(
REPRESENTATION_RELATIONSHIP($,$,#3554,#3553)
REPRESENTATION_RELATIONSHIP_WITH_TRANSFORMATION(#27)
SHAPE_REPRESENTATION_RELATIONSHIP()
);
#52=(
REPRESENTATION_RELATIONSHIP($,$,#3554,#3553)
REPRESENTATION_RELATIONSHIP_WITH_TRANSFORMATION(#28)
SHAPE_REPRESENTATION_RELATIONSHIP()
);
#53=(
REPRESENTATION_RELATIONSHIP($,$,#3554,#3553)
REPRESENTATION_RELATIONSHIP_WITH_TRANSFORMATION(#29)
SHAPE_REPRESENTATION_RELATIONSHIP()
);
#54=(
REPRESENTATION_RELATIONSHIP($,$,#3554,#3553)
REPRESENTATION_RELATIONSHIP_WITH_TRANSFORMATION(#30)
SHAPE_REPRESENTATION_RELATIONSHIP()
);
#55=(
REPRESENTATION_RELATIONSHIP($,$,#3554,#3553)
REPRESENTATION_RELATIONSHIP_WITH_TRANSFORMATION(#31)
SHAPE_REPRESENTATION_RELATIONSHIP()
);
#56=(
REPRESENTATION_RELATIONSHIP($,$,#3554,#3553)
REPRESENTATION_RELATIONSHIP_WITH_TRANSFORMATION(#32)
SHAPE_REPRESENTATION_RELATIONSHIP()
);
#57=(
REPRESENTATION_RELATIONSHIP($,$,#3554,#3553)
REPRESENTATION_RELATIONSHIP_WITH_TRANSFORMATION(#33)
SHAPE_REPRESENTATION_RELATIONSHIP()
);
#58=(
REPRESENTATION_RELATIONSHIP($,$,#3554,#3553)
REPRESENTATION_RELATIONSHIP_WITH_TRANSFORMATION(#34)
SHAPE_REPRESENTATION_RELATIONSHIP()
);
#59=CONTEXT_DEPENDENT_SHAPE_REPRESENTATION(#35,#3529);
#60=CONTEXT_DEPENDENT_SHAPE_REPRESENTATION(#36,#3530);
#61=CONTEXT_DEPENDENT_SHAPE_REPRESENTATION(#37,#3531);
#62=CONTEXT_DEPENDENT_SHAPE_REPRESENTATION(#38,#3532);
#63=CONTEXT_DEPENDENT_SHAPE_REPRESENTATION(#39,#3533);
#64=CONTEXT_DEPENDENT_SHAPE_REPRESENTATION(#40,#3534);
#65=CONTEXT_DEPENDENT_SHAPE_REPRESENTATION(#41,#3535);
#66=CONTEXT_DEPENDENT_SHAPE_REPRESENTATION(#42,#3536);
#67=CONTEXT_DEPENDENT_SHAPE_REPRESENTATION(#43,#3537);
#68=CONTEXT_DEPENDENT_SHAPE_REPRESENTATION(#44,#3538);
#69=CONTEXT_DEPENDENT_SHAPE_REPRESENTATION(#45,#3539);
#70=CONTEXT_DEPENDENT_SHAPE_REPRESENTATION(#46,#3540);
#71=CONTEXT_DEPENDENT_SHAPE_REPRESENTATION(#47,#3541);
#72=CONTEXT_DEPENDENT_SHAPE_REPRESENTATION(#48,#3542);
#73=CONTEXT_DEPENDENT_SHAPE_REPRESENTATION(#49,#3543);
#74=CONTEXT_DEPENDENT_SHAPE_REPRESENTATION(#50,#3544);
#75=CONTEXT_DEPENDENT_SHAPE_REPRESENTATION(#51,#3545);
#76=CONTEXT_DEPENDENT_SHAPE_REPRESENTATION(#52,#3546);
#77=CONTEXT_DEPENDENT_SHAPE_REPRESENTATION(#53,#3547);
#78=CONTEXT_DEPENDENT_SHAPE_REPRESENTATION(#54,#3548);
#79=CONTEXT_DEPENDENT_SHAPE_REPRESENTATION(#55,#3549);
#80=CONTEXT_DEPENDENT_SHAPE_REPRESENTATION(#56,#3550);
#81=CONTEXT_DEPENDENT_SHAPE_REPRESENTATION(#57,#3551);
#82=CONTEXT_DEPENDENT_SHAPE_REPRESENTATION(#58,#3552);
#83=NEXT_ASSEMBLY_USAGE_OCCURRENCE('WS2812B:1','WS2812B:1','WS2812B:1',
#3556,#3557,'WS2812B:1');
#84=NEXT_ASSEMBLY_USAGE_OCCURRENCE('WS2812B:13','WS2812B:13',
'WS2812B:13',#3556,#3557,'WS2812B:13');
#85=NEXT_ASSEMBLY_USAGE_OCCURRENCE('WS2812B:14','WS2812B:14',
'WS2812B:14',#3556,#3557,'WS2812B:14');
#86=NEXT_ASSEMBLY_USAGE_OCCURRENCE('WS2812B:15','WS2812B:15',
'WS2812B:15',#3556,#3557,'WS2812B:15');
#87=NEXT_ASSEMBLY_USAGE_OCCURRENCE('WS2812B:16','WS2812B:16',
'WS2812B:16',#3556,#3557,'WS2812B:16');
#88=NEXT_ASSEMBLY_USAGE_OCCURRENCE('WS2812B:17','WS2812B:17',
'WS2812B:17',#3556,#3557,'WS2812B:17');
#89=NEXT_ASSEMBLY_USAGE_OCCURRENCE('WS2812B:18','WS2812B:18',
'WS2812B:18',#3556,#3557,'WS2812B:18');
#90=NEXT_ASSEMBLY_USAGE_OCCURRENCE('WS2812B:19','WS2812B:19',
'WS2812B:19',#3556,#3557,'WS2812B:19');
#91=NEXT_ASSEMBLY_USAGE_OCCURRENCE('WS2812B:20','WS2812B:20',
'WS2812B:20',#3556,#3557,'WS2812B:20');
#92=NEXT_ASSEMBLY_USAGE_OCCURRENCE('WS2812B:21','WS2812B:21',
'WS2812B:21',#3556,#3557,'WS2812B:21');
#93=NEXT_ASSEMBLY_USAGE_OCCURRENCE('WS2812B:22','WS2812B:22',
'WS2812B:22',#3556,#3557,'WS2812B:22');
#94=NEXT_ASSEMBLY_USAGE_OCCURRENCE('WS2812B:23','WS2812B:23',
'WS2812B:23',#3556,#3557,'WS2812B:23');
#95=NEXT_ASSEMBLY_USAGE_OCCURRENCE('WS2812B:24','WS2812B:24',
'WS2812B:24',#3556,#3557,'WS2812B:24');
#96=NEXT_ASSEMBLY_USAGE_OCCURRENCE('WS2812B:25','WS2812B:25',
'WS2812B:25',#3556,#3557,'WS2812B:25');
#97=NEXT_ASSEMBLY_USAGE_OCCURRENCE('WS2812B:26','WS2812B:26',
'WS2812B:26',#3556,#3557,'WS2812B:26');
#98=NEXT_ASSEMBLY_USAGE_OCCURRENCE('WS2812B:27','WS2812B:27',
'WS2812B:27',#3556,#3557,'WS2812B:27');
#99=NEXT_ASSEMBLY_USAGE_OCCURRENCE('WS2812B:28','WS2812B:28',
'WS2812B:28',#3556,#3557,'WS2812B:28');
#100=NEXT_ASSEMBLY_USAGE_OCCURRENCE('WS2812B:29','WS2812B:29',
'WS2812B:29',#3556,#3557,'WS2812B:29');
#101=NEXT_ASSEMBLY_USAGE_OCCURRENCE('WS2812B:30','WS2812B:30',
'WS2812B:30',#3556,#3557,'WS2812B:30');
#102=NEXT_ASSEMBLY_USAGE_OCCURRENCE('WS2812B:31','WS2812B:31',
'WS2812B:31',#3556,#3557,'WS2812B:31');
#103=NEXT_ASSEMBLY_USAGE_OCCURRENCE('WS2812B:32','WS2812B:32',
'WS2812B:32',#3556,#3557,'WS2812B:32');
#104=NEXT_ASSEMBLY_USAGE_OCCURRENCE('WS2812B:33','WS2812B:33',
'WS2812B:33',#3556,#3557,'WS2812B:33');
#105=NEXT_ASSEMBLY_USAGE_OCCURRENCE('WS2812B:34','WS2812B:34',
'WS2812B:34',#3556,#3557,'WS2812B:34');
#106=NEXT_ASSEMBLY_USAGE_OCCURRENCE('WS2812B:35','WS2812B:35',
'WS2812B:35',#3556,#3557,'WS2812B:35');
#107=SHAPE_REPRESENTATION_RELATIONSHIP('SRR','None',#3554,#109);
#108=SHAPE_REPRESENTATION_RELATIONSHIP('SRR','None',#3553,#110);
#109=ADVANCED_BREP_SHAPE_REPRESENTATION('',(#111),#3519);
#110=ADVANCED_BREP_SHAPE_REPRESENTATION('',(#112),#3518);
#111=MANIFOLD_SOLID_BREP('K\X\F6rper1',#2143);
#112=MANIFOLD_SOLID_BREP('K\X\F6rper15',#2144);
#113=CYLINDRICAL_SURFACE('',#2209,0.2);
#114=CYLINDRICAL_SURFACE('',#2211,0.2);
#115=CYLINDRICAL_SURFACE('',#2212,0.2);
#116=CYLINDRICAL_SURFACE('',#2222,0.2);
#117=CYLINDRICAL_SURFACE('',#2224,0.2);
#118=CYLINDRICAL_SURFACE('',#2225,0.2);
#119=CYLINDRICAL_SURFACE('',#2235,0.2);
#120=CYLINDRICAL_SURFACE('',#2237,0.2);
#121=CYLINDRICAL_SURFACE('',#2238,0.2);
#122=CYLINDRICAL_SURFACE('',#2248,0.2);
#123=CYLINDRICAL_SURFACE('',#2250,0.2);
#124=CYLINDRICAL_SURFACE('',#2251,0.2);
#125=CYLINDRICAL_SURFACE('',#2260,0.573059148596536);
#126=CYLINDRICAL_SURFACE('',#2303,26.9);
#127=CYLINDRICAL_SURFACE('',#2306,33.);
#128=CONICAL_SURFACE('',#2194,1.95,0.358770670270573);
#129=FACE_BOUND('',#294,.T.);
#130=FACE_BOUND('',#305,.T.);
#131=FACE_BOUND('',#396,.T.);
#132=FACE_BOUND('',#398,.T.);
#133=FACE_BOUND('',#399,.T.);
#134=FACE_BOUND('',#400,.T.);
#135=FACE_BOUND('',#401,.T.);
#136=FACE_BOUND('',#402,.T.);
#137=FACE_BOUND('',#403,.T.);
#138=FACE_BOUND('',#404,.T.);
#139=FACE_BOUND('',#405,.T.);
#140=FACE_BOUND('',#406,.T.);
#141=CIRCLE('',#2160,0.573059148596536);
#142=CIRCLE('',#2164,0.1);
#143=CIRCLE('',#2165,0.1);
#144=CIRCLE('',#2167,0.1);
#145=CIRCLE('',#2168,0.0999999999999998);
#146=CIRCLE('',#2169,0.1);
#147=CIRCLE('',#2170,1.8);
#148=CIRCLE('',#2172,1.8);
#149=CIRCLE('',#2173,0.1);
#150=CIRCLE('',#2174,1.8);
#151=CIRCLE('',#2175,0.1);
#152=CIRCLE('',#2176,1.8);
#153=CIRCLE('',#2177,1.8);
#154=CIRCLE('',#2178,0.1);
#155=CIRCLE('',#2179,0.0999999999999999);
#156=CIRCLE('',#2180,0.1);
#157=CIRCLE('',#2181,1.8);
#158=CIRCLE('',#2183,1.8);
#159=CIRCLE('',#2185,1.8);
#160=CIRCLE('',#2189,1.95);
#161=CIRCLE('',#2193,1.8);
#162=CIRCLE('',#2201,0.2);
#163=CIRCLE('',#2202,0.2);
#164=CIRCLE('',#2203,0.2);
#165=CIRCLE('',#2205,0.2);
#166=CIRCLE('',#2206,0.2);
#167=CIRCLE('',#2207,0.2);
#168=CIRCLE('',#2214,0.2);
#169=CIRCLE('',#2215,0.2);
#170=CIRCLE('',#2216,0.2);
#171=CIRCLE('',#2218,0.2);
#172=CIRCLE('',#2219,0.2);
#173=CIRCLE('',#2220,0.2);
#174=CIRCLE('',#2227,0.2);
#175=CIRCLE('',#2228,0.2);
#176=CIRCLE('',#2229,0.2);
#177=CIRCLE('',#2231,0.2);
#178=CIRCLE('',#2232,0.2);
#179=CIRCLE('',#2233,0.2);
#180=CIRCLE('',#2240,0.2);
#181=CIRCLE('',#2241,0.2);
#182=CIRCLE('',#2242,0.2);
#183=CIRCLE('',#2244,0.2);
#184=CIRCLE('',#2245,0.2);
#185=CIRCLE('',#2246,0.2);
#186=CIRCLE('',#2261,0.573059148596536);
#187=CIRCLE('',#2304,26.9);
#188=CIRCLE('',#2305,26.9);
#189=CIRCLE('',#2307,33.);
#190=CIRCLE('',#2308,33.);
#191=FACE_OUTER_BOUND('',#293,.T.);
#192=FACE_OUTER_BOUND('',#295,.T.);
#193=FACE_OUTER_BOUND('',#296,.T.);
#194=FACE_OUTER_BOUND('',#297,.T.);
#195=FACE_OUTER_BOUND('',#298,.T.);
#196=FACE_OUTER_BOUND('',#299,.T.);
#197=FACE_OUTER_BOUND('',#300,.T.);
#198=FACE_OUTER_BOUND('',#301,.T.);
#199=FACE_OUTER_BOUND('',#302,.T.);
#200=FACE_OUTER_BOUND('',#303,.T.);
#201=FACE_OUTER_BOUND('',#304,.T.);
#202=FACE_OUTER_BOUND('',#306,.T.);
#203=FACE_OUTER_BOUND('',#307,.T.);
#204=FACE_OUTER_BOUND('',#308,.T.);
#205=FACE_OUTER_BOUND('',#309,.T.);
#206=FACE_OUTER_BOUND('',#310,.T.);
#207=FACE_OUTER_BOUND('',#311,.T.);
#208=FACE_OUTER_BOUND('',#312,.T.);
#209=FACE_OUTER_BOUND('',#313,.T.);
#210=FACE_OUTER_BOUND('',#314,.T.);
#211=FACE_OUTER_BOUND('',#315,.T.);
#212=FACE_OUTER_BOUND('',#316,.T.);
#213=FACE_OUTER_BOUND('',#317,.T.);
#214=FACE_OUTER_BOUND('',#318,.T.);
#215=FACE_OUTER_BOUND('',#319,.T.);
#216=FACE_OUTER_BOUND('',#320,.T.);
#217=FACE_OUTER_BOUND('',#321,.T.);
#218=FACE_OUTER_BOUND('',#322,.T.);
#219=FACE_OUTER_BOUND('',#323,.T.);
#220=FACE_OUTER_BOUND('',#324,.T.);
#221=FACE_OUTER_BOUND('',#325,.T.);
#222=FACE_OUTER_BOUND('',#326,.T.);
#223=FACE_OUTER_BOUND('',#327,.T.);
#224=FACE_OUTER_BOUND('',#328,.T.);
#225=FACE_OUTER_BOUND('',#329,.T.);
#226=FACE_OUTER_BOUND('',#330,.T.);
#227=FACE_OUTER_BOUND('',#331,.T.);
#228=FACE_OUTER_BOUND('',#332,.T.);
#229=FACE_OUTER_BOUND('',#333,.T.);
#230=FACE_OUTER_BOUND('',#334,.T.);
#231=FACE_OUTER_BOUND('',#335,.T.);
#232=FACE_OUTER_BOUND('',#336,.T.);
#233=FACE_OUTER_BOUND('',#337,.T.);
#234=FACE_OUTER_BOUND('',#338,.T.);
#235=FACE_OUTER_BOUND('',#339,.T.);
#236=FACE_OUTER_BOUND('',#340,.T.);
#237=FACE_OUTER_BOUND('',#341,.T.);
#238=FACE_OUTER_BOUND('',#342,.T.);
#239=FACE_OUTER_BOUND('',#343,.T.);
#240=FACE_OUTER_BOUND('',#344,.T.);
#241=FACE_OUTER_BOUND('',#345,.T.);
#242=FACE_OUTER_BOUND('',#346,.T.);
#243=FACE_OUTER_BOUND('',#347,.T.);
#244=FACE_OUTER_BOUND('',#348,.T.);
#245=FACE_OUTER_BOUND('',#349,.T.);
#246=FACE_OUTER_BOUND('',#350,.T.);
#247=FACE_OUTER_BOUND('',#351,.T.);
#248=FACE_OUTER_BOUND('',#352,.T.);
#249=FACE_OUTER_BOUND('',#353,.T.);
#250=FACE_OUTER_BOUND('',#354,.T.);
#251=FACE_OUTER_BOUND('',#355,.T.);
#252=FACE_OUTER_BOUND('',#356,.T.);
#253=FACE_OUTER_BOUND('',#357,.T.);
#254=FACE_OUTER_BOUND('',#358,.T.);
#255=FACE_OUTER_BOUND('',#359,.T.);
#256=FACE_OUTER_BOUND('',#360,.T.);
#257=FACE_OUTER_BOUND('',#361,.T.);
#258=FACE_OUTER_BOUND('',#362,.T.);
#259=FACE_OUTER_BOUND('',#363,.T.);
#260=FACE_OUTER_BOUND('',#364,.T.);
#261=FACE_OUTER_BOUND('',#365,.T.);
#262=FACE_OUTER_BOUND('',#366,.T.);
#263=FACE_OUTER_BOUND('',#367,.T.);
#264=FACE_OUTER_BOUND('',#368,.T.);
#265=FACE_OUTER_BOUND('',#369,.T.);
#266=FACE_OUTER_BOUND('',#370,.T.);
#267=FACE_OUTER_BOUND('',#371,.T.);
#268=FACE_OUTER_BOUND('',#372,.T.);
#269=FACE_OUTER_BOUND('',#373,.T.);
#270=FACE_OUTER_BOUND('',#374,.T.);
#271=FACE_OUTER_BOUND('',#375,.T.);
#272=FACE_OUTER_BOUND('',#376,.T.);
#273=FACE_OUTER_BOUND('',#377,.T.);
#274=FACE_OUTER_BOUND('',#378,.T.);
#275=FACE_OUTER_BOUND('',#379,.T.);
#276=FACE_OUTER_BOUND('',#380,.T.);
#277=FACE_OUTER_BOUND('',#381,.T.);
#278=FACE_OUTER_BOUND('',#382,.T.);
#279=FACE_OUTER_BOUND('',#383,.T.);
#280=FACE_OUTER_BOUND('',#384,.T.);
#281=FACE_OUTER_BOUND('',#385,.T.);
#282=FACE_OUTER_BOUND('',#386,.T.);
#283=FACE_OUTER_BOUND('',#387,.T.);
#284=FACE_OUTER_BOUND('',#388,.T.);
#285=FACE_OUTER_BOUND('',#389,.T.);
#286=FACE_OUTER_BOUND('',#390,.T.);
#287=FACE_OUTER_BOUND('',#391,.T.);
#288=FACE_OUTER_BOUND('',#392,.T.);
#289=FACE_OUTER_BOUND('',#393,.T.);
#290=FACE_OUTER_BOUND('',#394,.T.);
#291=FACE_OUTER_BOUND('',#395,.T.);
#292=FACE_OUTER_BOUND('',#397,.T.);
#293=EDGE_LOOP('',(#1331,#1332,#1333,#1334,#1335,#1336,#1337,#1338,#1339,
#1340,#1341,#1342,#1343,#1344,#1345,#1346,#1347,#1348,#1349,#1350,#1351,
#1352,#1353,#1354,#1355,#1356,#1357,#1358));
#294=EDGE_LOOP('',(#1359));
#295=EDGE_LOOP('',(#1360,#1361,#1362,#1363,#1364,#1365,#1366,#1367,#1368,
#1369,#1370,#1371,#1372,#1373,#1374,#1375,#1376,#1377));
#296=EDGE_LOOP('',(#1378,#1379,#1380,#1381,#1382,#1383,#1384,#1385,#1386,
#1387,#1388,#1389,#1390,#1391,#1392,#1393));
#297=EDGE_LOOP('',(#1394,#1395,#1396,#1397));
#298=EDGE_LOOP('',(#1398,#1399,#1400,#1401,#1402,#1403,#1404,#1405));
#299=EDGE_LOOP('',(#1406,#1407,#1408,#1409,#1410,#1411,#1412,#1413,#1414,
#1415,#1416,#1417,#1418,#1419,#1420,#1421,#1422,#1423,#1424,#1425,#1426,
#1427,#1428,#1429,#1430,#1431,#1432,#1433,#1434,#1435,#1436));
#300=EDGE_LOOP('',(#1437,#1438,#1439,#1440,#1441,#1442));
#301=EDGE_LOOP('',(#1443,#1444,#1445,#1446,#1447,#1448,#1449,#1450));
#302=EDGE_LOOP('',(#1451,#1452,#1453,#1454));
#303=EDGE_LOOP('',(#1455,#1456,#1457,#1458,#1459,#1460));
#304=EDGE_LOOP('',(#1461,#1462,#1463,#1464,#1465));
#305=EDGE_LOOP('',(#1466));
#306=EDGE_LOOP('',(#1467,#1468,#1469,#1470));
#307=EDGE_LOOP('',(#1471,#1472,#1473));
#308=EDGE_LOOP('',(#1474,#1475,#1476,#1477));
#309=EDGE_LOOP('',(#1478,#1479,#1480,#1481,#1482,#1483,#1484,#1485,#1486,
#1487,#1488,#1489));
#310=EDGE_LOOP('',(#1490,#1491,#1492,#1493));
#311=EDGE_LOOP('',(#1494,#1495,#1496,#1497));
#312=EDGE_LOOP('',(#1498,#1499,#1500,#1501));
#313=EDGE_LOOP('',(#1502,#1503,#1504,#1505));
#314=EDGE_LOOP('',(#1506,#1507,#1508,#1509));
#315=EDGE_LOOP('',(#1510,#1511,#1512,#1513,#1514,#1515,#1516));
#316=EDGE_LOOP('',(#1517,#1518,#1519,#1520,#1521,#1522,#1523));
#317=EDGE_LOOP('',(#1524,#1525,#1526,#1527));
#318=EDGE_LOOP('',(#1528,#1529,#1530,#1531));
#319=EDGE_LOOP('',(#1532,#1533,#1534,#1535));
#320=EDGE_LOOP('',(#1536,#1537,#1538,#1539));
#321=EDGE_LOOP('',(#1540,#1541,#1542,#1543));
#322=EDGE_LOOP('',(#1544,#1545,#1546,#1547,#1548,#1549,#1550));
#323=EDGE_LOOP('',(#1551,#1552,#1553,#1554,#1555,#1556,#1557));
#324=EDGE_LOOP('',(#1558,#1559,#1560,#1561));
#325=EDGE_LOOP('',(#1562,#1563,#1564,#1565));
#326=EDGE_LOOP('',(#1566,#1567,#1568,#1569));
#327=EDGE_LOOP('',(#1570,#1571,#1572,#1573));
#328=EDGE_LOOP('',(#1574,#1575,#1576,#1577));
#329=EDGE_LOOP('',(#1578,#1579,#1580,#1581,#1582,#1583,#1584));
#330=EDGE_LOOP('',(#1585,#1586,#1587,#1588,#1589,#1590,#1591));
#331=EDGE_LOOP('',(#1592,#1593,#1594,#1595));
#332=EDGE_LOOP('',(#1596,#1597,#1598,#1599));
#333=EDGE_LOOP('',(#1600,#1601,#1602,#1603));
#334=EDGE_LOOP('',(#1604,#1605,#1606,#1607));
#335=EDGE_LOOP('',(#1608,#1609,#1610,#1611));
#336=EDGE_LOOP('',(#1612,#1613,#1614,#1615,#1616,#1617,#1618));
#337=EDGE_LOOP('',(#1619,#1620,#1621,#1622,#1623,#1624,#1625));
#338=EDGE_LOOP('',(#1626,#1627,#1628,#1629));
#339=EDGE_LOOP('',(#1630,#1631,#1632,#1633));
#340=EDGE_LOOP('',(#1634,#1635,#1636,#1637));
#341=EDGE_LOOP('',(#1638,#1639,#1640,#1641));
#342=EDGE_LOOP('',(#1642,#1643,#1644,#1645));
#343=EDGE_LOOP('',(#1646,#1647,#1648,#1649));
#344=EDGE_LOOP('',(#1650,#1651,#1652,#1653));
#345=EDGE_LOOP('',(#1654,#1655,#1656,#1657));
#346=EDGE_LOOP('',(#1658,#1659,#1660,#1661));
#347=EDGE_LOOP('',(#1662,#1663,#1664,#1665));
#348=EDGE_LOOP('',(#1666,#1667,#1668,#1669));
#349=EDGE_LOOP('',(#1670,#1671,#1672,#1673));
#350=EDGE_LOOP('',(#1674,#1675,#1676,#1677));
#351=EDGE_LOOP('',(#1678,#1679,#1680,#1681));
#352=EDGE_LOOP('',(#1682));
#353=EDGE_LOOP('',(#1683,#1684,#1685,#1686));
#354=EDGE_LOOP('',(#1687,#1688,#1689,#1690));
#355=EDGE_LOOP('',(#1691,#1692,#1693,#1694));
#356=EDGE_LOOP('',(#1695,#1696,#1697,#1698));
#357=EDGE_LOOP('',(#1699,#1700,#1701,#1702));
#358=EDGE_LOOP('',(#1703,#1704,#1705,#1706));
#359=EDGE_LOOP('',(#1707,#1708,#1709,#1710));
#360=EDGE_LOOP('',(#1711,#1712,#1713,#1714));
#361=EDGE_LOOP('',(#1715,#1716,#1717,#1718));
#362=EDGE_LOOP('',(#1719,#1720,#1721,#1722));
#363=EDGE_LOOP('',(#1723,#1724,#1725,#1726));
#364=EDGE_LOOP('',(#1727,#1728,#1729,#1730));
#365=EDGE_LOOP('',(#1731,#1732,#1733,#1734));
#366=EDGE_LOOP('',(#1735,#1736,#1737,#1738));
#367=EDGE_LOOP('',(#1739,#1740,#1741,#1742));
#368=EDGE_LOOP('',(#1743,#1744,#1745,#1746));
#369=EDGE_LOOP('',(#1747,#1748,#1749,#1750));
#370=EDGE_LOOP('',(#1751,#1752,#1753,#1754));
#371=EDGE_LOOP('',(#1755,#1756,#1757,#1758));
#372=EDGE_LOOP('',(#1759,#1760,#1761,#1762));
#373=EDGE_LOOP('',(#1763,#1764,#1765,#1766));
#374=EDGE_LOOP('',(#1767,#1768,#1769,#1770));
#375=EDGE_LOOP('',(#1771,#1772,#1773,#1774));
#376=EDGE_LOOP('',(#1775,#1776,#1777,#1778));
#377=EDGE_LOOP('',(#1779,#1780,#1781,#1782));
#378=EDGE_LOOP('',(#1783,#1784,#1785,#1786));
#379=EDGE_LOOP('',(#1787,#1788,#1789,#1790));
#380=EDGE_LOOP('',(#1791,#1792,#1793,#1794));
#381=EDGE_LOOP('',(#1795,#1796,#1797,#1798));
#382=EDGE_LOOP('',(#1799,#1800,#1801,#1802));
#383=EDGE_LOOP('',(#1803,#1804,#1805,#1806));
#384=EDGE_LOOP('',(#1807,#1808,#1809,#1810));
#385=EDGE_LOOP('',(#1811,#1812,#1813,#1814));
#386=EDGE_LOOP('',(#1815,#1816,#1817,#1818));
#387=EDGE_LOOP('',(#1819,#1820,#1821,#1822));
#388=EDGE_LOOP('',(#1823,#1824,#1825,#1826));
#389=EDGE_LOOP('',(#1827,#1828,#1829,#1830));
#390=EDGE_LOOP('',(#1831,#1832,#1833,#1834));
#391=EDGE_LOOP('',(#1835,#1836,#1837,#1838));
#392=EDGE_LOOP('',(#1839,#1840,#1841,#1842));
#393=EDGE_LOOP('',(#1843,#1844,#1845,#1846));
#394=EDGE_LOOP('',(#1847,#1848,#1849,#1850));
#395=EDGE_LOOP('',(#1851));
#396=EDGE_LOOP('',(#1852));
#397=EDGE_LOOP('',(#1853));
#398=EDGE_LOOP('',(#1854,#1855,#1856,#1857));
#399=EDGE_LOOP('',(#1858,#1859,#1860,#1861));
#400=EDGE_LOOP('',(#1862,#1863,#1864,#1865));
#401=EDGE_LOOP('',(#1866,#1867,#1868,#1869));
#402=EDGE_LOOP('',(#1870,#1871,#1872,#1873));
#403=EDGE_LOOP('',(#1874,#1875,#1876,#1877));
#404=EDGE_LOOP('',(#1878,#1879,#1880,#1881));
#405=EDGE_LOOP('',(#1882,#1883,#1884,#1885));
#406=EDGE_LOOP('',(#1886));
#407=LINE('',#2924,#635);
#408=LINE('',#2926,#636);
#409=LINE('',#2928,#637);
#410=LINE('',#2930,#638);
#411=LINE('',#2932,#639);
#412=LINE('',#2934,#640);
#413=LINE('',#2936,#641);
#414=LINE('',#2938,#642);
#415=LINE('',#2940,#643);
#416=LINE('',#2942,#644);
#417=LINE('',#2944,#645);
#418=LINE('',#2946,#646);
#419=LINE('',#2948,#647);
#420=LINE('',#2950,#648);
#421=LINE('',#2952,#649);
#422=LINE('',#2954,#650);
#423=LINE('',#2956,#651);
#424=LINE('',#2958,#652);
#425=LINE('',#2960,#653);
#426=LINE('',#2962,#654);
#427=LINE('',#2964,#655);
#428=LINE('',#2966,#656);
#429=LINE('',#2968,#657);
#430=LINE('',#2970,#658);
#431=LINE('',#2972,#659);
#432=LINE('',#2974,#660);
#433=LINE('',#2976,#661);
#434=LINE('',#2977,#662);
#435=LINE('',#2983,#663);
#436=LINE('',#2984,#664);
#437=LINE('',#2986,#665);
#438=LINE('',#2988,#666);
#439=LINE('',#2989,#667);
#440=LINE('',#2991,#668);
#441=LINE('',#2993,#669);
#442=LINE('',#2995,#670);
#443=LINE('',#2997,#671);
#444=LINE('',#2998,#672);
#445=LINE('',#3000,#673);
#446=LINE('',#3002,#674);
#447=LINE('',#3003,#675);
#448=LINE('',#3004,#676);
#449=LINE('',#3008,#677);
#450=LINE('',#3009,#678);
#451=LINE('',#3011,#679);
#452=LINE('',#3013,#680);
#453=LINE('',#3014,#681);
#454=LINE('',#3016,#682);
#455=LINE('',#3018,#683);
#456=LINE('',#3019,#684);
#457=LINE('',#3021,#685);
#458=LINE('',#3023,#686);
#459=LINE('',#3024,#687);
#460=LINE('',#3025,#688);
#461=LINE('',#3029,#689);
#462=LINE('',#3033,#690);
#463=LINE('',#3038,#691);
#464=LINE('',#3042,#692);
#465=LINE('',#3046,#693);
#466=LINE('',#3050,#694);
#467=LINE('',#3056,#695);
#468=LINE('',#3057,#696);
#469=LINE('',#3059,#697);
#470=LINE('',#3061,#698);
#471=LINE('',#3065,#699);
#472=LINE('',#3069,#700);
#473=LINE('',#3073,#701);
#474=LINE('',#3079,#702);
#475=LINE('',#3083,#703);
#476=LINE('',#3087,#704);
#477=LINE('',#3091,#705);
#478=LINE('',#3094,#706);
#479=LINE('',#3099,#707);
#480=LINE('',#3102,#708);
#481=LINE('',#3104,#709);
#482=LINE('',#3105,#710);
#483=LINE('',#3107,#711);
#484=LINE('',#3111,#712);
#485=LINE('',#3116,#713);
#486=LINE('',#3119,#714);
#487=LINE('',#3121,#715);
#488=LINE('',#3122,#716);
#489=LINE('',#3125,#717);
#490=LINE('',#3126,#718);
#491=LINE('',#3129,#719);
#492=LINE('',#3130,#720);
#493=LINE('',#3132,#721);
#494=LINE('',#3138,#722);
#495=LINE('',#3142,#723);
#496=LINE('',#3147,#724);
#497=LINE('',#3152,#725);
#498=LINE('',#3155,#726);
#499=LINE('',#3156,#727);
#500=LINE('',#3159,#728);
#501=LINE('',#3160,#729);
#502=LINE('',#3166,#730);
#503=LINE('',#3171,#731);
#504=LINE('',#3177,#732);
#505=LINE('',#3181,#733);
#506=LINE('',#3184,#734);
#507=LINE('',#3185,#735);
#508=LINE('',#3188,#736);
#509=LINE('',#3189,#737);
#510=LINE('',#3195,#738);
#511=LINE('',#3200,#739);
#512=LINE('',#3206,#740);
#513=LINE('',#3210,#741);
#514=LINE('',#3213,#742);
#515=LINE('',#3214,#743);
#516=LINE('',#3217,#744);
#517=LINE('',#3218,#745);
#518=LINE('',#3225,#746);
#519=LINE('',#3229,#747);
#520=LINE('',#3234,#748);
#521=LINE('',#3239,#749);
#522=LINE('',#3242,#750);
#523=LINE('',#3243,#751);
#524=LINE('',#3246,#752);
#525=LINE('',#3247,#753);
#526=LINE('',#3252,#754);
#527=LINE('',#3253,#755);
#528=LINE('',#3256,#756);
#529=LINE('',#3257,#757);
#530=LINE('',#3259,#758);
#531=LINE('',#3263,#759);
#532=LINE('',#3264,#760);
#533=LINE('',#3267,#761);
#534=LINE('',#3268,#762);
#535=LINE('',#3270,#763);
#536=LINE('',#3275,#764);
#537=LINE('',#3280,#765);
#538=LINE('',#3282,#766);
#539=LINE('',#3284,#767);
#540=LINE('',#3285,#768);
#541=LINE('',#3288,#769);
#542=LINE('',#3290,#770);
#543=LINE('',#3291,#771);
#544=LINE('',#3294,#772);
#545=LINE('',#3296,#773);
#546=LINE('',#3297,#774);
#547=LINE('',#3299,#775);
#548=LINE('',#3300,#776);
#549=LINE('',#3305,#777);
#550=LINE('',#3307,#778);
#551=LINE('',#3309,#779);
#552=LINE('',#3310,#780);
#553=LINE('',#3313,#781);
#554=LINE('',#3315,#782);
#555=LINE('',#3316,#783);
#556=LINE('',#3319,#784);
#557=LINE('',#3321,#785);
#558=LINE('',#3322,#786);
#559=LINE('',#3324,#787);
#560=LINE('',#3325,#788);
#561=LINE('',#3330,#789);
#562=LINE('',#3332,#790);
#563=LINE('',#3334,#791);
#564=LINE('',#3335,#792);
#565=LINE('',#3338,#793);
#566=LINE('',#3340,#794);
#567=LINE('',#3341,#795);
#568=LINE('',#3344,#796);
#569=LINE('',#3346,#797);
#570=LINE('',#3347,#798);
#571=LINE('',#3349,#799);
#572=LINE('',#3350,#800);
#573=LINE('',#3355,#801);
#574=LINE('',#3357,#802);
#575=LINE('',#3359,#803);
#576=LINE('',#3360,#804);
#577=LINE('',#3363,#805);
#578=LINE('',#3365,#806);
#579=LINE('',#3366,#807);
#580=LINE('',#3369,#808);
#581=LINE('',#3371,#809);
#582=LINE('',#3372,#810);
#583=LINE('',#3374,#811);
#584=LINE('',#3375,#812);
#585=LINE('',#3380,#813);
#586=LINE('',#3382,#814);
#587=LINE('',#3384,#815);
#588=LINE('',#3385,#816);
#589=LINE('',#3388,#817);
#590=LINE('',#3390,#818);
#591=LINE('',#3391,#819);
#592=LINE('',#3394,#820);
#593=LINE('',#3396,#821);
#594=LINE('',#3397,#822);
#595=LINE('',#3399,#823);
#596=LINE('',#3400,#824);
#597=LINE('',#3405,#825);
#598=LINE('',#3407,#826);
#599=LINE('',#3409,#827);
#600=LINE('',#3410,#828);
#601=LINE('',#3413,#829);
#602=LINE('',#3415,#830);
#603=LINE('',#3416,#831);
#604=LINE('',#3419,#832);
#605=LINE('',#3421,#833);
#606=LINE('',#3422,#834);
#607=LINE('',#3424,#835);
#608=LINE('',#3425,#836);
#609=LINE('',#3430,#837);
#610=LINE('',#3432,#838);
#611=LINE('',#3434,#839);
#612=LINE('',#3435,#840);
#613=LINE('',#3438,#841);
#614=LINE('',#3440,#842);
#615=LINE('',#3441,#843);
#616=LINE('',#3444,#844);
#617=LINE('',#3446,#845);
#618=LINE('',#3447,#846);
#619=LINE('',#3449,#847);
#620=LINE('',#3450,#848);
#621=LINE('',#3455,#849);
#622=LINE('',#3457,#850);
#623=LINE('',#3459,#851);
#624=LINE('',#3460,#852);
#625=LINE('',#3463,#853);
#626=LINE('',#3465,#854);
#627=LINE('',#3466,#855);
#628=LINE('',#3469,#856);
#629=LINE('',#3471,#857);
#630=LINE('',#3472,#858);
#631=LINE('',#3474,#859);
#632=LINE('',#3475,#860);
#633=LINE('',#3481,#861);
#634=LINE('',#3487,#862);
#635=VECTOR('',#2341,1.);
#636=VECTOR('',#2342,1.);
#637=VECTOR('',#2343,1.);
#638=VECTOR('',#2344,1.);
#639=VECTOR('',#2345,1.);
#640=VECTOR('',#2346,1.);
#641=VECTOR('',#2347,1.);
#642=VECTOR('',#2348,1.);
#643=VECTOR('',#2349,1.);
#644=VECTOR('',#2350,1.);
#645=VECTOR('',#2351,1.);
#646=VECTOR('',#2352,1.);
#647=VECTOR('',#2353,1.);
#648=VECTOR('',#2354,1.);
#649=VECTOR('',#2355,1.);
#650=VECTOR('',#2356,1.);
#651=VECTOR('',#2357,1.);
#652=VECTOR('',#2358,1.);
#653=VECTOR('',#2359,1.);
#654=VECTOR('',#2360,1.);
#655=VECTOR('',#2361,1.);
#656=VECTOR('',#2362,1.);
#657=VECTOR('',#2363,1.);
#658=VECTOR('',#2364,1.);
#659=VECTOR('',#2365,1.);
#660=VECTOR('',#2366,1.);
#661=VECTOR('',#2367,1.);
#662=VECTOR('',#2368,1.);
#663=VECTOR('',#2373,1.);
#664=VECTOR('',#2374,1.);
#665=VECTOR('',#2375,1.);
#666=VECTOR('',#2376,1.);
#667=VECTOR('',#2377,1.);
#668=VECTOR('',#2378,1.);
#669=VECTOR('',#2379,1.);
#670=VECTOR('',#2380,1.);
#671=VECTOR('',#2381,1.);
#672=VECTOR('',#2382,1.);
#673=VECTOR('',#2383,1.);
#674=VECTOR('',#2384,1.);
#675=VECTOR('',#2385,1.);
#676=VECTOR('',#2386,1.);
#677=VECTOR('',#2389,1.);
#678=VECTOR('',#2390,1.);
#679=VECTOR('',#2391,1.);
#680=VECTOR('',#2392,1.);
#681=VECTOR('',#2393,1.);
#682=VECTOR('',#2394,1.);
#683=VECTOR('',#2395,1.);
#684=VECTOR('',#2396,1.);
#685=VECTOR('',#2397,1.);
#686=VECTOR('',#2398,1.);
#687=VECTOR('',#2399,1.);
#688=VECTOR('',#2400,1.);
#689=VECTOR('',#2403,1.);
#690=VECTOR('',#2406,1.);
#691=VECTOR('',#2411,1.);
#692=VECTOR('',#2414,1.);
#693=VECTOR('',#2417,1.);
#694=VECTOR('',#2420,1.);
#695=VECTOR('',#2427,1.);
#696=VECTOR('',#2428,1.);
#697=VECTOR('',#2429,1.);
#698=VECTOR('',#2430,1.);
#699=VECTOR('',#2433,1.);
#700=VECTOR('',#2436,1.);
#701=VECTOR('',#2439,1.);
#702=VECTOR('',#2444,1.);
#703=VECTOR('',#2447,1.);
#704=VECTOR('',#2450,1.);
#705=VECTOR('',#2453,1.);
#706=VECTOR('',#2458,1.);
#707=VECTOR('',#2467,1.);
#708=VECTOR('',#2470,1.);
#709=VECTOR('',#2471,1.);
#710=VECTOR('',#2472,1.);
#711=VECTOR('',#2475,1.);
#712=VECTOR('',#2480,1.);
#713=VECTOR('',#2489,1.95);
#714=VECTOR('',#2492,1.);
#715=VECTOR('',#2493,1.);
#716=VECTOR('',#2494,1.);
#717=VECTOR('',#2497,1.);
#718=VECTOR('',#2498,1.);
#719=VECTOR('',#2501,1.);
#720=VECTOR('',#2502,1.);
#721=VECTOR('',#2505,1.);
#722=VECTOR('',#2512,1.);
#723=VECTOR('',#2515,1.);
#724=VECTOR('',#2520,1.);
#725=VECTOR('',#2525,1.);
#726=VECTOR('',#2530,1.);
#727=VECTOR('',#2531,1.);
#728=VECTOR('',#2536,1.);
#729=VECTOR('',#2537,1.);
#730=VECTOR('',#2544,1.);
#731=VECTOR('',#2549,1.);
#732=VECTOR('',#2556,1.);
#733=VECTOR('',#2559,1.);
#734=VECTOR('',#2564,1.);
#735=VECTOR('',#2565,1.);
#736=VECTOR('',#2570,1.);
#737=VECTOR('',#2571,1.);
#738=VECTOR('',#2578,1.);
#739=VECTOR('',#2583,1.);
#740=VECTOR('',#2590,1.);
#741=VECTOR('',#2593,1.);
#742=VECTOR('',#2598,1.);
#743=VECTOR('',#2599,1.);
#744=VECTOR('',#2604,1.);
#745=VECTOR('',#2605,1.);
#746=VECTOR('',#2614,1.);
#747=VECTOR('',#2617,1.);
#748=VECTOR('',#2622,1.);
#749=VECTOR('',#2627,1.);
#750=VECTOR('',#2632,1.);
#751=VECTOR('',#2633,1.);
#752=VECTOR('',#2638,1.);
#753=VECTOR('',#2639,1.);
#754=VECTOR('',#2646,1.);
#755=VECTOR('',#2647,1.);
#756=VECTOR('',#2650,1.);
#757=VECTOR('',#2651,1.);
#758=VECTOR('',#2654,1.);
#759=VECTOR('',#2659,1.);
#760=VECTOR('',#2660,1.);
#761=VECTOR('',#2663,1.);
#762=VECTOR('',#2664,1.);
#763=VECTOR('',#2667,1.);
#764=VECTOR('',#2674,0.573059148596536);
#765=VECTOR('',#2679,10.);
#766=VECTOR('',#2680,10.);
#767=VECTOR('',#2681,10.);
#768=VECTOR('',#2682,10.);
#769=VECTOR('',#2685,10.);
#770=VECTOR('',#2686,10.);
#771=VECTOR('',#2687,10.);
#772=VECTOR('',#2690,10.);
#773=VECTOR('',#2691,10.);
#774=VECTOR('',#2692,10.);
#775=VECTOR('',#2695,10.);
#776=VECTOR('',#2696,10.);
#777=VECTOR('',#2701,10.);
#778=VECTOR('',#2702,10.);
#779=VECTOR('',#2703,10.);
#780=VECTOR('',#2704,10.);
#781=VECTOR('',#2707,10.);
#782=VECTOR('',#2708,10.);
#783=VECTOR('',#2709,10.);
#784=VECTOR('',#2712,10.);
#785=VECTOR('',#2713,10.);
#786=VECTOR('',#2714,10.);
#787=VECTOR('',#2717,10.);
#788=VECTOR('',#2718,10.);
#789=VECTOR('',#2723,10.);
#790=VECTOR('',#2724,10.);
#791=VECTOR('',#2725,10.);
#792=VECTOR('',#2726,10.);
#793=VECTOR('',#2729,10.);
#794=VECTOR('',#2730,10.);
#795=VECTOR('',#2731,10.);
#796=VECTOR('',#2734,10.);
#797=VECTOR('',#2735,10.);
#798=VECTOR('',#2736,10.);
#799=VECTOR('',#2739,10.);
#800=VECTOR('',#2740,10.);
#801=VECTOR('',#2745,10.);
#802=VECTOR('',#2746,10.);
#803=VECTOR('',#2747,10.);
#804=VECTOR('',#2748,10.);
#805=VECTOR('',#2751,10.);
#806=VECTOR('',#2752,10.);
#807=VECTOR('',#2753,10.);
#808=VECTOR('',#2756,10.);
#809=VECTOR('',#2757,10.);
#810=VECTOR('',#2758,10.);
#811=VECTOR('',#2761,10.);
#812=VECTOR('',#2762,10.);
#813=VECTOR('',#2767,10.);
#814=VECTOR('',#2768,10.);
#815=VECTOR('',#2769,10.);
#816=VECTOR('',#2770,10.);
#817=VECTOR('',#2773,10.);
#818=VECTOR('',#2774,10.);
#819=VECTOR('',#2775,10.);
#820=VECTOR('',#2778,10.);
#821=VECTOR('',#2779,10.);
#822=VECTOR('',#2780,10.);
#823=VECTOR('',#2783,10.);
#824=VECTOR('',#2784,10.);
#825=VECTOR('',#2789,10.);
#826=VECTOR('',#2790,10.);
#827=VECTOR('',#2791,10.);
#828=VECTOR('',#2792,10.);
#829=VECTOR('',#2795,10.);
#830=VECTOR('',#2796,10.);
#831=VECTOR('',#2797,10.);
#832=VECTOR('',#2800,10.);
#833=VECTOR('',#2801,10.);
#834=VECTOR('',#2802,10.);
#835=VECTOR('',#2805,10.);
#836=VECTOR('',#2806,10.);
#837=VECTOR('',#2811,10.);
#838=VECTOR('',#2812,10.);
#839=VECTOR('',#2813,10.);
#840=VECTOR('',#2814,10.);
#841=VECTOR('',#2817,10.);
#842=VECTOR('',#2818,10.);
#843=VECTOR('',#2819,10.);
#844=VECTOR('',#2822,10.);
#845=VECTOR('',#2823,10.);
#846=VECTOR('',#2824,10.);
#847=VECTOR('',#2827,10.);
#848=VECTOR('',#2828,10.);
#849=VECTOR('',#2833,10.);
#850=VECTOR('',#2834,10.);
#851=VECTOR('',#2835,10.);
#852=VECTOR('',#2836,10.);
#853=VECTOR('',#2839,10.);
#854=VECTOR('',#2840,10.);
#855=VECTOR('',#2841,10.);
#856=VECTOR('',#2844,10.);
#857=VECTOR('',#2845,10.);
#858=VECTOR('',#2846,10.);
#859=VECTOR('',#2849,10.);
#860=VECTOR('',#2850,10.);
#861=VECTOR('',#2857,26.9);
#862=VECTOR('',#2864,33.);
#863=VERTEX_POINT('',#2922);
#864=VERTEX_POINT('',#2923);
#865=VERTEX_POINT('',#2925);
#866=VERTEX_POINT('',#2927);
#867=VERTEX_POINT('',#2929);
#868=VERTEX_POINT('',#2931);
#869=VERTEX_POINT('',#2933);
#870=VERTEX_POINT('',#2935);
#871=VERTEX_POINT('',#2937);
#872=VERTEX_POINT('',#2939);
#873=VERTEX_POINT('',#2941);
#874=VERTEX_POINT('',#2943);
#875=VERTEX_POINT('',#2945);
#876=VERTEX_POINT('',#2947);
#877=VERTEX_POINT('',#2949);
#878=VERTEX_POINT('',#2951);
#879=VERTEX_POINT('',#2953);
#880=VERTEX_POINT('',#2955);
#881=VERTEX_POINT('',#2957);
#882=VERTEX_POINT('',#2959);
#883=VERTEX_POINT('',#2961);
#884=VERTEX_POINT('',#2963);
#885=VERTEX_POINT('',#2965);
#886=VERTEX_POINT('',#2967);
#887=VERTEX_POINT('',#2969);
#888=VERTEX_POINT('',#2971);
#889=VERTEX_POINT('',#2973);
#890=VERTEX_POINT('',#2975);
#891=VERTEX_POINT('',#2978);
#892=VERTEX_POINT('',#2981);
#893=VERTEX_POINT('',#2982);
#894=VERTEX_POINT('',#2985);
#895=VERTEX_POINT('',#2987);
#896=VERTEX_POINT('',#2990);
#897=VERTEX_POINT('',#2992);
#898=VERTEX_POINT('',#2994);
#899=VERTEX_POINT('',#2996);
#900=VERTEX_POINT('',#2999);
#901=VERTEX_POINT('',#3001);
#902=VERTEX_POINT('',#3006);
#903=VERTEX_POINT('',#3007);
#904=VERTEX_POINT('',#3010);
#905=VERTEX_POINT('',#3012);
#906=VERTEX_POINT('',#3015);
#907=VERTEX_POINT('',#3017);
#908=VERTEX_POINT('',#3020);
#909=VERTEX_POINT('',#3022);
#910=VERTEX_POINT('',#3027);
#911=VERTEX_POINT('',#3028);
#912=VERTEX_POINT('',#3030);
#913=VERTEX_POINT('',#3032);
#914=VERTEX_POINT('',#3036);
#915=VERTEX_POINT('',#3037);
#916=VERTEX_POINT('',#3039);
#917=VERTEX_POINT('',#3041);
#918=VERTEX_POINT('',#3043);
#919=VERTEX_POINT('',#3045);
#920=VERTEX_POINT('',#3047);
#921=VERTEX_POINT('',#3049);
#922=VERTEX_POINT('',#3053);
#923=VERTEX_POINT('',#3055);
#924=VERTEX_POINT('',#3058);
#925=VERTEX_POINT('',#3060);
#926=VERTEX_POINT('',#3062);
#927=VERTEX_POINT('',#3064);
#928=VERTEX_POINT('',#3066);
#929=VERTEX_POINT('',#3068);
#930=VERTEX_POINT('',#3070);
#931=VERTEX_POINT('',#3072);
#932=VERTEX_POINT('',#3074);
#933=VERTEX_POINT('',#3076);
#934=VERTEX_POINT('',#3078);
#935=VERTEX_POINT('',#3080);
#936=VERTEX_POINT('',#3082);
#937=VERTEX_POINT('',#3084);
#938=VERTEX_POINT('',#3086);
#939=VERTEX_POINT('',#3088);
#940=VERTEX_POINT('',#3090);
#941=VERTEX_POINT('',#3101);
#942=VERTEX_POINT('',#3103);
#943=VERTEX_POINT('',#3108);
#944=VERTEX_POINT('',#3118);
#945=VERTEX_POINT('',#3120);
#946=VERTEX_POINT('',#3124);
#947=VERTEX_POINT('',#3128);
#948=VERTEX_POINT('',#3135);
#949=VERTEX_POINT('',#3137);
#950=VERTEX_POINT('',#3139);
#951=VERTEX_POINT('',#3141);
#952=VERTEX_POINT('',#3145);
#953=VERTEX_POINT('',#3146);
#954=VERTEX_POINT('',#3149);
#955=VERTEX_POINT('',#3151);
#956=VERTEX_POINT('',#3164);
#957=VERTEX_POINT('',#3165);
#958=VERTEX_POINT('',#3168);
#959=VERTEX_POINT('',#3170);
#960=VERTEX_POINT('',#3174);
#961=VERTEX_POINT('',#3176);
#962=VERTEX_POINT('',#3178);
#963=VERTEX_POINT('',#3180);
#964=VERTEX_POINT('',#3193);
#965=VERTEX_POINT('',#3194);
#966=VERTEX_POINT('',#3197);
#967=VERTEX_POINT('',#3199);
#968=VERTEX_POINT('',#3203);
#969=VERTEX_POINT('',#3205);
#970=VERTEX_POINT('',#3207);
#971=VERTEX_POINT('',#3209);
#972=VERTEX_POINT('',#3222);
#973=VERTEX_POINT('',#3224);
#974=VERTEX_POINT('',#3226);
#975=VERTEX_POINT('',#3228);
#976=VERTEX_POINT('',#3232);
#977=VERTEX_POINT('',#3233);
#978=VERTEX_POINT('',#3236);
#979=VERTEX_POINT('',#3238);
#980=VERTEX_POINT('',#3251);
#981=VERTEX_POINT('',#3255);
#982=VERTEX_POINT('',#3262);
#983=VERTEX_POINT('',#3266);
#984=VERTEX_POINT('',#3273);
#985=VERTEX_POINT('',#3278);
#986=VERTEX_POINT('',#3279);
#987=VERTEX_POINT('',#3281);
#988=VERTEX_POINT('',#3283);
#989=VERTEX_POINT('',#3287);
#990=VERTEX_POINT('',#3289);
#991=VERTEX_POINT('',#3293);
#992=VERTEX_POINT('',#3295);
#993=VERTEX_POINT('',#3303);
#994=VERTEX_POINT('',#3304);
#995=VERTEX_POINT('',#3306);
#996=VERTEX_POINT('',#3308);
#997=VERTEX_POINT('',#3312);
#998=VERTEX_POINT('',#3314);
#999=VERTEX_POINT('',#3318);
#1000=VERTEX_POINT('',#3320);
#1001=VERTEX_POINT('',#3328);
#1002=VERTEX_POINT('',#3329);
#1003=VERTEX_POINT('',#3331);
#1004=VERTEX_POINT('',#3333);
#1005=VERTEX_POINT('',#3337);
#1006=VERTEX_POINT('',#3339);
#1007=VERTEX_POINT('',#3343);
#1008=VERTEX_POINT('',#3345);
#1009=VERTEX_POINT('',#3353);
#1010=VERTEX_POINT('',#3354);
#1011=VERTEX_POINT('',#3356);
#1012=VERTEX_POINT('',#3358);
#1013=VERTEX_POINT('',#3362);
#1014=VERTEX_POINT('',#3364);
#1015=VERTEX_POINT('',#3368);
#1016=VERTEX_POINT('',#3370);
#1017=VERTEX_POINT('',#3378);
#1018=VERTEX_POINT('',#3379);
#1019=VERTEX_POINT('',#3381);
#1020=VERTEX_POINT('',#3383);
#1021=VERTEX_POINT('',#3387);
#1022=VERTEX_POINT('',#3389);
#1023=VERTEX_POINT('',#3393);
#1024=VERTEX_POINT('',#3395);
#1025=VERTEX_POINT('',#3403);
#1026=VERTEX_POINT('',#3404);
#1027=VERTEX_POINT('',#3406);
#1028=VERTEX_POINT('',#3408);
#1029=VERTEX_POINT('',#3412);
#1030=VERTEX_POINT('',#3414);
#1031=VERTEX_POINT('',#3418);
#1032=VERTEX_POINT('',#3420);
#1033=VERTEX_POINT('',#3428);
#1034=VERTEX_POINT('',#3429);
#1035=VERTEX_POINT('',#3431);
#1036=VERTEX_POINT('',#3433);
#1037=VERTEX_POINT('',#3437);
#1038=VERTEX_POINT('',#3439);
#1039=VERTEX_POINT('',#3443);
#1040=VERTEX_POINT('',#3445);
#1041=VERTEX_POINT('',#3453);
#1042=VERTEX_POINT('',#3454);
#1043=VERTEX_POINT('',#3456);
#1044=VERTEX_POINT('',#3458);
#1045=VERTEX_POINT('',#3462);
#1046=VERTEX_POINT('',#3464);
#1047=VERTEX_POINT('',#3468);
#1048=VERTEX_POINT('',#3470);
#1049=VERTEX_POINT('',#3478);
#1050=VERTEX_POINT('',#3480);
#1051=VERTEX_POINT('',#3484);
#1052=VERTEX_POINT('',#3486);
#1053=EDGE_CURVE('',#863,#864,#407,.T.);
#1054=EDGE_CURVE('',#864,#865,#408,.T.);
#1055=EDGE_CURVE('',#866,#865,#409,.T.);
#1056=EDGE_CURVE('',#867,#866,#410,.T.);
#1057=EDGE_CURVE('',#868,#867,#411,.T.);
#1058=EDGE_CURVE('',#868,#869,#412,.T.);
#1059=EDGE_CURVE('',#870,#869,#413,.T.);
#1060=EDGE_CURVE('',#871,#870,#414,.T.);
#1061=EDGE_CURVE('',#872,#871,#415,.T.);
#1062=EDGE_CURVE('',#873,#872,#416,.T.);
#1063=EDGE_CURVE('',#873,#874,#417,.T.);
#1064=EDGE_CURVE('',#874,#875,#418,.T.);
#1065=EDGE_CURVE('',#876,#875,#419,.T.);
#1066=EDGE_CURVE('',#877,#876,#420,.T.);
#1067=EDGE_CURVE('',#878,#877,#421,.T.);
#1068=EDGE_CURVE('',#879,#878,#422,.T.);
#1069=EDGE_CURVE('',#880,#879,#423,.T.);
#1070=EDGE_CURVE('',#881,#880,#424,.T.);
#1071=EDGE_CURVE('',#882,#881,#425,.T.);
#1072=EDGE_CURVE('',#882,#883,#426,.T.);
#1073=EDGE_CURVE('',#884,#883,#427,.T.);
#1074=EDGE_CURVE('',#885,#884,#428,.T.);
#1075=EDGE_CURVE('',#886,#885,#429,.T.);
#1076=EDGE_CURVE('',#887,#886,#430,.T.);
#1077=EDGE_CURVE('',#887,#888,#431,.T.);
#1078=EDGE_CURVE('',#888,#889,#432,.T.);
#1079=EDGE_CURVE('',#890,#889,#433,.T.);
#1080=EDGE_CURVE('',#890,#863,#434,.T.);
#1081=EDGE_CURVE('',#891,#891,#141,.T.);
#1082=EDGE_CURVE('',#892,#893,#435,.T.);
#1083=EDGE_CURVE('',#892,#876,#436,.T.);
#1084=EDGE_CURVE('',#875,#894,#437,.T.);
#1085=EDGE_CURVE('',#894,#895,#438,.T.);
#1086=EDGE_CURVE('',#895,#872,#439,.T.);
#1087=EDGE_CURVE('',#896,#871,#440,.T.);
#1088=EDGE_CURVE('',#897,#896,#441,.T.);
#1089=EDGE_CURVE('',#898,#897,#442,.T.);
#1090=EDGE_CURVE('',#899,#898,#443,.T.);
#1091=EDGE_CURVE('',#899,#884,#444,.T.);
#1092=EDGE_CURVE('',#900,#883,#445,.T.);
#1093=EDGE_CURVE('',#901,#900,#446,.T.);
#1094=EDGE_CURVE('',#880,#901,#447,.T.);
#1095=EDGE_CURVE('',#893,#879,#448,.T.);
#1096=EDGE_CURVE('',#902,#903,#449,.T.);
#1097=EDGE_CURVE('',#903,#890,#450,.T.);
#1098=EDGE_CURVE('',#889,#904,#451,.T.);
#1099=EDGE_CURVE('',#904,#905,#452,.T.);
#1100=EDGE_CURVE('',#905,#886,#453,.T.);
#1101=EDGE_CURVE('',#906,#885,#454,.T.);
#1102=EDGE_CURVE('',#907,#906,#455,.T.);
#1103=EDGE_CURVE('',#907,#870,#456,.T.);
#1104=EDGE_CURVE('',#908,#869,#457,.T.);
#1105=EDGE_CURVE('',#909,#908,#458,.T.);
#1106=EDGE_CURVE('',#866,#909,#459,.T.);
#1107=EDGE_CURVE('',#902,#865,#460,.T.);
#1108=EDGE_CURVE('',#910,#911,#461,.T.);
#1109=EDGE_CURVE('',#912,#910,#142,.T.);
#1110=EDGE_CURVE('',#913,#912,#462,.T.);
#1111=EDGE_CURVE('',#911,#913,#143,.T.);
#1112=EDGE_CURVE('',#914,#915,#463,.T.);
#1113=EDGE_CURVE('',#915,#916,#144,.T.);
#1114=EDGE_CURVE('',#916,#917,#464,.T.);
#1115=EDGE_CURVE('',#917,#918,#145,.T.);
#1116=EDGE_CURVE('',#918,#919,#465,.T.);
#1117=EDGE_CURVE('',#919,#920,#146,.T.);
#1118=EDGE_CURVE('',#920,#921,#466,.T.);
#1119=EDGE_CURVE('',#921,#914,#147,.T.);
#1120=EDGE_CURVE('',#914,#922,#148,.T.);
#1121=EDGE_CURVE('',#922,#923,#467,.T.);
#1122=EDGE_CURVE('',#911,#923,#468,.T.);
#1123=EDGE_CURVE('',#910,#924,#469,.T.);
#1124=EDGE_CURVE('',#924,#925,#470,.T.);
#1125=EDGE_CURVE('',#925,#926,#149,.T.);
#1126=EDGE_CURVE('',#926,#927,#471,.T.);
#1127=EDGE_CURVE('',#927,#928,#150,.T.);
#1128=EDGE_CURVE('',#928,#929,#472,.T.);
#1129=EDGE_CURVE('',#929,#930,#151,.T.);
#1130=EDGE_CURVE('',#930,#931,#473,.T.);
#1131=EDGE_CURVE('',#931,#932,#152,.T.);
#1132=EDGE_CURVE('',#932,#933,#153,.T.);
#1133=EDGE_CURVE('',#934,#933,#474,.T.);
#1134=EDGE_CURVE('',#935,#934,#154,.T.);
#1135=EDGE_CURVE('',#936,#935,#475,.T.);
#1136=EDGE_CURVE('',#937,#936,#155,.T.);
#1137=EDGE_CURVE('',#938,#937,#476,.T.);
#1138=EDGE_CURVE('',#939,#938,#156,.T.);
#1139=EDGE_CURVE('',#940,#939,#477,.T.);
#1140=EDGE_CURVE('',#940,#921,#157,.T.);
#1141=EDGE_CURVE('',#923,#924,#478,.T.);
#1142=EDGE_CURVE('',#922,#927,#158,.T.);
#1143=EDGE_CURVE('',#933,#940,#159,.T.);
#1144=EDGE_CURVE('',#896,#907,#479,.T.);
#1145=EDGE_CURVE('',#941,#899,#480,.T.);
#1146=EDGE_CURVE('',#941,#942,#481,.T.);
#1147=EDGE_CURVE('',#906,#942,#482,.T.);
#1148=EDGE_CURVE('',#897,#942,#483,.T.);
#1149=EDGE_CURVE('',#943,#943,#160,.T.);
#1150=EDGE_CURVE('',#941,#898,#484,.T.);
#1151=EDGE_CURVE('',#928,#931,#161,.T.);
#1152=EDGE_CURVE('',#932,#943,#485,.T.);
#1153=EDGE_CURVE('',#944,#911,#486,.T.);
#1154=EDGE_CURVE('',#945,#944,#487,.T.);
#1155=EDGE_CURVE('',#945,#910,#488,.T.);
#1156=EDGE_CURVE('',#946,#923,#489,.T.);
#1157=EDGE_CURVE('',#944,#946,#490,.T.);
#1158=EDGE_CURVE('',#947,#924,#491,.T.);
#1159=EDGE_CURVE('',#946,#947,#492,.T.);
#1160=EDGE_CURVE('',#947,#945,#493,.T.);
#1161=EDGE_CURVE('',#868,#948,#162,.T.);
#1162=EDGE_CURVE('',#949,#948,#494,.T.);
#1163=EDGE_CURVE('',#949,#950,#163,.T.);
#1164=EDGE_CURVE('',#951,#950,#495,.T.);
#1165=EDGE_CURVE('',#951,#908,#164,.T.);
#1166=EDGE_CURVE('',#952,#953,#496,.T.);
#1167=EDGE_CURVE('',#952,#867,#165,.T.);
#1168=EDGE_CURVE('',#909,#954,#166,.T.);
#1169=EDGE_CURVE('',#955,#954,#497,.T.);
#1170=EDGE_CURVE('',#955,#953,#167,.T.);
#1171=EDGE_CURVE('',#950,#955,#498,.T.);
#1172=EDGE_CURVE('',#954,#951,#499,.T.);
#1173=EDGE_CURVE('',#948,#952,#500,.T.);
#1174=EDGE_CURVE('',#953,#949,#501,.T.);
#1175=EDGE_CURVE('',#956,#957,#502,.T.);
#1176=EDGE_CURVE('',#887,#957,#168,.T.);
#1177=EDGE_CURVE('',#958,#905,#169,.T.);
#1178=EDGE_CURVE('',#958,#959,#503,.T.);
#1179=EDGE_CURVE('',#956,#959,#170,.T.);
#1180=EDGE_CURVE('',#960,#888,#171,.T.);
#1181=EDGE_CURVE('',#960,#961,#504,.T.);
#1182=EDGE_CURVE('',#962,#961,#172,.T.);
#1183=EDGE_CURVE('',#962,#963,#505,.T.);
#1184=EDGE_CURVE('',#904,#963,#173,.T.);
#1185=EDGE_CURVE('',#959,#962,#506,.T.);
#1186=EDGE_CURVE('',#963,#958,#507,.T.);
#1187=EDGE_CURVE('',#957,#960,#508,.T.);
#1188=EDGE_CURVE('',#961,#956,#509,.T.);
#1189=EDGE_CURVE('',#964,#965,#510,.T.);
#1190=EDGE_CURVE('',#873,#965,#174,.T.);
#1191=EDGE_CURVE('',#966,#895,#175,.T.);
#1192=EDGE_CURVE('',#966,#967,#511,.T.);
#1193=EDGE_CURVE('',#964,#967,#176,.T.);
#1194=EDGE_CURVE('',#968,#874,#177,.T.);
#1195=EDGE_CURVE('',#968,#969,#512,.T.);
#1196=EDGE_CURVE('',#970,#969,#178,.T.);
#1197=EDGE_CURVE('',#970,#971,#513,.T.);
#1198=EDGE_CURVE('',#894,#971,#179,.T.);
#1199=EDGE_CURVE('',#967,#970,#514,.T.);
#1200=EDGE_CURVE('',#971,#966,#515,.T.);
#1201=EDGE_CURVE('',#965,#968,#516,.T.);
#1202=EDGE_CURVE('',#969,#964,#517,.T.);
#1203=EDGE_CURVE('',#882,#972,#180,.T.);
#1204=EDGE_CURVE('',#973,#972,#518,.T.);
#1205=EDGE_CURVE('',#973,#974,#181,.T.);
#1206=EDGE_CURVE('',#975,#974,#519,.T.);
#1207=EDGE_CURVE('',#975,#900,#182,.T.);
#1208=EDGE_CURVE('',#976,#977,#520,.T.);
#1209=EDGE_CURVE('',#976,#881,#183,.T.);
#1210=EDGE_CURVE('',#901,#978,#184,.T.);
#1211=EDGE_CURVE('',#979,#978,#521,.T.);
#1212=EDGE_CURVE('',#979,#977,#185,.T.);
#1213=EDGE_CURVE('',#974,#979,#522,.T.);
#1214=EDGE_CURVE('',#978,#975,#523,.T.);
#1215=EDGE_CURVE('',#972,#976,#524,.T.);
#1216=EDGE_CURVE('',#977,#973,#525,.T.);
#1217=EDGE_CURVE('',#892,#980,#526,.T.);
#1218=EDGE_CURVE('',#877,#980,#527,.T.);
#1219=EDGE_CURVE('',#878,#981,#528,.T.);
#1220=EDGE_CURVE('',#981,#893,#529,.T.);
#1221=EDGE_CURVE('',#980,#981,#530,.T.);
#1222=EDGE_CURVE('',#864,#982,#531,.T.);
#1223=EDGE_CURVE('',#902,#982,#532,.T.);
#1224=EDGE_CURVE('',#983,#903,#533,.T.);
#1225=EDGE_CURVE('',#863,#983,#534,.T.);
#1226=EDGE_CURVE('',#982,#983,#535,.T.);
#1227=EDGE_CURVE('',#984,#984,#186,.T.);
#1228=EDGE_CURVE('',#984,#891,#536,.T.);
#1229=EDGE_CURVE('',#985,#986,#537,.T.);
#1230=EDGE_CURVE('',#985,#987,#538,.T.);
#1231=EDGE_CURVE('',#988,#987,#539,.T.);
#1232=EDGE_CURVE('',#986,#988,#540,.T.);
#1233=EDGE_CURVE('',#986,#989,#541,.T.);
#1234=EDGE_CURVE('',#990,#988,#542,.T.);
#1235=EDGE_CURVE('',#989,#990,#543,.T.);
#1236=EDGE_CURVE('',#989,#991,#544,.T.);
#1237=EDGE_CURVE('',#992,#990,#545,.T.);
#1238=EDGE_CURVE('',#991,#992,#546,.T.);
#1239=EDGE_CURVE('',#991,#985,#547,.T.);
#1240=EDGE_CURVE('',#987,#992,#548,.T.);
#1241=EDGE_CURVE('',#993,#994,#549,.T.);
#1242=EDGE_CURVE('',#993,#995,#550,.T.);
#1243=EDGE_CURVE('',#996,#995,#551,.T.);
#1244=EDGE_CURVE('',#994,#996,#552,.T.);
#1245=EDGE_CURVE('',#994,#997,#553,.T.);
#1246=EDGE_CURVE('',#998,#996,#554,.T.);
#1247=EDGE_CURVE('',#997,#998,#555,.T.);
#1248=EDGE_CURVE('',#997,#999,#556,.T.);
#1249=EDGE_CURVE('',#1000,#998,#557,.T.);
#1250=EDGE_CURVE('',#999,#1000,#558,.T.);
#1251=EDGE_CURVE('',#999,#993,#559,.T.);
#1252=EDGE_CURVE('',#995,#1000,#560,.T.);
#1253=EDGE_CURVE('',#1001,#1002,#561,.T.);
#1254=EDGE_CURVE('',#1001,#1003,#562,.T.);
#1255=EDGE_CURVE('',#1004,#1003,#563,.T.);
#1256=EDGE_CURVE('',#1002,#1004,#564,.T.);
#1257=EDGE_CURVE('',#1002,#1005,#565,.T.);
#1258=EDGE_CURVE('',#1006,#1004,#566,.T.);
#1259=EDGE_CURVE('',#1005,#1006,#567,.T.);
#1260=EDGE_CURVE('',#1005,#1007,#568,.T.);
#1261=EDGE_CURVE('',#1008,#1006,#569,.T.);
#1262=EDGE_CURVE('',#1007,#1008,#570,.T.);
#1263=EDGE_CURVE('',#1007,#1001,#571,.T.);
#1264=EDGE_CURVE('',#1003,#1008,#572,.T.);
#1265=EDGE_CURVE('',#1009,#1010,#573,.T.);
#1266=EDGE_CURVE('',#1009,#1011,#574,.T.);
#1267=EDGE_CURVE('',#1012,#1011,#575,.T.);
#1268=EDGE_CURVE('',#1010,#1012,#576,.T.);
#1269=EDGE_CURVE('',#1010,#1013,#577,.T.);
#1270=EDGE_CURVE('',#1014,#1012,#578,.T.);
#1271=EDGE_CURVE('',#1013,#1014,#579,.T.);
#1272=EDGE_CURVE('',#1013,#1015,#580,.T.);
#1273=EDGE_CURVE('',#1016,#1014,#581,.T.);
#1274=EDGE_CURVE('',#1015,#1016,#582,.T.);
#1275=EDGE_CURVE('',#1015,#1009,#583,.T.);
#1276=EDGE_CURVE('',#1011,#1016,#584,.T.);
#1277=EDGE_CURVE('',#1017,#1018,#585,.T.);
#1278=EDGE_CURVE('',#1017,#1019,#586,.T.);
#1279=EDGE_CURVE('',#1020,#1019,#587,.T.);
#1280=EDGE_CURVE('',#1018,#1020,#588,.T.);
#1281=EDGE_CURVE('',#1018,#1021,#589,.T.);
#1282=EDGE_CURVE('',#1022,#1020,#590,.T.);
#1283=EDGE_CURVE('',#1021,#1022,#591,.T.);
#1284=EDGE_CURVE('',#1021,#1023,#592,.T.);
#1285=EDGE_CURVE('',#1024,#1022,#593,.T.);
#1286=EDGE_CURVE('',#1023,#1024,#594,.T.);
#1287=EDGE_CURVE('',#1023,#1017,#595,.T.);
#1288=EDGE_CURVE('',#1019,#1024,#596,.T.);
#1289=EDGE_CURVE('',#1025,#1026,#597,.T.);
#1290=EDGE_CURVE('',#1025,#1027,#598,.T.);
#1291=EDGE_CURVE('',#1028,#1027,#599,.T.);
#1292=EDGE_CURVE('',#1026,#1028,#600,.T.);
#1293=EDGE_CURVE('',#1026,#1029,#601,.T.);
#1294=EDGE_CURVE('',#1030,#1028,#602,.T.);
#1295=EDGE_CURVE('',#1029,#1030,#603,.T.);
#1296=EDGE_CURVE('',#1029,#1031,#604,.T.);
#1297=EDGE_CURVE('',#1032,#1030,#605,.T.);
#1298=EDGE_CURVE('',#1031,#1032,#606,.T.);
#1299=EDGE_CURVE('',#1031,#1025,#607,.T.);
#1300=EDGE_CURVE('',#1027,#1032,#608,.T.);
#1301=EDGE_CURVE('',#1033,#1034,#609,.T.);
#1302=EDGE_CURVE('',#1033,#1035,#610,.T.);
#1303=EDGE_CURVE('',#1036,#1035,#611,.T.);
#1304=EDGE_CURVE('',#1034,#1036,#612,.T.);
#1305=EDGE_CURVE('',#1034,#1037,#613,.T.);
#1306=EDGE_CURVE('',#1038,#1036,#614,.T.);
#1307=EDGE_CURVE('',#1037,#1038,#615,.T.);
#1308=EDGE_CURVE('',#1037,#1039,#616,.T.);
#1309=EDGE_CURVE('',#1040,#1038,#617,.T.);
#1310=EDGE_CURVE('',#1039,#1040,#618,.T.);
#1311=EDGE_CURVE('',#1039,#1033,#619,.T.);
#1312=EDGE_CURVE('',#1035,#1040,#620,.T.);
#1313=EDGE_CURVE('',#1041,#1042,#621,.T.);
#1314=EDGE_CURVE('',#1041,#1043,#622,.T.);
#1315=EDGE_CURVE('',#1044,#1043,#623,.T.);
#1316=EDGE_CURVE('',#1042,#1044,#624,.T.);
#1317=EDGE_CURVE('',#1042,#1045,#625,.T.);
#1318=EDGE_CURVE('',#1046,#1044,#626,.T.);
#1319=EDGE_CURVE('',#1045,#1046,#627,.T.);
#1320=EDGE_CURVE('',#1045,#1047,#628,.T.);
#1321=EDGE_CURVE('',#1048,#1046,#629,.T.);
#1322=EDGE_CURVE('',#1047,#1048,#630,.T.);
#1323=EDGE_CURVE('',#1047,#1041,#631,.T.);
#1324=EDGE_CURVE('',#1043,#1048,#632,.T.);
#1325=EDGE_CURVE('',#1049,#1049,#187,.T.);
#1326=EDGE_CURVE('',#1049,#1050,#633,.T.);
#1327=EDGE_CURVE('',#1050,#1050,#188,.T.);
#1328=EDGE_CURVE('',#1051,#1051,#189,.T.);
#1329=EDGE_CURVE('',#1051,#1052,#634,.T.);
#1330=EDGE_CURVE('',#1052,#1052,#190,.T.);
#1331=ORIENTED_EDGE('',*,*,#1053,.T.);
#1332=ORIENTED_EDGE('',*,*,#1054,.T.);
#1333=ORIENTED_EDGE('',*,*,#1055,.F.);
#1334=ORIENTED_EDGE('',*,*,#1056,.F.);
#1335=ORIENTED_EDGE('',*,*,#1057,.F.);
#1336=ORIENTED_EDGE('',*,*,#1058,.T.);
#1337=ORIENTED_EDGE('',*,*,#1059,.F.);
#1338=ORIENTED_EDGE('',*,*,#1060,.F.);
#1339=ORIENTED_EDGE('',*,*,#1061,.F.);
#1340=ORIENTED_EDGE('',*,*,#1062,.F.);
#1341=ORIENTED_EDGE('',*,*,#1063,.T.);
#1342=ORIENTED_EDGE('',*,*,#1064,.T.);
#1343=ORIENTED_EDGE('',*,*,#1065,.F.);
#1344=ORIENTED_EDGE('',*,*,#1066,.F.);
#1345=ORIENTED_EDGE('',*,*,#1067,.F.);
#1346=ORIENTED_EDGE('',*,*,#1068,.F.);
#1347=ORIENTED_EDGE('',*,*,#1069,.F.);
#1348=ORIENTED_EDGE('',*,*,#1070,.F.);
#1349=ORIENTED_EDGE('',*,*,#1071,.F.);
#1350=ORIENTED_EDGE('',*,*,#1072,.T.);
#1351=ORIENTED_EDGE('',*,*,#1073,.F.);
#1352=ORIENTED_EDGE('',*,*,#1074,.F.);
#1353=ORIENTED_EDGE('',*,*,#1075,.F.);
#1354=ORIENTED_EDGE('',*,*,#1076,.F.);
#1355=ORIENTED_EDGE('',*,*,#1077,.T.);
#1356=ORIENTED_EDGE('',*,*,#1078,.T.);
#1357=ORIENTED_EDGE('',*,*,#1079,.F.);
#1358=ORIENTED_EDGE('',*,*,#1080,.T.);
#1359=ORIENTED_EDGE('',*,*,#1081,.F.);
#1360=ORIENTED_EDGE('',*,*,#1082,.F.);
#1361=ORIENTED_EDGE('',*,*,#1083,.T.);
#1362=ORIENTED_EDGE('',*,*,#1065,.T.);
#1363=ORIENTED_EDGE('',*,*,#1084,.T.);
#1364=ORIENTED_EDGE('',*,*,#1085,.T.);
#1365=ORIENTED_EDGE('',*,*,#1086,.T.);
#1366=ORIENTED_EDGE('',*,*,#1061,.T.);
#1367=ORIENTED_EDGE('',*,*,#1087,.F.);
#1368=ORIENTED_EDGE('',*,*,#1088,.F.);
#1369=ORIENTED_EDGE('',*,*,#1089,.F.);
#1370=ORIENTED_EDGE('',*,*,#1090,.F.);
#1371=ORIENTED_EDGE('',*,*,#1091,.T.);
#1372=ORIENTED_EDGE('',*,*,#1073,.T.);
#1373=ORIENTED_EDGE('',*,*,#1092,.F.);
#1374=ORIENTED_EDGE('',*,*,#1093,.F.);
#1375=ORIENTED_EDGE('',*,*,#1094,.F.);
#1376=ORIENTED_EDGE('',*,*,#1069,.T.);
#1377=ORIENTED_EDGE('',*,*,#1095,.F.);
#1378=ORIENTED_EDGE('',*,*,#1096,.T.);
#1379=ORIENTED_EDGE('',*,*,#1097,.T.);
#1380=ORIENTED_EDGE('',*,*,#1079,.T.);
#1381=ORIENTED_EDGE('',*,*,#1098,.T.);
#1382=ORIENTED_EDGE('',*,*,#1099,.T.);
#1383=ORIENTED_EDGE('',*,*,#1100,.T.);
#1384=ORIENTED_EDGE('',*,*,#1075,.T.);
#1385=ORIENTED_EDGE('',*,*,#1101,.F.);
#1386=ORIENTED_EDGE('',*,*,#1102,.F.);
#1387=ORIENTED_EDGE('',*,*,#1103,.T.);
#1388=ORIENTED_EDGE('',*,*,#1059,.T.);
#1389=ORIENTED_EDGE('',*,*,#1104,.F.);
#1390=ORIENTED_EDGE('',*,*,#1105,.F.);
#1391=ORIENTED_EDGE('',*,*,#1106,.F.);
#1392=ORIENTED_EDGE('',*,*,#1055,.T.);
#1393=ORIENTED_EDGE('',*,*,#1107,.F.);
#1394=ORIENTED_EDGE('',*,*,#1108,.F.);
#1395=ORIENTED_EDGE('',*,*,#1109,.F.);
#1396=ORIENTED_EDGE('',*,*,#1110,.F.);
#1397=ORIENTED_EDGE('',*,*,#1111,.F.);
#1398=ORIENTED_EDGE('',*,*,#1112,.T.);
#1399=ORIENTED_EDGE('',*,*,#1113,.T.);
#1400=ORIENTED_EDGE('',*,*,#1114,.T.);
#1401=ORIENTED_EDGE('',*,*,#1115,.T.);
#1402=ORIENTED_EDGE('',*,*,#1116,.T.);
#1403=ORIENTED_EDGE('',*,*,#1117,.T.);
#1404=ORIENTED_EDGE('',*,*,#1118,.T.);
#1405=ORIENTED_EDGE('',*,*,#1119,.T.);
#1406=ORIENTED_EDGE('',*,*,#1113,.F.);
#1407=ORIENTED_EDGE('',*,*,#1112,.F.);
#1408=ORIENTED_EDGE('',*,*,#1120,.T.);
#1409=ORIENTED_EDGE('',*,*,#1121,.T.);
#1410=ORIENTED_EDGE('',*,*,#1122,.F.);
#1411=ORIENTED_EDGE('',*,*,#1111,.T.);
#1412=ORIENTED_EDGE('',*,*,#1110,.T.);
#1413=ORIENTED_EDGE('',*,*,#1109,.T.);
#1414=ORIENTED_EDGE('',*,*,#1123,.T.);
#1415=ORIENTED_EDGE('',*,*,#1124,.T.);
#1416=ORIENTED_EDGE('',*,*,#1125,.T.);
#1417=ORIENTED_EDGE('',*,*,#1126,.T.);
#1418=ORIENTED_EDGE('',*,*,#1127,.T.);
#1419=ORIENTED_EDGE('',*,*,#1128,.T.);
#1420=ORIENTED_EDGE('',*,*,#1129,.T.);
#1421=ORIENTED_EDGE('',*,*,#1130,.T.);
#1422=ORIENTED_EDGE('',*,*,#1131,.T.);
#1423=ORIENTED_EDGE('',*,*,#1132,.T.);
#1424=ORIENTED_EDGE('',*,*,#1133,.F.);
#1425=ORIENTED_EDGE('',*,*,#1134,.F.);
#1426=ORIENTED_EDGE('',*,*,#1135,.F.);
#1427=ORIENTED_EDGE('',*,*,#1136,.F.);
#1428=ORIENTED_EDGE('',*,*,#1137,.F.);
#1429=ORIENTED_EDGE('',*,*,#1138,.F.);
#1430=ORIENTED_EDGE('',*,*,#1139,.F.);
#1431=ORIENTED_EDGE('',*,*,#1140,.T.);
#1432=ORIENTED_EDGE('',*,*,#1118,.F.);
#1433=ORIENTED_EDGE('',*,*,#1117,.F.);
#1434=ORIENTED_EDGE('',*,*,#1116,.F.);
#1435=ORIENTED_EDGE('',*,*,#1115,.F.);
#1436=ORIENTED_EDGE('',*,*,#1114,.F.);
#1437=ORIENTED_EDGE('',*,*,#1141,.F.);
#1438=ORIENTED_EDGE('',*,*,#1121,.F.);
#1439=ORIENTED_EDGE('',*,*,#1142,.T.);
#1440=ORIENTED_EDGE('',*,*,#1126,.F.);
#1441=ORIENTED_EDGE('',*,*,#1125,.F.);
#1442=ORIENTED_EDGE('',*,*,#1124,.F.);
#1443=ORIENTED_EDGE('',*,*,#1134,.T.);
#1444=ORIENTED_EDGE('',*,*,#1133,.T.);
#1445=ORIENTED_EDGE('',*,*,#1143,.T.);
#1446=ORIENTED_EDGE('',*,*,#1139,.T.);
#1447=ORIENTED_EDGE('',*,*,#1138,.T.);
#1448=ORIENTED_EDGE('',*,*,#1137,.T.);
#1449=ORIENTED_EDGE('',*,*,#1136,.T.);
#1450=ORIENTED_EDGE('',*,*,#1135,.T.);
#1451=ORIENTED_EDGE('',*,*,#1060,.T.);
#1452=ORIENTED_EDGE('',*,*,#1103,.F.);
#1453=ORIENTED_EDGE('',*,*,#1144,.F.);
#1454=ORIENTED_EDGE('',*,*,#1087,.T.);
#1455=ORIENTED_EDGE('',*,*,#1145,.F.);
#1456=ORIENTED_EDGE('',*,*,#1146,.T.);
#1457=ORIENTED_EDGE('',*,*,#1147,.F.);
#1458=ORIENTED_EDGE('',*,*,#1101,.T.);
#1459=ORIENTED_EDGE('',*,*,#1074,.T.);
#1460=ORIENTED_EDGE('',*,*,#1091,.F.);
#1461=ORIENTED_EDGE('',*,*,#1148,.F.);
#1462=ORIENTED_EDGE('',*,*,#1088,.T.);
#1463=ORIENTED_EDGE('',*,*,#1144,.T.);
#1464=ORIENTED_EDGE('',*,*,#1102,.T.);
#1465=ORIENTED_EDGE('',*,*,#1147,.T.);
#1466=ORIENTED_EDGE('',*,*,#1149,.F.);
#1467=ORIENTED_EDGE('',*,*,#1148,.T.);
#1468=ORIENTED_EDGE('',*,*,#1146,.F.);
#1469=ORIENTED_EDGE('',*,*,#1150,.T.);
#1470=ORIENTED_EDGE('',*,*,#1089,.T.);
#1471=ORIENTED_EDGE('',*,*,#1150,.F.);
#1472=ORIENTED_EDGE('',*,*,#1145,.T.);
#1473=ORIENTED_EDGE('',*,*,#1090,.T.);
#1474=ORIENTED_EDGE('',*,*,#1129,.F.);
#1475=ORIENTED_EDGE('',*,*,#1128,.F.);
#1476=ORIENTED_EDGE('',*,*,#1151,.T.);
#1477=ORIENTED_EDGE('',*,*,#1130,.F.);
#1478=ORIENTED_EDGE('',*,*,#1143,.F.);
#1479=ORIENTED_EDGE('',*,*,#1132,.F.);
#1480=ORIENTED_EDGE('',*,*,#1152,.T.);
#1481=ORIENTED_EDGE('',*,*,#1149,.T.);
#1482=ORIENTED_EDGE('',*,*,#1152,.F.);
#1483=ORIENTED_EDGE('',*,*,#1131,.F.);
#1484=ORIENTED_EDGE('',*,*,#1151,.F.);
#1485=ORIENTED_EDGE('',*,*,#1127,.F.);
#1486=ORIENTED_EDGE('',*,*,#1142,.F.);
#1487=ORIENTED_EDGE('',*,*,#1120,.F.);
#1488=ORIENTED_EDGE('',*,*,#1119,.F.);
#1489=ORIENTED_EDGE('',*,*,#1140,.F.);
#1490=ORIENTED_EDGE('',*,*,#1108,.T.);
#1491=ORIENTED_EDGE('',*,*,#1153,.F.);
#1492=ORIENTED_EDGE('',*,*,#1154,.F.);
#1493=ORIENTED_EDGE('',*,*,#1155,.T.);
#1494=ORIENTED_EDGE('',*,*,#1122,.T.);
#1495=ORIENTED_EDGE('',*,*,#1156,.F.);
#1496=ORIENTED_EDGE('',*,*,#1157,.F.);
#1497=ORIENTED_EDGE('',*,*,#1153,.T.);
#1498=ORIENTED_EDGE('',*,*,#1141,.T.);
#1499=ORIENTED_EDGE('',*,*,#1158,.F.);
#1500=ORIENTED_EDGE('',*,*,#1159,.F.);
#1501=ORIENTED_EDGE('',*,*,#1156,.T.);
#1502=ORIENTED_EDGE('',*,*,#1123,.F.);
#1503=ORIENTED_EDGE('',*,*,#1155,.F.);
#1504=ORIENTED_EDGE('',*,*,#1160,.F.);
#1505=ORIENTED_EDGE('',*,*,#1158,.T.);
#1506=ORIENTED_EDGE('',*,*,#1154,.T.);
#1507=ORIENTED_EDGE('',*,*,#1157,.T.);
#1508=ORIENTED_EDGE('',*,*,#1159,.T.);
#1509=ORIENTED_EDGE('',*,*,#1160,.T.);
#1510=ORIENTED_EDGE('',*,*,#1058,.F.);
#1511=ORIENTED_EDGE('',*,*,#1161,.T.);
#1512=ORIENTED_EDGE('',*,*,#1162,.F.);
#1513=ORIENTED_EDGE('',*,*,#1163,.T.);
#1514=ORIENTED_EDGE('',*,*,#1164,.F.);
#1515=ORIENTED_EDGE('',*,*,#1165,.T.);
#1516=ORIENTED_EDGE('',*,*,#1104,.T.);
#1517=ORIENTED_EDGE('',*,*,#1166,.F.);
#1518=ORIENTED_EDGE('',*,*,#1167,.T.);
#1519=ORIENTED_EDGE('',*,*,#1056,.T.);
#1520=ORIENTED_EDGE('',*,*,#1106,.T.);
#1521=ORIENTED_EDGE('',*,*,#1168,.T.);
#1522=ORIENTED_EDGE('',*,*,#1169,.F.);
#1523=ORIENTED_EDGE('',*,*,#1170,.T.);
#1524=ORIENTED_EDGE('',*,*,#1164,.T.);
#1525=ORIENTED_EDGE('',*,*,#1171,.T.);
#1526=ORIENTED_EDGE('',*,*,#1169,.T.);
#1527=ORIENTED_EDGE('',*,*,#1172,.T.);
#1528=ORIENTED_EDGE('',*,*,#1168,.F.);
#1529=ORIENTED_EDGE('',*,*,#1105,.T.);
#1530=ORIENTED_EDGE('',*,*,#1165,.F.);
#1531=ORIENTED_EDGE('',*,*,#1172,.F.);
#1532=ORIENTED_EDGE('',*,*,#1162,.T.);
#1533=ORIENTED_EDGE('',*,*,#1173,.T.);
#1534=ORIENTED_EDGE('',*,*,#1166,.T.);
#1535=ORIENTED_EDGE('',*,*,#1174,.T.);
#1536=ORIENTED_EDGE('',*,*,#1161,.F.);
#1537=ORIENTED_EDGE('',*,*,#1057,.T.);
#1538=ORIENTED_EDGE('',*,*,#1167,.F.);
#1539=ORIENTED_EDGE('',*,*,#1173,.F.);
#1540=ORIENTED_EDGE('',*,*,#1170,.F.);
#1541=ORIENTED_EDGE('',*,*,#1171,.F.);
#1542=ORIENTED_EDGE('',*,*,#1163,.F.);
#1543=ORIENTED_EDGE('',*,*,#1174,.F.);
#1544=ORIENTED_EDGE('',*,*,#1175,.T.);
#1545=ORIENTED_EDGE('',*,*,#1176,.F.);
#1546=ORIENTED_EDGE('',*,*,#1076,.T.);
#1547=ORIENTED_EDGE('',*,*,#1100,.F.);
#1548=ORIENTED_EDGE('',*,*,#1177,.F.);
#1549=ORIENTED_EDGE('',*,*,#1178,.T.);
#1550=ORIENTED_EDGE('',*,*,#1179,.F.);
#1551=ORIENTED_EDGE('',*,*,#1078,.F.);
#1552=ORIENTED_EDGE('',*,*,#1180,.F.);
#1553=ORIENTED_EDGE('',*,*,#1181,.T.);
#1554=ORIENTED_EDGE('',*,*,#1182,.F.);
#1555=ORIENTED_EDGE('',*,*,#1183,.T.);
#1556=ORIENTED_EDGE('',*,*,#1184,.F.);
#1557=ORIENTED_EDGE('',*,*,#1098,.F.);
#1558=ORIENTED_EDGE('',*,*,#1183,.F.);
#1559=ORIENTED_EDGE('',*,*,#1185,.F.);
#1560=ORIENTED_EDGE('',*,*,#1178,.F.);
#1561=ORIENTED_EDGE('',*,*,#1186,.F.);
#1562=ORIENTED_EDGE('',*,*,#1184,.T.);
#1563=ORIENTED_EDGE('',*,*,#1186,.T.);
#1564=ORIENTED_EDGE('',*,*,#1177,.T.);
#1565=ORIENTED_EDGE('',*,*,#1099,.F.);
#1566=ORIENTED_EDGE('',*,*,#1181,.F.);
#1567=ORIENTED_EDGE('',*,*,#1187,.F.);
#1568=ORIENTED_EDGE('',*,*,#1175,.F.);
#1569=ORIENTED_EDGE('',*,*,#1188,.F.);
#1570=ORIENTED_EDGE('',*,*,#1176,.T.);
#1571=ORIENTED_EDGE('',*,*,#1187,.T.);
#1572=ORIENTED_EDGE('',*,*,#1180,.T.);
#1573=ORIENTED_EDGE('',*,*,#1077,.F.);
#1574=ORIENTED_EDGE('',*,*,#1182,.T.);
#1575=ORIENTED_EDGE('',*,*,#1188,.T.);
#1576=ORIENTED_EDGE('',*,*,#1179,.T.);
#1577=ORIENTED_EDGE('',*,*,#1185,.T.);
#1578=ORIENTED_EDGE('',*,*,#1189,.T.);
#1579=ORIENTED_EDGE('',*,*,#1190,.F.);
#1580=ORIENTED_EDGE('',*,*,#1062,.T.);
#1581=ORIENTED_EDGE('',*,*,#1086,.F.);
#1582=ORIENTED_EDGE('',*,*,#1191,.F.);
#1583=ORIENTED_EDGE('',*,*,#1192,.T.);
#1584=ORIENTED_EDGE('',*,*,#1193,.F.);
#1585=ORIENTED_EDGE('',*,*,#1064,.F.);
#1586=ORIENTED_EDGE('',*,*,#1194,.F.);
#1587=ORIENTED_EDGE('',*,*,#1195,.T.);
#1588=ORIENTED_EDGE('',*,*,#1196,.F.);
#1589=ORIENTED_EDGE('',*,*,#1197,.T.);
#1590=ORIENTED_EDGE('',*,*,#1198,.F.);
#1591=ORIENTED_EDGE('',*,*,#1084,.F.);
#1592=ORIENTED_EDGE('',*,*,#1197,.F.);
#1593=ORIENTED_EDGE('',*,*,#1199,.F.);
#1594=ORIENTED_EDGE('',*,*,#1192,.F.);
#1595=ORIENTED_EDGE('',*,*,#1200,.F.);
#1596=ORIENTED_EDGE('',*,*,#1198,.T.);
#1597=ORIENTED_EDGE('',*,*,#1200,.T.);
#1598=ORIENTED_EDGE('',*,*,#1191,.T.);
#1599=ORIENTED_EDGE('',*,*,#1085,.F.);
#1600=ORIENTED_EDGE('',*,*,#1195,.F.);
#1601=ORIENTED_EDGE('',*,*,#1201,.F.);
#1602=ORIENTED_EDGE('',*,*,#1189,.F.);
#1603=ORIENTED_EDGE('',*,*,#1202,.F.);
#1604=ORIENTED_EDGE('',*,*,#1190,.T.);
#1605=ORIENTED_EDGE('',*,*,#1201,.T.);
#1606=ORIENTED_EDGE('',*,*,#1194,.T.);
#1607=ORIENTED_EDGE('',*,*,#1063,.F.);
#1608=ORIENTED_EDGE('',*,*,#1196,.T.);
#1609=ORIENTED_EDGE('',*,*,#1202,.T.);
#1610=ORIENTED_EDGE('',*,*,#1193,.T.);
#1611=ORIENTED_EDGE('',*,*,#1199,.T.);
#1612=ORIENTED_EDGE('',*,*,#1072,.F.);
#1613=ORIENTED_EDGE('',*,*,#1203,.T.);
#1614=ORIENTED_EDGE('',*,*,#1204,.F.);
#1615=ORIENTED_EDGE('',*,*,#1205,.T.);
#1616=ORIENTED_EDGE('',*,*,#1206,.F.);
#1617=ORIENTED_EDGE('',*,*,#1207,.T.);
#1618=ORIENTED_EDGE('',*,*,#1092,.T.);
#1619=ORIENTED_EDGE('',*,*,#1208,.F.);
#1620=ORIENTED_EDGE('',*,*,#1209,.T.);
#1621=ORIENTED_EDGE('',*,*,#1070,.T.);
#1622=ORIENTED_EDGE('',*,*,#1094,.T.);
#1623=ORIENTED_EDGE('',*,*,#1210,.T.);
#1624=ORIENTED_EDGE('',*,*,#1211,.F.);
#1625=ORIENTED_EDGE('',*,*,#1212,.T.);
#1626=ORIENTED_EDGE('',*,*,#1206,.T.);
#1627=ORIENTED_EDGE('',*,*,#1213,.T.);
#1628=ORIENTED_EDGE('',*,*,#1211,.T.);
#1629=ORIENTED_EDGE('',*,*,#1214,.T.);
#1630=ORIENTED_EDGE('',*,*,#1210,.F.);
#1631=ORIENTED_EDGE('',*,*,#1093,.T.);
#1632=ORIENTED_EDGE('',*,*,#1207,.F.);
#1633=ORIENTED_EDGE('',*,*,#1214,.F.);
#1634=ORIENTED_EDGE('',*,*,#1204,.T.);
#1635=ORIENTED_EDGE('',*,*,#1215,.T.);
#1636=ORIENTED_EDGE('',*,*,#1208,.T.);
#1637=ORIENTED_EDGE('',*,*,#1216,.T.);
#1638=ORIENTED_EDGE('',*,*,#1203,.F.);
#1639=ORIENTED_EDGE('',*,*,#1071,.T.);
#1640=ORIENTED_EDGE('',*,*,#1209,.F.);
#1641=ORIENTED_EDGE('',*,*,#1215,.F.);
#1642=ORIENTED_EDGE('',*,*,#1212,.F.);
#1643=ORIENTED_EDGE('',*,*,#1213,.F.);
#1644=ORIENTED_EDGE('',*,*,#1205,.F.);
#1645=ORIENTED_EDGE('',*,*,#1216,.F.);
#1646=ORIENTED_EDGE('',*,*,#1066,.T.);
#1647=ORIENTED_EDGE('',*,*,#1083,.F.);
#1648=ORIENTED_EDGE('',*,*,#1217,.T.);
#1649=ORIENTED_EDGE('',*,*,#1218,.F.);
#1650=ORIENTED_EDGE('',*,*,#1068,.T.);
#1651=ORIENTED_EDGE('',*,*,#1219,.T.);
#1652=ORIENTED_EDGE('',*,*,#1220,.T.);
#1653=ORIENTED_EDGE('',*,*,#1095,.T.);
#1654=ORIENTED_EDGE('',*,*,#1067,.T.);
#1655=ORIENTED_EDGE('',*,*,#1218,.T.);
#1656=ORIENTED_EDGE('',*,*,#1221,.T.);
#1657=ORIENTED_EDGE('',*,*,#1219,.F.);
#1658=ORIENTED_EDGE('',*,*,#1217,.F.);
#1659=ORIENTED_EDGE('',*,*,#1082,.T.);
#1660=ORIENTED_EDGE('',*,*,#1220,.F.);
#1661=ORIENTED_EDGE('',*,*,#1221,.F.);
#1662=ORIENTED_EDGE('',*,*,#1054,.F.);
#1663=ORIENTED_EDGE('',*,*,#1222,.T.);
#1664=ORIENTED_EDGE('',*,*,#1223,.F.);
#1665=ORIENTED_EDGE('',*,*,#1107,.T.);
#1666=ORIENTED_EDGE('',*,*,#1080,.F.);
#1667=ORIENTED_EDGE('',*,*,#1097,.F.);
#1668=ORIENTED_EDGE('',*,*,#1224,.F.);
#1669=ORIENTED_EDGE('',*,*,#1225,.F.);
#1670=ORIENTED_EDGE('',*,*,#1053,.F.);
#1671=ORIENTED_EDGE('',*,*,#1225,.T.);
#1672=ORIENTED_EDGE('',*,*,#1226,.F.);
#1673=ORIENTED_EDGE('',*,*,#1222,.F.);
#1674=ORIENTED_EDGE('',*,*,#1223,.T.);
#1675=ORIENTED_EDGE('',*,*,#1226,.T.);
#1676=ORIENTED_EDGE('',*,*,#1224,.T.);
#1677=ORIENTED_EDGE('',*,*,#1096,.F.);
#1678=ORIENTED_EDGE('',*,*,#1227,.T.);
#1679=ORIENTED_EDGE('',*,*,#1228,.T.);
#1680=ORIENTED_EDGE('',*,*,#1081,.T.);
#1681=ORIENTED_EDGE('',*,*,#1228,.F.);
#1682=ORIENTED_EDGE('',*,*,#1227,.F.);
#1683=ORIENTED_EDGE('',*,*,#1229,.F.);
#1684=ORIENTED_EDGE('',*,*,#1230,.T.);
#1685=ORIENTED_EDGE('',*,*,#1231,.F.);
#1686=ORIENTED_EDGE('',*,*,#1232,.F.);
#1687=ORIENTED_EDGE('',*,*,#1233,.F.);
#1688=ORIENTED_EDGE('',*,*,#1232,.T.);
#1689=ORIENTED_EDGE('',*,*,#1234,.F.);
#1690=ORIENTED_EDGE('',*,*,#1235,.F.);
#1691=ORIENTED_EDGE('',*,*,#1236,.F.);
#1692=ORIENTED_EDGE('',*,*,#1235,.T.);
#1693=ORIENTED_EDGE('',*,*,#1237,.F.);
#1694=ORIENTED_EDGE('',*,*,#1238,.F.);
#1695=ORIENTED_EDGE('',*,*,#1239,.F.);
#1696=ORIENTED_EDGE('',*,*,#1238,.T.);
#1697=ORIENTED_EDGE('',*,*,#1240,.F.);
#1698=ORIENTED_EDGE('',*,*,#1230,.F.);
#1699=ORIENTED_EDGE('',*,*,#1240,.T.);
#1700=ORIENTED_EDGE('',*,*,#1237,.T.);
#1701=ORIENTED_EDGE('',*,*,#1234,.T.);
#1702=ORIENTED_EDGE('',*,*,#1231,.T.);
#1703=ORIENTED_EDGE('',*,*,#1241,.F.);
#1704=ORIENTED_EDGE('',*,*,#1242,.T.);
#1705=ORIENTED_EDGE('',*,*,#1243,.F.);
#1706=ORIENTED_EDGE('',*,*,#1244,.F.);
#1707=ORIENTED_EDGE('',*,*,#1245,.F.);
#1708=ORIENTED_EDGE('',*,*,#1244,.T.);
#1709=ORIENTED_EDGE('',*,*,#1246,.F.);
#1710=ORIENTED_EDGE('',*,*,#1247,.F.);
#1711=ORIENTED_EDGE('',*,*,#1248,.F.);
#1712=ORIENTED_EDGE('',*,*,#1247,.T.);
#1713=ORIENTED_EDGE('',*,*,#1249,.F.);
#1714=ORIENTED_EDGE('',*,*,#1250,.F.);
#1715=ORIENTED_EDGE('',*,*,#1251,.F.);
#1716=ORIENTED_EDGE('',*,*,#1250,.T.);
#1717=ORIENTED_EDGE('',*,*,#1252,.F.);
#1718=ORIENTED_EDGE('',*,*,#1242,.F.);
#1719=ORIENTED_EDGE('',*,*,#1252,.T.);
#1720=ORIENTED_EDGE('',*,*,#1249,.T.);
#1721=ORIENTED_EDGE('',*,*,#1246,.T.);
#1722=ORIENTED_EDGE('',*,*,#1243,.T.);
#1723=ORIENTED_EDGE('',*,*,#1253,.F.);
#1724=ORIENTED_EDGE('',*,*,#1254,.T.);
#1725=ORIENTED_EDGE('',*,*,#1255,.F.);
#1726=ORIENTED_EDGE('',*,*,#1256,.F.);
#1727=ORIENTED_EDGE('',*,*,#1257,.F.);
#1728=ORIENTED_EDGE('',*,*,#1256,.T.);
#1729=ORIENTED_EDGE('',*,*,#1258,.F.);
#1730=ORIENTED_EDGE('',*,*,#1259,.F.);
#1731=ORIENTED_EDGE('',*,*,#1260,.F.);
#1732=ORIENTED_EDGE('',*,*,#1259,.T.);
#1733=ORIENTED_EDGE('',*,*,#1261,.F.);
#1734=ORIENTED_EDGE('',*,*,#1262,.F.);
#1735=ORIENTED_EDGE('',*,*,#1263,.F.);
#1736=ORIENTED_EDGE('',*,*,#1262,.T.);
#1737=ORIENTED_EDGE('',*,*,#1264,.F.);
#1738=ORIENTED_EDGE('',*,*,#1254,.F.);
#1739=ORIENTED_EDGE('',*,*,#1264,.T.);
#1740=ORIENTED_EDGE('',*,*,#1261,.T.);
#1741=ORIENTED_EDGE('',*,*,#1258,.T.);
#1742=ORIENTED_EDGE('',*,*,#1255,.T.);
#1743=ORIENTED_EDGE('',*,*,#1265,.F.);
#1744=ORIENTED_EDGE('',*,*,#1266,.T.);
#1745=ORIENTED_EDGE('',*,*,#1267,.F.);
#1746=ORIENTED_EDGE('',*,*,#1268,.F.);
#1747=ORIENTED_EDGE('',*,*,#1269,.F.);
#1748=ORIENTED_EDGE('',*,*,#1268,.T.);
#1749=ORIENTED_EDGE('',*,*,#1270,.F.);
#1750=ORIENTED_EDGE('',*,*,#1271,.F.);
#1751=ORIENTED_EDGE('',*,*,#1272,.F.);
#1752=ORIENTED_EDGE('',*,*,#1271,.T.);
#1753=ORIENTED_EDGE('',*,*,#1273,.F.);
#1754=ORIENTED_EDGE('',*,*,#1274,.F.);
#1755=ORIENTED_EDGE('',*,*,#1275,.F.);
#1756=ORIENTED_EDGE('',*,*,#1274,.T.);
#1757=ORIENTED_EDGE('',*,*,#1276,.F.);
#1758=ORIENTED_EDGE('',*,*,#1266,.F.);
#1759=ORIENTED_EDGE('',*,*,#1276,.T.);
#1760=ORIENTED_EDGE('',*,*,#1273,.T.);
#1761=ORIENTED_EDGE('',*,*,#1270,.T.);
#1762=ORIENTED_EDGE('',*,*,#1267,.T.);
#1763=ORIENTED_EDGE('',*,*,#1277,.F.);
#1764=ORIENTED_EDGE('',*,*,#1278,.T.);
#1765=ORIENTED_EDGE('',*,*,#1279,.F.);
#1766=ORIENTED_EDGE('',*,*,#1280,.F.);
#1767=ORIENTED_EDGE('',*,*,#1281,.F.);
#1768=ORIENTED_EDGE('',*,*,#1280,.T.);
#1769=ORIENTED_EDGE('',*,*,#1282,.F.);
#1770=ORIENTED_EDGE('',*,*,#1283,.F.);
#1771=ORIENTED_EDGE('',*,*,#1284,.F.);
#1772=ORIENTED_EDGE('',*,*,#1283,.T.);
#1773=ORIENTED_EDGE('',*,*,#1285,.F.);
#1774=ORIENTED_EDGE('',*,*,#1286,.F.);
#1775=ORIENTED_EDGE('',*,*,#1287,.F.);
#1776=ORIENTED_EDGE('',*,*,#1286,.T.);
#1777=ORIENTED_EDGE('',*,*,#1288,.F.);
#1778=ORIENTED_EDGE('',*,*,#1278,.F.);
#1779=ORIENTED_EDGE('',*,*,#1288,.T.);
#1780=ORIENTED_EDGE('',*,*,#1285,.T.);
#1781=ORIENTED_EDGE('',*,*,#1282,.T.);
#1782=ORIENTED_EDGE('',*,*,#1279,.T.);
#1783=ORIENTED_EDGE('',*,*,#1289,.F.);
#1784=ORIENTED_EDGE('',*,*,#1290,.T.);
#1785=ORIENTED_EDGE('',*,*,#1291,.F.);
#1786=ORIENTED_EDGE('',*,*,#1292,.F.);
#1787=ORIENTED_EDGE('',*,*,#1293,.F.);
#1788=ORIENTED_EDGE('',*,*,#1292,.T.);
#1789=ORIENTED_EDGE('',*,*,#1294,.F.);
#1790=ORIENTED_EDGE('',*,*,#1295,.F.);
#1791=ORIENTED_EDGE('',*,*,#1296,.F.);
#1792=ORIENTED_EDGE('',*,*,#1295,.T.);
#1793=ORIENTED_EDGE('',*,*,#1297,.F.);
#1794=ORIENTED_EDGE('',*,*,#1298,.F.);
#1795=ORIENTED_EDGE('',*,*,#1299,.F.);
#1796=ORIENTED_EDGE('',*,*,#1298,.T.);
#1797=ORIENTED_EDGE('',*,*,#1300,.F.);
#1798=ORIENTED_EDGE('',*,*,#1290,.F.);
#1799=ORIENTED_EDGE('',*,*,#1300,.T.);
#1800=ORIENTED_EDGE('',*,*,#1297,.T.);
#1801=ORIENTED_EDGE('',*,*,#1294,.T.);
#1802=ORIENTED_EDGE('',*,*,#1291,.T.);
#1803=ORIENTED_EDGE('',*,*,#1301,.F.);
#1804=ORIENTED_EDGE('',*,*,#1302,.T.);
#1805=ORIENTED_EDGE('',*,*,#1303,.F.);
#1806=ORIENTED_EDGE('',*,*,#1304,.F.);
#1807=ORIENTED_EDGE('',*,*,#1305,.F.);
#1808=ORIENTED_EDGE('',*,*,#1304,.T.);
#1809=ORIENTED_EDGE('',*,*,#1306,.F.);
#1810=ORIENTED_EDGE('',*,*,#1307,.F.);
#1811=ORIENTED_EDGE('',*,*,#1308,.F.);
#1812=ORIENTED_EDGE('',*,*,#1307,.T.);
#1813=ORIENTED_EDGE('',*,*,#1309,.F.);
#1814=ORIENTED_EDGE('',*,*,#1310,.F.);
#1815=ORIENTED_EDGE('',*,*,#1311,.F.);
#1816=ORIENTED_EDGE('',*,*,#1310,.T.);
#1817=ORIENTED_EDGE('',*,*,#1312,.F.);
#1818=ORIENTED_EDGE('',*,*,#1302,.F.);
#1819=ORIENTED_EDGE('',*,*,#1312,.T.);
#1820=ORIENTED_EDGE('',*,*,#1309,.T.);
#1821=ORIENTED_EDGE('',*,*,#1306,.T.);
#1822=ORIENTED_EDGE('',*,*,#1303,.T.);
#1823=ORIENTED_EDGE('',*,*,#1313,.F.);
#1824=ORIENTED_EDGE('',*,*,#1314,.T.);
#1825=ORIENTED_EDGE('',*,*,#1315,.F.);
#1826=ORIENTED_EDGE('',*,*,#1316,.F.);
#1827=ORIENTED_EDGE('',*,*,#1317,.F.);
#1828=ORIENTED_EDGE('',*,*,#1316,.T.);
#1829=ORIENTED_EDGE('',*,*,#1318,.F.);
#1830=ORIENTED_EDGE('',*,*,#1319,.F.);
#1831=ORIENTED_EDGE('',*,*,#1320,.F.);
#1832=ORIENTED_EDGE('',*,*,#1319,.T.);
#1833=ORIENTED_EDGE('',*,*,#1321,.F.);
#1834=ORIENTED_EDGE('',*,*,#1322,.F.);
#1835=ORIENTED_EDGE('',*,*,#1323,.F.);
#1836=ORIENTED_EDGE('',*,*,#1322,.T.);
#1837=ORIENTED_EDGE('',*,*,#1324,.F.);
#1838=ORIENTED_EDGE('',*,*,#1314,.F.);
#1839=ORIENTED_EDGE('',*,*,#1324,.T.);
#1840=ORIENTED_EDGE('',*,*,#1321,.T.);
#1841=ORIENTED_EDGE('',*,*,#1318,.T.);
#1842=ORIENTED_EDGE('',*,*,#1315,.T.);
#1843=ORIENTED_EDGE('',*,*,#1325,.F.);
#1844=ORIENTED_EDGE('',*,*,#1326,.T.);
#1845=ORIENTED_EDGE('',*,*,#1327,.F.);
#1846=ORIENTED_EDGE('',*,*,#1326,.F.);
#1847=ORIENTED_EDGE('',*,*,#1328,.F.);
#1848=ORIENTED_EDGE('',*,*,#1329,.T.);
#1849=ORIENTED_EDGE('',*,*,#1330,.T.);
#1850=ORIENTED_EDGE('',*,*,#1329,.F.);
#1851=ORIENTED_EDGE('',*,*,#1328,.T.);
#1852=ORIENTED_EDGE('',*,*,#1325,.T.);
#1853=ORIENTED_EDGE('',*,*,#1330,.F.);
#1854=ORIENTED_EDGE('',*,*,#1229,.T.);
#1855=ORIENTED_EDGE('',*,*,#1233,.T.);
#1856=ORIENTED_EDGE('',*,*,#1236,.T.);
#1857=ORIENTED_EDGE('',*,*,#1239,.T.);
#1858=ORIENTED_EDGE('',*,*,#1241,.T.);
#1859=ORIENTED_EDGE('',*,*,#1245,.T.);
#1860=ORIENTED_EDGE('',*,*,#1248,.T.);
#1861=ORIENTED_EDGE('',*,*,#1251,.T.);
#1862=ORIENTED_EDGE('',*,*,#1253,.T.);
#1863=ORIENTED_EDGE('',*,*,#1257,.T.);
#1864=ORIENTED_EDGE('',*,*,#1260,.T.);
#1865=ORIENTED_EDGE('',*,*,#1263,.T.);
#1866=ORIENTED_EDGE('',*,*,#1265,.T.);
#1867=ORIENTED_EDGE('',*,*,#1269,.T.);
#1868=ORIENTED_EDGE('',*,*,#1272,.T.);
#1869=ORIENTED_EDGE('',*,*,#1275,.T.);
#1870=ORIENTED_EDGE('',*,*,#1277,.T.);
#1871=ORIENTED_EDGE('',*,*,#1281,.T.);
#1872=ORIENTED_EDGE('',*,*,#1284,.T.);
#1873=ORIENTED_EDGE('',*,*,#1287,.T.);
#1874=ORIENTED_EDGE('',*,*,#1289,.T.);
#1875=ORIENTED_EDGE('',*,*,#1293,.T.);
#1876=ORIENTED_EDGE('',*,*,#1296,.T.);
#1877=ORIENTED_EDGE('',*,*,#1299,.T.);
#1878=ORIENTED_EDGE('',*,*,#1301,.T.);
#1879=ORIENTED_EDGE('',*,*,#1305,.T.);
#1880=ORIENTED_EDGE('',*,*,#1308,.T.);
#1881=ORIENTED_EDGE('',*,*,#1311,.T.);
#1882=ORIENTED_EDGE('',*,*,#1313,.T.);
#1883=ORIENTED_EDGE('',*,*,#1317,.T.);
#1884=ORIENTED_EDGE('',*,*,#1320,.T.);
#1885=ORIENTED_EDGE('',*,*,#1323,.T.);
#1886=ORIENTED_EDGE('',*,*,#1327,.T.);
#1887=PLANE('',#2159);
#1888=PLANE('',#2161);
#1889=PLANE('',#2162);
#1890=PLANE('',#2163);
#1891=PLANE('',#2166);
#1892=PLANE('',#2171);
#1893=PLANE('',#2182);
#1894=PLANE('',#2184);
#1895=PLANE('',#2186);
#1896=PLANE('',#2187);
#1897=PLANE('',#2188);
#1898=PLANE('',#2190);
#1899=PLANE('',#2191);
#1900=PLANE('',#2192);
#1901=PLANE('',#2195);
#1902=PLANE('',#2196);
#1903=PLANE('',#2197);
#1904=PLANE('',#2198);
#1905=PLANE('',#2199);
#1906=PLANE('',#2200);
#1907=PLANE('',#2204);
#1908=PLANE('',#2208);
#1909=PLANE('',#2210);
#1910=PLANE('',#2213);
#1911=PLANE('',#2217);
#1912=PLANE('',#2221);
#1913=PLANE('',#2223);
#1914=PLANE('',#2226);
#1915=PLANE('',#2230);
#1916=PLANE('',#2234);
#1917=PLANE('',#2236);
#1918=PLANE('',#2239);
#1919=PLANE('',#2243);
#1920=PLANE('',#2247);
#1921=PLANE('',#2249);
#1922=PLANE('',#2252);
#1923=PLANE('',#2253);
#1924=PLANE('',#2254);
#1925=PLANE('',#2255);
#1926=PLANE('',#2256);
#1927=PLANE('',#2257);
#1928=PLANE('',#2258);
#1929=PLANE('',#2259);
#1930=PLANE('',#2262);
#1931=PLANE('',#2263);
#1932=PLANE('',#2264);
#1933=PLANE('',#2265);
#1934=PLANE('',#2266);
#1935=PLANE('',#2267);
#1936=PLANE('',#2268);
#1937=PLANE('',#2269);
#1938=PLANE('',#2270);
#1939=PLANE('',#2271);
#1940=PLANE('',#2272);
#1941=PLANE('',#2273);
#1942=PLANE('',#2274);
#1943=PLANE('',#2275);
#1944=PLANE('',#2276);
#1945=PLANE('',#2277);
#1946=PLANE('',#2278);
#1947=PLANE('',#2279);
#1948=PLANE('',#2280);
#1949=PLANE('',#2281);
#1950=PLANE('',#2282);
#1951=PLANE('',#2283);
#1952=PLANE('',#2284);
#1953=PLANE('',#2285);
#1954=PLANE('',#2286);
#1955=PLANE('',#2287);
#1956=PLANE('',#2288);
#1957=PLANE('',#2289);
#1958=PLANE('',#2290);
#1959=PLANE('',#2291);
#1960=PLANE('',#2292);
#1961=PLANE('',#2293);
#1962=PLANE('',#2294);
#1963=PLANE('',#2295);
#1964=PLANE('',#2296);
#1965=PLANE('',#2297);
#1966=PLANE('',#2298);
#1967=PLANE('',#2299);
#1968=PLANE('',#2300);
#1969=PLANE('',#2301);
#1970=PLANE('',#2302);
#1971=PLANE('',#2309);
#1972=PLANE('',#2310);
#1973=STYLED_ITEM('',(#3571),#2041);
#1974=STYLED_ITEM('',(#3571),#2042);
#1975=STYLED_ITEM('',(#3571),#2043);
#1976=STYLED_ITEM('',(#3572),#2044);
#1977=STYLED_ITEM('',(#3572),#2045);
#1978=STYLED_ITEM('',(#3571),#2046);
#1979=STYLED_ITEM('',(#3572),#2047);
#1980=STYLED_ITEM('',(#3572),#2048);
#1981=STYLED_ITEM('',(#3571),#2049);
#1982=STYLED_ITEM('',(#3571),#2050);
#1983=STYLED_ITEM('',(#3571),#2051);
#1984=STYLED_ITEM('',(#3571),#2052);
#1985=STYLED_ITEM('',(#3571),#2053);
#1986=STYLED_ITEM('',(#3572),#2054);
#1987=STYLED_ITEM('',(#3571),#2055);
#1988=STYLED_ITEM('',(#3573),#2056);
#1989=STYLED_ITEM('',(#3573),#2057);
#1990=STYLED_ITEM('',(#3573),#2058);
#1991=STYLED_ITEM('',(#3573),#2059);
#1992=STYLED_ITEM('',(#3573),#2060);
#1993=STYLED_ITEM('',(#3572),#2061);
#1994=STYLED_ITEM('',(#3572),#2062);
#1995=STYLED_ITEM('',(#3572),#2063);
#1996=STYLED_ITEM('',(#3572),#2064);
#1997=STYLED_ITEM('',(#3572),#2065);
#1998=STYLED_ITEM('',(#3572),#2066);
#1999=STYLED_ITEM('',(#3572),#2067);
#2000=STYLED_ITEM('',(#3572),#2068);
#2001=STYLED_ITEM('',(#3572),#2069);
#2002=STYLED_ITEM('',(#3572),#2070);
#2003=STYLED_ITEM('',(#3572),#2071);
#2004=STYLED_ITEM('',(#3572),#2072);
#2005=STYLED_ITEM('',(#3572),#2073);
#2006=STYLED_ITEM('',(#3572),#2074);
#2007=STYLED_ITEM('',(#3572),#2075);
#2008=STYLED_ITEM('',(#3572),#2076);
#2009=STYLED_ITEM('',(#3572),#2077);
#2010=STYLED_ITEM('',(#3572),#2078);
#2011=STYLED_ITEM('',(#3572),#2079);
#2012=STYLED_ITEM('',(#3572),#2080);
#2013=STYLED_ITEM('',(#3572),#2081);
#2014=STYLED_ITEM('',(#3572),#2082);
#2015=STYLED_ITEM('',(#3572),#2083);
#2016=STYLED_ITEM('',(#3572),#2084);
#2017=STYLED_ITEM('',(#3572),#2085);
#2018=STYLED_ITEM('',(#3572),#2086);
#2019=STYLED_ITEM('',(#3572),#2087);
#2020=STYLED_ITEM('',(#3572),#2088);
#2021=STYLED_ITEM('',(#3571),#2089);
#2022=STYLED_ITEM('',(#3571),#2090);
#2023=STYLED_ITEM('',(#3571),#2091);
#2024=STYLED_ITEM('',(#3571),#2092);
#2025=STYLED_ITEM('',(#3571),#2093);
#2026=STYLED_ITEM('',(#3571),#2094);
#2027=STYLED_ITEM('',(#3571),#2095);
#2028=STYLED_ITEM('',(#3571),#2096);
#2029=STYLED_ITEM('',(#3571),#2097);
#2030=STYLED_ITEM('',(#3571),#2098);
#2031=STYLED_ITEM('',(#3570),#111);
#2032=STYLED_ITEM('',(#3569),#2103);
#2033=STYLED_ITEM('',(#3569),#2108);
#2034=STYLED_ITEM('',(#3569),#2113);
#2035=STYLED_ITEM('',(#3569),#2118);
#2036=STYLED_ITEM('',(#3569),#2123);
#2037=STYLED_ITEM('',(#3569),#2128);
#2038=STYLED_ITEM('',(#3569),#2133);
#2039=STYLED_ITEM('',(#3569),#2138);
#2040=STYLED_ITEM('',(#3568),#112);
#2041=ADVANCED_FACE('',(#191,#129),#1887,.F.);
#2042=ADVANCED_FACE('',(#192),#1888,.F.);
#2043=ADVANCED_FACE('',(#193),#1889,.F.);
#2044=ADVANCED_FACE('',(#194),#1890,.T.);
#2045=ADVANCED_FACE('',(#195),#1891,.T.);
#2046=ADVANCED_FACE('',(#196),#1892,.T.);
#2047=ADVANCED_FACE('',(#197),#1893,.T.);
#2048=ADVANCED_FACE('',(#198),#1894,.T.);
#2049=ADVANCED_FACE('',(#199),#1895,.F.);
#2050=ADVANCED_FACE('',(#200),#1896,.F.);
#2051=ADVANCED_FACE('',(#201,#130),#1897,.T.);
#2052=ADVANCED_FACE('',(#202),#1898,.F.);
#2053=ADVANCED_FACE('',(#203),#1899,.T.);
#2054=ADVANCED_FACE('',(#204),#1900,.T.);
#2055=ADVANCED_FACE('',(#205),#128,.F.);
#2056=ADVANCED_FACE('',(#206),#1901,.F.);
#2057=ADVANCED_FACE('',(#207),#1902,.F.);
#2058=ADVANCED_FACE('',(#208),#1903,.F.);
#2059=ADVANCED_FACE('',(#209),#1904,.F.);
#2060=ADVANCED_FACE('',(#210),#1905,.T.);
#2061=ADVANCED_FACE('',(#211),#1906,.F.);
#2062=ADVANCED_FACE('',(#212),#1907,.F.);
#2063=ADVANCED_FACE('',(#213),#1908,.T.);
#2064=ADVANCED_FACE('',(#214),#113,.T.);
#2065=ADVANCED_FACE('',(#215),#1909,.T.);
#2066=ADVANCED_FACE('',(#216),#114,.T.);
#2067=ADVANCED_FACE('',(#217),#115,.T.);
#2068=ADVANCED_FACE('',(#218),#1910,.T.);
#2069=ADVANCED_FACE('',(#219),#1911,.T.);
#2070=ADVANCED_FACE('',(#220),#1912,.F.);
#2071=ADVANCED_FACE('',(#221),#116,.T.);
#2072=ADVANCED_FACE('',(#222),#1913,.F.);
#2073=ADVANCED_FACE('',(#223),#117,.T.);
#2074=ADVANCED_FACE('',(#224),#118,.T.);
#2075=ADVANCED_FACE('',(#225),#1914,.T.);
#2076=ADVANCED_FACE('',(#226),#1915,.T.);
#2077=ADVANCED_FACE('',(#227),#1916,.F.);
#2078=ADVANCED_FACE('',(#228),#119,.T.);
#2079=ADVANCED_FACE('',(#229),#1917,.F.);
#2080=ADVANCED_FACE('',(#230),#120,.T.);
#2081=ADVANCED_FACE('',(#231),#121,.T.);
#2082=ADVANCED_FACE('',(#232),#1918,.F.);
#2083=ADVANCED_FACE('',(#233),#1919,.F.);
#2084=ADVANCED_FACE('',(#234),#1920,.T.);
#2085=ADVANCED_FACE('',(#235),#122,.T.);
#2086=ADVANCED_FACE('',(#236),#1921,.T.);
#2087=ADVANCED_FACE('',(#237),#123,.T.);
#2088=ADVANCED_FACE('',(#238),#124,.T.);
#2089=ADVANCED_FACE('',(#239),#1922,.F.);
#2090=ADVANCED_FACE('',(#240),#1923,.F.);
#2091=ADVANCED_FACE('',(#241),#1924,.F.);
#2092=ADVANCED_FACE('',(#242),#1925,.T.);
#2093=ADVANCED_FACE('',(#243),#1926,.T.);
#2094=ADVANCED_FACE('',(#244),#1927,.T.);
#2095=ADVANCED_FACE('',(#245),#1928,.T.);
#2096=ADVANCED_FACE('',(#246),#1929,.F.);
#2097=ADVANCED_FACE('',(#247),#125,.F.);
#2098=ADVANCED_FACE('',(#248),#1930,.T.);
#2099=ADVANCED_FACE('',(#249),#1931,.T.);
#2100=ADVANCED_FACE('',(#250),#1932,.T.);
#2101=ADVANCED_FACE('',(#251),#1933,.T.);
#2102=ADVANCED_FACE('',(#252),#1934,.T.);
#2103=ADVANCED_FACE('',(#253),#1935,.T.);
#2104=ADVANCED_FACE('',(#254),#1936,.T.);
#2105=ADVANCED_FACE('',(#255),#1937,.T.);
#2106=ADVANCED_FACE('',(#256),#1938,.T.);
#2107=ADVANCED_FACE('',(#257),#1939,.T.);
#2108=ADVANCED_FACE('',(#258),#1940,.T.);
#2109=ADVANCED_FACE('',(#259),#1941,.T.);
#2110=ADVANCED_FACE('',(#260),#1942,.T.);
#2111=ADVANCED_FACE('',(#261),#1943,.T.);
#2112=ADVANCED_FACE('',(#262),#1944,.T.);
#2113=ADVANCED_FACE('',(#263),#1945,.T.);
#2114=ADVANCED_FACE('',(#264),#1946,.T.);
#2115=ADVANCED_FACE('',(#265),#1947,.T.);
#2116=ADVANCED_FACE('',(#266),#1948,.T.);
#2117=ADVANCED_FACE('',(#267),#1949,.T.);
#2118=ADVANCED_FACE('',(#268),#1950,.T.);
#2119=ADVANCED_FACE('',(#269),#1951,.T.);
#2120=ADVANCED_FACE('',(#270),#1952,.T.);
#2121=ADVANCED_FACE('',(#271),#1953,.T.);
#2122=ADVANCED_FACE('',(#272),#1954,.T.);
#2123=ADVANCED_FACE('',(#273),#1955,.T.);
#2124=ADVANCED_FACE('',(#274),#1956,.T.);
#2125=ADVANCED_FACE('',(#275),#1957,.T.);
#2126=ADVANCED_FACE('',(#276),#1958,.T.);
#2127=ADVANCED_FACE('',(#277),#1959,.T.);
#2128=ADVANCED_FACE('',(#278),#1960,.T.);
#2129=ADVANCED_FACE('',(#279),#1961,.T.);
#2130=ADVANCED_FACE('',(#280),#1962,.T.);
#2131=ADVANCED_FACE('',(#281),#1963,.T.);
#2132=ADVANCED_FACE('',(#282),#1964,.T.);
#2133=ADVANCED_FACE('',(#283),#1965,.T.);
#2134=ADVANCED_FACE('',(#284),#1966,.T.);
#2135=ADVANCED_FACE('',(#285),#1967,.T.);
#2136=ADVANCED_FACE('',(#286),#1968,.T.);
#2137=ADVANCED_FACE('',(#287),#1969,.T.);
#2138=ADVANCED_FACE('',(#288),#1970,.T.);
#2139=ADVANCED_FACE('',(#289),#126,.F.);
#2140=ADVANCED_FACE('',(#290),#127,.T.);
#2141=ADVANCED_FACE('',(#291,#131),#1971,.T.);
#2142=ADVANCED_FACE('',(#292,#132,#133,#134,#135,#136,#137,#138,#139,#140),
#1972,.F.);
#2143=CLOSED_SHELL('',(#2041,#2042,#2043,#2044,#2045,#2046,#2047,#2048,
#2049,#2050,#2051,#2052,#2053,#2054,#2055,#2056,#2057,#2058,#2059,#2060,
#2061,#2062,#2063,#2064,#2065,#2066,#2067,#2068,#2069,#2070,#2071,#2072,
#2073,#2074,#2075,#2076,#2077,#2078,#2079,#2080,#2081,#2082,#2083,#2084,
#2085,#2086,#2087,#2088,#2089,#2090,#2091,#2092,#2093,#2094,#2095,#2096,
#2097,#2098));
#2144=CLOSED_SHELL('',(#2099,#2100,#2101,#2102,#2103,#2104,#2105,#2106,
#2107,#2108,#2109,#2110,#2111,#2112,#2113,#2114,#2115,#2116,#2117,#2118,
#2119,#2120,#2121,#2122,#2123,#2124,#2125,#2126,#2127,#2128,#2129,#2130,
#2131,#2132,#2133,#2134,#2135,#2136,#2137,#2138,#2139,#2140,#2141,#2142));
#2145=DERIVED_UNIT_ELEMENT(#2147,1.);
#2146=DERIVED_UNIT_ELEMENT(#3522,3.);
#2147=(
MASS_UNIT()
NAMED_UNIT(*)
SI_UNIT(.KILO.,.GRAM.)
);
#2148=DERIVED_UNIT((#2145,#2146));
#2149=MEASURE_REPRESENTATION_ITEM('density measure',
POSITIVE_RATIO_MEASURE(7850.),#2148);
#2150=PROPERTY_DEFINITION_REPRESENTATION(#2155,#2152);
#2151=PROPERTY_DEFINITION_REPRESENTATION(#2156,#2153);
#2152=REPRESENTATION('material name',(#2154),#3519);
#2153=REPRESENTATION('density',(#2149),#3519);
#2154=DESCRIPTIVE_REPRESENTATION_ITEM('Stahl','Stahl');
#2155=PROPERTY_DEFINITION('material property','material name',#3557);
#2156=PROPERTY_DEFINITION('material property','density of part',#3557);
#2157=AXIS2_PLACEMENT_3D('placement',#2919,#2335,#2336);
#2158=AXIS2_PLACEMENT_3D('placement',#2920,#2337,#2338);
#2159=AXIS2_PLACEMENT_3D('',#2921,#2339,#2340);
#2160=AXIS2_PLACEMENT_3D('',#2979,#2369,#2370);
#2161=AXIS2_PLACEMENT_3D('',#2980,#2371,#2372);
#2162=AXIS2_PLACEMENT_3D('',#3005,#2387,#2388);
#2163=AXIS2_PLACEMENT_3D('',#3026,#2401,#2402);
#2164=AXIS2_PLACEMENT_3D('',#3031,#2404,#2405);
#2165=AXIS2_PLACEMENT_3D('',#3034,#2407,#2408);
#2166=AXIS2_PLACEMENT_3D('',#3035,#2409,#2410);
#2167=AXIS2_PLACEMENT_3D('',#3040,#2412,#2413);
#2168=AXIS2_PLACEMENT_3D('',#3044,#2415,#2416);
#2169=AXIS2_PLACEMENT_3D('',#3048,#2418,#2419);
#2170=AXIS2_PLACEMENT_3D('',#3051,#2421,#2422);
#2171=AXIS2_PLACEMENT_3D('',#3052,#2423,#2424);
#2172=AXIS2_PLACEMENT_3D('',#3054,#2425,#2426);
#2173=AXIS2_PLACEMENT_3D('',#3063,#2431,#2432);
#2174=AXIS2_PLACEMENT_3D('',#3067,#2434,#2435);
#2175=AXIS2_PLACEMENT_3D('',#3071,#2437,#2438);
#2176=AXIS2_PLACEMENT_3D('',#3075,#2440,#2441);
#2177=AXIS2_PLACEMENT_3D('',#3077,#2442,#2443);
#2178=AXIS2_PLACEMENT_3D('',#3081,#2445,#2446);
#2179=AXIS2_PLACEMENT_3D('',#3085,#2448,#2449);
#2180=AXIS2_PLACEMENT_3D('',#3089,#2451,#2452);
#2181=AXIS2_PLACEMENT_3D('',#3092,#2454,#2455);
#2182=AXIS2_PLACEMENT_3D('',#3093,#2456,#2457);
#2183=AXIS2_PLACEMENT_3D('',#3095,#2459,#2460);
#2184=AXIS2_PLACEMENT_3D('',#3096,#2461,#2462);
#2185=AXIS2_PLACEMENT_3D('',#3097,#2463,#2464);
#2186=AXIS2_PLACEMENT_3D('',#3098,#2465,#2466);
#2187=AXIS2_PLACEMENT_3D('',#3100,#2468,#2469);
#2188=AXIS2_PLACEMENT_3D('',#3106,#2473,#2474);
#2189=AXIS2_PLACEMENT_3D('',#3109,#2476,#2477);
#2190=AXIS2_PLACEMENT_3D('',#3110,#2478,#2479);
#2191=AXIS2_PLACEMENT_3D('',#3112,#2481,#2482);
#2192=AXIS2_PLACEMENT_3D('',#3113,#2483,#2484);
#2193=AXIS2_PLACEMENT_3D('',#3114,#2485,#2486);
#2194=AXIS2_PLACEMENT_3D('',#3115,#2487,#2488);
#2195=AXIS2_PLACEMENT_3D('',#3117,#2490,#2491);
#2196=AXIS2_PLACEMENT_3D('',#3123,#2495,#2496);
#2197=AXIS2_PLACEMENT_3D('',#3127,#2499,#2500);
#2198=AXIS2_PLACEMENT_3D('',#3131,#2503,#2504);
#2199=AXIS2_PLACEMENT_3D('',#3133,#2506,#2507);
#2200=AXIS2_PLACEMENT_3D('',#3134,#2508,#2509);
#2201=AXIS2_PLACEMENT_3D('',#3136,#2510,#2511);
#2202=AXIS2_PLACEMENT_3D('',#3140,#2513,#2514);
#2203=AXIS2_PLACEMENT_3D('',#3143,#2516,#2517);
#2204=AXIS2_PLACEMENT_3D('',#3144,#2518,#2519);
#2205=AXIS2_PLACEMENT_3D('',#3148,#2521,#2522);
#2206=AXIS2_PLACEMENT_3D('',#3150,#2523,#2524);
#2207=AXIS2_PLACEMENT_3D('',#3153,#2526,#2527);
#2208=AXIS2_PLACEMENT_3D('',#3154,#2528,#2529);
#2209=AXIS2_PLACEMENT_3D('',#3157,#2532,#2533);
#2210=AXIS2_PLACEMENT_3D('',#3158,#2534,#2535);
#2211=AXIS2_PLACEMENT_3D('',#3161,#2538,#2539);
#2212=AXIS2_PLACEMENT_3D('',#3162,#2540,#2541);
#2213=AXIS2_PLACEMENT_3D('',#3163,#2542,#2543);
#2214=AXIS2_PLACEMENT_3D('',#3167,#2545,#2546);
#2215=AXIS2_PLACEMENT_3D('',#3169,#2547,#2548);
#2216=AXIS2_PLACEMENT_3D('',#3172,#2550,#2551);
#2217=AXIS2_PLACEMENT_3D('',#3173,#2552,#2553);
#2218=AXIS2_PLACEMENT_3D('',#3175,#2554,#2555);
#2219=AXIS2_PLACEMENT_3D('',#3179,#2557,#2558);
#2220=AXIS2_PLACEMENT_3D('',#3182,#2560,#2561);
#2221=AXIS2_PLACEMENT_3D('',#3183,#2562,#2563);
#2222=AXIS2_PLACEMENT_3D('',#3186,#2566,#2567);
#2223=AXIS2_PLACEMENT_3D('',#3187,#2568,#2569);
#2224=AXIS2_PLACEMENT_3D('',#3190,#2572,#2573);
#2225=AXIS2_PLACEMENT_3D('',#3191,#2574,#2575);
#2226=AXIS2_PLACEMENT_3D('',#3192,#2576,#2577);
#2227=AXIS2_PLACEMENT_3D('',#3196,#2579,#2580);
#2228=AXIS2_PLACEMENT_3D('',#3198,#2581,#2582);
#2229=AXIS2_PLACEMENT_3D('',#3201,#2584,#2585);
#2230=AXIS2_PLACEMENT_3D('',#3202,#2586,#2587);
#2231=AXIS2_PLACEMENT_3D('',#3204,#2588,#2589);
#2232=AXIS2_PLACEMENT_3D('',#3208,#2591,#2592);
#2233=AXIS2_PLACEMENT_3D('',#3211,#2594,#2595);
#2234=AXIS2_PLACEMENT_3D('',#3212,#2596,#2597);
#2235=AXIS2_PLACEMENT_3D('',#3215,#2600,#2601);
#2236=AXIS2_PLACEMENT_3D('',#3216,#2602,#2603);
#2237=AXIS2_PLACEMENT_3D('',#3219,#2606,#2607);
#2238=AXIS2_PLACEMENT_3D('',#3220,#2608,#2609);
#2239=AXIS2_PLACEMENT_3D('',#3221,#2610,#2611);
#2240=AXIS2_PLACEMENT_3D('',#3223,#2612,#2613);
#2241=AXIS2_PLACEMENT_3D('',#3227,#2615,#2616);
#2242=AXIS2_PLACEMENT_3D('',#3230,#2618,#2619);
#2243=AXIS2_PLACEMENT_3D('',#3231,#2620,#2621);
#2244=AXIS2_PLACEMENT_3D('',#3235,#2623,#2624);
#2245=AXIS2_PLACEMENT_3D('',#3237,#2625,#2626);
#2246=AXIS2_PLACEMENT_3D('',#3240,#2628,#2629);
#2247=AXIS2_PLACEMENT_3D('',#3241,#2630,#2631);
#2248=AXIS2_PLACEMENT_3D('',#3244,#2634,#2635);
#2249=AXIS2_PLACEMENT_3D('',#3245,#2636,#2637);
#2250=AXIS2_PLACEMENT_3D('',#3248,#2640,#2641);
#2251=AXIS2_PLACEMENT_3D('',#3249,#2642,#2643);
#2252=AXIS2_PLACEMENT_3D('',#3250,#2644,#2645);
#2253=AXIS2_PLACEMENT_3D('',#3254,#2648,#2649);
#2254=AXIS2_PLACEMENT_3D('',#3258,#2652,#2653);
#2255=AXIS2_PLACEMENT_3D('',#3260,#2655,#2656);
#2256=AXIS2_PLACEMENT_3D('',#3261,#2657,#2658);
#2257=AXIS2_PLACEMENT_3D('',#3265,#2661,#2662);
#2258=AXIS2_PLACEMENT_3D('',#3269,#2665,#2666);
#2259=AXIS2_PLACEMENT_3D('',#3271,#2668,#2669);
#2260=AXIS2_PLACEMENT_3D('',#3272,#2670,#2671);
#2261=AXIS2_PLACEMENT_3D('',#3274,#2672,#2673);
#2262=AXIS2_PLACEMENT_3D('',#3276,#2675,#2676);
#2263=AXIS2_PLACEMENT_3D('',#3277,#2677,#2678);
#2264=AXIS2_PLACEMENT_3D('',#3286,#2683,#2684);
#2265=AXIS2_PLACEMENT_3D('',#3292,#2688,#2689);
#2266=AXIS2_PLACEMENT_3D('',#3298,#2693,#2694);
#2267=AXIS2_PLACEMENT_3D('',#3301,#2697,#2698);
#2268=AXIS2_PLACEMENT_3D('',#3302,#2699,#2700);
#2269=AXIS2_PLACEMENT_3D('',#3311,#2705,#2706);
#2270=AXIS2_PLACEMENT_3D('',#3317,#2710,#2711);
#2271=AXIS2_PLACEMENT_3D('',#3323,#2715,#2716);
#2272=AXIS2_PLACEMENT_3D('',#3326,#2719,#2720);
#2273=AXIS2_PLACEMENT_3D('',#3327,#2721,#2722);
#2274=AXIS2_PLACEMENT_3D('',#3336,#2727,#2728);
#2275=AXIS2_PLACEMENT_3D('',#3342,#2732,#2733);
#2276=AXIS2_PLACEMENT_3D('',#3348,#2737,#2738);
#2277=AXIS2_PLACEMENT_3D('',#3351,#2741,#2742);
#2278=AXIS2_PLACEMENT_3D('',#3352,#2743,#2744);
#2279=AXIS2_PLACEMENT_3D('',#3361,#2749,#2750);
#2280=AXIS2_PLACEMENT_3D('',#3367,#2754,#2755);
#2281=AXIS2_PLACEMENT_3D('',#3373,#2759,#2760);
#2282=AXIS2_PLACEMENT_3D('',#3376,#2763,#2764);
#2283=AXIS2_PLACEMENT_3D('',#3377,#2765,#2766);
#2284=AXIS2_PLACEMENT_3D('',#3386,#2771,#2772);
#2285=AXIS2_PLACEMENT_3D('',#3392,#2776,#2777);
#2286=AXIS2_PLACEMENT_3D('',#3398,#2781,#2782);
#2287=AXIS2_PLACEMENT_3D('',#3401,#2785,#2786);
#2288=AXIS2_PLACEMENT_3D('',#3402,#2787,#2788);
#2289=AXIS2_PLACEMENT_3D('',#3411,#2793,#2794);
#2290=AXIS2_PLACEMENT_3D('',#3417,#2798,#2799);
#2291=AXIS2_PLACEMENT_3D('',#3423,#2803,#2804);
#2292=AXIS2_PLACEMENT_3D('',#3426,#2807,#2808);
#2293=AXIS2_PLACEMENT_3D('',#3427,#2809,#2810);
#2294=AXIS2_PLACEMENT_3D('',#3436,#2815,#2816);
#2295=AXIS2_PLACEMENT_3D('',#3442,#2820,#2821);
#2296=AXIS2_PLACEMENT_3D('',#3448,#2825,#2826);
#2297=AXIS2_PLACEMENT_3D('',#3451,#2829,#2830);
#2298=AXIS2_PLACEMENT_3D('',#3452,#2831,#2832);
#2299=AXIS2_PLACEMENT_3D('',#3461,#2837,#2838);
#2300=AXIS2_PLACEMENT_3D('',#3467,#2842,#2843);
#2301=AXIS2_PLACEMENT_3D('',#3473,#2847,#2848);
#2302=AXIS2_PLACEMENT_3D('',#3476,#2851,#2852);
#2303=AXIS2_PLACEMENT_3D('',#3477,#2853,#2854);
#2304=AXIS2_PLACEMENT_3D('',#3479,#2855,#2856);
#2305=AXIS2_PLACEMENT_3D('',#3482,#2858,#2859);
#2306=AXIS2_PLACEMENT_3D('',#3483,#2860,#2861);
#2307=AXIS2_PLACEMENT_3D('',#3485,#2862,#2863);
#2308=AXIS2_PLACEMENT_3D('',#3488,#2865,#2866);
#2309=AXIS2_PLACEMENT_3D('',#3489,#2867,#2868);
#2310=AXIS2_PLACEMENT_3D('',#3490,#2869,#2870);
#2311=AXIS2_PLACEMENT_3D('',#3491,#2871,#2872);
#2312=AXIS2_PLACEMENT_3D('',#3492,#2873,#2874);
#2313=AXIS2_PLACEMENT_3D('',#3493,#2875,#2876);
#2314=AXIS2_PLACEMENT_3D('',#3494,#2877,#2878);
#2315=AXIS2_PLACEMENT_3D('',#3495,#2879,#2880);
#2316=AXIS2_PLACEMENT_3D('',#3496,#2881,#2882);
#2317=AXIS2_PLACEMENT_3D('',#3497,#2883,#2884);
#2318=AXIS2_PLACEMENT_3D('',#3498,#2885,#2886);
#2319=AXIS2_PLACEMENT_3D('',#3499,#2887,#2888);
#2320=AXIS2_PLACEMENT_3D('',#3500,#2889,#2890);
#2321=AXIS2_PLACEMENT_3D('',#3501,#2891,#2892);
#2322=AXIS2_PLACEMENT_3D('',#3502,#2893,#2894);
#2323=AXIS2_PLACEMENT_3D('',#3503,#2895,#2896);
#2324=AXIS2_PLACEMENT_3D('',#3504,#2897,#2898);
#2325=AXIS2_PLACEMENT_3D('',#3505,#2899,#2900);
#2326=AXIS2_PLACEMENT_3D('',#3506,#2901,#2902);
#2327=AXIS2_PLACEMENT_3D('',#3507,#2903,#2904);
#2328=AXIS2_PLACEMENT_3D('',#3508,#2905,#2906);
#2329=AXIS2_PLACEMENT_3D('',#3509,#2907,#2908);
#2330=AXIS2_PLACEMENT_3D('',#3510,#2909,#2910);
#2331=AXIS2_PLACEMENT_3D('',#3511,#2911,#2912);
#2332=AXIS2_PLACEMENT_3D('',#3512,#2913,#2914);
#2333=AXIS2_PLACEMENT_3D('',#3513,#2915,#2916);
#2334=AXIS2_PLACEMENT_3D('',#3514,#2917,#2918);
#2335=DIRECTION('axis',(0.,0.,1.));
#2336=DIRECTION('refdir',(1.,0.,0.));
#2337=DIRECTION('axis',(0.,0.,1.));
#2338=DIRECTION('refdir',(1.,0.,0.));
#2339=DIRECTION('center_axis',(0.,0.,1.));
#2340=DIRECTION('ref_axis',(0.,1.,0.));
#2341=DIRECTION('',(4.33680868994202E-16,-1.,0.));
#2342=DIRECTION('',(1.,5.16286748802622E-16,0.));
#2343=DIRECTION('',(-2.62836890299516E-16,1.,0.));
#2344=DIRECTION('',(1.,-3.46944695195361E-16,0.));
#2345=DIRECTION('',(2.16840434497101E-16,1.,0.));
#2346=DIRECTION('',(1.,0.,0.));
#2347=DIRECTION('',(-2.62836890299516E-16,1.,0.));
#2348=DIRECTION('',(1.,1.75224593533011E-16,0.));
#2349=DIRECTION('',(0.,-1.,0.));
#2350=DIRECTION('',(-1.,-6.93889390390723E-16,0.));
#2351=DIRECTION('',(-8.67361737988404E-16,1.,0.));
#2352=DIRECTION('',(-1.,-9.54097911787244E-16,0.));
#2353=DIRECTION('',(0.,-1.,0.));
#2354=DIRECTION('',(-1.,0.,0.));
#2355=DIRECTION('',(0.,-1.,0.));
#2356=DIRECTION('',(1.,-2.06514699521049E-16,0.));
#2357=DIRECTION('',(0.,-1.,0.));
#2358=DIRECTION('',(-1.,1.73472347597681E-16,0.));
#2359=DIRECTION('',(2.16840434497101E-16,-1.,0.));
#2360=DIRECTION('',(-1.,0.,0.));
#2361=DIRECTION('',(0.,-1.,0.));
#2362=DIRECTION('',(-1.,-5.25673780599033E-16,0.));
#2363=DIRECTION('',(-2.62836890299516E-16,1.,0.));
#2364=DIRECTION('',(1.,3.46944695195361E-16,0.));
#2365=DIRECTION('',(4.33680868994202E-16,-1.,0.));
#2366=DIRECTION('',(1.,7.80625564189563E-16,0.));
#2367=DIRECTION('',(-2.62836890299516E-16,1.,0.));
#2368=DIRECTION('',(-1.,-7.22801448323671E-16,0.));
#2369=DIRECTION('center_axis',(0.,0.,-1.));
#2370=DIRECTION('ref_axis',(-1.22464679914733E-16,1.,0.));
#2371=DIRECTION('center_axis',(1.,0.,0.));
#2372=DIRECTION('ref_axis',(0.,0.,-1.));
#2373=DIRECTION('',(0.,1.,0.));
#2374=DIRECTION('',(0.,0.,-1.));
#2375=DIRECTION('',(0.,0.,1.));
#2376=DIRECTION('',(4.33680868994202E-16,-1.,-2.16840434497101E-16));
#2377=DIRECTION('',(0.,0.,-1.));
#2378=DIRECTION('',(0.,0.,-1.));
#2379=DIRECTION('',(0.,-1.,0.));
#2380=DIRECTION('',(0.,0.,1.));
#2381=DIRECTION('',(0.,-1.,0.));
#2382=DIRECTION('',(0.,0.,-1.));
#2383=DIRECTION('',(0.,0.,-1.));
#2384=DIRECTION('',(0.,1.,-2.16840434497101E-16));
#2385=DIRECTION('',(0.,0.,1.));
#2386=DIRECTION('',(0.,0.,-1.));
#2387=DIRECTION('center_axis',(-1.,-2.62836890299516E-16,0.));
#2388=DIRECTION('ref_axis',(2.62836890299516E-16,-1.,0.));
#2389=DIRECTION('',(-8.67361737988404E-16,1.,0.));
#2390=DIRECTION('',(0.,0.,-1.));
#2391=DIRECTION('',(0.,0.,1.));
#2392=DIRECTION('',(-4.33680868994202E-16,1.,-2.16840434497101E-16));
#2393=DIRECTION('',(0.,0.,-1.));
#2394=DIRECTION('',(0.,0.,-1.));
#2395=DIRECTION('',(-2.62836890299516E-16,1.,0.));
#2396=DIRECTION('',(0.,0.,-1.));
#2397=DIRECTION('',(0.,0.,-1.));
#2398=DIRECTION('',(0.,-1.,-2.16840434497101E-16));
#2399=DIRECTION('',(0.,0.,1.));
#2400=DIRECTION('',(0.,0.,-1.));
#2401=DIRECTION('center_axis',(0.,0.,1.));
#2402=DIRECTION('ref_axis',(0.,1.,0.));
#2403=DIRECTION('',(1.,0.,0.));
#2404=DIRECTION('center_axis',(0.,0.,-1.));
#2405=DIRECTION('ref_axis',(0.,-1.,0.));
#2406=DIRECTION('',(-1.,1.35525271560688E-15,0.));
#2407=DIRECTION('center_axis',(0.,0.,-1.));
#2408=DIRECTION('ref_axis',(0.,-1.,0.));
#2409=DIRECTION('center_axis',(0.,0.,1.));
#2410=DIRECTION('ref_axis',(0.,1.,0.));
#2411=DIRECTION('',(-2.33664261311531E-15,-1.,0.));
#2412=DIRECTION('center_axis',(0.,0.,1.));
#2413=DIRECTION('ref_axis',(0.,1.,0.));
#2414=DIRECTION('',(1.,0.,0.));
#2415=DIRECTION('center_axis',(0.,0.,1.));
#2416=DIRECTION('ref_axis',(0.,1.,0.));
#2417=DIRECTION('',(0.,1.,0.));
#2418=DIRECTION('center_axis',(0.,0.,-1.));
#2419=DIRECTION('ref_axis',(0.,-1.,0.));
#2420=DIRECTION('',(1.,0.,0.));
#2421=DIRECTION('center_axis',(0.,0.,1.));
#2422=DIRECTION('ref_axis',(0.,1.,0.));
#2423=DIRECTION('center_axis',(0.,0.,1.));
#2424=DIRECTION('ref_axis',(0.,1.,0.));
#2425=DIRECTION('center_axis',(0.,0.,1.));
#2426=DIRECTION('ref_axis',(0.,1.,0.));
#2427=DIRECTION('',(-2.35696124453371E-15,-1.,0.));
#2428=DIRECTION('',(2.3839059743704E-15,1.,0.));
#2429=DIRECTION('',(0.,1.,0.));
#2430=DIRECTION('',(0.,1.,0.));
#2431=DIRECTION('center_axis',(0.,0.,1.));
#2432=DIRECTION('ref_axis',(0.,1.,0.));
#2433=DIRECTION('',(-1.,0.,0.));
#2434=DIRECTION('center_axis',(0.,0.,1.));
#2435=DIRECTION('ref_axis',(0.,1.,0.));
#2436=DIRECTION('',(1.,1.66407016489448E-16,0.));
#2437=DIRECTION('center_axis',(0.,0.,-1.));
#2438=DIRECTION('ref_axis',(0.,-1.,0.));
#2439=DIRECTION('',(1.321172945743E-16,-1.,0.));
#2440=DIRECTION('center_axis',(0.,0.,1.));
#2441=DIRECTION('ref_axis',(0.,1.,0.));
#2442=DIRECTION('center_axis',(0.,0.,1.));
#2443=DIRECTION('ref_axis',(0.,1.,0.));
#2444=DIRECTION('',(0.,-1.,0.));
#2445=DIRECTION('center_axis',(0.,0.,1.));
#2446=DIRECTION('ref_axis',(0.,1.,0.));
#2447=DIRECTION('',(-1.,0.,0.));
#2448=DIRECTION('center_axis',(0.,0.,1.));
#2449=DIRECTION('ref_axis',(0.,1.,0.));
#2450=DIRECTION('',(2.38370690404614E-15,1.,0.));
#2451=DIRECTION('center_axis',(0.,0.,-1.));
#2452=DIRECTION('ref_axis',(0.,-1.,0.));
#2453=DIRECTION('',(-1.,4.02972542494988E-15,0.));
#2454=DIRECTION('center_axis',(0.,0.,1.));
#2455=DIRECTION('ref_axis',(0.,1.,0.));
#2456=DIRECTION('center_axis',(0.,0.,1.));
#2457=DIRECTION('ref_axis',(0.,1.,0.));
#2458=DIRECTION('',(-1.,0.,0.));
#2459=DIRECTION('center_axis',(0.,0.,1.));
#2460=DIRECTION('ref_axis',(0.,1.,0.));
#2461=DIRECTION('center_axis',(0.,0.,1.));
#2462=DIRECTION('ref_axis',(0.,1.,0.));
#2463=DIRECTION('center_axis',(0.,0.,1.));
#2464=DIRECTION('ref_axis',(0.,1.,0.));
#2465=DIRECTION('center_axis',(-1.75224593533011E-16,1.,0.));
#2466=DIRECTION('ref_axis',(-1.,-1.75224593533011E-16,0.));
#2467=DIRECTION('',(1.,1.75224593533011E-16,0.));
#2468=DIRECTION('center_axis',(5.25673780599033E-16,-1.,0.));
#2469=DIRECTION('ref_axis',(1.,5.25673780599033E-16,0.));
#2470=DIRECTION('',(-1.,-5.78241158658935E-16,0.));
#2471=DIRECTION('',(0.,0.,1.));
#2472=DIRECTION('',(-1.,-5.25673780599033E-16,0.));
#2473=DIRECTION('center_axis',(0.,0.,1.));
#2474=DIRECTION('ref_axis',(0.,1.,0.));
#2475=DIRECTION('',(0.707106781186547,0.707106781186548,0.));
#2476=DIRECTION('center_axis',(0.,0.,1.));
#2477=DIRECTION('ref_axis',(0.,1.,0.));
#2478=DIRECTION('center_axis',(0.707106781186548,-0.707106781186548,0.));
#2479=DIRECTION('ref_axis',(0.707106781186548,0.707106781186548,0.));
#2480=DIRECTION('',(-0.707106781186547,-0.707106781186548,0.));
#2481=DIRECTION('center_axis',(0.,0.,1.));
#2482=DIRECTION('ref_axis',(0.,1.,0.));
#2483=DIRECTION('center_axis',(0.,0.,1.));
#2484=DIRECTION('ref_axis',(0.,1.,0.));
#2485=DIRECTION('center_axis',(0.,0.,1.));
#2486=DIRECTION('ref_axis',(0.,1.,0.));
#2487=DIRECTION('center_axis',(0.,0.,1.));
#2488=DIRECTION('ref_axis',(0.,1.,0.));
#2489=DIRECTION('',(4.30002198846827E-17,-0.351123441588392,0.936329177569044));
#2490=DIRECTION('center_axis',(0.,1.,0.));
#2491=DIRECTION('ref_axis',(0.,0.,-1.));
#2492=DIRECTION('',(0.,0.,-1.));
#2493=DIRECTION('',(1.,0.,0.));
#2494=DIRECTION('',(0.,0.,-1.));
#2495=DIRECTION('center_axis',(-1.,2.3839059743704E-15,0.));
#2496=DIRECTION('ref_axis',(-2.3839059743704E-15,-1.,0.));
#2497=DIRECTION('',(0.,0.,-1.));
#2498=DIRECTION('',(2.3839059743704E-15,1.,0.));
#2499=DIRECTION('center_axis',(0.,-1.,0.));
#2500=DIRECTION('ref_axis',(0.,0.,1.));
#2501=DIRECTION('',(0.,0.,-1.));
#2502=DIRECTION('',(-1.,0.,0.));
#2503=DIRECTION('center_axis',(1.,0.,0.));
#2504=DIRECTION('ref_axis',(0.,0.,-1.));
#2505=DIRECTION('',(0.,-1.,0.));
#2506=DIRECTION('center_axis',(0.,0.,1.));
#2507=DIRECTION('ref_axis',(0.,1.,0.));
#2508=DIRECTION('center_axis',(0.,1.,0.));
#2509=DIRECTION('ref_axis',(0.,0.,-1.));
#2510=DIRECTION('center_axis',(0.,-1.,0.));
#2511=DIRECTION('ref_axis',(0.,0.,-1.));
#2512=DIRECTION('',(-1.,0.,0.));
#2513=DIRECTION('center_axis',(0.,-1.,0.));
#2514=DIRECTION('ref_axis',(0.,0.,-1.));
#2515=DIRECTION('',(0.,0.,-1.));
#2516=DIRECTION('center_axis',(0.,-1.,0.));
#2517=DIRECTION('ref_axis',(0.,0.,-1.));
#2518=DIRECTION('center_axis',(0.,-1.,0.));
#2519=DIRECTION('ref_axis',(0.,0.,1.));
#2520=DIRECTION('',(1.,-3.46944695195361E-16,0.));
#2521=DIRECTION('center_axis',(0.,1.,0.));
#2522=DIRECTION('ref_axis',(0.,0.,1.));
#2523=DIRECTION('center_axis',(0.,1.,0.));
#2524=DIRECTION('ref_axis',(0.,0.,1.));
#2525=DIRECTION('',(0.,0.,1.));
#2526=DIRECTION('center_axis',(0.,1.,0.));
#2527=DIRECTION('ref_axis',(0.,0.,1.));
#2528=DIRECTION('center_axis',(1.,0.,0.));
#2529=DIRECTION('ref_axis',(0.,0.,-1.));
#2530=DIRECTION('',(0.,1.,0.));
#2531=DIRECTION('',(0.,-1.,-2.16840434497101E-16));
#2532=DIRECTION('center_axis',(0.,1.,2.16840434497101E-16));
#2533=DIRECTION('ref_axis',(0.,2.16840434497101E-16,-1.));
#2534=DIRECTION('center_axis',(0.,0.,-1.));
#2535=DIRECTION('ref_axis',(0.,-1.,0.));
#2536=DIRECTION('',(2.16840434497101E-16,1.,0.));
#2537=DIRECTION('',(0.,-1.,0.));
#2538=DIRECTION('center_axis',(-2.16840434497101E-16,-1.,0.));
#2539=DIRECTION('ref_axis',(1.,-2.16840434497101E-16,0.));
#2540=DIRECTION('center_axis',(0.,-1.,0.));
#2541=DIRECTION('ref_axis',(0.,0.,1.));
#2542=DIRECTION('center_axis',(-3.50449187066022E-16,1.,0.));
#2543=DIRECTION('ref_axis',(-1.,-3.50449187066022E-16,0.));
#2544=DIRECTION('',(-1.,-3.46944695195361E-16,0.));
#2545=DIRECTION('center_axis',(3.50449187066022E-16,-1.,0.));
#2546=DIRECTION('ref_axis',(-1.,-3.50449187066022E-16,0.));
#2547=DIRECTION('center_axis',(3.50449187066022E-16,-1.,0.));
#2548=DIRECTION('ref_axis',(-1.,-3.50449187066022E-16,0.));
#2549=DIRECTION('',(0.,0.,-1.));
#2550=DIRECTION('center_axis',(3.50449187066022E-16,-1.,0.));
#2551=DIRECTION('ref_axis',(-1.,-3.50449187066022E-16,0.));
#2552=DIRECTION('center_axis',(3.50449187066022E-16,-1.,0.));
#2553=DIRECTION('ref_axis',(1.,3.50449187066022E-16,0.));
#2554=DIRECTION('center_axis',(-3.50449187066022E-16,1.,0.));
#2555=DIRECTION('ref_axis',(1.,3.50449187066022E-16,0.));
#2556=DIRECTION('',(1.,7.80625564189563E-16,0.));
#2557=DIRECTION('center_axis',(-3.50449187066022E-16,1.,0.));
#2558=DIRECTION('ref_axis',(1.,3.50449187066022E-16,0.));
#2559=DIRECTION('',(0.,0.,1.));
#2560=DIRECTION('center_axis',(-3.50449187066022E-16,1.,0.));
#2561=DIRECTION('ref_axis',(1.,3.50449187066022E-16,0.));
#2562=DIRECTION('center_axis',(-1.,-4.33680868994202E-16,0.));
#2563=DIRECTION('ref_axis',(4.33680868994202E-16,-1.,0.));
#2564=DIRECTION('',(4.33680868994202E-16,-1.,0.));
#2565=DIRECTION('',(-4.33680868994202E-16,1.,-2.16840434497101E-16));
#2566=DIRECTION('center_axis',(4.33680868994202E-16,-1.,2.16840434497101E-16));
#2567=DIRECTION('ref_axis',(1.,4.33680868994202E-16,-9.40395480657831E-32));
#2568=DIRECTION('center_axis',(0.,0.,1.));
#2569=DIRECTION('ref_axis',(0.,1.,0.));
#2570=DIRECTION('',(4.33680868994202E-16,-1.,0.));
#2571=DIRECTION('',(-4.33680868994202E-16,1.,0.));
#2572=DIRECTION('center_axis',(-4.33680868994202E-16,1.,0.));
#2573=DIRECTION('ref_axis',(-1.,-4.33680868994202E-16,0.));
#2574=DIRECTION('center_axis',(-4.33680868994202E-16,1.,0.));
#2575=DIRECTION('ref_axis',(-1.,-4.33680868994202E-16,0.));
#2576=DIRECTION('center_axis',(5.25673780599032E-16,-1.,0.));
#2577=DIRECTION('ref_axis',(1.,5.25673780599032E-16,0.));
#2578=DIRECTION('',(1.,6.93889390390723E-16,0.));
#2579=DIRECTION('center_axis',(-5.25673780599032E-16,1.,0.));
#2580=DIRECTION('ref_axis',(1.,5.25673780599032E-16,0.));
#2581=DIRECTION('center_axis',(-5.25673780599032E-16,1.,0.));
#2582=DIRECTION('ref_axis',(1.,5.25673780599032E-16,0.));
#2583=DIRECTION('',(0.,0.,-1.));
#2584=DIRECTION('center_axis',(-5.25673780599032E-16,1.,0.));
#2585=DIRECTION('ref_axis',(1.,5.25673780599032E-16,0.));
#2586=DIRECTION('center_axis',(-5.25673780599032E-16,1.,0.));
#2587=DIRECTION('ref_axis',(-1.,-5.25673780599032E-16,0.));
#2588=DIRECTION('center_axis',(5.25673780599032E-16,-1.,0.));
#2589=DIRECTION('ref_axis',(-1.,-5.25673780599032E-16,0.));
#2590=DIRECTION('',(-1.,-9.54097911787244E-16,0.));
#2591=DIRECTION('center_axis',(5.25673780599032E-16,-1.,0.));
#2592=DIRECTION('ref_axis',(-1.,-5.25673780599032E-16,0.));
#2593=DIRECTION('',(0.,0.,1.));
#2594=DIRECTION('center_axis',(5.25673780599032E-16,-1.,0.));
#2595=DIRECTION('ref_axis',(-1.,-5.25673780599032E-16,0.));
#2596=DIRECTION('center_axis',(1.,4.33680868994202E-16,0.));
#2597=DIRECTION('ref_axis',(-4.33680868994202E-16,1.,0.));
#2598=DIRECTION('',(-4.33680868994202E-16,1.,0.));
#2599=DIRECTION('',(4.33680868994202E-16,-1.,-2.16840434497101E-16));
#2600=DIRECTION('center_axis',(-4.33680868994202E-16,1.,2.16840434497101E-16));
#2601=DIRECTION('ref_axis',(-1.,-4.33680868994202E-16,-9.40395480657831E-32));
#2602=DIRECTION('center_axis',(0.,0.,1.));
#2603=DIRECTION('ref_axis',(0.,1.,0.));
#2604=DIRECTION('',(-8.67361737988404E-16,1.,0.));
#2605=DIRECTION('',(4.33680868994202E-16,-1.,0.));
#2606=DIRECTION('center_axis',(8.67361737988404E-16,-1.,0.));
#2607=DIRECTION('ref_axis',(1.,8.67361737988404E-16,0.));
#2608=DIRECTION('center_axis',(4.33680868994202E-16,-1.,0.));
#2609=DIRECTION('ref_axis',(1.,4.33680868994202E-16,0.));
#2610=DIRECTION('center_axis',(1.75224593533011E-16,-1.,0.));
#2611=DIRECTION('ref_axis',(1.,1.75224593533011E-16,0.));
#2612=DIRECTION('center_axis',(-1.75224593533011E-16,1.,0.));
#2613=DIRECTION('ref_axis',(1.,1.75224593533011E-16,0.));
#2614=DIRECTION('',(1.,0.,0.));
#2615=DIRECTION('center_axis',(-1.75224593533011E-16,1.,0.));
#2616=DIRECTION('ref_axis',(1.,1.75224593533011E-16,0.));
#2617=DIRECTION('',(0.,0.,-1.));
#2618=DIRECTION('center_axis',(-1.75224593533011E-16,1.,0.));
#2619=DIRECTION('ref_axis',(1.,1.75224593533011E-16,0.));
#2620=DIRECTION('center_axis',(-1.75224593533011E-16,1.,0.));
#2621=DIRECTION('ref_axis',(-1.,-1.75224593533011E-16,0.));
#2622=DIRECTION('',(-1.,1.73472347597681E-16,0.));
#2623=DIRECTION('center_axis',(1.75224593533011E-16,-1.,0.));
#2624=DIRECTION('ref_axis',(-1.,-1.75224593533011E-16,0.));
#2625=DIRECTION('center_axis',(1.75224593533011E-16,-1.,0.));
#2626=DIRECTION('ref_axis',(-1.,-1.75224593533011E-16,0.));
#2627=DIRECTION('',(0.,0.,1.));
#2628=DIRECTION('center_axis',(1.75224593533011E-16,-1.,0.));
#2629=DIRECTION('ref_axis',(-1.,-1.75224593533011E-16,0.));
#2630=DIRECTION('center_axis',(-1.,0.,0.));
#2631=DIRECTION('ref_axis',(0.,0.,1.));
#2632=DIRECTION('',(0.,-1.,0.));
#2633=DIRECTION('',(0.,1.,-2.16840434497101E-16));
#2634=DIRECTION('center_axis',(0.,-1.,2.16840434497101E-16));
#2635=DIRECTION('ref_axis',(0.,2.16840434497101E-16,1.));
#2636=DIRECTION('center_axis',(0.,0.,-1.));
#2637=DIRECTION('ref_axis',(0.,-1.,0.));
#2638=DIRECTION('',(2.16840434497101E-16,-1.,0.));
#2639=DIRECTION('',(0.,1.,0.));
#2640=DIRECTION('center_axis',(-2.16840434497101E-16,1.,0.));
#2641=DIRECTION('ref_axis',(-1.,-2.16840434497101E-16,0.));
#2642=DIRECTION('center_axis',(0.,1.,0.));
#2643=DIRECTION('ref_axis',(0.,0.,-1.));
#2644=DIRECTION('center_axis',(0.,-1.,0.));
#2645=DIRECTION('ref_axis',(0.,0.,1.));
#2646=DIRECTION('',(1.,0.,0.));
#2647=DIRECTION('',(0.,0.,1.));
#2648=DIRECTION('center_axis',(2.06514699521049E-16,1.,0.));
#2649=DIRECTION('ref_axis',(-1.,2.06514699521049E-16,0.));
#2650=DIRECTION('',(0.,0.,1.));
#2651=DIRECTION('',(-1.,2.06514699521049E-16,0.));
#2652=DIRECTION('center_axis',(1.,0.,0.));
#2653=DIRECTION('ref_axis',(0.,0.,-1.));
#2654=DIRECTION('',(0.,1.,0.));
#2655=DIRECTION('center_axis',(0.,0.,-1.));
#2656=DIRECTION('ref_axis',(0.,-1.,0.));
#2657=DIRECTION('center_axis',(-5.16286748802622E-16,1.,0.));
#2658=DIRECTION('ref_axis',(-1.,-5.16286748802622E-16,0.));
#2659=DIRECTION('',(0.,0.,1.));
#2660=DIRECTION('',(-1.,-5.16286748802622E-16,0.));
#2661=DIRECTION('center_axis',(7.22801448323671E-16,-1.,0.));
#2662=DIRECTION('ref_axis',(1.,7.22801448323671E-16,0.));
#2663=DIRECTION('',(1.,7.22801448323671E-16,0.));
#2664=DIRECTION('',(0.,0.,1.));
#2665=DIRECTION('center_axis',(1.,4.33680868994202E-16,0.));
#2666=DIRECTION('ref_axis',(-4.33680868994202E-16,1.,0.));
#2667=DIRECTION('',(-4.33680868994202E-16,1.,0.));
#2668=DIRECTION('center_axis',(0.,0.,1.));
#2669=DIRECTION('ref_axis',(0.,1.,0.));
#2670=DIRECTION('center_axis',(0.,0.,-1.));
#2671=DIRECTION('ref_axis',(0.,-1.,0.));
#2672=DIRECTION('center_axis',(0.,0.,1.));
#2673=DIRECTION('ref_axis',(-1.22464679914733E-16,1.,0.));
#2674=DIRECTION('',(0.,0.,-1.));
#2675=DIRECTION('center_axis',(0.,0.,-1.));
#2676=DIRECTION('ref_axis',(0.,-1.,0.));
#2677=DIRECTION('center_axis',(-0.965925826289067,-0.258819045102524,0.));
#2678=DIRECTION('ref_axis',(-0.258819045102524,0.965925826289067,0.));
#2679=DIRECTION('',(0.258819045102524,-0.965925826289067,0.));
#2680=DIRECTION('',(0.,0.,-1.));
#2681=DIRECTION('',(-0.258819045102524,0.965925826289067,0.));
#2682=DIRECTION('',(0.,0.,-1.));
#2683=DIRECTION('center_axis',(0.27472004846007,-0.961524256050827,0.));
#2684=DIRECTION('ref_axis',(-0.961524256050827,-0.274720048460069,0.));
#2685=DIRECTION('',(0.961524256050827,0.274720048460069,0.));
#2686=DIRECTION('',(-0.961524256050827,-0.274720048460069,0.));
#2687=DIRECTION('',(0.,0.,-1.));
#2688=DIRECTION('center_axis',(0.965925826289067,0.258819045102525,0.));
#2689=DIRECTION('ref_axis',(0.258819045102525,-0.965925826289067,0.));
#2690=DIRECTION('',(-0.258819045102525,0.965925826289067,0.));
#2691=DIRECTION('',(0.258819045102525,-0.965925826289067,0.));
#2692=DIRECTION('',(0.,0.,-1.));
#2693=DIRECTION('center_axis',(-0.258819045102525,0.965925826289067,0.));
#2694=DIRECTION('ref_axis',(0.965925826289067,0.258819045102525,0.));
#2695=DIRECTION('',(-0.965925826289067,-0.258819045102525,0.));
#2696=DIRECTION('',(0.965925826289067,0.258819045102525,0.));
#2697=DIRECTION('center_axis',(0.,0.,-1.));
#2698=DIRECTION('ref_axis',(-1.,0.,0.));
#2699=DIRECTION('center_axis',(-0.965925826289069,0.258819045102517,0.));
#2700=DIRECTION('ref_axis',(0.258819045102517,0.965925826289069,0.));
#2701=DIRECTION('',(-0.258819045102517,-0.965925826289069,0.));
#2702=DIRECTION('',(0.,0.,-1.));
#2703=DIRECTION('',(0.258819045102517,0.965925826289069,0.));
#2704=DIRECTION('',(0.,0.,-1.));
#2705=DIRECTION('center_axis',(-0.242847587130105,-0.970064456324984,0.));
#2706=DIRECTION('ref_axis',(-0.970064456324984,0.242847587130105,0.));
#2707=DIRECTION('',(0.970064456324984,-0.242847587130105,0.));
#2708=DIRECTION('',(-0.970064456324984,0.242847587130105,0.));
#2709=DIRECTION('',(0.,0.,-1.));
#2710=DIRECTION('center_axis',(0.965925826289069,-0.258819045102516,0.));
#2711=DIRECTION('ref_axis',(-0.258819045102516,-0.96592582628907,0.));
#2712=DIRECTION('',(0.258819045102516,0.96592582628907,0.));
#2713=DIRECTION('',(-0.258819045102516,-0.96592582628907,0.));
#2714=DIRECTION('',(0.,0.,-1.));
#2715=DIRECTION('center_axis',(0.258819045102521,0.965925826289068,0.));
#2716=DIRECTION('ref_axis',(0.965925826289068,-0.258819045102521,0.));
#2717=DIRECTION('',(-0.965925826289068,0.258819045102521,0.));
#2718=DIRECTION('',(0.965925826289068,-0.258819045102521,0.));
#2719=DIRECTION('center_axis',(0.,0.,-1.));
#2720=DIRECTION('ref_axis',(-1.,0.,0.));
#2721=DIRECTION('center_axis',(-0.274720048460061,-0.96152425605083,0.));
#2722=DIRECTION('ref_axis',(-0.96152425605083,0.274720048460061,0.));
#2723=DIRECTION('',(0.96152425605083,-0.274720048460061,0.));
#2724=DIRECTION('',(0.,0.,-1.));
#2725=DIRECTION('',(-0.96152425605083,0.274720048460061,0.));
#2726=DIRECTION('',(0.,0.,-1.));
#2727=DIRECTION('center_axis',(0.965925826289068,-0.258819045102521,0.));
#2728=DIRECTION('ref_axis',(-0.258819045102521,-0.965925826289068,0.));
#2729=DIRECTION('',(0.258819045102521,0.965925826289068,0.));
#2730=DIRECTION('',(-0.258819045102521,-0.965925826289068,0.));
#2731=DIRECTION('',(0.,0.,-1.));
#2732=DIRECTION('center_axis',(0.258819045102517,0.965925826289069,0.));
#2733=DIRECTION('ref_axis',(0.965925826289069,-0.258819045102517,0.));
#2734=DIRECTION('',(-0.965925826289069,0.258819045102517,0.));
#2735=DIRECTION('',(0.965925826289069,-0.258819045102517,0.));
#2736=DIRECTION('',(0.,0.,-1.));
#2737=DIRECTION('center_axis',(-0.965925826289068,0.258819045102522,0.));
#2738=DIRECTION('ref_axis',(0.258819045102522,0.965925826289068,0.));
#2739=DIRECTION('',(-0.258819045102522,-0.965925826289068,0.));
#2740=DIRECTION('',(0.258819045102522,0.965925826289068,0.));
#2741=DIRECTION('center_axis',(0.,0.,-1.));
#2742=DIRECTION('ref_axis',(-1.,0.,0.));
#2743=DIRECTION('center_axis',(-0.258819045102521,0.965925826289068,0.));
#2744=DIRECTION('ref_axis',(0.965925826289068,0.258819045102521,0.));
#2745=DIRECTION('',(-0.965925826289068,-0.258819045102521,0.));
#2746=DIRECTION('',(0.,0.,-1.));
#2747=DIRECTION('',(0.965925826289068,0.258819045102521,0.));
#2748=DIRECTION('',(0.,0.,-1.));
#2749=DIRECTION('center_axis',(-0.965925826289069,-0.25881904510252,0.));
#2750=DIRECTION('ref_axis',(-0.25881904510252,0.965925826289068,0.));
#2751=DIRECTION('',(0.25881904510252,-0.965925826289068,0.));
#2752=DIRECTION('',(-0.25881904510252,0.965925826289068,0.));
#2753=DIRECTION('',(0.,0.,-1.));
#2754=DIRECTION('center_axis',(0.24284758713011,-0.970064456324982,0.));
#2755=DIRECTION('ref_axis',(-0.970064456324982,-0.24284758713011,0.));
#2756=DIRECTION('',(0.970064456324982,0.24284758713011,0.));
#2757=DIRECTION('',(-0.970064456324982,-0.24284758713011,0.));
#2758=DIRECTION('',(0.,0.,-1.));
#2759=DIRECTION('center_axis',(0.965925826289068,0.258819045102521,0.));
#2760=DIRECTION('ref_axis',(0.258819045102521,-0.965925826289068,0.));
#2761=DIRECTION('',(-0.258819045102521,0.965925826289068,0.));
#2762=DIRECTION('',(0.258819045102521,-0.965925826289068,0.));
#2763=DIRECTION('center_axis',(0.,0.,-1.));
#2764=DIRECTION('ref_axis',(-1.,0.,0.));
#2765=DIRECTION('center_axis',(-0.965925826289067,-0.258819045102525,0.));
#2766=DIRECTION('ref_axis',(-0.258819045102525,0.965925826289067,0.));
#2767=DIRECTION('',(0.258819045102525,-0.965925826289067,0.));
#2768=DIRECTION('',(0.,0.,-1.));
#2769=DIRECTION('',(-0.258819045102525,0.965925826289067,0.));
#2770=DIRECTION('',(0.,0.,-1.));
#2771=DIRECTION('center_axis',(0.274720048460065,-0.961524256050829,0.));
#2772=DIRECTION('ref_axis',(-0.961524256050829,-0.274720048460065,0.));
#2773=DIRECTION('',(0.961524256050829,0.274720048460065,0.));
#2774=DIRECTION('',(-0.961524256050829,-0.274720048460065,0.));
#2775=DIRECTION('',(0.,0.,-1.));
#2776=DIRECTION('center_axis',(0.965925826289067,0.258819045102527,0.));
#2777=DIRECTION('ref_axis',(0.258819045102527,-0.965925826289067,0.));
#2778=DIRECTION('',(-0.258819045102527,0.965925826289067,0.));
#2779=DIRECTION('',(0.258819045102527,-0.965925826289067,0.));
#2780=DIRECTION('',(0.,0.,-1.));
#2781=DIRECTION('center_axis',(-0.258819045102521,0.965925826289068,0.));
#2782=DIRECTION('ref_axis',(0.965925826289068,0.258819045102521,0.));
#2783=DIRECTION('',(-0.965925826289068,-0.258819045102521,0.));
#2784=DIRECTION('',(0.965925826289068,0.258819045102521,0.));
#2785=DIRECTION('center_axis',(0.,0.,-1.));
#2786=DIRECTION('ref_axis',(-1.,0.,0.));
#2787=DIRECTION('center_axis',(-0.96592582628907,0.258819045102516,0.));
#2788=DIRECTION('ref_axis',(0.258819045102516,0.96592582628907,0.));
#2789=DIRECTION('',(-0.258819045102516,-0.96592582628907,0.));
#2790=DIRECTION('',(0.,0.,-1.));
#2791=DIRECTION('',(0.258819045102516,0.96592582628907,0.));
#2792=DIRECTION('',(0.,0.,-1.));
#2793=DIRECTION('center_axis',(-0.242847587130105,-0.970064456324984,0.));
#2794=DIRECTION('ref_axis',(-0.970064456324984,0.242847587130105,0.));
#2795=DIRECTION('',(0.970064456324984,-0.242847587130105,0.));
#2796=DIRECTION('',(-0.970064456324984,0.242847587130105,0.));
#2797=DIRECTION('',(0.,0.,-1.));
#2798=DIRECTION('center_axis',(0.96592582628907,-0.258819045102515,0.));
#2799=DIRECTION('ref_axis',(-0.258819045102515,-0.96592582628907,0.));
#2800=DIRECTION('',(0.258819045102515,0.96592582628907,0.));
#2801=DIRECTION('',(-0.258819045102515,-0.96592582628907,0.));
#2802=DIRECTION('',(0.,0.,-1.));
#2803=DIRECTION('center_axis',(0.258819045102521,0.965925826289068,0.));
#2804=DIRECTION('ref_axis',(0.965925826289068,-0.258819045102521,0.));
#2805=DIRECTION('',(-0.965925826289068,0.258819045102521,0.));
#2806=DIRECTION('',(0.965925826289068,-0.258819045102521,0.));
#2807=DIRECTION('center_axis',(0.,0.,-1.));
#2808=DIRECTION('ref_axis',(-1.,0.,0.));
#2809=DIRECTION('center_axis',(-0.965925826289068,0.258819045102522,0.));
#2810=DIRECTION('ref_axis',(0.258819045102522,0.965925826289068,0.));
#2811=DIRECTION('',(-0.258819045102522,-0.965925826289068,0.));
#2812=DIRECTION('',(0.,0.,-1.));
#2813=DIRECTION('',(0.258819045102522,0.965925826289068,0.));
#2814=DIRECTION('',(0.,0.,-1.));
#2815=DIRECTION('center_axis',(-0.274720048460061,-0.96152425605083,0.));
#2816=DIRECTION('ref_axis',(-0.96152425605083,0.274720048460061,0.));
#2817=DIRECTION('',(0.96152425605083,-0.274720048460061,0.));
#2818=DIRECTION('',(-0.96152425605083,0.274720048460061,0.));
#2819=DIRECTION('',(0.,0.,-1.));
#2820=DIRECTION('center_axis',(0.965925826289068,-0.258819045102521,0.));
#2821=DIRECTION('ref_axis',(-0.258819045102521,-0.965925826289068,0.));
#2822=DIRECTION('',(0.258819045102521,0.965925826289068,0.));
#2823=DIRECTION('',(-0.258819045102521,-0.965925826289068,0.));
#2824=DIRECTION('',(0.,0.,-1.));
#2825=DIRECTION('center_axis',(0.258819045102517,0.965925826289069,0.));
#2826=DIRECTION('ref_axis',(0.965925826289069,-0.258819045102517,0.));
#2827=DIRECTION('',(-0.965925826289069,0.258819045102517,0.));
#2828=DIRECTION('',(0.965925826289069,-0.258819045102517,0.));
#2829=DIRECTION('center_axis',(0.,0.,-1.));
#2830=DIRECTION('ref_axis',(-1.,0.,0.));
#2831=DIRECTION('center_axis',(-0.258819045102525,0.965925826289067,0.));
#2832=DIRECTION('ref_axis',(0.965925826289067,0.258819045102525,0.));
#2833=DIRECTION('',(-0.965925826289067,-0.258819045102525,0.));
#2834=DIRECTION('',(0.,0.,-1.));
#2835=DIRECTION('',(0.965925826289067,0.258819045102525,0.));
#2836=DIRECTION('',(0.,0.,-1.));
#2837=DIRECTION('center_axis',(-0.965925826289068,-0.258819045102521,0.));
#2838=DIRECTION('ref_axis',(-0.258819045102521,0.965925826289068,0.));
#2839=DIRECTION('',(0.258819045102521,-0.965925826289068,0.));
#2840=DIRECTION('',(-0.258819045102521,0.965925826289068,0.));
#2841=DIRECTION('',(0.,0.,-1.));
#2842=DIRECTION('center_axis',(0.24284758713011,-0.970064456324982,0.));
#2843=DIRECTION('ref_axis',(-0.970064456324982,-0.24284758713011,0.));
#2844=DIRECTION('',(0.970064456324982,0.24284758713011,0.));
#2845=DIRECTION('',(-0.970064456324982,-0.24284758713011,0.));
#2846=DIRECTION('',(0.,0.,-1.));
#2847=DIRECTION('center_axis',(0.965925826289068,0.258819045102521,0.));
#2848=DIRECTION('ref_axis',(0.258819045102521,-0.965925826289068,0.));
#2849=DIRECTION('',(-0.258819045102521,0.965925826289068,0.));
#2850=DIRECTION('',(0.258819045102521,-0.965925826289068,0.));
#2851=DIRECTION('center_axis',(0.,0.,-1.));
#2852=DIRECTION('ref_axis',(-1.,0.,0.));
#2853=DIRECTION('center_axis',(0.,0.,1.));
#2854=DIRECTION('ref_axis',(1.,0.,0.));
#2855=DIRECTION('center_axis',(0.,0.,-1.));
#2856=DIRECTION('ref_axis',(1.,0.,0.));
#2857=DIRECTION('',(0.,0.,-1.));
#2858=DIRECTION('center_axis',(0.,0.,1.));
#2859=DIRECTION('ref_axis',(1.,0.,0.));
#2860=DIRECTION('center_axis',(0.,0.,1.));
#2861=DIRECTION('ref_axis',(1.,0.,0.));
#2862=DIRECTION('center_axis',(0.,0.,1.));
#2863=DIRECTION('ref_axis',(1.,0.,0.));
#2864=DIRECTION('',(0.,0.,-1.));
#2865=DIRECTION('center_axis',(0.,0.,1.));
#2866=DIRECTION('ref_axis',(1.,0.,0.));
#2867=DIRECTION('center_axis',(0.,0.,1.));
#2868=DIRECTION('ref_axis',(1.,0.,0.));
#2869=DIRECTION('center_axis',(0.,0.,1.));
#2870=DIRECTION('ref_axis',(1.,0.,0.));
#2871=DIRECTION('',(2.76739881231236E-17,5.44502094845881E-17,1.));
#2872=DIRECTION('',(1.,6.16297582203915E-33,-2.7755575615629E-17));
#2873=DIRECTION('',(4.08237710689753E-17,4.54323084078083E-17,1.));
#2874=DIRECTION('',(0.965925826289068,-0.258819045102521,-2.7755575615629E-17));
#2875=DIRECTION('',(5.11914814809479E-17,3.33182705934759E-17,1.));
#2876=DIRECTION('',(0.866025403784439,-0.5,-2.7755575615629E-17));
#2877=DIRECTION('',(5.8070577027917E-17,1.89336476992437E-17,1.));
#2878=DIRECTION('',(0.707106781186547,-0.707106781186547,-2.7755575615629E-17));
#2879=DIRECTION('',(6.09922587165995E-17,3.25872800364022E-18,1.));
#2880=DIRECTION('',(0.5,-0.866025403784439,-2.7755575615629E-17));
#2881=DIRECTION('',(5.9757418768219E-17,-1.26382686201087E-17,1.));
#2882=DIRECTION('',(0.258819045102521,-0.965925826289068,-2.7755575615629E-17));
#2883=DIRECTION('',(5.44502094845881E-17,-2.76739881231236E-17,1.));
#2884=DIRECTION('',(6.12323399573676E-17,-1.,-2.7755575615629E-17));
#2885=DIRECTION('',(4.54323084078083E-17,-4.08237710689753E-17,1.));
#2886=DIRECTION('',(-0.258819045102521,-0.965925826289068,-2.7755575615629E-17));
#2887=DIRECTION('',(3.33182705934759E-17,-5.11914814809479E-17,1.));
#2888=DIRECTION('',(-0.5,-0.866025403784439,-2.7755575615629E-17));
#2889=DIRECTION('',(1.89336476992437E-17,-5.8070577027917E-17,1.));
#2890=DIRECTION('',(-0.707106781186547,-0.707106781186548,-2.7755575615629E-17));
#2891=DIRECTION('',(3.25872800364023E-18,-6.09922587165995E-17,1.));
#2892=DIRECTION('',(-0.866025403784438,-0.5,-2.7755575615629E-17));
#2893=DIRECTION('',(-1.26382686201087E-17,-5.9757418768219E-17,1.));
#2894=DIRECTION('',(-0.965925826289068,-0.258819045102521,-2.7755575615629E-17));
#2895=DIRECTION('',(-2.76739881231236E-17,-5.44502094845881E-17,1.));
#2896=DIRECTION('',(-1.,-1.22464679914735E-16,-2.7755575615629E-17));
#2897=DIRECTION('',(-4.08237710689753E-17,-4.54323084078083E-17,1.));
#2898=DIRECTION('',(-0.965925826289068,0.25881904510252,-2.7755575615629E-17));
#2899=DIRECTION('',(-5.11914814809479E-17,-3.33182705934759E-17,1.));
#2900=DIRECTION('',(-0.866025403784439,0.5,-2.7755575615629E-17));
#2901=DIRECTION('',(-5.80705770279169E-17,-1.89336476992437E-17,1.));
#2902=DIRECTION('',(-0.707106781186548,0.707106781186547,-2.7755575615629E-17));
#2903=DIRECTION('',(-6.09922587165995E-17,-3.25872800364024E-18,1.));
#2904=DIRECTION('',(-0.5,0.866025403784438,-2.7755575615629E-17));
#2905=DIRECTION('',(-5.9757418768219E-17,1.26382686201086E-17,1.));
#2906=DIRECTION('',(-0.258819045102521,0.965925826289068,-2.7755575615629E-17));
#2907=DIRECTION('',(-5.44502094845881E-17,2.76739881231236E-17,1.));
#2908=DIRECTION('',(-1.83697019872103E-16,1.,-2.7755575615629E-17));
#2909=DIRECTION('',(-4.54323084078083E-17,4.08237710689753E-17,1.));
#2910=DIRECTION('',(0.25881904510252,0.965925826289068,-2.7755575615629E-17));
#2911=DIRECTION('',(-3.33182705934759E-17,5.11914814809479E-17,1.));
#2912=DIRECTION('',(0.499999999999999,0.866025403784439,-2.7755575615629E-17));
#2913=DIRECTION('',(-1.89336476992437E-17,5.8070577027917E-17,1.));
#2914=DIRECTION('',(0.707106781186547,0.707106781186548,-2.7755575615629E-17));
#2915=DIRECTION('',(-3.25872800364024E-18,6.09922587165995E-17,1.));
#2916=DIRECTION('',(0.866025403784438,0.5,-2.7755575615629E-17));
#2917=DIRECTION('',(1.26382686201086E-17,5.9757418768219E-17,1.));
#2918=DIRECTION('',(0.965925826289068,0.258819045102522,-2.7755575615629E-17));
#2919=CARTESIAN_POINT('',(0.,0.,0.));
#2920=CARTESIAN_POINT('',(0.,0.,0.));
#2921=CARTESIAN_POINT('Origin',(1.46757606067638E-14,14.725,1.81));
#2922=CARTESIAN_POINT('',(1.42500000000002,15.225,1.81));
#2923=CARTESIAN_POINT('',(1.42500000000002,14.225,1.81));
#2924=CARTESIAN_POINT('',(1.42500000000002,15.225,1.81));
#2925=CARTESIAN_POINT('',(2.47500000000002,14.225,1.81));
#2926=CARTESIAN_POINT('',(1.42500000000002,14.225,1.81));
#2927=CARTESIAN_POINT('',(2.47500000000001,13.75,1.81));
#2928=CARTESIAN_POINT('',(2.47500000000001,12.25,1.81));
#2929=CARTESIAN_POINT('',(1.42500000000001,13.75,1.81));
#2930=CARTESIAN_POINT('',(1.42500000000001,13.75,1.81));
#2931=CARTESIAN_POINT('',(1.42500000000001,12.75,1.81));
#2932=CARTESIAN_POINT('',(1.42500000000001,12.75,1.81));
#2933=CARTESIAN_POINT('',(2.47500000000001,12.75,1.81));
#2934=CARTESIAN_POINT('',(2.67500000000001,12.75,1.81));
#2935=CARTESIAN_POINT('',(2.47500000000001,12.25,1.81));
#2936=CARTESIAN_POINT('',(2.47500000000001,12.25,1.81));
#2937=CARTESIAN_POINT('',(-2.47499999999998,12.25,1.81));
#2938=CARTESIAN_POINT('',(-2.47499999999998,12.25,1.81));
#2939=CARTESIAN_POINT('',(-2.47499999999998,12.75,1.81));
#2940=CARTESIAN_POINT('',(-2.47499999999999,17.2,1.81));
#2941=CARTESIAN_POINT('',(-1.42499999999998,12.75,1.81));
#2942=CARTESIAN_POINT('',(-2.67499999999998,12.75,1.81));
#2943=CARTESIAN_POINT('',(-1.42499999999998,13.75,1.81));
#2944=CARTESIAN_POINT('',(-1.42499999999998,12.75,1.81));
#2945=CARTESIAN_POINT('',(-2.47499999999999,13.75,1.81));
#2946=CARTESIAN_POINT('',(-1.42499999999998,13.75,1.81));
#2947=CARTESIAN_POINT('',(-2.47499999999999,14.225,1.81));
#2948=CARTESIAN_POINT('',(-2.47499999999999,17.2,1.81));
#2949=CARTESIAN_POINT('',(-1.42499999999999,14.225,1.81));
#2950=CARTESIAN_POINT('',(-1.42499999999999,14.225,1.81));
#2951=CARTESIAN_POINT('',(-1.42499999999999,15.225,1.81));
#2952=CARTESIAN_POINT('',(-1.42499999999999,15.225,1.81));
#2953=CARTESIAN_POINT('',(-2.47499999999999,15.225,1.81));
#2954=CARTESIAN_POINT('',(-2.47499999999999,15.225,1.81));
#2955=CARTESIAN_POINT('',(-2.47499999999999,15.7,1.81));
#2956=CARTESIAN_POINT('',(-2.47499999999999,17.2,1.81));
#2957=CARTESIAN_POINT('',(-1.42499999999999,15.7,1.81));
#2958=CARTESIAN_POINT('',(-1.42499999999999,15.7,1.81));
#2959=CARTESIAN_POINT('',(-1.42499999999999,16.7,1.81));
#2960=CARTESIAN_POINT('',(-1.42499999999999,16.7,1.81));
#2961=CARTESIAN_POINT('',(-2.47499999999999,16.7,1.81));
#2962=CARTESIAN_POINT('',(-2.67499999999999,16.7,1.81));
#2963=CARTESIAN_POINT('',(-2.47499999999999,17.2,1.81));
#2964=CARTESIAN_POINT('',(-2.47499999999999,17.2,1.81));
#2965=CARTESIAN_POINT('',(2.47500000000001,17.2,1.81));
#2966=CARTESIAN_POINT('',(2.47500000000001,17.2,1.81));
#2967=CARTESIAN_POINT('',(2.47500000000001,16.7,1.81));
#2968=CARTESIAN_POINT('',(2.47500000000001,12.25,1.81));
#2969=CARTESIAN_POINT('',(1.42500000000001,16.7,1.81));
#2970=CARTESIAN_POINT('',(2.67500000000001,16.7,1.81));
#2971=CARTESIAN_POINT('',(1.42500000000001,15.7,1.81));
#2972=CARTESIAN_POINT('',(1.42500000000001,16.7,1.81));
#2973=CARTESIAN_POINT('',(2.47500000000001,15.7,1.81));
#2974=CARTESIAN_POINT('',(1.42500000000001,15.7,1.81));
#2975=CARTESIAN_POINT('',(2.47500000000001,15.225,1.81));
#2976=CARTESIAN_POINT('',(2.47500000000001,12.25,1.81));
#2977=CARTESIAN_POINT('',(2.47500000000001,15.225,1.81));
#2978=CARTESIAN_POINT('',(1.46055811015587E-14,15.2980591485965,1.81));
#2979=CARTESIAN_POINT('Origin',(1.46757606067638E-14,14.725,1.81));
#2980=CARTESIAN_POINT('Origin',(-2.47499999999999,17.2,3.31));
#2981=CARTESIAN_POINT('',(-2.47499999999999,14.225,1.96));
#2982=CARTESIAN_POINT('',(-2.47499999999999,15.225,1.96));
#2983=CARTESIAN_POINT('',(-2.47499999999999,14.225,1.96));
#2984=CARTESIAN_POINT('',(-2.47499999999999,14.225,1.96));
#2985=CARTESIAN_POINT('',(-2.47499999999998,13.75,2.31));
#2986=CARTESIAN_POINT('',(-2.47499999999998,13.75,1.81));
#2987=CARTESIAN_POINT('',(-2.47499999999998,12.75,2.31));
#2988=CARTESIAN_POINT('',(-2.47499999999998,13.75,2.31));
#2989=CARTESIAN_POINT('',(-2.47499999999998,12.75,2.31));
#2990=CARTESIAN_POINT('',(-2.47499999999998,12.25,3.31));
#2991=CARTESIAN_POINT('',(-2.47499999999998,12.25,3.31));
#2992=CARTESIAN_POINT('',(-2.47499999999999,16.45,3.31));
#2993=CARTESIAN_POINT('',(-2.47499999999999,17.2,3.31));
#2994=CARTESIAN_POINT('',(-2.47499999999999,16.45,2.91));
#2995=CARTESIAN_POINT('',(-2.47499999999999,16.45,2.91));
#2996=CARTESIAN_POINT('',(-2.47499999999999,17.2,2.91));
#2997=CARTESIAN_POINT('',(-2.47499999999999,17.2,2.91));
#2998=CARTESIAN_POINT('',(-2.47499999999999,17.2,3.31));
#2999=CARTESIAN_POINT('',(-2.47499999999999,16.7,2.31));
#3000=CARTESIAN_POINT('',(-2.47499999999999,16.7,2.31));
#3001=CARTESIAN_POINT('',(-2.47499999999999,15.7,2.31));
#3002=CARTESIAN_POINT('',(-2.47499999999999,15.7,2.31));
#3003=CARTESIAN_POINT('',(-2.47499999999999,15.7,1.81));
#3004=CARTESIAN_POINT('',(-2.47499999999999,15.225,1.96));
#3005=CARTESIAN_POINT('Origin',(2.47500000000001,12.25,3.31));
#3006=CARTESIAN_POINT('',(2.47500000000002,14.225,1.96));
#3007=CARTESIAN_POINT('',(2.47500000000001,15.225,1.96));
#3008=CARTESIAN_POINT('',(2.47500000000001,14.225,1.96));
#3009=CARTESIAN_POINT('',(2.47500000000001,15.225,1.96));
#3010=CARTESIAN_POINT('',(2.47500000000001,15.7,2.31));
#3011=CARTESIAN_POINT('',(2.47500000000001,15.7,1.81));
#3012=CARTESIAN_POINT('',(2.47500000000001,16.7,2.31));
#3013=CARTESIAN_POINT('',(2.47500000000001,15.7,2.31));
#3014=CARTESIAN_POINT('',(2.47500000000001,16.7,2.31));
#3015=CARTESIAN_POINT('',(2.47500000000001,17.2,3.31));
#3016=CARTESIAN_POINT('',(2.47500000000001,17.2,3.31));
#3017=CARTESIAN_POINT('',(2.47500000000001,12.25,3.31));
#3018=CARTESIAN_POINT('',(2.47500000000001,12.25,3.31));
#3019=CARTESIAN_POINT('',(2.47500000000001,12.25,3.31));
#3020=CARTESIAN_POINT('',(2.47500000000001,12.75,2.31));
#3021=CARTESIAN_POINT('',(2.47500000000001,12.75,2.31));
#3022=CARTESIAN_POINT('',(2.47500000000001,13.75,2.31));
#3023=CARTESIAN_POINT('',(2.47500000000001,13.75,2.31));
#3024=CARTESIAN_POINT('',(2.47500000000001,13.75,1.81));
#3025=CARTESIAN_POINT('',(2.47500000000002,14.225,1.96));
#3026=CARTESIAN_POINT('Origin',(1.11230469279633E-14,14.725,2.91));
#3027=CARTESIAN_POINT('',(-1.0871429227061,14.2172229893039,2.91));
#3028=CARTESIAN_POINT('',(-0.167142922706096,14.2172229893039,2.91));
#3029=CARTESIAN_POINT('',(-1.0871429227061,14.2172229893039,2.91));
#3030=CARTESIAN_POINT('',(-0.987142922706097,14.1172229893039,2.91));
#3031=CARTESIAN_POINT('Origin',(-0.987142922706097,14.2172229893039,2.91));
#3032=CARTESIAN_POINT('',(-0.267142922706096,14.1172229893039,2.91));
#3033=CARTESIAN_POINT('',(-0.267142922706097,14.1172229893039,2.91));
#3034=CARTESIAN_POINT('Origin',(-0.267142922706096,14.2172229893039,2.91));
#3035=CARTESIAN_POINT('Origin',(1.11230469279633E-14,14.725,2.91));
#3036=CARTESIAN_POINT('',(0.14009885757011,16.5195395816497,2.91));
#3037=CARTESIAN_POINT('',(0.14009885756541,15.3595395816501,2.91));
#3038=CARTESIAN_POINT('',(0.140098857565412,16.5195395816501,2.91));
#3039=CARTESIAN_POINT('',(0.24009885756541,15.2595395816501,2.91));
#3040=CARTESIAN_POINT('Origin',(0.24009885756541,15.3595395816501,2.91));
#3041=CARTESIAN_POINT('',(0.867119910701462,15.2595395816501,2.91));
#3042=CARTESIAN_POINT('',(0.24009885756541,15.2595395816501,2.91));
#3043=CARTESIAN_POINT('',(0.967119910701462,15.3595395816501,2.91));
#3044=CARTESIAN_POINT('Origin',(0.867119910701462,15.3595395816501,2.91));
#3045=CARTESIAN_POINT('',(0.967119910701462,15.9382646981862,2.91));
#3046=CARTESIAN_POINT('',(0.967119910701462,15.3595395816501,2.91));
#3047=CARTESIAN_POINT('',(1.06711991070146,16.0382646981862,2.91));
#3048=CARTESIAN_POINT('Origin',(1.06711991070146,15.9382646981862,2.91));
#3049=CARTESIAN_POINT('',(1.23098977757654,16.0382646981862,2.91));
#3050=CARTESIAN_POINT('',(1.06711991070146,16.0382646981862,2.91));
#3051=CARTESIAN_POINT('Origin',(1.11230469279633E-14,14.725,2.91));
#3052=CARTESIAN_POINT('Origin',(1.11230469279633E-14,14.725,2.91));
#3053=CARTESIAN_POINT('',(-0.167142922706772,16.5172229893038,2.91));
#3054=CARTESIAN_POINT('Origin',(1.11230469279633E-14,14.725,2.91));
#3055=CARTESIAN_POINT('',(-0.167142922706095,14.8539440084206,2.91));
#3056=CARTESIAN_POINT('',(-0.167142922706091,16.5172229893039,2.91));
#3057=CARTESIAN_POINT('',(-0.167142922706096,14.2172229893039,2.91));
#3058=CARTESIAN_POINT('',(-1.0871429227061,14.8539440084206,2.91));
#3059=CARTESIAN_POINT('',(-1.0871429227061,14.2172229893039,2.91));
#3060=CARTESIAN_POINT('',(-1.0871429227061,15.8172229893039,2.91));
#3061=CARTESIAN_POINT('',(-1.0871429227061,14.2172229893039,2.91));
#3062=CARTESIAN_POINT('',(-1.1871429227061,15.9172229893039,2.91));
#3063=CARTESIAN_POINT('Origin',(-1.1871429227061,15.8172229893039,2.91));
#3064=CARTESIAN_POINT('',(-1.34855639250842,15.9172229893039,2.91));
#3065=CARTESIAN_POINT('',(-1.1871429227061,15.9172229893039,2.91));
#3066=CARTESIAN_POINT('',(-1.57516764238753,13.8538818114772,2.91));
#3067=CARTESIAN_POINT('Origin',(1.11230469279633E-14,14.725,2.91));
#3068=CARTESIAN_POINT('',(-0.272094977116695,13.8538818114818,2.91));
#3069=CARTESIAN_POINT('',(-1.5751676423901,13.8538818114818,2.91));
#3070=CARTESIAN_POINT('',(-0.172094977116695,13.7538818114818,2.91));
#3071=CARTESIAN_POINT('Origin',(-0.272094977116695,13.7538818114818,2.91));
#3072=CARTESIAN_POINT('',(-0.172094977116695,12.9332457426167,2.91));
#3073=CARTESIAN_POINT('',(-0.172094977116695,13.7538818114818,2.91));
#3074=CARTESIAN_POINT('',(1.13434833518098E-14,12.925,2.91));
#3075=CARTESIAN_POINT('Origin',(1.11230469279633E-14,14.725,2.91));
#3076=CARTESIAN_POINT('',(0.149117389488503,12.93118729959,2.91));
#3077=CARTESIAN_POINT('Origin',(1.11230469279633E-14,14.725,2.91));
#3078=CARTESIAN_POINT('',(0.149117389488406,14.87118729959,2.91));
#3079=CARTESIAN_POINT('',(0.149117389488406,14.87118729959,2.91));
#3080=CARTESIAN_POINT('',(0.249117389488406,14.97118729959,2.91));
#3081=CARTESIAN_POINT('Origin',(0.249117389488406,14.87118729959,2.91));
#3082=CARTESIAN_POINT('',(0.867119910701462,14.97118729959,2.91));
#3083=CARTESIAN_POINT('',(0.867119910701462,14.97118729959,2.91));
#3084=CARTESIAN_POINT('',(0.967119910701462,14.87118729959,2.91));
#3085=CARTESIAN_POINT('Origin',(0.867119910701462,14.87118729959,2.91));
#3086=CARTESIAN_POINT('',(0.967119910701458,13.46118729959,2.91));
#3087=CARTESIAN_POINT('',(0.967119910701458,13.46118729959,2.91));
#3088=CARTESIAN_POINT('',(1.06711991070146,13.36118729959,2.91));
#3089=CARTESIAN_POINT('Origin',(1.06711991070146,13.46118729959,2.91));
#3090=CARTESIAN_POINT('',(1.17474036203868,13.3611872995909,2.91));
#3091=CARTESIAN_POINT('',(1.17474036203769,13.36118729959,2.91));
#3092=CARTESIAN_POINT('Origin',(1.11230469279633E-14,14.725,2.91));
#3093=CARTESIAN_POINT('Origin',(1.11230469279633E-14,14.725,2.91));
#3094=CARTESIAN_POINT('',(-0.167142922706096,14.8539440084206,2.91));
#3095=CARTESIAN_POINT('Origin',(1.11230469279633E-14,14.725,2.91));
#3096=CARTESIAN_POINT('Origin',(1.11230469279633E-14,14.725,2.91));
#3097=CARTESIAN_POINT('Origin',(1.11230469279633E-14,14.725,2.91));
#3098=CARTESIAN_POINT('Origin',(-2.47499999999998,12.25,3.31));
#3099=CARTESIAN_POINT('',(-2.47499999999998,12.25,3.31));
#3100=CARTESIAN_POINT('Origin',(2.47500000000001,17.2,3.31));
#3101=CARTESIAN_POINT('',(-1.72499999999998,17.2,2.91));
#3102=CARTESIAN_POINT('',(-1.72499999999998,17.2,2.91));
#3103=CARTESIAN_POINT('',(-1.72499999999998,17.2,3.31));
#3104=CARTESIAN_POINT('',(-1.72499999999998,17.2,2.91));
#3105=CARTESIAN_POINT('',(2.47500000000001,17.2,3.31));
#3106=CARTESIAN_POINT('Origin',(1.46757606067638E-14,14.725,3.31));
#3107=CARTESIAN_POINT('',(-2.47499999999999,16.45,3.31));
#3108=CARTESIAN_POINT('',(1.1361853053797E-14,12.775,3.31));
#3109=CARTESIAN_POINT('Origin',(1.11230469279633E-14,14.725,3.31));
#3110=CARTESIAN_POINT('Origin',(-2.47499999999999,16.45,2.91));
#3111=CARTESIAN_POINT('',(-2.47499999999999,16.45,2.91));
#3112=CARTESIAN_POINT('Origin',(1.46757606067638E-14,14.725,2.91));
#3113=CARTESIAN_POINT('Origin',(1.11230469279633E-14,14.725,2.91));
#3114=CARTESIAN_POINT('Origin',(1.11230469279633E-14,14.725,2.91));
#3115=CARTESIAN_POINT('Origin',(1.11230469279633E-14,14.725,3.31));
#3116=CARTESIAN_POINT('',(1.1361853053797E-14,12.775,3.31));
#3117=CARTESIAN_POINT('Origin',(-1.0871429227061,14.2172229893039,3.06));
#3118=CARTESIAN_POINT('',(-0.167142922706096,14.2172229893039,3.06));
#3119=CARTESIAN_POINT('',(-0.167142922706096,14.2172229893039,3.06));
#3120=CARTESIAN_POINT('',(-1.0871429227061,14.2172229893039,3.06));
#3121=CARTESIAN_POINT('',(-1.0871429227061,14.2172229893039,3.06));
#3122=CARTESIAN_POINT('',(-1.0871429227061,14.2172229893039,3.06));
#3123=CARTESIAN_POINT('Origin',(-0.167142922706096,14.2172229893039,3.06));
#3124=CARTESIAN_POINT('',(-0.167142922706095,14.8539440084206,3.06));
#3125=CARTESIAN_POINT('',(-0.167142922706095,14.8539440084206,3.06));
#3126=CARTESIAN_POINT('',(-0.167142922706096,14.2172229893039,3.06));
#3127=CARTESIAN_POINT('Origin',(-0.167142922706096,14.8539440084206,3.06));
#3128=CARTESIAN_POINT('',(-1.0871429227061,14.8539440084206,3.06));
#3129=CARTESIAN_POINT('',(-1.0871429227061,14.8539440084206,3.06));
#3130=CARTESIAN_POINT('',(-0.167142922706096,14.8539440084206,3.06));
#3131=CARTESIAN_POINT('Origin',(-1.0871429227061,14.8539440084206,3.06));
#3132=CARTESIAN_POINT('',(-1.0871429227061,14.8539440084206,3.06));
#3133=CARTESIAN_POINT('Origin',(1.46757606067638E-14,14.725,3.06));
#3134=CARTESIAN_POINT('Origin',(2.67500000000001,12.75,2.31));
#3135=CARTESIAN_POINT('',(1.62500000000001,12.75,1.61));
#3136=CARTESIAN_POINT('Origin',(1.62500000000001,12.75,1.81));
#3137=CARTESIAN_POINT('',(2.47500000000001,12.75,1.61));
#3138=CARTESIAN_POINT('',(2.67500000000001,12.75,1.61));
#3139=CARTESIAN_POINT('',(2.67500000000001,12.75,1.81));
#3140=CARTESIAN_POINT('Origin',(2.47500000000001,12.75,1.81));
#3141=CARTESIAN_POINT('',(2.67500000000001,12.75,2.11));
#3142=CARTESIAN_POINT('',(2.67500000000001,12.75,2.31));
#3143=CARTESIAN_POINT('Origin',(2.47500000000001,12.75,2.11));
#3144=CARTESIAN_POINT('Origin',(2.67500000000001,13.75,1.81));
#3145=CARTESIAN_POINT('',(1.62500000000001,13.75,1.61));
#3146=CARTESIAN_POINT('',(2.47500000000001,13.75,1.61));
#3147=CARTESIAN_POINT('',(1.42500000000001,13.75,1.61));
#3148=CARTESIAN_POINT('Origin',(1.62500000000001,13.75,1.81));
#3149=CARTESIAN_POINT('',(2.67500000000001,13.75,2.11));
#3150=CARTESIAN_POINT('Origin',(2.47500000000001,13.75,2.11));
#3151=CARTESIAN_POINT('',(2.67500000000001,13.75,1.81));
#3152=CARTESIAN_POINT('',(2.67500000000001,13.75,1.81));
#3153=CARTESIAN_POINT('Origin',(2.47500000000001,13.75,1.81));
#3154=CARTESIAN_POINT('Origin',(2.67500000000001,14.725,1.81));
#3155=CARTESIAN_POINT('',(2.67500000000001,14.725,1.81));
#3156=CARTESIAN_POINT('',(2.67500000000001,12.75,2.11));
#3157=CARTESIAN_POINT('Origin',(2.47500000000001,14.725,2.11));
#3158=CARTESIAN_POINT('Origin',(1.46757606067638E-14,14.725,1.61));
#3159=CARTESIAN_POINT('',(1.62500000000001,13.75,1.61));
#3160=CARTESIAN_POINT('',(2.47500000000001,14.725,1.61));
#3161=CARTESIAN_POINT('Origin',(1.62500000000002,14.725,1.81));
#3162=CARTESIAN_POINT('Origin',(2.47500000000001,14.725,1.81));
#3163=CARTESIAN_POINT('Origin',(2.67500000000001,16.7,2.31));
#3164=CARTESIAN_POINT('',(2.47500000000001,16.7,1.61));
#3165=CARTESIAN_POINT('',(1.62500000000001,16.7,1.61));
#3166=CARTESIAN_POINT('',(2.67500000000001,16.7,1.61));
#3167=CARTESIAN_POINT('Origin',(1.62500000000001,16.7,1.81));
#3168=CARTESIAN_POINT('',(2.67500000000001,16.7,2.11));
#3169=CARTESIAN_POINT('Origin',(2.47500000000001,16.7,2.11));
#3170=CARTESIAN_POINT('',(2.67500000000001,16.7,1.81));
#3171=CARTESIAN_POINT('',(2.67500000000001,16.7,2.31));
#3172=CARTESIAN_POINT('Origin',(2.47500000000001,16.7,1.81));
#3173=CARTESIAN_POINT('Origin',(2.67500000000001,15.7,1.81));
#3174=CARTESIAN_POINT('',(1.62500000000001,15.7,1.61));
#3175=CARTESIAN_POINT('Origin',(1.62500000000001,15.7,1.81));
#3176=CARTESIAN_POINT('',(2.47500000000001,15.7,1.61));
#3177=CARTESIAN_POINT('',(1.42500000000001,15.7,1.61));
#3178=CARTESIAN_POINT('',(2.67500000000001,15.7,1.81));
#3179=CARTESIAN_POINT('Origin',(2.47500000000001,15.7,1.81));
#3180=CARTESIAN_POINT('',(2.67500000000001,15.7,2.11));
#3181=CARTESIAN_POINT('',(2.67500000000001,15.7,1.81));
#3182=CARTESIAN_POINT('Origin',(2.47500000000001,15.7,2.11));
#3183=CARTESIAN_POINT('Origin',(2.67500000000001,14.725,1.81));
#3184=CARTESIAN_POINT('',(2.67500000000001,14.725,1.81));
#3185=CARTESIAN_POINT('',(2.67500000000001,15.7,2.11));
#3186=CARTESIAN_POINT('Origin',(2.47500000000001,15.7,2.11));
#3187=CARTESIAN_POINT('Origin',(1.46757606067638E-14,14.725,1.61));
#3188=CARTESIAN_POINT('',(1.62500000000001,16.7,1.61));
#3189=CARTESIAN_POINT('',(2.47500000000001,14.725,1.61));
#3190=CARTESIAN_POINT('Origin',(1.62500000000001,16.7,1.81));
#3191=CARTESIAN_POINT('Origin',(2.47500000000001,14.725,1.81));
#3192=CARTESIAN_POINT('Origin',(-2.67499999999998,12.75,2.31));
#3193=CARTESIAN_POINT('',(-2.47499999999998,12.75,1.61));
#3194=CARTESIAN_POINT('',(-1.62499999999998,12.75,1.61));
#3195=CARTESIAN_POINT('',(-2.67499999999998,12.75,1.61));
#3196=CARTESIAN_POINT('Origin',(-1.62499999999998,12.75,1.81));
#3197=CARTESIAN_POINT('',(-2.67499999999998,12.75,2.11));
#3198=CARTESIAN_POINT('Origin',(-2.47499999999998,12.75,2.11));
#3199=CARTESIAN_POINT('',(-2.67499999999998,12.75,1.81));
#3200=CARTESIAN_POINT('',(-2.67499999999998,12.75,2.31));
#3201=CARTESIAN_POINT('Origin',(-2.47499999999998,12.75,1.81));
#3202=CARTESIAN_POINT('Origin',(-2.67499999999998,13.75,1.81));
#3203=CARTESIAN_POINT('',(-1.62499999999998,13.75,1.61));
#3204=CARTESIAN_POINT('Origin',(-1.62499999999998,13.75,1.81));
#3205=CARTESIAN_POINT('',(-2.47499999999998,13.75,1.61));
#3206=CARTESIAN_POINT('',(-1.42499999999998,13.75,1.61));
#3207=CARTESIAN_POINT('',(-2.67499999999998,13.75,1.81));
#3208=CARTESIAN_POINT('Origin',(-2.47499999999998,13.75,1.81));
#3209=CARTESIAN_POINT('',(-2.67499999999998,13.75,2.11));
#3210=CARTESIAN_POINT('',(-2.67499999999998,13.75,1.81));
#3211=CARTESIAN_POINT('Origin',(-2.47499999999998,13.75,2.11));
#3212=CARTESIAN_POINT('Origin',(-2.67499999999999,14.725,1.81));
#3213=CARTESIAN_POINT('',(-2.67499999999999,14.725,1.81));
#3214=CARTESIAN_POINT('',(-2.67499999999998,13.75,2.11));
#3215=CARTESIAN_POINT('Origin',(-2.47499999999998,13.75,2.11));
#3216=CARTESIAN_POINT('Origin',(1.46757606067638E-14,14.725,1.61));
#3217=CARTESIAN_POINT('',(-1.62499999999998,12.75,1.61));
#3218=CARTESIAN_POINT('',(-2.47499999999999,14.725,1.61));
#3219=CARTESIAN_POINT('Origin',(-1.62499999999998,12.75,1.81));
#3220=CARTESIAN_POINT('Origin',(-2.47499999999999,14.725,1.81));
#3221=CARTESIAN_POINT('Origin',(-2.67499999999999,16.7,2.31));
#3222=CARTESIAN_POINT('',(-1.62499999999999,16.7,1.61));
#3223=CARTESIAN_POINT('Origin',(-1.62499999999999,16.7,1.81));
#3224=CARTESIAN_POINT('',(-2.47499999999999,16.7,1.61));
#3225=CARTESIAN_POINT('',(-2.67499999999999,16.7,1.61));
#3226=CARTESIAN_POINT('',(-2.67499999999999,16.7,1.81));
#3227=CARTESIAN_POINT('Origin',(-2.47499999999999,16.7,1.81));
#3228=CARTESIAN_POINT('',(-2.67499999999999,16.7,2.11));
#3229=CARTESIAN_POINT('',(-2.67499999999999,16.7,2.31));
#3230=CARTESIAN_POINT('Origin',(-2.47499999999999,16.7,2.11));
#3231=CARTESIAN_POINT('Origin',(-2.67499999999999,15.7,1.81));
#3232=CARTESIAN_POINT('',(-1.62499999999999,15.7,1.61));
#3233=CARTESIAN_POINT('',(-2.47499999999999,15.7,1.61));
#3234=CARTESIAN_POINT('',(-1.42499999999999,15.7,1.61));
#3235=CARTESIAN_POINT('Origin',(-1.62499999999999,15.7,1.81));
#3236=CARTESIAN_POINT('',(-2.67499999999999,15.7,2.11));
#3237=CARTESIAN_POINT('Origin',(-2.47499999999999,15.7,2.11));
#3238=CARTESIAN_POINT('',(-2.67499999999999,15.7,1.81));
#3239=CARTESIAN_POINT('',(-2.67499999999999,15.7,1.81));
#3240=CARTESIAN_POINT('Origin',(-2.47499999999999,15.7,1.81));
#3241=CARTESIAN_POINT('Origin',(-2.67499999999999,14.725,1.81));
#3242=CARTESIAN_POINT('',(-2.67499999999999,14.725,1.81));
#3243=CARTESIAN_POINT('',(-2.67499999999999,16.7,2.11));
#3244=CARTESIAN_POINT('Origin',(-2.47499999999999,14.725,2.11));
#3245=CARTESIAN_POINT('Origin',(1.46757606067638E-14,14.725,1.61));
#3246=CARTESIAN_POINT('',(-1.62499999999999,15.7,1.61));
#3247=CARTESIAN_POINT('',(-2.47499999999999,14.725,1.61));
#3248=CARTESIAN_POINT('Origin',(-1.62499999999999,14.725,1.81));
#3249=CARTESIAN_POINT('Origin',(-2.47499999999999,14.725,1.81));
#3250=CARTESIAN_POINT('Origin',(-1.42499999999999,14.225,1.96));
#3251=CARTESIAN_POINT('',(-1.42499999999999,14.225,1.96));
#3252=CARTESIAN_POINT('',(-1.42499999999999,14.225,1.96));
#3253=CARTESIAN_POINT('',(-1.42499999999999,14.225,1.96));
#3254=CARTESIAN_POINT('Origin',(-2.47499999999999,15.225,1.96));
#3255=CARTESIAN_POINT('',(-1.42499999999999,15.225,1.96));
#3256=CARTESIAN_POINT('',(-1.42499999999999,15.225,1.96));
#3257=CARTESIAN_POINT('',(-2.47499999999999,15.225,1.96));
#3258=CARTESIAN_POINT('Origin',(-1.42499999999999,15.225,1.96));
#3259=CARTESIAN_POINT('',(-1.42499999999999,15.225,1.96));
#3260=CARTESIAN_POINT('Origin',(1.46757606067638E-14,14.725,1.96));
#3261=CARTESIAN_POINT('Origin',(1.42500000000002,14.225,1.96));
#3262=CARTESIAN_POINT('',(1.42500000000002,14.225,1.96));
#3263=CARTESIAN_POINT('',(1.42500000000002,14.225,1.96));
#3264=CARTESIAN_POINT('',(1.42500000000002,14.225,1.96));
#3265=CARTESIAN_POINT('Origin',(2.47500000000001,15.225,1.96));
#3266=CARTESIAN_POINT('',(1.42500000000002,15.225,1.96));
#3267=CARTESIAN_POINT('',(2.47500000000001,15.225,1.96));
#3268=CARTESIAN_POINT('',(1.42500000000002,15.225,1.96));
#3269=CARTESIAN_POINT('Origin',(1.42500000000002,15.225,1.96));
#3270=CARTESIAN_POINT('',(1.42500000000002,15.225,1.96));
#3271=CARTESIAN_POINT('Origin',(1.46757606067638E-14,14.725,1.96));
#3272=CARTESIAN_POINT('Origin',(1.46757606067638E-14,14.725,1.96));
#3273=CARTESIAN_POINT('',(1.46055811015587E-14,15.2980591485965,1.96));
#3274=CARTESIAN_POINT('Origin',(1.46757606067638E-14,14.725,1.96));
#3275=CARTESIAN_POINT('',(1.47459401119689E-14,15.2980591485965,1.96));
#3276=CARTESIAN_POINT('Origin',(1.46757606067638E-14,14.725,1.96));
#3277=CARTESIAN_POINT('Origin',(-6.77366265099675,28.0615195465641,0.));
#3278=CARTESIAN_POINT('',(-7.2955714226122,30.0093095991488,0.));
#3279=CARTESIAN_POINT('',(-6.77366265099675,28.0615195465641,0.));
#3280=CARTESIAN_POINT('',(-3.03909802803425,14.123934629519,0.));
#3281=CARTESIAN_POINT('',(-7.2955714226122,30.0093095991488,-0.03));
#3282=CARTESIAN_POINT('',(-7.2955714226122,30.0093095991488,0.));
#3283=CARTESIAN_POINT('',(-6.77366265099675,28.0615195465641,-0.03));
#3284=CARTESIAN_POINT('',(-6.77366265099675,28.0615195465641,-0.03));
#3285=CARTESIAN_POINT('',(-6.77366265099675,28.0615195465641,0.));
#3286=CARTESIAN_POINT('Origin',(-5.81200750611808,28.3362769916732,0.));
#3287=CARTESIAN_POINT('',(-5.81200750611808,28.3362769916732,0.));
#3288=CARTESIAN_POINT('',(-6.86783671259172,28.0346127861759,0.));
#3289=CARTESIAN_POINT('',(-5.81200750611808,28.3362769916732,-0.03));
#3290=CARTESIAN_POINT('',(-5.81200750611808,28.3362769916732,-0.03));
#3291=CARTESIAN_POINT('',(-5.81200750611808,28.3362769916732,0.));
#3292=CARTESIAN_POINT('Origin',(-6.32964559632313,30.2681286442513,0.));
#3293=CARTESIAN_POINT('',(-6.32964559632313,30.2681286442513,0.));
#3294=CARTESIAN_POINT('',(-2.3341265875529,15.3566487009139,0.));
#3295=CARTESIAN_POINT('',(-6.32964559632313,30.2681286442513,-0.03));
#3296=CARTESIAN_POINT('',(-6.32964559632313,30.2681286442513,-0.03));
#3297=CARTESIAN_POINT('',(-6.32964559632313,30.2681286442513,0.));
#3298=CARTESIAN_POINT('Origin',(-7.2955714226122,30.0093095991488,0.));
#3299=CARTESIAN_POINT('',(-7.64330472007633,29.9161347429119,0.));
#3300=CARTESIAN_POINT('',(-7.2955714226122,30.0093095991488,-0.03));
#3301=CARTESIAN_POINT('Origin',(0.,0.,-0.03));
#3302=CARTESIAN_POINT('Origin',(8.16459584085302,27.6888201216165,0.));
#3303=CARTESIAN_POINT('',(8.68650461246846,29.6366101742012,0.));
#3304=CARTESIAN_POINT('',(8.16459584085302,27.6888201216165,0.));
#3305=CARTESIAN_POINT('',(4.43003121789063,13.7512352045713,0.));
#3306=CARTESIAN_POINT('',(8.68650461246846,29.6366101742012,-0.03));
#3307=CARTESIAN_POINT('',(8.68650461246846,29.6366101742012,0.));
#3308=CARTESIAN_POINT('',(8.16459584085302,27.6888201216165,-0.03));
#3309=CARTESIAN_POINT('',(8.16459584085302,27.6888201216165,-0.03));
#3310=CARTESIAN_POINT('',(8.16459584085302,27.6888201216165,0.));
#3311=CARTESIAN_POINT('Origin',(9.13479234855249,27.4459394765205,0.));
#3312=CARTESIAN_POINT('',(9.13479234855249,27.4459394765205,0.));
#3313=CARTESIAN_POINT('',(8.06958533094015,27.7126052143842,0.));
#3314=CARTESIAN_POINT('',(9.13479234855249,27.4459394765205,-0.03));
#3315=CARTESIAN_POINT('',(9.13479234855249,27.4459394765205,-0.03));
#3316=CARTESIAN_POINT('',(9.13479234855249,27.4459394765205,0.));
#3317=CARTESIAN_POINT('Origin',(9.65243043875753,29.3777911290987,0.));
#3318=CARTESIAN_POINT('',(9.65243043875753,29.3777911290987,0.));
#3319=CARTESIAN_POINT('',(5.65691142998743,14.4663111857611,0.));
#3320=CARTESIAN_POINT('',(9.65243043875753,29.3777911290987,-0.03));
#3321=CARTESIAN_POINT('',(9.65243043875753,29.3777911290987,-0.03));
#3322=CARTESIAN_POINT('',(9.65243043875753,29.3777911290987,0.));
#3323=CARTESIAN_POINT('Origin',(8.68650461246846,29.6366101742012,0.));
#3324=CARTESIAN_POINT('',(8.3387713150044,29.7297850304381,0.));
#3325=CARTESIAN_POINT('',(8.68650461246846,29.6366101742012,-0.03));
#3326=CARTESIAN_POINT('Origin',(0.,0.,-0.03));
#3327=CARTESIAN_POINT('Origin',(6.67707006836785,28.0874014510744,0.));
#3328=CARTESIAN_POINT('',(5.71541492348918,28.3621588961834,0.));
#3329=CARTESIAN_POINT('',(6.67707006836785,28.0874014510744,0.));
#3330=CARTESIAN_POINT('',(7.30014137165393,27.9093818352866,0.));
#3331=CARTESIAN_POINT('',(5.71541492348918,28.3621588961834,-0.03));
#3332=CARTESIAN_POINT('',(5.71541492348918,28.3621588961834,0.));
#3333=CARTESIAN_POINT('',(6.67707006836785,28.0874014510744,-0.03));
#3334=CARTESIAN_POINT('',(5.71541492348918,28.3621588961834,-0.03));
#3335=CARTESIAN_POINT('',(6.67707006836785,28.0874014510744,0.));
#3336=CARTESIAN_POINT('Origin',(7.1989788399833,30.0351915036591,0.));
#3337=CARTESIAN_POINT('',(7.1989788399833,30.0351915036591,0.));
#3338=CARTESIAN_POINT('',(3.20345983121313,15.1237115603216,0.));
#3339=CARTESIAN_POINT('',(7.1989788399833,30.0351915036591,-0.03));
#3340=CARTESIAN_POINT('',(6.67707006836785,28.0874014510744,-0.03));
#3341=CARTESIAN_POINT('',(7.1989788399833,30.0351915036591,0.));
#3342=CARTESIAN_POINT('Origin',(6.23305301369423,30.2940105487616,0.));
#3343=CARTESIAN_POINT('',(6.23305301369423,30.2940105487616,0.));
#3344=CARTESIAN_POINT('',(7.11204551561722,30.0584852177183,0.));
#3345=CARTESIAN_POINT('',(6.23305301369423,30.2940105487616,-0.03));
#3346=CARTESIAN_POINT('',(7.1989788399833,30.0351915036591,-0.03));
#3347=CARTESIAN_POINT('',(6.23305301369423,30.2940105487616,0.));
#3348=CARTESIAN_POINT('Origin',(5.71541492348918,28.3621588961834,0.));
#3349=CARTESIAN_POINT('',(1.97871495982153,14.416604779135,0.));
#3350=CARTESIAN_POINT('',(6.23305301369423,30.2940105487616,-0.03));
#3351=CARTESIAN_POINT('Origin',(0.,0.,-0.03));
#3352=CARTESIAN_POINT('Origin',(-9.74902302138643,29.3519092245884,0.));
#3353=CARTESIAN_POINT('',(-8.78309719509736,29.6107282696909,0.));
#3354=CARTESIAN_POINT('',(-9.74902302138643,29.3519092245884,0.));
#3355=CARTESIAN_POINT('',(-8.87003051946339,29.5874345556317,0.));
#3356=CARTESIAN_POINT('',(-8.78309719509736,29.6107282696909,-0.03));
#3357=CARTESIAN_POINT('',(-8.78309719509736,29.6107282696909,0.));
#3358=CARTESIAN_POINT('',(-9.74902302138643,29.3519092245884,-0.03));
#3359=CARTESIAN_POINT('',(-8.78309719509736,29.6107282696909,-0.03));
#3360=CARTESIAN_POINT('',(-9.74902302138643,29.3519092245884,0.));
#3361=CARTESIAN_POINT('Origin',(-9.23138493118139,27.4200575720103,0.));
#3362=CARTESIAN_POINT('',(-9.23138493118139,27.4200575720103,0.));
#3363=CARTESIAN_POINT('',(-5.49468496751376,13.4745034549618,0.));
#3364=CARTESIAN_POINT('',(-9.23138493118139,27.4200575720103,-0.03));
#3365=CARTESIAN_POINT('',(-9.74902302138643,29.3519092245884,-0.03));
#3366=CARTESIAN_POINT('',(-9.23138493118139,27.4200575720103,0.));
#3367=CARTESIAN_POINT('Origin',(-8.26118842348192,27.6629382171062,0.));
#3368=CARTESIAN_POINT('',(-8.26118842348192,27.6629382171062,0.));
#3369=CARTESIAN_POINT('',(-7.63258303857319,27.8203043591051,0.));
#3370=CARTESIAN_POINT('',(-8.26118842348192,27.6629382171062,-0.03));
#3371=CARTESIAN_POINT('',(-9.23138493118139,27.4200575720103,-0.03));
#3372=CARTESIAN_POINT('',(-8.26118842348192,27.6629382171062,0.));
#3373=CARTESIAN_POINT('Origin',(-8.78309719509736,29.6107282696909,0.));
#3374=CARTESIAN_POINT('',(-4.78757818632719,14.6992483263534,0.));
#3375=CARTESIAN_POINT('',(-8.26118842348192,27.6629382171062,-0.03));
#3376=CARTESIAN_POINT('Origin',(0.,0.,-0.03));
#3377=CARTESIAN_POINT('Origin',(-4.32021105222251,28.7189199211245,0.));
#3378=CARTESIAN_POINT('',(-4.84211982383797,30.6667099737092,0.));
#3379=CARTESIAN_POINT('',(-4.32021105222251,28.7189199211245,0.));
#3380=CARTESIAN_POINT('',(-0.585646429260006,14.7813350040794,0.));
#3381=CARTESIAN_POINT('',(-4.84211982383797,30.6667099737092,-0.03));
#3382=CARTESIAN_POINT('',(-4.84211982383797,30.6667099737092,0.));
#3383=CARTESIAN_POINT('',(-4.32021105222251,28.7189199211245,-0.03));
#3384=CARTESIAN_POINT('',(-4.32021105222251,28.7189199211245,-0.03));
#3385=CARTESIAN_POINT('',(-4.32021105222251,28.7189199211245,0.));
#3386=CARTESIAN_POINT('Origin',(-3.35855590734385,28.9936773662336,0.));
#3387=CARTESIAN_POINT('',(-3.35855590734385,28.9936773662336,0.));
#3388=CARTESIAN_POINT('',(-5.63535471281568,28.343166186472,0.));
#3389=CARTESIAN_POINT('',(-3.35855590734385,28.9936773662336,-0.03));
#3390=CARTESIAN_POINT('',(-3.35855590734385,28.9936773662336,-0.03));
#3391=CARTESIAN_POINT('',(-3.35855590734385,28.9936773662336,0.));
#3392=CARTESIAN_POINT('Origin',(-3.8761939975489,30.9255290188117,0.));
#3393=CARTESIAN_POINT('',(-3.8761939975489,30.9255290188117,0.));
#3394=CARTESIAN_POINT('',(0.119325011221355,16.0140490754743,0.));
#3395=CARTESIAN_POINT('',(-3.8761939975489,30.9255290188117,-0.03));
#3396=CARTESIAN_POINT('',(-3.8761939975489,30.9255290188117,-0.03));
#3397=CARTESIAN_POINT('',(-3.8761939975489,30.9255290188117,0.));
#3398=CARTESIAN_POINT('Origin',(-4.84211982383797,30.6667099737092,0.));
#3399=CARTESIAN_POINT('',(-6.41657892068916,30.2448349301921,0.));
#3400=CARTESIAN_POINT('',(-4.84211982383797,30.6667099737092,-0.03));
#3401=CARTESIAN_POINT('Origin',(0.,0.,-0.03));
#3402=CARTESIAN_POINT('Origin',(10.6180474396273,27.0314197470561,0.));
#3403=CARTESIAN_POINT('',(11.1399562112427,28.9792097996408,0.));
#3404=CARTESIAN_POINT('',(10.6180474396273,27.0314197470561,0.));
#3405=CARTESIAN_POINT('',(6.88348281666489,13.0938348300109,0.));
#3406=CARTESIAN_POINT('',(11.1399562112427,28.9792097996408,-0.03));
#3407=CARTESIAN_POINT('',(11.1399562112427,28.9792097996408,0.));
#3408=CARTESIAN_POINT('',(10.6180474396273,27.0314197470561,-0.03));
#3409=CARTESIAN_POINT('',(10.6180474396273,27.0314197470561,-0.03));
#3410=CARTESIAN_POINT('',(10.6180474396273,27.0314197470561,0.));
#3411=CARTESIAN_POINT('Origin',(11.5882439473267,26.7885391019601,0.));
#3412=CARTESIAN_POINT('',(11.5882439473267,26.7885391019601,0.));
#3413=CARTESIAN_POINT('',(9.29122275260125,27.3635792975767,0.));
#3414=CARTESIAN_POINT('',(11.5882439473267,26.7885391019601,-0.03));
#3415=CARTESIAN_POINT('',(11.5882439473267,26.7885391019601,-0.03));
#3416=CARTESIAN_POINT('',(11.5882439473267,26.7885391019601,0.));
#3417=CARTESIAN_POINT('Origin',(12.1058820375318,28.7203907545383,0.));
#3418=CARTESIAN_POINT('',(12.1058820375318,28.7203907545383,0.));
#3419=CARTESIAN_POINT('',(8.11036302876169,13.8089108112008,0.));
#3420=CARTESIAN_POINT('',(12.1058820375318,28.7203907545383,-0.03));
#3421=CARTESIAN_POINT('',(12.1058820375318,28.7203907545383,-0.03));
#3422=CARTESIAN_POINT('',(12.1058820375318,28.7203907545383,0.));
#3423=CARTESIAN_POINT('Origin',(11.1399562112427,28.9792097996408,0.));
#3424=CARTESIAN_POINT('',(9.56549711439152,29.4010848431579,0.));
#3425=CARTESIAN_POINT('',(11.1399562112427,28.9792097996408,-0.03));
#3426=CARTESIAN_POINT('Origin',(0.,0.,-0.03));
#3427=CARTESIAN_POINT('Origin',(3.26196332471495,29.0195592707438,0.));
#3428=CARTESIAN_POINT('',(3.77960141491999,30.951410923322,0.));
#3429=CARTESIAN_POINT('',(3.26196332471495,29.0195592707438,0.));
#3430=CARTESIAN_POINT('',(-0.474736638952705,15.0740051536954,0.));
#3431=CARTESIAN_POINT('',(3.77960141491999,30.951410923322,-0.03));
#3432=CARTESIAN_POINT('',(3.77960141491999,30.951410923322,0.));
#3433=CARTESIAN_POINT('',(3.26196332471495,29.0195592707438,-0.03));
#3434=CARTESIAN_POINT('',(3.77960141491999,30.951410923322,-0.03));
#3435=CARTESIAN_POINT('',(3.26196332471495,29.0195592707438,0.));
#3436=CARTESIAN_POINT('Origin',(4.22361846959362,28.7448018256348,0.));
#3437=CARTESIAN_POINT('',(4.22361846959362,28.7448018256348,0.));
#3438=CARTESIAN_POINT('',(6.06765937187795,28.2179352355827,0.));
#3439=CARTESIAN_POINT('',(4.22361846959362,28.7448018256348,-0.03));
#3440=CARTESIAN_POINT('',(3.26196332471495,29.0195592707438,-0.03));
#3441=CARTESIAN_POINT('',(4.22361846959362,28.7448018256348,0.));
#3442=CARTESIAN_POINT('Origin',(4.74552724120906,30.6925918782195,0.));
#3443=CARTESIAN_POINT('',(4.74552724120906,30.6925918782195,0.));
#3444=CARTESIAN_POINT('',(0.750008232438896,15.781111934882,0.));
#3445=CARTESIAN_POINT('',(4.74552724120906,30.6925918782195,-0.03));
#3446=CARTESIAN_POINT('',(4.22361846959362,28.7448018256348,-0.03));
#3447=CARTESIAN_POINT('',(4.74552724120906,30.6925918782195,0.));
#3448=CARTESIAN_POINT('Origin',(3.77960141491999,30.951410923322,0.));
#3449=CARTESIAN_POINT('',(5.8853197162301,30.3871854049985,0.));
#3450=CARTESIAN_POINT('',(4.74552724120906,30.6925918782195,-0.03));
#3451=CARTESIAN_POINT('Origin',(0.,0.,-0.03));
#3452=CARTESIAN_POINT('Origin',(-12.2024746201607,28.694508850028,0.));
#3453=CARTESIAN_POINT('',(-11.2365487938716,28.9533278951305,0.));
#3454=CARTESIAN_POINT('',(-12.2024746201607,28.694508850028,0.));
#3455=CARTESIAN_POINT('',(-10.0967563188506,29.2587343683515,0.));
#3456=CARTESIAN_POINT('',(-11.2365487938716,28.9533278951305,-0.03));
#3457=CARTESIAN_POINT('',(-11.2365487938716,28.9533278951305,0.));
#3458=CARTESIAN_POINT('',(-12.2024746201607,28.694508850028,-0.03));
#3459=CARTESIAN_POINT('',(-11.2365487938716,28.9533278951305,-0.03));
#3460=CARTESIAN_POINT('',(-12.2024746201607,28.694508850028,0.));
#3461=CARTESIAN_POINT('Origin',(-11.6848365299556,26.7626571974499,0.));
#3462=CARTESIAN_POINT('',(-11.6848365299556,26.7626571974499,0.));
#3463=CARTESIAN_POINT('',(-7.94813656628798,12.8171030804014,0.));
#3464=CARTESIAN_POINT('',(-11.6848365299556,26.7626571974499,-0.03));
#3465=CARTESIAN_POINT('',(-12.2024746201607,28.694508850028,-0.03));
#3466=CARTESIAN_POINT('',(-11.6848365299556,26.7626571974499,0.));
#3467=CARTESIAN_POINT('Origin',(-10.7146400222562,27.0055378425458,0.));
#3468=CARTESIAN_POINT('',(-10.7146400222562,27.0055378425458,0.));
#3469=CARTESIAN_POINT('',(-8.85422046023429,27.4712784422976,0.));
#3470=CARTESIAN_POINT('',(-10.7146400222562,27.0055378425458,-0.03));
#3471=CARTESIAN_POINT('',(-11.6848365299556,26.7626571974499,-0.03));
#3472=CARTESIAN_POINT('',(-10.7146400222562,27.0055378425458,0.));
#3473=CARTESIAN_POINT('Origin',(-11.2365487938716,28.9533278951305,0.));
#3474=CARTESIAN_POINT('',(-7.24102978510143,14.041847951793,0.));
#3475=CARTESIAN_POINT('',(-10.7146400222562,27.0055378425458,-0.03));
#3476=CARTESIAN_POINT('Origin',(0.,0.,-0.03));
#3477=CARTESIAN_POINT('Origin',(0.,0.,0.));
#3478=CARTESIAN_POINT('',(-26.9,-3.29429988970638E-15,1.6));
#3479=CARTESIAN_POINT('Origin',(0.,0.,1.6));
#3480=CARTESIAN_POINT('',(-26.9,-3.29429988970638E-15,0.));
#3481=CARTESIAN_POINT('',(-26.9,-3.29429988970638E-15,0.));
#3482=CARTESIAN_POINT('Origin',(0.,0.,0.));
#3483=CARTESIAN_POINT('Origin',(0.,0.,0.));
#3484=CARTESIAN_POINT('',(-33.,-4.04133443718627E-15,1.6));
#3485=CARTESIAN_POINT('Origin',(0.,0.,1.6));
#3486=CARTESIAN_POINT('',(-33.,-4.04133443718627E-15,0.));
#3487=CARTESIAN_POINT('',(-33.,-4.04133443718627E-15,0.));
#3488=CARTESIAN_POINT('Origin',(0.,0.,0.));
#3489=CARTESIAN_POINT('Origin',(0.,0.,1.6));
#3490=CARTESIAN_POINT('Origin',(0.,0.,0.));
#3491=CARTESIAN_POINT('',(-0.0500000000000113,15.15,-0.0099999999999964));
#3492=CARTESIAN_POINT('',(3.87281224198873,14.6467172205345,-0.0099999999999964));
#3493=CARTESIAN_POINT('',(7.53169872981077,13.1452848673343,-0.0099999999999964));
#3494=CARTESIAN_POINT('',(10.6773123959169,10.7480230740355,-0.0099999999999964));
#3495=CARTESIAN_POINT('',(13.0952848673342,7.61830127018924,-0.0099999999999964));
#3496=CARTESIAN_POINT('',(14.6208353160243,3.96940482461766,-0.0099999999999964));
#3497=CARTESIAN_POINT('',(15.15,0.0500000000000122,-0.0099999999999964));
#3498=CARTESIAN_POINT('',(14.6467172205345,-3.87281224198873,-0.0099999999999964));
#3499=CARTESIAN_POINT('',(13.1452848673343,-7.53169872981077,-0.0099999999999964));
#3500=CARTESIAN_POINT('',(10.7480230740355,-10.6773123959169,-0.0099999999999964));
#3501=CARTESIAN_POINT('',(7.61830127018924,-13.0952848673342,-0.0099999999999964));
#3502=CARTESIAN_POINT('',(3.96940482461766,-14.6208353160243,-0.0099999999999964));
#3503=CARTESIAN_POINT('',(0.0500000000000131,-15.15,-0.0099999999999964));
#3504=CARTESIAN_POINT('',(-3.87281224198872,-14.6467172205345,-0.0099999999999964));
#3505=CARTESIAN_POINT('',(-7.53169872981077,-13.1452848673343,-0.0099999999999964));
#3506=CARTESIAN_POINT('',(-10.6773123959169,-10.7480230740355,-0.0099999999999964));
#3507=CARTESIAN_POINT('',(-13.0952848673342,-7.61830127018924,-0.0099999999999964));
#3508=CARTESIAN_POINT('',(-14.6208353160243,-3.96940482461767,-0.0099999999999964));
#3509=CARTESIAN_POINT('',(-15.15,-0.050000000000014,-0.0099999999999964));
#3510=CARTESIAN_POINT('',(-14.6467172205345,3.87281224198872,-0.0099999999999964));
#3511=CARTESIAN_POINT('',(-13.1452848673343,7.53169872981076,-0.0099999999999964));
#3512=CARTESIAN_POINT('',(-10.7480230740355,10.6773123959169,-0.0099999999999964));
#3513=CARTESIAN_POINT('',(-7.61830127018924,13.0952848673342,-0.0099999999999964));
#3514=CARTESIAN_POINT('',(-3.96940482461767,14.6208353160243,-0.0099999999999964));
#3515=UNCERTAINTY_MEASURE_WITH_UNIT(LENGTH_MEASURE(0.01),#3521,
'DISTANCE_ACCURACY_VALUE',
'Maximum model space distance between geometric entities at asserted c
onnectivities');
#3516=UNCERTAINTY_MEASURE_WITH_UNIT(LENGTH_MEASURE(0.01),#3521,
'DISTANCE_ACCURACY_VALUE',
'Maximum model space distance between geometric entities at asserted c
onnectivities');
#3517=UNCERTAINTY_MEASURE_WITH_UNIT(LENGTH_MEASURE(0.01),#3521,
'DISTANCE_ACCURACY_VALUE',
'Maximum model space distance between geometric entities at asserted c
onnectivities');
#3518=(
GEOMETRIC_REPRESENTATION_CONTEXT(3)
GLOBAL_UNCERTAINTY_ASSIGNED_CONTEXT((#3515))
GLOBAL_UNIT_ASSIGNED_CONTEXT((#3521,#3523,#3524))
REPRESENTATION_CONTEXT('','3D')
);
#3519=(
GEOMETRIC_REPRESENTATION_CONTEXT(3)
GLOBAL_UNCERTAINTY_ASSIGNED_CONTEXT((#3516))
GLOBAL_UNIT_ASSIGNED_CONTEXT((#3521,#3523,#3524))
REPRESENTATION_CONTEXT('','3D')
);
#3520=(
GEOMETRIC_REPRESENTATION_CONTEXT(3)
GLOBAL_UNCERTAINTY_ASSIGNED_CONTEXT((#3517))
GLOBAL_UNIT_ASSIGNED_CONTEXT((#3521,#3523,#3524))
REPRESENTATION_CONTEXT('','3D')
);
#3521=(
LENGTH_UNIT()
NAMED_UNIT(*)
SI_UNIT(.MILLI.,.METRE.)
);
#3522=(
LENGTH_UNIT()
NAMED_UNIT(*)
SI_UNIT($,.METRE.)
);
#3523=(
NAMED_UNIT(*)
PLANE_ANGLE_UNIT()
SI_UNIT($,.RADIAN.)
);
#3524=(
NAMED_UNIT(*)
SI_UNIT($,.STERADIAN.)
SOLID_ANGLE_UNIT()
);
#3525=SHAPE_DEFINITION_REPRESENTATION(#3527,#3553);
#3526=SHAPE_DEFINITION_REPRESENTATION(#3528,#3554);
#3527=PRODUCT_DEFINITION_SHAPE('',$,#3556);
#3528=PRODUCT_DEFINITION_SHAPE('',$,#3557);
#3529=PRODUCT_DEFINITION_SHAPE($,$,#83);
#3530=PRODUCT_DEFINITION_SHAPE($,$,#84);
#3531=PRODUCT_DEFINITION_SHAPE($,$,#85);
#3532=PRODUCT_DEFINITION_SHAPE($,$,#86);
#3533=PRODUCT_DEFINITION_SHAPE($,$,#87);
#3534=PRODUCT_DEFINITION_SHAPE($,$,#88);
#3535=PRODUCT_DEFINITION_SHAPE($,$,#89);
#3536=PRODUCT_DEFINITION_SHAPE($,$,#90);
#3537=PRODUCT_DEFINITION_SHAPE($,$,#91);
#3538=PRODUCT_DEFINITION_SHAPE($,$,#92);
#3539=PRODUCT_DEFINITION_SHAPE($,$,#93);
#3540=PRODUCT_DEFINITION_SHAPE($,$,#94);
#3541=PRODUCT_DEFINITION_SHAPE($,$,#95);
#3542=PRODUCT_DEFINITION_SHAPE($,$,#96);
#3543=PRODUCT_DEFINITION_SHAPE($,$,#97);
#3544=PRODUCT_DEFINITION_SHAPE($,$,#98);
#3545=PRODUCT_DEFINITION_SHAPE($,$,#99);
#3546=PRODUCT_DEFINITION_SHAPE($,$,#100);
#3547=PRODUCT_DEFINITION_SHAPE($,$,#101);
#3548=PRODUCT_DEFINITION_SHAPE($,$,#102);
#3549=PRODUCT_DEFINITION_SHAPE($,$,#103);
#3550=PRODUCT_DEFINITION_SHAPE($,$,#104);
#3551=PRODUCT_DEFINITION_SHAPE($,$,#105);
#3552=PRODUCT_DEFINITION_SHAPE($,$,#106);
#3553=SHAPE_REPRESENTATION('',(#2157,#2311,#2312,#2313,#2314,#2315,#2316,
#2317,#2318,#2319,#2320,#2321,#2322,#2323,#2324,#2325,#2326,#2327,#2328,
#2329,#2330,#2331,#2332,#2333,#2334),#3518);
#3554=SHAPE_REPRESENTATION('',(#2158),#3519);
#3555=PRODUCT_DEFINITION_CONTEXT('part definition',#3563,'design');
#3556=PRODUCT_DEFINITION('Neopixel 24 WS2812B 66mm',
'Neopixel 24 WS2812B 66mm v2',#3558,#3555);
#3557=PRODUCT_DEFINITION('WS2812B','WS2812B',#3559,#3555);
#3558=PRODUCT_DEFINITION_FORMATION('',$,#3565);
#3559=PRODUCT_DEFINITION_FORMATION('',$,#3566);
#3560=PRODUCT_RELATED_PRODUCT_CATEGORY('Neopixel 24 WS2812B 66mm v2',
'Neopixel 24 WS2812B 66mm v2',(#3565));
#3561=PRODUCT_RELATED_PRODUCT_CATEGORY('WS2812B','WS2812B',(#3566));
#3562=APPLICATION_PROTOCOL_DEFINITION('international standard',
'automotive_design',2009,#3563);
#3563=APPLICATION_CONTEXT(
'Core Data for Automotive Mechanical Design Process');
#3564=PRODUCT_CONTEXT('part definition',#3563,'mechanical');
#3565=PRODUCT('Neopixel 24 WS2812B 66mm','Neopixel 24 WS2812B 66mm v2',
$,(#3564));
#3566=PRODUCT('WS2812B','WS2812B',$,(#3564));
#3567=PRESENTATION_STYLE_ASSIGNMENT((#3574));
#3568=PRESENTATION_STYLE_ASSIGNMENT((#3575));
#3569=PRESENTATION_STYLE_ASSIGNMENT((#3576));
#3570=PRESENTATION_STYLE_ASSIGNMENT((#3577));
#3571=PRESENTATION_STYLE_ASSIGNMENT((#3578));
#3572=PRESENTATION_STYLE_ASSIGNMENT((#3579));
#3573=PRESENTATION_STYLE_ASSIGNMENT((#3580));
#3574=SURFACE_STYLE_USAGE(.BOTH.,#3581);
#3575=SURFACE_STYLE_USAGE(.BOTH.,#3582);
#3576=SURFACE_STYLE_USAGE(.BOTH.,#3583);
#3577=SURFACE_STYLE_USAGE(.BOTH.,#3584);
#3578=SURFACE_STYLE_USAGE(.BOTH.,#3585);
#3579=SURFACE_STYLE_USAGE(.BOTH.,#3586);
#3580=SURFACE_STYLE_USAGE(.BOTH.,#3587);
#3581=SURFACE_SIDE_STYLE('',(#3588));
#3582=SURFACE_SIDE_STYLE('',(#3589));
#3583=SURFACE_SIDE_STYLE('',(#3590));
#3584=SURFACE_SIDE_STYLE('',(#3591));
#3585=SURFACE_SIDE_STYLE('',(#3592));
#3586=SURFACE_SIDE_STYLE('',(#3593));
#3587=SURFACE_SIDE_STYLE('',(#3594));
#3588=SURFACE_STYLE_FILL_AREA(#3595);
#3589=SURFACE_STYLE_FILL_AREA(#3596);
#3590=SURFACE_STYLE_FILL_AREA(#3597);
#3591=SURFACE_STYLE_FILL_AREA(#3598);
#3592=SURFACE_STYLE_FILL_AREA(#3599);
#3593=SURFACE_STYLE_FILL_AREA(#3600);
#3594=SURFACE_STYLE_FILL_AREA(#3601);
#3595=FILL_AREA_STYLE('Stahl - satiniert',(#3602));
#3596=FILL_AREA_STYLE('FR4',(#3603));
#3597=FILL_AREA_STYLE('Edelstahl - satiniert',(#3604));
#3598=FILL_AREA_STYLE('Opaque(152,170,175)',(#3605));
#3599=FILL_AREA_STYLE('Opaque(255,255,255)',(#3606));
#3600=FILL_AREA_STYLE('Opaque(125,125,125)',(#3607));
#3601=FILL_AREA_STYLE('Opaque(65,55,50)',(#3608));
#3602=FILL_AREA_STYLE_COLOUR('Stahl - satiniert',#3609);
#3603=FILL_AREA_STYLE_COLOUR('FR4',#3610);
#3604=FILL_AREA_STYLE_COLOUR('Edelstahl - satiniert',#3611);
#3605=FILL_AREA_STYLE_COLOUR('Opaque(152,170,175)',#3612);
#3606=FILL_AREA_STYLE_COLOUR('Opaque(255,255,255)',#3613);
#3607=FILL_AREA_STYLE_COLOUR('Opaque(125,125,125)',#3614);
#3608=FILL_AREA_STYLE_COLOUR('Opaque(65,55,50)',#3615);
#3609=COLOUR_RGB('Stahl - satiniert',0.627450980392157,0.627450980392157,
0.627450980392157);
#3610=COLOUR_RGB('FR4',0.266666666666667,0.466666666666667,0.4);
#3611=COLOUR_RGB('Edelstahl - satiniert',0.796078431372549,0.796078431372549,
0.796078431372549);
#3612=COLOUR_RGB('Opaque(152,170,175)',0.596078431372549,0.666666666666667,
0.686274509803922);
#3613=COLOUR_RGB('Opaque(255,255,255)',1.,1.,1.);
#3614=COLOUR_RGB('Opaque(125,125,125)',0.490196078431373,0.490196078431373,
0.490196078431373);
#3615=COLOUR_RGB('Opaque(65,55,50)',0.254901960784314,0.215686274509804,
0.196078431372549);
ENDSEC;
END-ISO-10303-21;
