ISO-10303-21;
HEADER;
/* Generated by software containing ST-Developer
 * from STEP Tools, Inc. (www.steptools.com) 
 */

FILE_DESCRIPTION(
/* description */ (''),
/* implementation_level */ '2;1');

FILE_NAME(
/* name */ 'PER351-P115-N0010.step',
/* time_stamp */ '2024-03-19T10:02:48+02:00',
/* author */ (''),
/* organization */ (''),
/* preprocessor_version */ 'ST-DEVELOPER v20',
/* originating_system */ 'Autodesk Translation Framework v12.20.1.177',

/* authorisation */ '');

FILE_SCHEMA (('AUTOMOTIVE_DESIGN { 1 0 10303 214 3 1 1 }'));
ENDSEC;

DATA;
#10=MECHANICAL_DESIGN_GEOMETRIC_PRESENTATION_REPRESENTATION('',(#13,#14,
#15,#16,#17,#18),#7710);
#11=SHAPE_REPRESENTATION_RELATIONSHIP('SRR','None',#7717,#12);
#12=ADVANCED_BREP_SHAPE_REPRESENTATION('',(#19,#20,#21,#22,#23,#24),#7709);
#13=STYLED_ITEM('',(#7727),#19);
#14=STYLED_ITEM('',(#7728),#20);
#15=STYLED_ITEM('',(#7728),#21);
#16=STYLED_ITEM('',(#7728),#22);
#17=STYLED_ITEM('',(#7728),#23);
#18=STYLED_ITEM('',(#7728),#24);
#19=MANIFOLD_SOLID_BREP('Body1',#4605);
#20=MANIFOLD_SOLID_BREP('Body6',#4606);
#21=MANIFOLD_SOLID_BREP('Body7',#4607);
#22=MANIFOLD_SOLID_BREP('Body8',#4608);
#23=MANIFOLD_SOLID_BREP('Body9',#4609);
#24=MANIFOLD_SOLID_BREP('Body11',#4610);
#25=CONICAL_SURFACE('',#4646,0.599999999999999,0.785398163397448);
#26=CONICAL_SURFACE('',#4650,0.599999999999999,0.785398163397448);
#27=CONICAL_SURFACE('',#4656,0.599999999999999,0.785398163397448);
#28=CONICAL_SURFACE('',#4662,0.599999999999999,0.785398163397448);
#29=CYLINDRICAL_SURFACE('',#4638,0.5);
#30=CYLINDRICAL_SURFACE('',#4641,17.5);
#31=CYLINDRICAL_SURFACE('',#4644,0.5);
#32=CYLINDRICAL_SURFACE('',#4653,0.75);
#33=CYLINDRICAL_SURFACE('',#4659,0.75);
#34=CYLINDRICAL_SURFACE('',#4665,0.75);
#35=CYLINDRICAL_SURFACE('',#4668,1.25);
#36=CYLINDRICAL_SURFACE('',#4671,1.25);
#37=CYLINDRICAL_SURFACE('',#4674,0.75);
#38=CYLINDRICAL_SURFACE('',#4676,1.25);
#39=CYLINDRICAL_SURFACE('',#4709,12.5999999999997);
#40=CYLINDRICAL_SURFACE('',#4712,11.9);
#41=CYLINDRICAL_SURFACE('',#4715,12.5999999999997);
#42=CYLINDRICAL_SURFACE('',#4718,11.9);
#43=CYLINDRICAL_SURFACE('',#4721,12.5999999999997);
#44=CYLINDRICAL_SURFACE('',#4724,11.7);
#45=CYLINDRICAL_SURFACE('',#4727,12.6);
#46=CYLINDRICAL_SURFACE('',#4730,11.7);
#47=CYLINDRICAL_SURFACE('',#4733,12.6);
#48=CYLINDRICAL_SURFACE('',#4736,11.7);
#49=CYLINDRICAL_SURFACE('',#4739,12.6);
#50=CYLINDRICAL_SURFACE('',#4742,11.7);
#51=CYLINDRICAL_SURFACE('',#4745,12.6);
#52=CYLINDRICAL_SURFACE('',#4749,17.5);
#53=CYLINDRICAL_SURFACE('',#4751,0.5);
#54=CYLINDRICAL_SURFACE('',#4756,13.7);
#55=CYLINDRICAL_SURFACE('',#4762,13.7);
#56=CYLINDRICAL_SURFACE('',#4768,13.7);
#57=CYLINDRICAL_SURFACE('',#4774,14.4);
#58=CYLINDRICAL_SURFACE('',#4783,13.7);
#59=CYLINDRICAL_SURFACE('',#4789,13.7);
#60=CYLINDRICAL_SURFACE('',#4795,13.7);
#61=CYLINDRICAL_SURFACE('',#4815,0.5);
#62=CYLINDRICAL_SURFACE('',#4816,11.7);
#63=CYLINDRICAL_SURFACE('',#4817,11.7);
#64=CYLINDRICAL_SURFACE('',#4818,11.7);
#65=CYLINDRICAL_SURFACE('',#4819,11.7);
#66=CYLINDRICAL_SURFACE('',#4821,12.5999999999997);
#67=CYLINDRICAL_SURFACE('',#4823,12.5999999999997);
#68=CYLINDRICAL_SURFACE('',#4826,12.5999999999997);
#69=CYLINDRICAL_SURFACE('',#4831,12.6);
#70=CYLINDRICAL_SURFACE('',#4833,11.9);
#71=CYLINDRICAL_SURFACE('',#4835,12.6);
#72=CYLINDRICAL_SURFACE('',#4837,11.9);
#73=CYLINDRICAL_SURFACE('',#4838,12.6);
#74=CYLINDRICAL_SURFACE('',#4841,11.9);
#75=CYLINDRICAL_SURFACE('',#4846,0.1);
#76=CYLINDRICAL_SURFACE('',#4849,0.5);
#77=CYLINDRICAL_SURFACE('',#4854,0.353405052003834);
#78=CYLINDRICAL_SURFACE('',#4857,0.603405052003834);
#79=CYLINDRICAL_SURFACE('',#4884,17.4);
#80=CYLINDRICAL_SURFACE('',#4886,17.4);
#81=CYLINDRICAL_SURFACE('',#4891,0.1);
#82=CYLINDRICAL_SURFACE('',#4894,0.5);
#83=CYLINDRICAL_SURFACE('',#4899,0.353405052003834);
#84=CYLINDRICAL_SURFACE('',#4902,0.603405052003834);
#85=CYLINDRICAL_SURFACE('',#4928,17.4);
#86=CYLINDRICAL_SURFACE('',#4929,14.5);
#87=CYLINDRICAL_SURFACE('',#4931,13.8);
#88=CYLINDRICAL_SURFACE('',#4933,14.5);
#89=CYLINDRICAL_SURFACE('',#4935,13.8);
#90=CYLINDRICAL_SURFACE('',#4937,14.5);
#91=CYLINDRICAL_SURFACE('',#4939,13.8);
#92=CYLINDRICAL_SURFACE('',#4942,0.400000000000003);
#93=CYLINDRICAL_SURFACE('',#4944,0.400000000000003);
#94=CYLINDRICAL_SURFACE('',#4946,17.4);
#95=CYLINDRICAL_SURFACE('',#4948,0.4);
#96=CYLINDRICAL_SURFACE('',#4950,0.399999999999999);
#97=CYLINDRICAL_SURFACE('',#4959,0.1);
#98=CYLINDRICAL_SURFACE('',#4963,0.5);
#99=CYLINDRICAL_SURFACE('',#4981,0.1);
#100=CYLINDRICAL_SURFACE('',#4985,0.5);
#101=CYLINDRICAL_SURFACE('',#4996,0.1);
#102=CYLINDRICAL_SURFACE('',#5000,0.5);
#103=CYLINDRICAL_SURFACE('',#5018,0.1);
#104=CYLINDRICAL_SURFACE('',#5022,0.5);
#105=FACE_BOUND('',#366,.T.);
#106=FACE_BOUND('',#389,.T.);
#107=FACE_BOUND('',#390,.T.);
#108=FACE_BOUND('',#391,.T.);
#109=FACE_BOUND('',#392,.T.);
#110=FACE_BOUND('',#393,.T.);
#111=FACE_BOUND('',#426,.T.);
#112=FACE_BOUND('',#428,.T.);
#113=FACE_BOUND('',#455,.T.);
#114=FACE_BOUND('',#457,.T.);
#115=FACE_BOUND('',#505,.T.);
#116=FACE_BOUND('',#528,.T.);
#117=FACE_OUTER_BOUND('',#365,.T.);
#118=FACE_OUTER_BOUND('',#367,.T.);
#119=FACE_OUTER_BOUND('',#368,.T.);
#120=FACE_OUTER_BOUND('',#369,.T.);
#121=FACE_OUTER_BOUND('',#370,.T.);
#122=FACE_OUTER_BOUND('',#371,.T.);
#123=FACE_OUTER_BOUND('',#372,.T.);
#124=FACE_OUTER_BOUND('',#373,.T.);
#125=FACE_OUTER_BOUND('',#374,.T.);
#126=FACE_OUTER_BOUND('',#375,.T.);
#127=FACE_OUTER_BOUND('',#376,.T.);
#128=FACE_OUTER_BOUND('',#377,.T.);
#129=FACE_OUTER_BOUND('',#378,.T.);
#130=FACE_OUTER_BOUND('',#379,.T.);
#131=FACE_OUTER_BOUND('',#380,.T.);
#132=FACE_OUTER_BOUND('',#381,.T.);
#133=FACE_OUTER_BOUND('',#382,.T.);
#134=FACE_OUTER_BOUND('',#383,.T.);
#135=FACE_OUTER_BOUND('',#384,.T.);
#136=FACE_OUTER_BOUND('',#385,.T.);
#137=FACE_OUTER_BOUND('',#386,.T.);
#138=FACE_OUTER_BOUND('',#387,.T.);
#139=FACE_OUTER_BOUND('',#388,.T.);
#140=FACE_OUTER_BOUND('',#394,.T.);
#141=FACE_OUTER_BOUND('',#395,.T.);
#142=FACE_OUTER_BOUND('',#396,.T.);
#143=FACE_OUTER_BOUND('',#397,.T.);
#144=FACE_OUTER_BOUND('',#398,.T.);
#145=FACE_OUTER_BOUND('',#399,.T.);
#146=FACE_OUTER_BOUND('',#400,.T.);
#147=FACE_OUTER_BOUND('',#401,.T.);
#148=FACE_OUTER_BOUND('',#402,.T.);
#149=FACE_OUTER_BOUND('',#403,.T.);
#150=FACE_OUTER_BOUND('',#404,.T.);
#151=FACE_OUTER_BOUND('',#405,.T.);
#152=FACE_OUTER_BOUND('',#406,.T.);
#153=FACE_OUTER_BOUND('',#407,.T.);
#154=FACE_OUTER_BOUND('',#408,.T.);
#155=FACE_OUTER_BOUND('',#409,.T.);
#156=FACE_OUTER_BOUND('',#410,.T.);
#157=FACE_OUTER_BOUND('',#411,.T.);
#158=FACE_OUTER_BOUND('',#412,.T.);
#159=FACE_OUTER_BOUND('',#413,.T.);
#160=FACE_OUTER_BOUND('',#414,.T.);
#161=FACE_OUTER_BOUND('',#415,.T.);
#162=FACE_OUTER_BOUND('',#416,.T.);
#163=FACE_OUTER_BOUND('',#417,.T.);
#164=FACE_OUTER_BOUND('',#418,.T.);
#165=FACE_OUTER_BOUND('',#419,.T.);
#166=FACE_OUTER_BOUND('',#420,.T.);
#167=FACE_OUTER_BOUND('',#421,.T.);
#168=FACE_OUTER_BOUND('',#422,.T.);
#169=FACE_OUTER_BOUND('',#423,.T.);
#170=FACE_OUTER_BOUND('',#424,.T.);
#171=FACE_OUTER_BOUND('',#425,.T.);
#172=FACE_OUTER_BOUND('',#427,.T.);
#173=FACE_OUTER_BOUND('',#429,.T.);
#174=FACE_OUTER_BOUND('',#430,.T.);
#175=FACE_OUTER_BOUND('',#431,.T.);
#176=FACE_OUTER_BOUND('',#432,.T.);
#177=FACE_OUTER_BOUND('',#433,.T.);
#178=FACE_OUTER_BOUND('',#434,.T.);
#179=FACE_OUTER_BOUND('',#435,.T.);
#180=FACE_OUTER_BOUND('',#436,.T.);
#181=FACE_OUTER_BOUND('',#437,.T.);
#182=FACE_OUTER_BOUND('',#438,.T.);
#183=FACE_OUTER_BOUND('',#439,.T.);
#184=FACE_OUTER_BOUND('',#440,.T.);
#185=FACE_OUTER_BOUND('',#441,.T.);
#186=FACE_OUTER_BOUND('',#442,.T.);
#187=FACE_OUTER_BOUND('',#443,.T.);
#188=FACE_OUTER_BOUND('',#444,.T.);
#189=FACE_OUTER_BOUND('',#445,.T.);
#190=FACE_OUTER_BOUND('',#446,.T.);
#191=FACE_OUTER_BOUND('',#447,.T.);
#192=FACE_OUTER_BOUND('',#448,.T.);
#193=FACE_OUTER_BOUND('',#449,.T.);
#194=FACE_OUTER_BOUND('',#450,.T.);
#195=FACE_OUTER_BOUND('',#451,.T.);
#196=FACE_OUTER_BOUND('',#452,.T.);
#197=FACE_OUTER_BOUND('',#453,.T.);
#198=FACE_OUTER_BOUND('',#454,.T.);
#199=FACE_OUTER_BOUND('',#456,.T.);
#200=FACE_OUTER_BOUND('',#458,.T.);
#201=FACE_OUTER_BOUND('',#459,.T.);
#202=FACE_OUTER_BOUND('',#460,.T.);
#203=FACE_OUTER_BOUND('',#461,.T.);
#204=FACE_OUTER_BOUND('',#462,.T.);
#205=FACE_OUTER_BOUND('',#463,.T.);
#206=FACE_OUTER_BOUND('',#464,.T.);
#207=FACE_OUTER_BOUND('',#465,.T.);
#208=FACE_OUTER_BOUND('',#466,.T.);
#209=FACE_OUTER_BOUND('',#467,.T.);
#210=FACE_OUTER_BOUND('',#468,.T.);
#211=FACE_OUTER_BOUND('',#469,.T.);
#212=FACE_OUTER_BOUND('',#470,.T.);
#213=FACE_OUTER_BOUND('',#471,.T.);
#214=FACE_OUTER_BOUND('',#472,.T.);
#215=FACE_OUTER_BOUND('',#473,.T.);
#216=FACE_OUTER_BOUND('',#474,.T.);
#217=FACE_OUTER_BOUND('',#475,.T.);
#218=FACE_OUTER_BOUND('',#476,.T.);
#219=FACE_OUTER_BOUND('',#477,.T.);
#220=FACE_OUTER_BOUND('',#478,.T.);
#221=FACE_OUTER_BOUND('',#479,.T.);
#222=FACE_OUTER_BOUND('',#480,.T.);
#223=FACE_OUTER_BOUND('',#481,.T.);
#224=FACE_OUTER_BOUND('',#482,.T.);
#225=FACE_OUTER_BOUND('',#483,.T.);
#226=FACE_OUTER_BOUND('',#484,.T.);
#227=FACE_OUTER_BOUND('',#485,.T.);
#228=FACE_OUTER_BOUND('',#486,.T.);
#229=FACE_OUTER_BOUND('',#487,.T.);
#230=FACE_OUTER_BOUND('',#488,.T.);
#231=FACE_OUTER_BOUND('',#489,.T.);
#232=FACE_OUTER_BOUND('',#490,.T.);
#233=FACE_OUTER_BOUND('',#491,.T.);
#234=FACE_OUTER_BOUND('',#492,.T.);
#235=FACE_OUTER_BOUND('',#493,.T.);
#236=FACE_OUTER_BOUND('',#494,.T.);
#237=FACE_OUTER_BOUND('',#495,.T.);
#238=FACE_OUTER_BOUND('',#496,.T.);
#239=FACE_OUTER_BOUND('',#497,.T.);
#240=FACE_OUTER_BOUND('',#498,.T.);
#241=FACE_OUTER_BOUND('',#499,.T.);
#242=FACE_OUTER_BOUND('',#500,.T.);
#243=FACE_OUTER_BOUND('',#501,.T.);
#244=FACE_OUTER_BOUND('',#502,.T.);
#245=FACE_OUTER_BOUND('',#503,.T.);
#246=FACE_OUTER_BOUND('',#504,.T.);
#247=FACE_OUTER_BOUND('',#506,.T.);
#248=FACE_OUTER_BOUND('',#507,.T.);
#249=FACE_OUTER_BOUND('',#508,.T.);
#250=FACE_OUTER_BOUND('',#509,.T.);
#251=FACE_OUTER_BOUND('',#510,.T.);
#252=FACE_OUTER_BOUND('',#511,.T.);
#253=FACE_OUTER_BOUND('',#512,.T.);
#254=FACE_OUTER_BOUND('',#513,.T.);
#255=FACE_OUTER_BOUND('',#514,.T.);
#256=FACE_OUTER_BOUND('',#515,.T.);
#257=FACE_OUTER_BOUND('',#516,.T.);
#258=FACE_OUTER_BOUND('',#517,.T.);
#259=FACE_OUTER_BOUND('',#518,.T.);
#260=FACE_OUTER_BOUND('',#519,.T.);
#261=FACE_OUTER_BOUND('',#520,.T.);
#262=FACE_OUTER_BOUND('',#521,.T.);
#263=FACE_OUTER_BOUND('',#522,.T.);
#264=FACE_OUTER_BOUND('',#523,.T.);
#265=FACE_OUTER_BOUND('',#524,.T.);
#266=FACE_OUTER_BOUND('',#525,.T.);
#267=FACE_OUTER_BOUND('',#526,.T.);
#268=FACE_OUTER_BOUND('',#527,.T.);
#269=FACE_OUTER_BOUND('',#529,.T.);
#270=FACE_OUTER_BOUND('',#530,.T.);
#271=FACE_OUTER_BOUND('',#531,.T.);
#272=FACE_OUTER_BOUND('',#532,.T.);
#273=FACE_OUTER_BOUND('',#533,.T.);
#274=FACE_OUTER_BOUND('',#534,.T.);
#275=FACE_OUTER_BOUND('',#535,.T.);
#276=FACE_OUTER_BOUND('',#536,.T.);
#277=FACE_OUTER_BOUND('',#537,.T.);
#278=FACE_OUTER_BOUND('',#538,.T.);
#279=FACE_OUTER_BOUND('',#539,.T.);
#280=FACE_OUTER_BOUND('',#540,.T.);
#281=FACE_OUTER_BOUND('',#541,.T.);
#282=FACE_OUTER_BOUND('',#542,.T.);
#283=FACE_OUTER_BOUND('',#543,.T.);
#284=FACE_OUTER_BOUND('',#544,.T.);
#285=FACE_OUTER_BOUND('',#545,.T.);
#286=FACE_OUTER_BOUND('',#546,.T.);
#287=FACE_OUTER_BOUND('',#547,.T.);
#288=FACE_OUTER_BOUND('',#548,.T.);
#289=FACE_OUTER_BOUND('',#549,.T.);
#290=FACE_OUTER_BOUND('',#550,.T.);
#291=FACE_OUTER_BOUND('',#551,.T.);
#292=FACE_OUTER_BOUND('',#552,.T.);
#293=FACE_OUTER_BOUND('',#553,.T.);
#294=FACE_OUTER_BOUND('',#554,.T.);
#295=FACE_OUTER_BOUND('',#555,.T.);
#296=FACE_OUTER_BOUND('',#556,.T.);
#297=FACE_OUTER_BOUND('',#557,.T.);
#298=FACE_OUTER_BOUND('',#558,.T.);
#299=FACE_OUTER_BOUND('',#559,.T.);
#300=FACE_OUTER_BOUND('',#560,.T.);
#301=FACE_OUTER_BOUND('',#561,.T.);
#302=FACE_OUTER_BOUND('',#562,.T.);
#303=FACE_OUTER_BOUND('',#563,.T.);
#304=FACE_OUTER_BOUND('',#564,.T.);
#305=FACE_OUTER_BOUND('',#565,.T.);
#306=FACE_OUTER_BOUND('',#566,.T.);
#307=FACE_OUTER_BOUND('',#567,.T.);
#308=FACE_OUTER_BOUND('',#568,.T.);
#309=FACE_OUTER_BOUND('',#569,.T.);
#310=FACE_OUTER_BOUND('',#570,.T.);
#311=FACE_OUTER_BOUND('',#571,.T.);
#312=FACE_OUTER_BOUND('',#572,.T.);
#313=FACE_OUTER_BOUND('',#573,.T.);
#314=FACE_OUTER_BOUND('',#574,.T.);
#315=FACE_OUTER_BOUND('',#575,.T.);
#316=FACE_OUTER_BOUND('',#576,.T.);
#317=FACE_OUTER_BOUND('',#577,.T.);
#318=FACE_OUTER_BOUND('',#578,.T.);
#319=FACE_OUTER_BOUND('',#579,.T.);
#320=FACE_OUTER_BOUND('',#580,.T.);
#321=FACE_OUTER_BOUND('',#581,.T.);
#322=FACE_OUTER_BOUND('',#582,.T.);
#323=FACE_OUTER_BOUND('',#583,.T.);
#324=FACE_OUTER_BOUND('',#584,.T.);
#325=FACE_OUTER_BOUND('',#585,.T.);
#326=FACE_OUTER_BOUND('',#586,.T.);
#327=FACE_OUTER_BOUND('',#587,.T.);
#328=FACE_OUTER_BOUND('',#588,.T.);
#329=FACE_OUTER_BOUND('',#589,.T.);
#330=FACE_OUTER_BOUND('',#590,.T.);
#331=FACE_OUTER_BOUND('',#591,.T.);
#332=FACE_OUTER_BOUND('',#592,.T.);
#333=FACE_OUTER_BOUND('',#593,.T.);
#334=FACE_OUTER_BOUND('',#594,.T.);
#335=FACE_OUTER_BOUND('',#595,.T.);
#336=FACE_OUTER_BOUND('',#596,.T.);
#337=FACE_OUTER_BOUND('',#597,.T.);
#338=FACE_OUTER_BOUND('',#598,.T.);
#339=FACE_OUTER_BOUND('',#599,.T.);
#340=FACE_OUTER_BOUND('',#600,.T.);
#341=FACE_OUTER_BOUND('',#601,.T.);
#342=FACE_OUTER_BOUND('',#602,.T.);
#343=FACE_OUTER_BOUND('',#603,.T.);
#344=FACE_OUTER_BOUND('',#604,.T.);
#345=FACE_OUTER_BOUND('',#605,.T.);
#346=FACE_OUTER_BOUND('',#606,.T.);
#347=FACE_OUTER_BOUND('',#607,.T.);
#348=FACE_OUTER_BOUND('',#608,.T.);
#349=FACE_OUTER_BOUND('',#609,.T.);
#350=FACE_OUTER_BOUND('',#610,.T.);
#351=FACE_OUTER_BOUND('',#611,.T.);
#352=FACE_OUTER_BOUND('',#612,.T.);
#353=FACE_OUTER_BOUND('',#613,.T.);
#354=FACE_OUTER_BOUND('',#614,.T.);
#355=FACE_OUTER_BOUND('',#615,.T.);
#356=FACE_OUTER_BOUND('',#616,.T.);
#357=FACE_OUTER_BOUND('',#617,.T.);
#358=FACE_OUTER_BOUND('',#618,.T.);
#359=FACE_OUTER_BOUND('',#619,.T.);
#360=FACE_OUTER_BOUND('',#620,.T.);
#361=FACE_OUTER_BOUND('',#621,.T.);
#362=FACE_OUTER_BOUND('',#622,.T.);
#363=FACE_OUTER_BOUND('',#623,.T.);
#364=FACE_OUTER_BOUND('',#624,.T.);
#365=EDGE_LOOP('',(#2869,#2870,#2871,#2872,#2873,#2874,#2875,#2876,#2877,
#2878,#2879,#2880));
#366=EDGE_LOOP('',(#2881,#2882,#2883,#2884,#2885,#2886,#2887,#2888,#2889,
#2890,#2891,#2892));
#367=EDGE_LOOP('',(#2893,#2894,#2895,#2896));
#368=EDGE_LOOP('',(#2897,#2898,#2899,#2900));
#369=EDGE_LOOP('',(#2901,#2902,#2903,#2904));
#370=EDGE_LOOP('',(#2905,#2906,#2907,#2908));
#371=EDGE_LOOP('',(#2909,#2910,#2911,#2912));
#372=EDGE_LOOP('',(#2913,#2914,#2915,#2916));
#373=EDGE_LOOP('',(#2917,#2918,#2919,#2920));
#374=EDGE_LOOP('',(#2921));
#375=EDGE_LOOP('',(#2922,#2923,#2924,#2925));
#376=EDGE_LOOP('',(#2926,#2927,#2928,#2929));
#377=EDGE_LOOP('',(#2930));
#378=EDGE_LOOP('',(#2931,#2932,#2933,#2934));
#379=EDGE_LOOP('',(#2935,#2936,#2937,#2938));
#380=EDGE_LOOP('',(#2939));
#381=EDGE_LOOP('',(#2940,#2941,#2942,#2943));
#382=EDGE_LOOP('',(#2944,#2945,#2946,#2947));
#383=EDGE_LOOP('',(#2948));
#384=EDGE_LOOP('',(#2949,#2950,#2951,#2952));
#385=EDGE_LOOP('',(#2953,#2954,#2955,#2956));
#386=EDGE_LOOP('',(#2957,#2958,#2959,#2960));
#387=EDGE_LOOP('',(#2961,#2962,#2963,#2964));
#388=EDGE_LOOP('',(#2965,#2966,#2967,#2968,#2969,#2970,#2971,#2972,#2973,
#2974,#2975,#2976));
#389=EDGE_LOOP('',(#2977));
#390=EDGE_LOOP('',(#2978,#2979,#2980,#2981,#2982,#2983,#2984,#2985,#2986,
#2987,#2988,#2989,#2990,#2991,#2992,#2993,#2994,#2995,#2996,#2997,#2998,
#2999,#3000,#3001,#3002,#3003,#3004,#3005,#3006,#3007,#3008,#3009,#3010,
#3011,#3012,#3013,#3014,#3015,#3016,#3017,#3018,#3019,#3020,#3021,#3022,
#3023,#3024,#3025,#3026,#3027,#3028,#3029));
#391=EDGE_LOOP('',(#3030));
#392=EDGE_LOOP('',(#3031));
#393=EDGE_LOOP('',(#3032));
#394=EDGE_LOOP('',(#3033,#3034,#3035,#3036));
#395=EDGE_LOOP('',(#3037,#3038,#3039,#3040));
#396=EDGE_LOOP('',(#3041,#3042,#3043,#3044));
#397=EDGE_LOOP('',(#3045,#3046,#3047,#3048));
#398=EDGE_LOOP('',(#3049,#3050,#3051,#3052));
#399=EDGE_LOOP('',(#3053,#3054,#3055,#3056));
#400=EDGE_LOOP('',(#3057,#3058,#3059,#3060));
#401=EDGE_LOOP('',(#3061,#3062,#3063,#3064));
#402=EDGE_LOOP('',(#3065,#3066,#3067,#3068));
#403=EDGE_LOOP('',(#3069,#3070,#3071,#3072));
#404=EDGE_LOOP('',(#3073,#3074,#3075,#3076));
#405=EDGE_LOOP('',(#3077,#3078,#3079,#3080));
#406=EDGE_LOOP('',(#3081,#3082,#3083,#3084));
#407=EDGE_LOOP('',(#3085,#3086,#3087,#3088));
#408=EDGE_LOOP('',(#3089,#3090,#3091,#3092));
#409=EDGE_LOOP('',(#3093,#3094,#3095,#3096));
#410=EDGE_LOOP('',(#3097,#3098,#3099,#3100));
#411=EDGE_LOOP('',(#3101,#3102,#3103,#3104));
#412=EDGE_LOOP('',(#3105,#3106,#3107,#3108));
#413=EDGE_LOOP('',(#3109,#3110,#3111,#3112));
#414=EDGE_LOOP('',(#3113,#3114,#3115,#3116));
#415=EDGE_LOOP('',(#3117,#3118,#3119,#3120));
#416=EDGE_LOOP('',(#3121,#3122,#3123,#3124));
#417=EDGE_LOOP('',(#3125,#3126,#3127,#3128));
#418=EDGE_LOOP('',(#3129,#3130,#3131,#3132));
#419=EDGE_LOOP('',(#3133,#3134,#3135,#3136));
#420=EDGE_LOOP('',(#3137,#3138,#3139,#3140));
#421=EDGE_LOOP('',(#3141,#3142,#3143,#3144));
#422=EDGE_LOOP('',(#3145,#3146,#3147,#3148));
#423=EDGE_LOOP('',(#3149,#3150,#3151,#3152));
#424=EDGE_LOOP('',(#3153,#3154,#3155,#3156));
#425=EDGE_LOOP('',(#3157));
#426=EDGE_LOOP('',(#3158));
#427=EDGE_LOOP('',(#3159));
#428=EDGE_LOOP('',(#3160));
#429=EDGE_LOOP('',(#3161,#3162,#3163,#3164));
#430=EDGE_LOOP('',(#3165,#3166,#3167,#3168));
#431=EDGE_LOOP('',(#3169,#3170,#3171,#3172));
#432=EDGE_LOOP('',(#3173,#3174,#3175,#3176));
#433=EDGE_LOOP('',(#3177,#3178,#3179,#3180));
#434=EDGE_LOOP('',(#3181,#3182,#3183,#3184));
#435=EDGE_LOOP('',(#3185,#3186,#3187,#3188));
#436=EDGE_LOOP('',(#3189,#3190,#3191,#3192));
#437=EDGE_LOOP('',(#3193,#3194,#3195,#3196));
#438=EDGE_LOOP('',(#3197,#3198,#3199,#3200));
#439=EDGE_LOOP('',(#3201,#3202,#3203,#3204));
#440=EDGE_LOOP('',(#3205,#3206,#3207,#3208,#3209));
#441=EDGE_LOOP('',(#3210,#3211,#3212,#3213,#3214,#3215,#3216,#3217,#3218,
#3219,#3220,#3221,#3222,#3223,#3224,#3225,#3226,#3227,#3228,#3229,#3230,
#3231,#3232,#3233,#3234,#3235,#3236,#3237));
#442=EDGE_LOOP('',(#3238,#3239,#3240,#3241));
#443=EDGE_LOOP('',(#3242,#3243,#3244,#3245));
#444=EDGE_LOOP('',(#3246,#3247,#3248,#3249));
#445=EDGE_LOOP('',(#3250,#3251,#3252,#3253));
#446=EDGE_LOOP('',(#3254,#3255,#3256,#3257));
#447=EDGE_LOOP('',(#3258,#3259,#3260,#3261));
#448=EDGE_LOOP('',(#3262,#3263,#3264,#3265));
#449=EDGE_LOOP('',(#3266,#3267,#3268,#3269));
#450=EDGE_LOOP('',(#3270,#3271,#3272,#3273));
#451=EDGE_LOOP('',(#3274,#3275,#3276,#3277));
#452=EDGE_LOOP('',(#3278,#3279,#3280,#3281));
#453=EDGE_LOOP('',(#3282,#3283,#3284,#3285));
#454=EDGE_LOOP('',(#3286,#3287,#3288,#3289,#3290,#3291,#3292,#3293,#3294,
#3295,#3296,#3297,#3298));
#455=EDGE_LOOP('',(#3299,#3300,#3301,#3302,#3303,#3304,#3305,#3306,#3307,
#3308,#3309,#3310,#3311,#3312,#3313,#3314,#3315,#3316,#3317,#3318,#3319,
#3320,#3321,#3322,#3323,#3324,#3325,#3326,#3327,#3328,#3329,#3330,#3331,
#3332,#3333,#3334,#3335,#3336,#3337,#3338,#3339,#3340,#3341,#3342,#3343,
#3344,#3345,#3346,#3347,#3348,#3349,#3350));
#456=EDGE_LOOP('',(#3351));
#457=EDGE_LOOP('',(#3352));
#458=EDGE_LOOP('',(#3353,#3354,#3355,#3356));
#459=EDGE_LOOP('',(#3357,#3358,#3359,#3360));
#460=EDGE_LOOP('',(#3361,#3362,#3363,#3364));
#461=EDGE_LOOP('',(#3365,#3366,#3367,#3368));
#462=EDGE_LOOP('',(#3369,#3370,#3371,#3372));
#463=EDGE_LOOP('',(#3373,#3374,#3375,#3376));
#464=EDGE_LOOP('',(#3377,#3378,#3379,#3380));
#465=EDGE_LOOP('',(#3381,#3382,#3383,#3384));
#466=EDGE_LOOP('',(#3385,#3386,#3387,#3388));
#467=EDGE_LOOP('',(#3389,#3390,#3391,#3392));
#468=EDGE_LOOP('',(#3393,#3394,#3395,#3396));
#469=EDGE_LOOP('',(#3397,#3398,#3399,#3400));
#470=EDGE_LOOP('',(#3401,#3402,#3403,#3404));
#471=EDGE_LOOP('',(#3405,#3406,#3407,#3408));
#472=EDGE_LOOP('',(#3409,#3410,#3411,#3412));
#473=EDGE_LOOP('',(#3413,#3414,#3415,#3416));
#474=EDGE_LOOP('',(#3417,#3418,#3419,#3420));
#475=EDGE_LOOP('',(#3421,#3422,#3423,#3424));
#476=EDGE_LOOP('',(#3425,#3426,#3427,#3428));
#477=EDGE_LOOP('',(#3429,#3430,#3431,#3432));
#478=EDGE_LOOP('',(#3433,#3434,#3435,#3436));
#479=EDGE_LOOP('',(#3437,#3438,#3439,#3440));
#480=EDGE_LOOP('',(#3441,#3442,#3443,#3444));
#481=EDGE_LOOP('',(#3445,#3446,#3447,#3448));
#482=EDGE_LOOP('',(#3449,#3450,#3451,#3452));
#483=EDGE_LOOP('',(#3453,#3454,#3455,#3456));
#484=EDGE_LOOP('',(#3457,#3458,#3459,#3460));
#485=EDGE_LOOP('',(#3461,#3462,#3463,#3464,#3465,#3466,#3467,#3468,#3469,
#3470));
#486=EDGE_LOOP('',(#3471,#3472,#3473,#3474));
#487=EDGE_LOOP('',(#3475,#3476,#3477,#3478));
#488=EDGE_LOOP('',(#3479,#3480,#3481,#3482,#3483,#3484,#3485,#3486));
#489=EDGE_LOOP('',(#3487,#3488,#3489,#3490));
#490=EDGE_LOOP('',(#3491,#3492,#3493,#3494,#3495,#3496,#3497,#3498,#3499,
#3500));
#491=EDGE_LOOP('',(#3501,#3502,#3503,#3504,#3505,#3506,#3507,#3508));
#492=EDGE_LOOP('',(#3509,#3510,#3511,#3512));
#493=EDGE_LOOP('',(#3513,#3514,#3515,#3516));
#494=EDGE_LOOP('',(#3517,#3518,#3519,#3520));
#495=EDGE_LOOP('',(#3521,#3522,#3523,#3524));
#496=EDGE_LOOP('',(#3525,#3526,#3527,#3528,#3529,#3530));
#497=EDGE_LOOP('',(#3531,#3532,#3533,#3534));
#498=EDGE_LOOP('',(#3535,#3536,#3537,#3538));
#499=EDGE_LOOP('',(#3539,#3540,#3541,#3542,#3543,#3544,#3545));
#500=EDGE_LOOP('',(#3546,#3547,#3548,#3549));
#501=EDGE_LOOP('',(#3550,#3551,#3552,#3553));
#502=EDGE_LOOP('',(#3554,#3555,#3556,#3557,#3558,#3559,#3560));
#503=EDGE_LOOP('',(#3561,#3562,#3563,#3564));
#504=EDGE_LOOP('',(#3565,#3566,#3567,#3568,#3569,#3570,#3571,#3572,#3573,
#3574,#3575,#3576,#3577,#3578,#3579,#3580,#3581,#3582,#3583,#3584));
#505=EDGE_LOOP('',(#3585,#3586,#3587,#3588,#3589,#3590,#3591,#3592,#3593,
#3594,#3595,#3596));
#506=EDGE_LOOP('',(#3597,#3598,#3599,#3600));
#507=EDGE_LOOP('',(#3601,#3602,#3603,#3604));
#508=EDGE_LOOP('',(#3605,#3606,#3607,#3608,#3609,#3610,#3611,#3612,#3613,
#3614));
#509=EDGE_LOOP('',(#3615,#3616,#3617,#3618));
#510=EDGE_LOOP('',(#3619,#3620,#3621,#3622,#3623,#3624,#3625,#3626));
#511=EDGE_LOOP('',(#3627,#3628,#3629,#3630));
#512=EDGE_LOOP('',(#3631,#3632,#3633,#3634,#3635,#3636,#3637,#3638,#3639,
#3640));
#513=EDGE_LOOP('',(#3641,#3642,#3643,#3644,#3645,#3646,#3647,#3648));
#514=EDGE_LOOP('',(#3649,#3650,#3651,#3652));
#515=EDGE_LOOP('',(#3653,#3654,#3655,#3656));
#516=EDGE_LOOP('',(#3657,#3658,#3659,#3660));
#517=EDGE_LOOP('',(#3661,#3662,#3663,#3664));
#518=EDGE_LOOP('',(#3665,#3666,#3667,#3668,#3669,#3670));
#519=EDGE_LOOP('',(#3671,#3672,#3673,#3674));
#520=EDGE_LOOP('',(#3675,#3676,#3677,#3678));
#521=EDGE_LOOP('',(#3679,#3680,#3681,#3682,#3683,#3684,#3685));
#522=EDGE_LOOP('',(#3686,#3687,#3688,#3689));
#523=EDGE_LOOP('',(#3690,#3691,#3692,#3693));
#524=EDGE_LOOP('',(#3694,#3695,#3696,#3697));
#525=EDGE_LOOP('',(#3698,#3699,#3700,#3701,#3702,#3703,#3704));
#526=EDGE_LOOP('',(#3705,#3706,#3707,#3708));
#527=EDGE_LOOP('',(#3709,#3710,#3711,#3712,#3713,#3714,#3715,#3716,#3717,
#3718,#3719,#3720,#3721,#3722,#3723,#3724,#3725,#3726,#3727,#3728));
#528=EDGE_LOOP('',(#3729,#3730,#3731,#3732,#3733,#3734,#3735,#3736,#3737,
#3738,#3739,#3740));
#529=EDGE_LOOP('',(#3741,#3742,#3743,#3744));
#530=EDGE_LOOP('',(#3745,#3746,#3747,#3748));
#531=EDGE_LOOP('',(#3749,#3750,#3751,#3752));
#532=EDGE_LOOP('',(#3753,#3754,#3755,#3756));
#533=EDGE_LOOP('',(#3757,#3758,#3759,#3760));
#534=EDGE_LOOP('',(#3761,#3762,#3763,#3764));
#535=EDGE_LOOP('',(#3765,#3766,#3767,#3768));
#536=EDGE_LOOP('',(#3769,#3770,#3771,#3772));
#537=EDGE_LOOP('',(#3773,#3774,#3775,#3776));
#538=EDGE_LOOP('',(#3777,#3778,#3779,#3780));
#539=EDGE_LOOP('',(#3781,#3782,#3783,#3784));
#540=EDGE_LOOP('',(#3785,#3786,#3787,#3788));
#541=EDGE_LOOP('',(#3789,#3790,#3791,#3792));
#542=EDGE_LOOP('',(#3793,#3794,#3795,#3796));
#543=EDGE_LOOP('',(#3797,#3798,#3799,#3800));
#544=EDGE_LOOP('',(#3801,#3802,#3803,#3804));
#545=EDGE_LOOP('',(#3805,#3806,#3807,#3808));
#546=EDGE_LOOP('',(#3809,#3810,#3811,#3812));
#547=EDGE_LOOP('',(#3813,#3814,#3815,#3816));
#548=EDGE_LOOP('',(#3817,#3818,#3819,#3820));
#549=EDGE_LOOP('',(#3821,#3822,#3823,#3824));
#550=EDGE_LOOP('',(#3825,#3826,#3827,#3828));
#551=EDGE_LOOP('',(#3829,#3830,#3831,#3832));
#552=EDGE_LOOP('',(#3833,#3834,#3835,#3836));
#553=EDGE_LOOP('',(#3837,#3838,#3839,#3840));
#554=EDGE_LOOP('',(#3841,#3842,#3843,#3844));
#555=EDGE_LOOP('',(#3845,#3846,#3847,#3848));
#556=EDGE_LOOP('',(#3849,#3850,#3851,#3852));
#557=EDGE_LOOP('',(#3853,#3854,#3855,#3856,#3857,#3858,#3859,#3860));
#558=EDGE_LOOP('',(#3861,#3862,#3863,#3864));
#559=EDGE_LOOP('',(#3865,#3866,#3867,#3868));
#560=EDGE_LOOP('',(#3869,#3870,#3871,#3872));
#561=EDGE_LOOP('',(#3873,#3874,#3875,#3876,#3877,#3878,#3879,#3880));
#562=EDGE_LOOP('',(#3881,#3882,#3883,#3884));
#563=EDGE_LOOP('',(#3885,#3886,#3887,#3888,#3889,#3890,#3891,#3892));
#564=EDGE_LOOP('',(#3893,#3894,#3895,#3896));
#565=EDGE_LOOP('',(#3897,#3898,#3899,#3900));
#566=EDGE_LOOP('',(#3901,#3902,#3903,#3904,#3905,#3906,#3907,#3908));
#567=EDGE_LOOP('',(#3909,#3910,#3911,#3912));
#568=EDGE_LOOP('',(#3913,#3914,#3915,#3916));
#569=EDGE_LOOP('',(#3917,#3918,#3919,#3920));
#570=EDGE_LOOP('',(#3921,#3922,#3923,#3924));
#571=EDGE_LOOP('',(#3925,#3926,#3927,#3928));
#572=EDGE_LOOP('',(#3929,#3930,#3931,#3932));
#573=EDGE_LOOP('',(#3933,#3934,#3935,#3936));
#574=EDGE_LOOP('',(#3937,#3938,#3939,#3940));
#575=EDGE_LOOP('',(#3941,#3942,#3943,#3944,#3945,#3946,#3947,#3948));
#576=EDGE_LOOP('',(#3949,#3950,#3951,#3952));
#577=EDGE_LOOP('',(#3953,#3954,#3955,#3956));
#578=EDGE_LOOP('',(#3957,#3958,#3959,#3960));
#579=EDGE_LOOP('',(#3961,#3962,#3963,#3964,#3965,#3966,#3967,#3968));
#580=EDGE_LOOP('',(#3969,#3970,#3971,#3972));
#581=EDGE_LOOP('',(#3973,#3974,#3975,#3976));
#582=EDGE_LOOP('',(#3977,#3978,#3979,#3980,#3981,#3982,#3983,#3984));
#583=EDGE_LOOP('',(#3985,#3986,#3987,#3988));
#584=EDGE_LOOP('',(#3989,#3990,#3991,#3992));
#585=EDGE_LOOP('',(#3993,#3994,#3995,#3996));
#586=EDGE_LOOP('',(#3997,#3998,#3999,#4000));
#587=EDGE_LOOP('',(#4001,#4002,#4003,#4004));
#588=EDGE_LOOP('',(#4005,#4006,#4007,#4008,#4009,#4010,#4011,#4012));
#589=EDGE_LOOP('',(#4013,#4014,#4015,#4016));
#590=EDGE_LOOP('',(#4017,#4018,#4019,#4020,#4021,#4022,#4023,#4024));
#591=EDGE_LOOP('',(#4025,#4026,#4027,#4028));
#592=EDGE_LOOP('',(#4029,#4030,#4031,#4032,#4033,#4034,#4035,#4036));
#593=EDGE_LOOP('',(#4037,#4038,#4039,#4040,#4041,#4042,#4043,#4044));
#594=EDGE_LOOP('',(#4045,#4046,#4047,#4048));
#595=EDGE_LOOP('',(#4049,#4050,#4051,#4052));
#596=EDGE_LOOP('',(#4053,#4054,#4055,#4056));
#597=EDGE_LOOP('',(#4057,#4058,#4059,#4060));
#598=EDGE_LOOP('',(#4061,#4062,#4063,#4064));
#599=EDGE_LOOP('',(#4065,#4066,#4067,#4068));
#600=EDGE_LOOP('',(#4069,#4070,#4071,#4072));
#601=EDGE_LOOP('',(#4073,#4074,#4075,#4076));
#602=EDGE_LOOP('',(#4077,#4078,#4079,#4080));
#603=EDGE_LOOP('',(#4081,#4082,#4083,#4084,#4085,#4086,#4087,#4088));
#604=EDGE_LOOP('',(#4089,#4090,#4091,#4092));
#605=EDGE_LOOP('',(#4093,#4094,#4095,#4096));
#606=EDGE_LOOP('',(#4097,#4098,#4099,#4100));
#607=EDGE_LOOP('',(#4101,#4102,#4103,#4104));
#608=EDGE_LOOP('',(#4105,#4106,#4107,#4108,#4109,#4110,#4111,#4112));
#609=EDGE_LOOP('',(#4113,#4114,#4115,#4116));
#610=EDGE_LOOP('',(#4117,#4118,#4119,#4120,#4121,#4122,#4123,#4124));
#611=EDGE_LOOP('',(#4125,#4126,#4127,#4128,#4129,#4130,#4131,#4132));
#612=EDGE_LOOP('',(#4133,#4134,#4135,#4136));
#613=EDGE_LOOP('',(#4137,#4138,#4139,#4140));
#614=EDGE_LOOP('',(#4141,#4142,#4143,#4144));
#615=EDGE_LOOP('',(#4145,#4146,#4147,#4148));
#616=EDGE_LOOP('',(#4149,#4150,#4151,#4152));
#617=EDGE_LOOP('',(#4153,#4154,#4155,#4156));
#618=EDGE_LOOP('',(#4157,#4158,#4159,#4160));
#619=EDGE_LOOP('',(#4161,#4162,#4163,#4164));
#620=EDGE_LOOP('',(#4165,#4166,#4167,#4168));
#621=EDGE_LOOP('',(#4169,#4170,#4171,#4172,#4173,#4174,#4175,#4176));
#622=EDGE_LOOP('',(#4177,#4178,#4179,#4180));
#623=EDGE_LOOP('',(#4181,#4182,#4183,#4184));
#624=EDGE_LOOP('',(#4185,#4186,#4187,#4188));
#625=LINE('',#6372,#1117);
#626=LINE('',#6376,#1118);
#627=LINE('',#6380,#1119);
#628=LINE('',#6384,#1120);
#629=LINE('',#6388,#1121);
#630=LINE('',#6391,#1122);
#631=LINE('',#6396,#1123);
#632=LINE('',#6400,#1124);
#633=LINE('',#6404,#1125);
#634=LINE('',#6408,#1126);
#635=LINE('',#6412,#1127);
#636=LINE('',#6415,#1128);
#637=LINE('',#6418,#1129);
#638=LINE('',#6420,#1130);
#639=LINE('',#6421,#1131);
#640=LINE('',#6424,#1132);
#641=LINE('',#6428,#1133);
#642=LINE('',#6429,#1134);
#643=LINE('',#6432,#1135);
#644=LINE('',#6436,#1136);
#645=LINE('',#6437,#1137);
#646=LINE('',#6440,#1138);
#647=LINE('',#6446,#1139);
#648=LINE('',#6453,#1140);
#649=LINE('',#6457,#1141);
#650=LINE('',#6464,#1142);
#651=LINE('',#6468,#1143);
#652=LINE('',#6475,#1144);
#653=LINE('',#6479,#1145);
#654=LINE('',#6486,#1146);
#655=LINE('',#6492,#1147);
#656=LINE('',#6496,#1148);
#657=LINE('',#6502,#1149);
#658=LINE('',#6506,#1150);
#659=LINE('',#6510,#1151);
#660=LINE('',#6514,#1152);
#661=LINE('',#6520,#1153);
#662=LINE('',#6524,#1154);
#663=LINE('',#6528,#1155);
#664=LINE('',#6532,#1156);
#665=LINE('',#6536,#1157);
#666=LINE('',#6540,#1158);
#667=LINE('',#6544,#1159);
#668=LINE('',#6548,#1160);
#669=LINE('',#6552,#1161);
#670=LINE('',#6556,#1162);
#671=LINE('',#6560,#1163);
#672=LINE('',#6564,#1164);
#673=LINE('',#6568,#1165);
#674=LINE('',#6572,#1166);
#675=LINE('',#6576,#1167);
#676=LINE('',#6580,#1168);
#677=LINE('',#6584,#1169);
#678=LINE('',#6588,#1170);
#679=LINE('',#6592,#1171);
#680=LINE('',#6596,#1172);
#681=LINE('',#6600,#1173);
#682=LINE('',#6604,#1174);
#683=LINE('',#6608,#1175);
#684=LINE('',#6612,#1176);
#685=LINE('',#6616,#1177);
#686=LINE('',#6619,#1178);
#687=LINE('',#6622,#1179);
#688=LINE('',#6625,#1180);
#689=LINE('',#6628,#1181);
#690=LINE('',#6629,#1182);
#691=LINE('',#6632,#1183);
#692=LINE('',#6636,#1184);
#693=LINE('',#6637,#1185);
#694=LINE('',#6640,#1186);
#695=LINE('',#6644,#1187);
#696=LINE('',#6645,#1188);
#697=LINE('',#6648,#1189);
#698=LINE('',#6652,#1190);
#699=LINE('',#6653,#1191);
#700=LINE('',#6656,#1192);
#701=LINE('',#6660,#1193);
#702=LINE('',#6661,#1194);
#703=LINE('',#6664,#1195);
#704=LINE('',#6668,#1196);
#705=LINE('',#6669,#1197);
#706=LINE('',#6672,#1198);
#707=LINE('',#6676,#1199);
#708=LINE('',#6677,#1200);
#709=LINE('',#6680,#1201);
#710=LINE('',#6684,#1202);
#711=LINE('',#6685,#1203);
#712=LINE('',#6688,#1204);
#713=LINE('',#6692,#1205);
#714=LINE('',#6693,#1206);
#715=LINE('',#6696,#1207);
#716=LINE('',#6700,#1208);
#717=LINE('',#6701,#1209);
#718=LINE('',#6704,#1210);
#719=LINE('',#6708,#1211);
#720=LINE('',#6709,#1212);
#721=LINE('',#6712,#1213);
#722=LINE('',#6716,#1214);
#723=LINE('',#6717,#1215);
#724=LINE('',#6720,#1216);
#725=LINE('',#6724,#1217);
#726=LINE('',#6725,#1218);
#727=LINE('',#6727,#1219);
#728=LINE('',#6728,#1220);
#729=LINE('',#6730,#1221);
#730=LINE('',#6732,#1222);
#731=LINE('',#6734,#1223);
#732=LINE('',#6740,#1224);
#733=LINE('',#6742,#1225);
#734=LINE('',#6743,#1226);
#735=LINE('',#6746,#1227);
#736=LINE('',#6750,#1228);
#737=LINE('',#6751,#1229);
#738=LINE('',#6756,#1230);
#739=LINE('',#6758,#1231);
#740=LINE('',#6759,#1232);
#741=LINE('',#6762,#1233);
#742=LINE('',#6766,#1234);
#743=LINE('',#6767,#1235);
#744=LINE('',#6772,#1236);
#745=LINE('',#6774,#1237);
#746=LINE('',#6775,#1238);
#747=LINE('',#6778,#1239);
#748=LINE('',#6782,#1240);
#749=LINE('',#6783,#1241);
#750=LINE('',#6791,#1242);
#751=LINE('',#6795,#1243);
#752=LINE('',#6799,#1244);
#753=LINE('',#6802,#1245);
#754=LINE('',#6806,#1246);
#755=LINE('',#6810,#1247);
#756=LINE('',#6814,#1248);
#757=LINE('',#6818,#1249);
#758=LINE('',#6820,#1250);
#759=LINE('',#6821,#1251);
#760=LINE('',#6826,#1252);
#761=LINE('',#6829,#1253);
#762=LINE('',#6830,#1254);
#763=LINE('',#6834,#1255);
#764=LINE('',#6836,#1256);
#765=LINE('',#6837,#1257);
#766=LINE('',#6842,#1258);
#767=LINE('',#6845,#1259);
#768=LINE('',#6846,#1260);
#769=LINE('',#6850,#1261);
#770=LINE('',#6852,#1262);
#771=LINE('',#6853,#1263);
#772=LINE('',#6858,#1264);
#773=LINE('',#6861,#1265);
#774=LINE('',#6862,#1266);
#775=LINE('',#6867,#1267);
#776=LINE('',#6871,#1268);
#777=LINE('',#6875,#1269);
#778=LINE('',#6879,#1270);
#779=LINE('',#6883,#1271);
#780=LINE('',#6887,#1272);
#781=LINE('',#6891,#1273);
#782=LINE('',#6895,#1274);
#783=LINE('',#6899,#1275);
#784=LINE('',#6903,#1276);
#785=LINE('',#6907,#1277);
#786=LINE('',#6911,#1278);
#787=LINE('',#6914,#1279);
#788=LINE('',#6919,#1280);
#789=LINE('',#6920,#1281);
#790=LINE('',#6922,#1282);
#791=LINE('',#6924,#1283);
#792=LINE('',#6925,#1284);
#793=LINE('',#6927,#1285);
#794=LINE('',#6928,#1286);
#795=LINE('',#6930,#1287);
#796=LINE('',#6932,#1288);
#797=LINE('',#6935,#1289);
#798=LINE('',#6936,#1290);
#799=LINE('',#6940,#1291);
#800=LINE('',#6941,#1292);
#801=LINE('',#6945,#1293);
#802=LINE('',#6947,#1294);
#803=LINE('',#6948,#1295);
#804=LINE('',#6950,#1296);
#805=LINE('',#6952,#1297);
#806=LINE('',#6955,#1298);
#807=LINE('',#6956,#1299);
#808=LINE('',#6958,#1300);
#809=LINE('',#6961,#1301);
#810=LINE('',#6963,#1302);
#811=LINE('',#6964,#1303);
#812=LINE('',#6967,#1304);
#813=LINE('',#6972,#1305);
#814=LINE('',#6974,#1306);
#815=LINE('',#6976,#1307);
#816=LINE('',#6978,#1308);
#817=LINE('',#6982,#1309);
#818=LINE('',#6984,#1310);
#819=LINE('',#6986,#1311);
#820=LINE('',#6989,#1312);
#821=LINE('',#6992,#1313);
#822=LINE('',#6994,#1314);
#823=LINE('',#6995,#1315);
#824=LINE('',#7000,#1316);
#825=LINE('',#7001,#1317);
#826=LINE('',#7004,#1318);
#827=LINE('',#7006,#1319);
#828=LINE('',#7008,#1320);
#829=LINE('',#7010,#1321);
#830=LINE('',#7012,#1322);
#831=LINE('',#7013,#1323);
#832=LINE('',#7018,#1324);
#833=LINE('',#7019,#1325);
#834=LINE('',#7023,#1326);
#835=LINE('',#7024,#1327);
#836=LINE('',#7026,#1328);
#837=LINE('',#7027,#1329);
#838=LINE('',#7028,#1330);
#839=LINE('',#7029,#1331);
#840=LINE('',#7032,#1332);
#841=LINE('',#7034,#1333);
#842=LINE('',#7036,#1334);
#843=LINE('',#7038,#1335);
#844=LINE('',#7039,#1336);
#845=LINE('',#7043,#1337);
#846=LINE('',#7045,#1338);
#847=LINE('',#7047,#1339);
#848=LINE('',#7048,#1340);
#849=LINE('',#7053,#1341);
#850=LINE('',#7062,#1342);
#851=LINE('',#7063,#1343);
#852=LINE('',#7065,#1344);
#853=LINE('',#7067,#1345);
#854=LINE('',#7068,#1346);
#855=LINE('',#7070,#1347);
#856=LINE('',#7071,#1348);
#857=LINE('',#7073,#1349);
#858=LINE('',#7075,#1350);
#859=LINE('',#7078,#1351);
#860=LINE('',#7080,#1352);
#861=LINE('',#7086,#1353);
#862=LINE('',#7090,#1354);
#863=LINE('',#7094,#1355);
#864=LINE('',#7098,#1356);
#865=LINE('',#7100,#1357);
#866=LINE('',#7102,#1358);
#867=LINE('',#7106,#1359);
#868=LINE('',#7110,#1360);
#869=LINE('',#7114,#1361);
#870=LINE('',#7120,#1362);
#871=LINE('',#7124,#1363);
#872=LINE('',#7128,#1364);
#873=LINE('',#7132,#1365);
#874=LINE('',#7136,#1366);
#875=LINE('',#7139,#1367);
#876=LINE('',#7143,#1368);
#877=LINE('',#7146,#1369);
#878=LINE('',#7151,#1370);
#879=LINE('',#7152,#1371);
#880=LINE('',#7156,#1372);
#881=LINE('',#7158,#1373);
#882=LINE('',#7160,#1374);
#883=LINE('',#7164,#1375);
#884=LINE('',#7165,#1376);
#885=LINE('',#7170,#1377);
#886=LINE('',#7171,#1378);
#887=LINE('',#7174,#1379);
#888=LINE('',#7176,#1380);
#889=LINE('',#7178,#1381);
#890=LINE('',#7180,#1382);
#891=LINE('',#7182,#1383);
#892=LINE('',#7183,#1384);
#893=LINE('',#7187,#1385);
#894=LINE('',#7191,#1386);
#895=LINE('',#7193,#1387);
#896=LINE('',#7194,#1388);
#897=LINE('',#7196,#1389);
#898=LINE('',#7197,#1390);
#899=LINE('',#7198,#1391);
#900=LINE('',#7201,#1392);
#901=LINE('',#7203,#1393);
#902=LINE('',#7205,#1394);
#903=LINE('',#7207,#1395);
#904=LINE('',#7208,#1396);
#905=LINE('',#7212,#1397);
#906=LINE('',#7214,#1398);
#907=LINE('',#7216,#1399);
#908=LINE('',#7217,#1400);
#909=LINE('',#7223,#1401);
#910=LINE('',#7228,#1402);
#911=LINE('',#7232,#1403);
#912=LINE('',#7234,#1404);
#913=LINE('',#7236,#1405);
#914=LINE('',#7237,#1406);
#915=LINE('',#7238,#1407);
#916=LINE('',#7240,#1408);
#917=LINE('',#7241,#1409);
#918=LINE('',#7243,#1410);
#919=LINE('',#7245,#1411);
#920=LINE('',#7248,#1412);
#921=LINE('',#7250,#1413);
#922=LINE('',#7252,#1414);
#923=LINE('',#7256,#1415);
#924=LINE('',#7260,#1416);
#925=LINE('',#7264,#1417);
#926=LINE('',#7269,#1418);
#927=LINE('',#7273,#1419);
#928=LINE('',#7276,#1420);
#929=LINE('',#7281,#1421);
#930=LINE('',#7285,#1422);
#931=LINE('',#7289,#1423);
#932=LINE('',#7293,#1424);
#933=LINE('',#7297,#1425);
#934=LINE('',#7300,#1426);
#935=LINE('',#7302,#1427);
#936=LINE('',#7304,#1428);
#937=LINE('',#7305,#1429);
#938=LINE('',#7307,#1430);
#939=LINE('',#7309,#1431);
#940=LINE('',#7311,#1432);
#941=LINE('',#7313,#1433);
#942=LINE('',#7315,#1434);
#943=LINE('',#7317,#1435);
#944=LINE('',#7319,#1436);
#945=LINE('',#7321,#1437);
#946=LINE('',#7323,#1438);
#947=LINE('',#7325,#1439);
#948=LINE('',#7328,#1440);
#949=LINE('',#7330,#1441);
#950=LINE('',#7332,#1442);
#951=LINE('',#7334,#1443);
#952=LINE('',#7336,#1444);
#953=LINE('',#7339,#1445);
#954=LINE('',#7341,#1446);
#955=LINE('',#7343,#1447);
#956=LINE('',#7345,#1448);
#957=LINE('',#7350,#1449);
#958=LINE('',#7352,#1450);
#959=LINE('',#7354,#1451);
#960=LINE('',#7355,#1452);
#961=LINE('',#7358,#1453);
#962=LINE('',#7360,#1454);
#963=LINE('',#7361,#1455);
#964=LINE('',#7364,#1456);
#965=LINE('',#7366,#1457);
#966=LINE('',#7367,#1458);
#967=LINE('',#7369,#1459);
#968=LINE('',#7370,#1460);
#969=LINE('',#7373,#1461);
#970=LINE('',#7375,#1462);
#971=LINE('',#7377,#1463);
#972=LINE('',#7379,#1464);
#973=LINE('',#7381,#1465);
#974=LINE('',#7383,#1466);
#975=LINE('',#7384,#1467);
#976=LINE('',#7387,#1468);
#977=LINE('',#7388,#1469);
#978=LINE('',#7395,#1470);
#979=LINE('',#7398,#1471);
#980=LINE('',#7401,#1472);
#981=LINE('',#7403,#1473);
#982=LINE('',#7404,#1474);
#983=LINE('',#7406,#1475);
#984=LINE('',#7407,#1476);
#985=LINE('',#7412,#1477);
#986=LINE('',#7416,#1478);
#987=LINE('',#7418,#1479);
#988=LINE('',#7419,#1480);
#989=LINE('',#7420,#1481);
#990=LINE('',#7423,#1482);
#991=LINE('',#7425,#1483);
#992=LINE('',#7426,#1484);
#993=LINE('',#7428,#1485);
#994=LINE('',#7430,#1486);
#995=LINE('',#7431,#1487);
#996=LINE('',#7433,#1488);
#997=LINE('',#7440,#1489);
#998=LINE('',#7442,#1490);
#999=LINE('',#7444,#1491);
#1000=LINE('',#7445,#1492);
#1001=LINE('',#7448,#1493);
#1002=LINE('',#7450,#1494);
#1003=LINE('',#7451,#1495);
#1004=LINE('',#7454,#1496);
#1005=LINE('',#7456,#1497);
#1006=LINE('',#7457,#1498);
#1007=LINE('',#7459,#1499);
#1008=LINE('',#7460,#1500);
#1009=LINE('',#7463,#1501);
#1010=LINE('',#7465,#1502);
#1011=LINE('',#7467,#1503);
#1012=LINE('',#7469,#1504);
#1013=LINE('',#7471,#1505);
#1014=LINE('',#7473,#1506);
#1015=LINE('',#7474,#1507);
#1016=LINE('',#7477,#1508);
#1017=LINE('',#7478,#1509);
#1018=LINE('',#7485,#1510);
#1019=LINE('',#7488,#1511);
#1020=LINE('',#7491,#1512);
#1021=LINE('',#7493,#1513);
#1022=LINE('',#7494,#1514);
#1023=LINE('',#7496,#1515);
#1024=LINE('',#7497,#1516);
#1025=LINE('',#7502,#1517);
#1026=LINE('',#7506,#1518);
#1027=LINE('',#7508,#1519);
#1028=LINE('',#7509,#1520);
#1029=LINE('',#7511,#1521);
#1030=LINE('',#7513,#1522);
#1031=LINE('',#7514,#1523);
#1032=LINE('',#7517,#1524);
#1033=LINE('',#7518,#1525);
#1034=LINE('',#7520,#1526);
#1035=LINE('',#7523,#1527);
#1036=LINE('',#7524,#1528);
#1037=LINE('',#7532,#1529);
#1038=LINE('',#7535,#1530);
#1039=LINE('',#7538,#1531);
#1040=LINE('',#7540,#1532);
#1041=LINE('',#7542,#1533);
#1042=LINE('',#7544,#1534);
#1043=LINE('',#7546,#1535);
#1044=LINE('',#7548,#1536);
#1045=LINE('',#7549,#1537);
#1046=LINE('',#7555,#1538);
#1047=LINE('',#7558,#1539);
#1048=LINE('',#7561,#1540);
#1049=LINE('',#7562,#1541);
#1050=LINE('',#7564,#1542);
#1051=LINE('',#7566,#1543);
#1052=LINE('',#7567,#1544);
#1053=LINE('',#7570,#1545);
#1054=LINE('',#7572,#1546);
#1055=LINE('',#7574,#1547);
#1056=LINE('',#7576,#1548);
#1057=LINE('',#7578,#1549);
#1058=LINE('',#7579,#1550);
#1059=LINE('',#7583,#1551);
#1060=LINE('',#7584,#1552);
#1061=LINE('',#7585,#1553);
#1062=LINE('',#7586,#1554);
#1063=LINE('',#7589,#1555);
#1064=LINE('',#7590,#1556);
#1065=LINE('',#7593,#1557);
#1066=LINE('',#7594,#1558);
#1067=LINE('',#7596,#1559);
#1068=LINE('',#7597,#1560);
#1069=LINE('',#7599,#1561);
#1070=LINE('',#7602,#1562);
#1071=LINE('',#7604,#1563);
#1072=LINE('',#7608,#1564);
#1073=LINE('',#7610,#1565);
#1074=LINE('',#7611,#1566);
#1075=LINE('',#7613,#1567);
#1076=LINE('',#7615,#1568);
#1077=LINE('',#7622,#1569);
#1078=LINE('',#7625,#1570);
#1079=LINE('',#7628,#1571);
#1080=LINE('',#7630,#1572);
#1081=LINE('',#7632,#1573);
#1082=LINE('',#7634,#1574);
#1083=LINE('',#7636,#1575);
#1084=LINE('',#7638,#1576);
#1085=LINE('',#7639,#1577);
#1086=LINE('',#7645,#1578);
#1087=LINE('',#7648,#1579);
#1088=LINE('',#7651,#1580);
#1089=LINE('',#7652,#1581);
#1090=LINE('',#7654,#1582);
#1091=LINE('',#7656,#1583);
#1092=LINE('',#7657,#1584);
#1093=LINE('',#7660,#1585);
#1094=LINE('',#7662,#1586);
#1095=LINE('',#7664,#1587);
#1096=LINE('',#7666,#1588);
#1097=LINE('',#7668,#1589);
#1098=LINE('',#7669,#1590);
#1099=LINE('',#7673,#1591);
#1100=LINE('',#7674,#1592);
#1101=LINE('',#7675,#1593);
#1102=LINE('',#7676,#1594);
#1103=LINE('',#7679,#1595);
#1104=LINE('',#7680,#1596);
#1105=LINE('',#7683,#1597);
#1106=LINE('',#7684,#1598);
#1107=LINE('',#7686,#1599);
#1108=LINE('',#7687,#1600);
#1109=LINE('',#7689,#1601);
#1110=LINE('',#7692,#1602);
#1111=LINE('',#7694,#1603);
#1112=LINE('',#7698,#1604);
#1113=LINE('',#7700,#1605);
#1114=LINE('',#7701,#1606);
#1115=LINE('',#7703,#1607);
#1116=LINE('',#7705,#1608);
#1117=VECTOR('',#5046,10.);
#1118=VECTOR('',#5049,10.);
#1119=VECTOR('',#5052,10.);
#1120=VECTOR('',#5055,10.);
#1121=VECTOR('',#5058,10.);
#1122=VECTOR('',#5061,10.);
#1123=VECTOR('',#5064,10.);
#1124=VECTOR('',#5067,10.);
#1125=VECTOR('',#5070,10.);
#1126=VECTOR('',#5073,10.);
#1127=VECTOR('',#5076,10.);
#1128=VECTOR('',#5079,10.);
#1129=VECTOR('',#5082,10.);
#1130=VECTOR('',#5083,10.);
#1131=VECTOR('',#5084,10.);
#1132=VECTOR('',#5087,10.);
#1133=VECTOR('',#5092,10.);
#1134=VECTOR('',#5093,10.);
#1135=VECTOR('',#5096,10.);
#1136=VECTOR('',#5101,10.);
#1137=VECTOR('',#5102,10.);
#1138=VECTOR('',#5105,10.);
#1139=VECTOR('',#5112,0.599999999999999);
#1140=VECTOR('',#5121,0.599999999999999);
#1141=VECTOR('',#5126,0.75);
#1142=VECTOR('',#5135,0.599999999999999);
#1143=VECTOR('',#5140,0.75);
#1144=VECTOR('',#5149,0.599999999999999);
#1145=VECTOR('',#5154,0.75);
#1146=VECTOR('',#5163,1.25);
#1147=VECTOR('',#5170,1.25);
#1148=VECTOR('',#5175,0.75);
#1149=VECTOR('',#5182,1.25);
#1150=VECTOR('',#5187,10.);
#1151=VECTOR('',#5190,10.);
#1152=VECTOR('',#5193,10.);
#1153=VECTOR('',#5198,10.);
#1154=VECTOR('',#5201,10.);
#1155=VECTOR('',#5204,10.);
#1156=VECTOR('',#5207,10.);
#1157=VECTOR('',#5210,10.);
#1158=VECTOR('',#5213,10.);
#1159=VECTOR('',#5216,10.);
#1160=VECTOR('',#5219,10.);
#1161=VECTOR('',#5222,10.);
#1162=VECTOR('',#5225,10.);
#1163=VECTOR('',#5228,10.);
#1164=VECTOR('',#5231,10.);
#1165=VECTOR('',#5234,10.);
#1166=VECTOR('',#5237,10.);
#1167=VECTOR('',#5240,10.);
#1168=VECTOR('',#5243,10.);
#1169=VECTOR('',#5246,10.);
#1170=VECTOR('',#5249,10.);
#1171=VECTOR('',#5252,10.);
#1172=VECTOR('',#5255,10.);
#1173=VECTOR('',#5258,10.);
#1174=VECTOR('',#5261,10.);
#1175=VECTOR('',#5264,10.);
#1176=VECTOR('',#5267,10.);
#1177=VECTOR('',#5270,10.);
#1178=VECTOR('',#5273,10.);
#1179=VECTOR('',#5276,10.);
#1180=VECTOR('',#5279,10.);
#1181=VECTOR('',#5282,10.);
#1182=VECTOR('',#5283,10.);
#1183=VECTOR('',#5286,10.);
#1184=VECTOR('',#5291,10.);
#1185=VECTOR('',#5292,10.);
#1186=VECTOR('',#5295,10.);
#1187=VECTOR('',#5300,10.);
#1188=VECTOR('',#5301,10.);
#1189=VECTOR('',#5304,10.);
#1190=VECTOR('',#5309,10.);
#1191=VECTOR('',#5310,10.);
#1192=VECTOR('',#5313,10.);
#1193=VECTOR('',#5318,10.);
#1194=VECTOR('',#5319,10.);
#1195=VECTOR('',#5322,10.);
#1196=VECTOR('',#5327,10.);
#1197=VECTOR('',#5328,10.);
#1198=VECTOR('',#5331,10.);
#1199=VECTOR('',#5336,10.);
#1200=VECTOR('',#5337,10.);
#1201=VECTOR('',#5340,10.);
#1202=VECTOR('',#5345,10.);
#1203=VECTOR('',#5346,10.);
#1204=VECTOR('',#5349,10.);
#1205=VECTOR('',#5354,10.);
#1206=VECTOR('',#5355,10.);
#1207=VECTOR('',#5358,10.);
#1208=VECTOR('',#5363,10.);
#1209=VECTOR('',#5364,10.);
#1210=VECTOR('',#5367,10.);
#1211=VECTOR('',#5372,10.);
#1212=VECTOR('',#5373,10.);
#1213=VECTOR('',#5376,10.);
#1214=VECTOR('',#5381,10.);
#1215=VECTOR('',#5382,10.);
#1216=VECTOR('',#5385,10.);
#1217=VECTOR('',#5390,10.);
#1218=VECTOR('',#5391,10.);
#1219=VECTOR('',#5394,10.);
#1220=VECTOR('',#5395,10.);
#1221=VECTOR('',#5398,10.);
#1222=VECTOR('',#5401,10.);
#1223=VECTOR('',#5404,10.);
#1224=VECTOR('',#5413,10.);
#1225=VECTOR('',#5414,10.);
#1226=VECTOR('',#5415,10.);
#1227=VECTOR('',#5418,10.);
#1228=VECTOR('',#5423,10.);
#1229=VECTOR('',#5424,10.);
#1230=VECTOR('',#5431,10.);
#1231=VECTOR('',#5432,10.);
#1232=VECTOR('',#5433,10.);
#1233=VECTOR('',#5436,10.);
#1234=VECTOR('',#5441,10.);
#1235=VECTOR('',#5442,10.);
#1236=VECTOR('',#5449,10.);
#1237=VECTOR('',#5450,10.);
#1238=VECTOR('',#5451,10.);
#1239=VECTOR('',#5454,10.);
#1240=VECTOR('',#5459,10.);
#1241=VECTOR('',#5460,10.);
#1242=VECTOR('',#5469,10.);
#1243=VECTOR('',#5472,10.);
#1244=VECTOR('',#5475,10.);
#1245=VECTOR('',#5478,14.4);
#1246=VECTOR('',#5481,10.);
#1247=VECTOR('',#5484,10.);
#1248=VECTOR('',#5487,10.);
#1249=VECTOR('',#5492,10.);
#1250=VECTOR('',#5493,10.);
#1251=VECTOR('',#5494,10.);
#1252=VECTOR('',#5499,10.);
#1253=VECTOR('',#5504,10.);
#1254=VECTOR('',#5505,10.);
#1255=VECTOR('',#5510,10.);
#1256=VECTOR('',#5511,10.);
#1257=VECTOR('',#5512,10.);
#1258=VECTOR('',#5517,10.);
#1259=VECTOR('',#5522,10.);
#1260=VECTOR('',#5523,10.);
#1261=VECTOR('',#5528,10.);
#1262=VECTOR('',#5529,10.);
#1263=VECTOR('',#5530,10.);
#1264=VECTOR('',#5535,10.);
#1265=VECTOR('',#5540,10.);
#1266=VECTOR('',#5541,10.);
#1267=VECTOR('',#5546,10.);
#1268=VECTOR('',#5549,10.);
#1269=VECTOR('',#5552,10.);
#1270=VECTOR('',#5555,10.);
#1271=VECTOR('',#5558,10.);
#1272=VECTOR('',#5561,10.);
#1273=VECTOR('',#5564,10.);
#1274=VECTOR('',#5567,10.);
#1275=VECTOR('',#5570,10.);
#1276=VECTOR('',#5573,10.);
#1277=VECTOR('',#5576,10.);
#1278=VECTOR('',#5579,10.);
#1279=VECTOR('',#5582,10.);
#1280=VECTOR('',#5591,10.);
#1281=VECTOR('',#5592,10.);
#1282=VECTOR('',#5595,10.);
#1283=VECTOR('',#5598,10.);
#1284=VECTOR('',#5599,10.);
#1285=VECTOR('',#5602,10.);
#1286=VECTOR('',#5603,10.);
#1287=VECTOR('',#5606,10.);
#1288=VECTOR('',#5609,10.);
#1289=VECTOR('',#5614,10.);
#1290=VECTOR('',#5615,10.);
#1291=VECTOR('',#5622,10.);
#1292=VECTOR('',#5623,10.);
#1293=VECTOR('',#5630,10.);
#1294=VECTOR('',#5633,10.);
#1295=VECTOR('',#5634,10.);
#1296=VECTOR('',#5637,10.);
#1297=VECTOR('',#5640,10.);
#1298=VECTOR('',#5645,10.);
#1299=VECTOR('',#5646,10.);
#1300=VECTOR('',#5649,10.);
#1301=VECTOR('',#5654,10.);
#1302=VECTOR('',#5657,10.);
#1303=VECTOR('',#5658,10.);
#1304=VECTOR('',#5663,10.);
#1305=VECTOR('',#5668,10.);
#1306=VECTOR('',#5669,10.);
#1307=VECTOR('',#5670,10.);
#1308=VECTOR('',#5671,10.);
#1309=VECTOR('',#5674,10.);
#1310=VECTOR('',#5675,10.);
#1311=VECTOR('',#5676,10.);
#1312=VECTOR('',#5679,10.);
#1313=VECTOR('',#5682,10.);
#1314=VECTOR('',#5683,10.);
#1315=VECTOR('',#5684,10.);
#1316=VECTOR('',#5689,10.);
#1317=VECTOR('',#5690,10.);
#1318=VECTOR('',#5693,10.);
#1319=VECTOR('',#5694,10.);
#1320=VECTOR('',#5695,10.);
#1321=VECTOR('',#5696,10.);
#1322=VECTOR('',#5697,10.);
#1323=VECTOR('',#5698,10.);
#1324=VECTOR('',#5703,10.);
#1325=VECTOR('',#5704,10.);
#1326=VECTOR('',#5707,10.);
#1327=VECTOR('',#5708,10.);
#1328=VECTOR('',#5709,10.);
#1329=VECTOR('',#5710,10.);
#1330=VECTOR('',#5711,10.);
#1331=VECTOR('',#5712,10.);
#1332=VECTOR('',#5715,10.);
#1333=VECTOR('',#5716,10.);
#1334=VECTOR('',#5717,10.);
#1335=VECTOR('',#5718,10.);
#1336=VECTOR('',#5719,10.);
#1337=VECTOR('',#5722,10.);
#1338=VECTOR('',#5723,10.);
#1339=VECTOR('',#5724,10.);
#1340=VECTOR('',#5725,10.);
#1341=VECTOR('',#5730,10.);
#1342=VECTOR('',#5743,10.);
#1343=VECTOR('',#5744,10.);
#1344=VECTOR('',#5745,10.);
#1345=VECTOR('',#5746,10.);
#1346=VECTOR('',#5747,10.);
#1347=VECTOR('',#5750,10.);
#1348=VECTOR('',#5751,10.);
#1349=VECTOR('',#5754,10.);
#1350=VECTOR('',#5757,10.);
#1351=VECTOR('',#5762,10.);
#1352=VECTOR('',#5765,10.);
#1353=VECTOR('',#5772,10.);
#1354=VECTOR('',#5775,10.);
#1355=VECTOR('',#5778,10.);
#1356=VECTOR('',#5781,10.);
#1357=VECTOR('',#5782,10.);
#1358=VECTOR('',#5783,10.);
#1359=VECTOR('',#5786,10.);
#1360=VECTOR('',#5789,10.);
#1361=VECTOR('',#5792,10.);
#1362=VECTOR('',#5797,10.);
#1363=VECTOR('',#5800,10.);
#1364=VECTOR('',#5803,10.);
#1365=VECTOR('',#5806,10.);
#1366=VECTOR('',#5809,10.);
#1367=VECTOR('',#5812,10.);
#1368=VECTOR('',#5817,10.);
#1369=VECTOR('',#5820,10.);
#1370=VECTOR('',#5825,10.);
#1371=VECTOR('',#5826,10.);
#1372=VECTOR('',#5829,10.);
#1373=VECTOR('',#5830,10.);
#1374=VECTOR('',#5831,10.);
#1375=VECTOR('',#5834,10.);
#1376=VECTOR('',#5835,10.);
#1377=VECTOR('',#5840,10.);
#1378=VECTOR('',#5841,10.);
#1379=VECTOR('',#5844,10.);
#1380=VECTOR('',#5845,10.);
#1381=VECTOR('',#5846,10.);
#1382=VECTOR('',#5847,10.);
#1383=VECTOR('',#5848,10.);
#1384=VECTOR('',#5849,10.);
#1385=VECTOR('',#5854,10.);
#1386=VECTOR('',#5857,10.);
#1387=VECTOR('',#5858,10.);
#1388=VECTOR('',#5859,10.);
#1389=VECTOR('',#5860,10.);
#1390=VECTOR('',#5861,10.);
#1391=VECTOR('',#5862,10.);
#1392=VECTOR('',#5865,10.);
#1393=VECTOR('',#5866,10.);
#1394=VECTOR('',#5867,10.);
#1395=VECTOR('',#5868,10.);
#1396=VECTOR('',#5869,10.);
#1397=VECTOR('',#5872,10.);
#1398=VECTOR('',#5873,10.);
#1399=VECTOR('',#5874,10.);
#1400=VECTOR('',#5875,10.);
#1401=VECTOR('',#5882,10.);
#1402=VECTOR('',#5891,10.);
#1403=VECTOR('',#5894,10.);
#1404=VECTOR('',#5895,10.);
#1405=VECTOR('',#5896,10.);
#1406=VECTOR('',#5897,10.);
#1407=VECTOR('',#5898,10.);
#1408=VECTOR('',#5901,10.);
#1409=VECTOR('',#5902,10.);
#1410=VECTOR('',#5905,10.);
#1411=VECTOR('',#5908,10.);
#1412=VECTOR('',#5913,10.);
#1413=VECTOR('',#5916,10.);
#1414=VECTOR('',#5919,10.);
#1415=VECTOR('',#5924,10.);
#1416=VECTOR('',#5927,10.);
#1417=VECTOR('',#5930,10.);
#1418=VECTOR('',#5935,10.);
#1419=VECTOR('',#5938,10.);
#1420=VECTOR('',#5941,10.);
#1421=VECTOR('',#5944,10.);
#1422=VECTOR('',#5947,10.);
#1423=VECTOR('',#5950,10.);
#1424=VECTOR('',#5953,10.);
#1425=VECTOR('',#5956,10.);
#1426=VECTOR('',#5959,10.);
#1427=VECTOR('',#5962,10.);
#1428=VECTOR('',#5965,10.);
#1429=VECTOR('',#5966,10.);
#1430=VECTOR('',#5969,10.);
#1431=VECTOR('',#5972,10.);
#1432=VECTOR('',#5975,10.);
#1433=VECTOR('',#5978,10.);
#1434=VECTOR('',#5981,10.);
#1435=VECTOR('',#5984,10.);
#1436=VECTOR('',#5987,10.);
#1437=VECTOR('',#5990,10.);
#1438=VECTOR('',#5993,10.);
#1439=VECTOR('',#5996,10.);
#1440=VECTOR('',#6001,10.);
#1441=VECTOR('',#6004,10.);
#1442=VECTOR('',#6007,10.);
#1443=VECTOR('',#6010,10.);
#1444=VECTOR('',#6013,10.);
#1445=VECTOR('',#6018,10.);
#1446=VECTOR('',#6021,10.);
#1447=VECTOR('',#6024,10.);
#1448=VECTOR('',#6027,10.);
#1449=VECTOR('',#6032,10.);
#1450=VECTOR('',#6033,10.);
#1451=VECTOR('',#6034,10.);
#1452=VECTOR('',#6035,10.);
#1453=VECTOR('',#6038,10.);
#1454=VECTOR('',#6039,10.);
#1455=VECTOR('',#6040,10.);
#1456=VECTOR('',#6043,10.);
#1457=VECTOR('',#6044,10.);
#1458=VECTOR('',#6045,10.);
#1459=VECTOR('',#6048,10.);
#1460=VECTOR('',#6049,10.);
#1461=VECTOR('',#6052,10.);
#1462=VECTOR('',#6053,10.);
#1463=VECTOR('',#6054,10.);
#1464=VECTOR('',#6055,10.);
#1465=VECTOR('',#6056,10.);
#1466=VECTOR('',#6057,10.);
#1467=VECTOR('',#6058,10.);
#1468=VECTOR('',#6061,10.);
#1469=VECTOR('',#6062,10.);
#1470=VECTOR('',#6069,10.);
#1471=VECTOR('',#6072,10.);
#1472=VECTOR('',#6075,10.);
#1473=VECTOR('',#6076,10.);
#1474=VECTOR('',#6077,10.);
#1475=VECTOR('',#6078,10.);
#1476=VECTOR('',#6079,10.);
#1477=VECTOR('',#6084,10.);
#1478=VECTOR('',#6089,10.);
#1479=VECTOR('',#6090,10.);
#1480=VECTOR('',#6091,10.);
#1481=VECTOR('',#6092,10.);
#1482=VECTOR('',#6095,10.);
#1483=VECTOR('',#6096,10.);
#1484=VECTOR('',#6097,10.);
#1485=VECTOR('',#6100,10.);
#1486=VECTOR('',#6103,10.);
#1487=VECTOR('',#6104,10.);
#1488=VECTOR('',#6107,10.);
#1489=VECTOR('',#6116,10.);
#1490=VECTOR('',#6117,10.);
#1491=VECTOR('',#6118,10.);
#1492=VECTOR('',#6119,10.);
#1493=VECTOR('',#6122,10.);
#1494=VECTOR('',#6123,10.);
#1495=VECTOR('',#6124,10.);
#1496=VECTOR('',#6127,10.);
#1497=VECTOR('',#6128,10.);
#1498=VECTOR('',#6129,10.);
#1499=VECTOR('',#6132,10.);
#1500=VECTOR('',#6133,10.);
#1501=VECTOR('',#6136,10.);
#1502=VECTOR('',#6137,10.);
#1503=VECTOR('',#6138,10.);
#1504=VECTOR('',#6139,10.);
#1505=VECTOR('',#6140,10.);
#1506=VECTOR('',#6141,10.);
#1507=VECTOR('',#6142,10.);
#1508=VECTOR('',#6145,10.);
#1509=VECTOR('',#6146,10.);
#1510=VECTOR('',#6153,10.);
#1511=VECTOR('',#6156,10.);
#1512=VECTOR('',#6159,10.);
#1513=VECTOR('',#6160,10.);
#1514=VECTOR('',#6161,10.);
#1515=VECTOR('',#6162,10.);
#1516=VECTOR('',#6163,10.);
#1517=VECTOR('',#6168,10.);
#1518=VECTOR('',#6173,10.);
#1519=VECTOR('',#6174,10.);
#1520=VECTOR('',#6175,10.);
#1521=VECTOR('',#6178,10.);
#1522=VECTOR('',#6179,10.);
#1523=VECTOR('',#6180,10.);
#1524=VECTOR('',#6183,10.);
#1525=VECTOR('',#6184,10.);
#1526=VECTOR('',#6187,10.);
#1527=VECTOR('',#6192,10.);
#1528=VECTOR('',#6193,10.);
#1529=VECTOR('',#6202,10.);
#1530=VECTOR('',#6205,10.);
#1531=VECTOR('',#6208,10.);
#1532=VECTOR('',#6209,10.);
#1533=VECTOR('',#6210,10.);
#1534=VECTOR('',#6211,10.);
#1535=VECTOR('',#6212,10.);
#1536=VECTOR('',#6213,10.);
#1537=VECTOR('',#6214,10.);
#1538=VECTOR('',#6219,10.);
#1539=VECTOR('',#6222,10.);
#1540=VECTOR('',#6225,10.);
#1541=VECTOR('',#6226,10.);
#1542=VECTOR('',#6227,10.);
#1543=VECTOR('',#6228,10.);
#1544=VECTOR('',#6229,10.);
#1545=VECTOR('',#6232,10.);
#1546=VECTOR('',#6233,10.);
#1547=VECTOR('',#6234,10.);
#1548=VECTOR('',#6235,10.);
#1549=VECTOR('',#6236,10.);
#1550=VECTOR('',#6237,10.);
#1551=VECTOR('',#6240,10.);
#1552=VECTOR('',#6241,10.);
#1553=VECTOR('',#6242,10.);
#1554=VECTOR('',#6243,10.);
#1555=VECTOR('',#6246,10.);
#1556=VECTOR('',#6247,10.);
#1557=VECTOR('',#6250,10.);
#1558=VECTOR('',#6251,10.);
#1559=VECTOR('',#6254,10.);
#1560=VECTOR('',#6255,10.);
#1561=VECTOR('',#6258,10.);
#1562=VECTOR('',#6263,10.);
#1563=VECTOR('',#6266,10.);
#1564=VECTOR('',#6271,10.);
#1565=VECTOR('',#6272,10.);
#1566=VECTOR('',#6273,10.);
#1567=VECTOR('',#6276,10.);
#1568=VECTOR('',#6279,10.);
#1569=VECTOR('',#6286,10.);
#1570=VECTOR('',#6289,10.);
#1571=VECTOR('',#6292,10.);
#1572=VECTOR('',#6293,10.);
#1573=VECTOR('',#6294,10.);
#1574=VECTOR('',#6295,10.);
#1575=VECTOR('',#6296,10.);
#1576=VECTOR('',#6297,10.);
#1577=VECTOR('',#6298,10.);
#1578=VECTOR('',#6303,10.);
#1579=VECTOR('',#6306,10.);
#1580=VECTOR('',#6309,10.);
#1581=VECTOR('',#6310,10.);
#1582=VECTOR('',#6311,10.);
#1583=VECTOR('',#6312,10.);
#1584=VECTOR('',#6313,10.);
#1585=VECTOR('',#6316,10.);
#1586=VECTOR('',#6317,10.);
#1587=VECTOR('',#6318,10.);
#1588=VECTOR('',#6319,10.);
#1589=VECTOR('',#6320,10.);
#1590=VECTOR('',#6321,10.);
#1591=VECTOR('',#6324,10.);
#1592=VECTOR('',#6325,10.);
#1593=VECTOR('',#6326,10.);
#1594=VECTOR('',#6327,10.);
#1595=VECTOR('',#6330,10.);
#1596=VECTOR('',#6331,10.);
#1597=VECTOR('',#6334,10.);
#1598=VECTOR('',#6335,10.);
#1599=VECTOR('',#6338,10.);
#1600=VECTOR('',#6339,10.);
#1601=VECTOR('',#6342,10.);
#1602=VECTOR('',#6347,10.);
#1603=VECTOR('',#6350,10.);
#1604=VECTOR('',#6355,10.);
#1605=VECTOR('',#6356,10.);
#1606=VECTOR('',#6357,10.);
#1607=VECTOR('',#6360,10.);
#1608=VECTOR('',#6363,10.);
#1609=CIRCLE('',#4625,0.5);
#1610=CIRCLE('',#4626,17.5);
#1611=CIRCLE('',#4627,0.5);
#1612=CIRCLE('',#4628,0.5);
#1613=CIRCLE('',#4629,17.5);
#1614=CIRCLE('',#4630,0.5);
#1615=CIRCLE('',#4631,14.4);
#1616=CIRCLE('',#4632,13.7);
#1617=CIRCLE('',#4633,14.4);
#1618=CIRCLE('',#4634,13.7);
#1619=CIRCLE('',#4635,14.4);
#1620=CIRCLE('',#4636,13.7);
#1621=CIRCLE('',#4639,0.5);
#1622=CIRCLE('',#4642,17.5);
#1623=CIRCLE('',#4645,0.5);
#1624=CIRCLE('',#4647,0.449999999999999);
#1625=CIRCLE('',#4648,0.75);
#1626=CIRCLE('',#4651,0.449999999999999);
#1627=CIRCLE('',#4652,0.75);
#1628=CIRCLE('',#4654,0.75);
#1629=CIRCLE('',#4657,0.449999999999999);
#1630=CIRCLE('',#4658,0.75);
#1631=CIRCLE('',#4660,0.75);
#1632=CIRCLE('',#4663,0.449999999999999);
#1633=CIRCLE('',#4664,0.75);
#1634=CIRCLE('',#4666,0.75);
#1635=CIRCLE('',#4669,1.25);
#1636=CIRCLE('',#4670,1.25);
#1637=CIRCLE('',#4672,1.25);
#1638=CIRCLE('',#4673,1.25);
#1639=CIRCLE('',#4675,0.75);
#1640=CIRCLE('',#4677,1.25);
#1641=CIRCLE('',#4678,1.25);
#1642=CIRCLE('',#4680,0.5);
#1643=CIRCLE('',#4681,17.5);
#1644=CIRCLE('',#4682,0.5);
#1645=CIRCLE('',#4683,11.7);
#1646=CIRCLE('',#4684,12.6);
#1647=CIRCLE('',#4685,11.7);
#1648=CIRCLE('',#4686,12.6);
#1649=CIRCLE('',#4687,11.7);
#1650=CIRCLE('',#4688,12.6);
#1651=CIRCLE('',#4689,11.7);
#1652=CIRCLE('',#4690,12.6);
#1653=CIRCLE('',#4691,11.7);
#1654=CIRCLE('',#4692,12.5999999999997);
#1655=CIRCLE('',#4693,11.9);
#1656=CIRCLE('',#4694,12.5999999999997);
#1657=CIRCLE('',#4695,11.9);
#1658=CIRCLE('',#4696,12.5999999999997);
#1659=CIRCLE('',#4697,11.9);
#1660=CIRCLE('',#4698,12.6);
#1661=CIRCLE('',#4699,11.9);
#1662=CIRCLE('',#4700,12.6);
#1663=CIRCLE('',#4701,11.9);
#1664=CIRCLE('',#4702,12.6);
#1665=CIRCLE('',#4703,11.7);
#1666=CIRCLE('',#4704,12.5999999999997);
#1667=CIRCLE('',#4705,11.7);
#1668=CIRCLE('',#4706,12.5999999999997);
#1669=CIRCLE('',#4707,11.7);
#1670=CIRCLE('',#4708,12.5999999999997);
#1671=CIRCLE('',#4710,12.5999999999997);
#1672=CIRCLE('',#4713,11.9);
#1673=CIRCLE('',#4716,12.5999999999997);
#1674=CIRCLE('',#4719,11.9);
#1675=CIRCLE('',#4722,12.5999999999997);
#1676=CIRCLE('',#4725,11.7);
#1677=CIRCLE('',#4728,12.6);
#1678=CIRCLE('',#4731,11.7);
#1679=CIRCLE('',#4734,12.6);
#1680=CIRCLE('',#4737,11.7);
#1681=CIRCLE('',#4740,12.6);
#1682=CIRCLE('',#4743,11.7);
#1683=CIRCLE('',#4746,12.6);
#1684=CIRCLE('',#4757,13.7);
#1685=CIRCLE('',#4760,14.4);
#1686=CIRCLE('',#4763,13.7);
#1687=CIRCLE('',#4766,14.4);
#1688=CIRCLE('',#4769,13.7);
#1689=CIRCLE('',#4772,14.4);
#1690=CIRCLE('',#4773,14.4);
#1691=CIRCLE('',#4775,14.4);
#1692=CIRCLE('',#4776,14.4);
#1693=CIRCLE('',#4777,14.4);
#1694=CIRCLE('',#4778,14.4);
#1695=CIRCLE('',#4779,14.4);
#1696=CIRCLE('',#4780,14.4);
#1697=CIRCLE('',#4781,14.4);
#1698=CIRCLE('',#4784,13.7);
#1699=CIRCLE('',#4785,13.7);
#1700=CIRCLE('',#4790,13.7);
#1701=CIRCLE('',#4791,13.7);
#1702=CIRCLE('',#4796,13.7);
#1703=CIRCLE('',#4797,13.7);
#1704=CIRCLE('',#4801,12.5999999999997);
#1705=CIRCLE('',#4802,11.7);
#1706=CIRCLE('',#4803,12.5999999999997);
#1707=CIRCLE('',#4804,11.7);
#1708=CIRCLE('',#4805,12.5999999999997);
#1709=CIRCLE('',#4806,11.7);
#1710=CIRCLE('',#4807,12.6);
#1711=CIRCLE('',#4808,11.9);
#1712=CIRCLE('',#4809,12.6);
#1713=CIRCLE('',#4810,11.9);
#1714=CIRCLE('',#4811,12.6);
#1715=CIRCLE('',#4812,11.9);
#1716=CIRCLE('',#4813,11.7);
#1717=CIRCLE('',#4843,0.1);
#1718=CIRCLE('',#4844,0.5);
#1719=CIRCLE('',#4847,0.1);
#1720=CIRCLE('',#4850,0.5);
#1721=CIRCLE('',#4855,0.353405052003834);
#1722=CIRCLE('',#4856,0.353405052003834);
#1723=CIRCLE('',#4858,0.603405052003834);
#1724=CIRCLE('',#4859,0.603405052003834);
#1725=CIRCLE('',#4870,17.4);
#1726=CIRCLE('',#4871,0.399999999999999);
#1727=CIRCLE('',#4872,0.4);
#1728=CIRCLE('',#4873,17.4);
#1729=CIRCLE('',#4874,17.4);
#1730=CIRCLE('',#4875,0.400000000000003);
#1731=CIRCLE('',#4876,0.400000000000003);
#1732=CIRCLE('',#4877,17.4);
#1733=CIRCLE('',#4878,13.8);
#1734=CIRCLE('',#4879,14.5);
#1735=CIRCLE('',#4880,13.8);
#1736=CIRCLE('',#4881,14.5);
#1737=CIRCLE('',#4882,13.8);
#1738=CIRCLE('',#4883,14.5);
#1739=CIRCLE('',#4885,17.4);
#1740=CIRCLE('',#4887,17.4);
#1741=CIRCLE('',#4889,0.5);
#1742=CIRCLE('',#4890,0.1);
#1743=CIRCLE('',#4892,0.1);
#1744=CIRCLE('',#4895,0.5);
#1745=CIRCLE('',#4900,0.353405052003834);
#1746=CIRCLE('',#4901,0.353405052003834);
#1747=CIRCLE('',#4903,0.603405052003834);
#1748=CIRCLE('',#4904,0.603405052003834);
#1749=CIRCLE('',#4916,0.400000000000003);
#1750=CIRCLE('',#4917,0.400000000000003);
#1751=CIRCLE('',#4918,17.4);
#1752=CIRCLE('',#4919,17.4);
#1753=CIRCLE('',#4920,0.4);
#1754=CIRCLE('',#4921,0.399999999999999);
#1755=CIRCLE('',#4922,13.8);
#1756=CIRCLE('',#4923,14.5);
#1757=CIRCLE('',#4924,13.8);
#1758=CIRCLE('',#4925,14.5);
#1759=CIRCLE('',#4926,13.8);
#1760=CIRCLE('',#4927,14.5);
#1761=CIRCLE('',#4960,0.1);
#1762=CIRCLE('',#4961,0.1);
#1763=CIRCLE('',#4964,0.5);
#1764=CIRCLE('',#4965,0.5);
#1765=CIRCLE('',#4982,0.1);
#1766=CIRCLE('',#4983,0.1);
#1767=CIRCLE('',#4986,0.5);
#1768=CIRCLE('',#4987,0.5);
#1769=CIRCLE('',#4997,0.1);
#1770=CIRCLE('',#4998,0.1);
#1771=CIRCLE('',#5001,0.5);
#1772=CIRCLE('',#5002,0.5);
#1773=CIRCLE('',#5019,0.1);
#1774=CIRCLE('',#5020,0.1);
#1775=CIRCLE('',#5023,0.5);
#1776=CIRCLE('',#5024,0.5);
#1777=VERTEX_POINT('',#6368);
#1778=VERTEX_POINT('',#6369);
#1779=VERTEX_POINT('',#6371);
#1780=VERTEX_POINT('',#6373);
#1781=VERTEX_POINT('',#6375);
#1782=VERTEX_POINT('',#6377);
#1783=VERTEX_POINT('',#6379);
#1784=VERTEX_POINT('',#6381);
#1785=VERTEX_POINT('',#6383);
#1786=VERTEX_POINT('',#6385);
#1787=VERTEX_POINT('',#6387);
#1788=VERTEX_POINT('',#6389);
#1789=VERTEX_POINT('',#6392);
#1790=VERTEX_POINT('',#6393);
#1791=VERTEX_POINT('',#6395);
#1792=VERTEX_POINT('',#6397);
#1793=VERTEX_POINT('',#6399);
#1794=VERTEX_POINT('',#6401);
#1795=VERTEX_POINT('',#6403);
#1796=VERTEX_POINT('',#6405);
#1797=VERTEX_POINT('',#6407);
#1798=VERTEX_POINT('',#6409);
#1799=VERTEX_POINT('',#6411);
#1800=VERTEX_POINT('',#6413);
#1801=VERTEX_POINT('',#6417);
#1802=VERTEX_POINT('',#6419);
#1803=VERTEX_POINT('',#6423);
#1804=VERTEX_POINT('',#6427);
#1805=VERTEX_POINT('',#6431);
#1806=VERTEX_POINT('',#6435);
#1807=VERTEX_POINT('',#6439);
#1808=VERTEX_POINT('',#6443);
#1809=VERTEX_POINT('',#6445);
#1810=VERTEX_POINT('',#6450);
#1811=VERTEX_POINT('',#6452);
#1812=VERTEX_POINT('',#6456);
#1813=VERTEX_POINT('',#6461);
#1814=VERTEX_POINT('',#6463);
#1815=VERTEX_POINT('',#6467);
#1816=VERTEX_POINT('',#6472);
#1817=VERTEX_POINT('',#6474);
#1818=VERTEX_POINT('',#6478);
#1819=VERTEX_POINT('',#6483);
#1820=VERTEX_POINT('',#6485);
#1821=VERTEX_POINT('',#6489);
#1822=VERTEX_POINT('',#6491);
#1823=VERTEX_POINT('',#6495);
#1824=VERTEX_POINT('',#6499);
#1825=VERTEX_POINT('',#6501);
#1826=VERTEX_POINT('',#6505);
#1827=VERTEX_POINT('',#6507);
#1828=VERTEX_POINT('',#6509);
#1829=VERTEX_POINT('',#6511);
#1830=VERTEX_POINT('',#6513);
#1831=VERTEX_POINT('',#6516);
#1832=VERTEX_POINT('',#6517);
#1833=VERTEX_POINT('',#6519);
#1834=VERTEX_POINT('',#6521);
#1835=VERTEX_POINT('',#6523);
#1836=VERTEX_POINT('',#6525);
#1837=VERTEX_POINT('',#6527);
#1838=VERTEX_POINT('',#6529);
#1839=VERTEX_POINT('',#6531);
#1840=VERTEX_POINT('',#6533);
#1841=VERTEX_POINT('',#6535);
#1842=VERTEX_POINT('',#6537);
#1843=VERTEX_POINT('',#6539);
#1844=VERTEX_POINT('',#6541);
#1845=VERTEX_POINT('',#6543);
#1846=VERTEX_POINT('',#6545);
#1847=VERTEX_POINT('',#6547);
#1848=VERTEX_POINT('',#6549);
#1849=VERTEX_POINT('',#6551);
#1850=VERTEX_POINT('',#6553);
#1851=VERTEX_POINT('',#6555);
#1852=VERTEX_POINT('',#6557);
#1853=VERTEX_POINT('',#6559);
#1854=VERTEX_POINT('',#6561);
#1855=VERTEX_POINT('',#6563);
#1856=VERTEX_POINT('',#6565);
#1857=VERTEX_POINT('',#6567);
#1858=VERTEX_POINT('',#6569);
#1859=VERTEX_POINT('',#6571);
#1860=VERTEX_POINT('',#6573);
#1861=VERTEX_POINT('',#6575);
#1862=VERTEX_POINT('',#6577);
#1863=VERTEX_POINT('',#6579);
#1864=VERTEX_POINT('',#6581);
#1865=VERTEX_POINT('',#6583);
#1866=VERTEX_POINT('',#6585);
#1867=VERTEX_POINT('',#6587);
#1868=VERTEX_POINT('',#6589);
#1869=VERTEX_POINT('',#6591);
#1870=VERTEX_POINT('',#6593);
#1871=VERTEX_POINT('',#6595);
#1872=VERTEX_POINT('',#6597);
#1873=VERTEX_POINT('',#6599);
#1874=VERTEX_POINT('',#6601);
#1875=VERTEX_POINT('',#6603);
#1876=VERTEX_POINT('',#6605);
#1877=VERTEX_POINT('',#6607);
#1878=VERTEX_POINT('',#6609);
#1879=VERTEX_POINT('',#6611);
#1880=VERTEX_POINT('',#6613);
#1881=VERTEX_POINT('',#6615);
#1882=VERTEX_POINT('',#6617);
#1883=VERTEX_POINT('',#6621);
#1884=VERTEX_POINT('',#6623);
#1885=VERTEX_POINT('',#6627);
#1886=VERTEX_POINT('',#6631);
#1887=VERTEX_POINT('',#6635);
#1888=VERTEX_POINT('',#6639);
#1889=VERTEX_POINT('',#6643);
#1890=VERTEX_POINT('',#6647);
#1891=VERTEX_POINT('',#6651);
#1892=VERTEX_POINT('',#6655);
#1893=VERTEX_POINT('',#6659);
#1894=VERTEX_POINT('',#6663);
#1895=VERTEX_POINT('',#6667);
#1896=VERTEX_POINT('',#6671);
#1897=VERTEX_POINT('',#6675);
#1898=VERTEX_POINT('',#6679);
#1899=VERTEX_POINT('',#6683);
#1900=VERTEX_POINT('',#6687);
#1901=VERTEX_POINT('',#6691);
#1902=VERTEX_POINT('',#6695);
#1903=VERTEX_POINT('',#6699);
#1904=VERTEX_POINT('',#6703);
#1905=VERTEX_POINT('',#6707);
#1906=VERTEX_POINT('',#6711);
#1907=VERTEX_POINT('',#6715);
#1908=VERTEX_POINT('',#6719);
#1909=VERTEX_POINT('',#6723);
#1910=VERTEX_POINT('',#6739);
#1911=VERTEX_POINT('',#6741);
#1912=VERTEX_POINT('',#6745);
#1913=VERTEX_POINT('',#6749);
#1914=VERTEX_POINT('',#6755);
#1915=VERTEX_POINT('',#6757);
#1916=VERTEX_POINT('',#6761);
#1917=VERTEX_POINT('',#6765);
#1918=VERTEX_POINT('',#6771);
#1919=VERTEX_POINT('',#6773);
#1920=VERTEX_POINT('',#6777);
#1921=VERTEX_POINT('',#6781);
#1922=VERTEX_POINT('',#6785);
#1923=VERTEX_POINT('',#6789);
#1924=VERTEX_POINT('',#6790);
#1925=VERTEX_POINT('',#6792);
#1926=VERTEX_POINT('',#6794);
#1927=VERTEX_POINT('',#6796);
#1928=VERTEX_POINT('',#6798);
#1929=VERTEX_POINT('',#6800);
#1930=VERTEX_POINT('',#6803);
#1931=VERTEX_POINT('',#6805);
#1932=VERTEX_POINT('',#6807);
#1933=VERTEX_POINT('',#6809);
#1934=VERTEX_POINT('',#6811);
#1935=VERTEX_POINT('',#6813);
#1936=VERTEX_POINT('',#6817);
#1937=VERTEX_POINT('',#6819);
#1938=VERTEX_POINT('',#6823);
#1939=VERTEX_POINT('',#6825);
#1940=VERTEX_POINT('',#6833);
#1941=VERTEX_POINT('',#6835);
#1942=VERTEX_POINT('',#6839);
#1943=VERTEX_POINT('',#6841);
#1944=VERTEX_POINT('',#6849);
#1945=VERTEX_POINT('',#6851);
#1946=VERTEX_POINT('',#6855);
#1947=VERTEX_POINT('',#6857);
#1948=VERTEX_POINT('',#6865);
#1949=VERTEX_POINT('',#6866);
#1950=VERTEX_POINT('',#6868);
#1951=VERTEX_POINT('',#6870);
#1952=VERTEX_POINT('',#6872);
#1953=VERTEX_POINT('',#6874);
#1954=VERTEX_POINT('',#6876);
#1955=VERTEX_POINT('',#6878);
#1956=VERTEX_POINT('',#6880);
#1957=VERTEX_POINT('',#6882);
#1958=VERTEX_POINT('',#6884);
#1959=VERTEX_POINT('',#6886);
#1960=VERTEX_POINT('',#6888);
#1961=VERTEX_POINT('',#6890);
#1962=VERTEX_POINT('',#6892);
#1963=VERTEX_POINT('',#6894);
#1964=VERTEX_POINT('',#6896);
#1965=VERTEX_POINT('',#6898);
#1966=VERTEX_POINT('',#6900);
#1967=VERTEX_POINT('',#6902);
#1968=VERTEX_POINT('',#6904);
#1969=VERTEX_POINT('',#6906);
#1970=VERTEX_POINT('',#6908);
#1971=VERTEX_POINT('',#6910);
#1972=VERTEX_POINT('',#6912);
#1973=VERTEX_POINT('',#6970);
#1974=VERTEX_POINT('',#6971);
#1975=VERTEX_POINT('',#6973);
#1976=VERTEX_POINT('',#6975);
#1977=VERTEX_POINT('',#6977);
#1978=VERTEX_POINT('',#6979);
#1979=VERTEX_POINT('',#6981);
#1980=VERTEX_POINT('',#6983);
#1981=VERTEX_POINT('',#6985);
#1982=VERTEX_POINT('',#6987);
#1983=VERTEX_POINT('',#6991);
#1984=VERTEX_POINT('',#6993);
#1985=VERTEX_POINT('',#6997);
#1986=VERTEX_POINT('',#6998);
#1987=VERTEX_POINT('',#7003);
#1988=VERTEX_POINT('',#7005);
#1989=VERTEX_POINT('',#7007);
#1990=VERTEX_POINT('',#7009);
#1991=VERTEX_POINT('',#7011);
#1992=VERTEX_POINT('',#7015);
#1993=VERTEX_POINT('',#7016);
#1994=VERTEX_POINT('',#7021);
#1995=VERTEX_POINT('',#7022);
#1996=VERTEX_POINT('',#7025);
#1997=VERTEX_POINT('',#7031);
#1998=VERTEX_POINT('',#7033);
#1999=VERTEX_POINT('',#7035);
#2000=VERTEX_POINT('',#7037);
#2001=VERTEX_POINT('',#7041);
#2002=VERTEX_POINT('',#7042);
#2003=VERTEX_POINT('',#7044);
#2004=VERTEX_POINT('',#7046);
#2005=VERTEX_POINT('',#7050);
#2006=VERTEX_POINT('',#7052);
#2007=VERTEX_POINT('',#7060);
#2008=VERTEX_POINT('',#7061);
#2009=VERTEX_POINT('',#7064);
#2010=VERTEX_POINT('',#7066);
#2011=VERTEX_POINT('',#7083);
#2012=VERTEX_POINT('',#7085);
#2013=VERTEX_POINT('',#7087);
#2014=VERTEX_POINT('',#7089);
#2015=VERTEX_POINT('',#7091);
#2016=VERTEX_POINT('',#7093);
#2017=VERTEX_POINT('',#7095);
#2018=VERTEX_POINT('',#7097);
#2019=VERTEX_POINT('',#7099);
#2020=VERTEX_POINT('',#7101);
#2021=VERTEX_POINT('',#7103);
#2022=VERTEX_POINT('',#7105);
#2023=VERTEX_POINT('',#7107);
#2024=VERTEX_POINT('',#7109);
#2025=VERTEX_POINT('',#7111);
#2026=VERTEX_POINT('',#7113);
#2027=VERTEX_POINT('',#7116);
#2028=VERTEX_POINT('',#7117);
#2029=VERTEX_POINT('',#7119);
#2030=VERTEX_POINT('',#7121);
#2031=VERTEX_POINT('',#7123);
#2032=VERTEX_POINT('',#7125);
#2033=VERTEX_POINT('',#7127);
#2034=VERTEX_POINT('',#7129);
#2035=VERTEX_POINT('',#7131);
#2036=VERTEX_POINT('',#7133);
#2037=VERTEX_POINT('',#7135);
#2038=VERTEX_POINT('',#7137);
#2039=VERTEX_POINT('',#7141);
#2040=VERTEX_POINT('',#7145);
#2041=VERTEX_POINT('',#7149);
#2042=VERTEX_POINT('',#7150);
#2043=VERTEX_POINT('',#7153);
#2044=VERTEX_POINT('',#7155);
#2045=VERTEX_POINT('',#7157);
#2046=VERTEX_POINT('',#7159);
#2047=VERTEX_POINT('',#7161);
#2048=VERTEX_POINT('',#7163);
#2049=VERTEX_POINT('',#7167);
#2050=VERTEX_POINT('',#7168);
#2051=VERTEX_POINT('',#7173);
#2052=VERTEX_POINT('',#7175);
#2053=VERTEX_POINT('',#7177);
#2054=VERTEX_POINT('',#7179);
#2055=VERTEX_POINT('',#7181);
#2056=VERTEX_POINT('',#7185);
#2057=VERTEX_POINT('',#7189);
#2058=VERTEX_POINT('',#7190);
#2059=VERTEX_POINT('',#7192);
#2060=VERTEX_POINT('',#7195);
#2061=VERTEX_POINT('',#7200);
#2062=VERTEX_POINT('',#7202);
#2063=VERTEX_POINT('',#7204);
#2064=VERTEX_POINT('',#7206);
#2065=VERTEX_POINT('',#7210);
#2066=VERTEX_POINT('',#7211);
#2067=VERTEX_POINT('',#7213);
#2068=VERTEX_POINT('',#7215);
#2069=VERTEX_POINT('',#7219);
#2070=VERTEX_POINT('',#7221);
#2071=VERTEX_POINT('',#7230);
#2072=VERTEX_POINT('',#7231);
#2073=VERTEX_POINT('',#7233);
#2074=VERTEX_POINT('',#7235);
#2075=VERTEX_POINT('',#7255);
#2076=VERTEX_POINT('',#7257);
#2077=VERTEX_POINT('',#7259);
#2078=VERTEX_POINT('',#7261);
#2079=VERTEX_POINT('',#7263);
#2080=VERTEX_POINT('',#7266);
#2081=VERTEX_POINT('',#7268);
#2082=VERTEX_POINT('',#7270);
#2083=VERTEX_POINT('',#7272);
#2084=VERTEX_POINT('',#7274);
#2085=VERTEX_POINT('',#7277);
#2086=VERTEX_POINT('',#7278);
#2087=VERTEX_POINT('',#7280);
#2088=VERTEX_POINT('',#7282);
#2089=VERTEX_POINT('',#7284);
#2090=VERTEX_POINT('',#7286);
#2091=VERTEX_POINT('',#7288);
#2092=VERTEX_POINT('',#7290);
#2093=VERTEX_POINT('',#7292);
#2094=VERTEX_POINT('',#7294);
#2095=VERTEX_POINT('',#7296);
#2096=VERTEX_POINT('',#7298);
#2097=VERTEX_POINT('',#7348);
#2098=VERTEX_POINT('',#7349);
#2099=VERTEX_POINT('',#7351);
#2100=VERTEX_POINT('',#7353);
#2101=VERTEX_POINT('',#7357);
#2102=VERTEX_POINT('',#7359);
#2103=VERTEX_POINT('',#7363);
#2104=VERTEX_POINT('',#7365);
#2105=VERTEX_POINT('',#7372);
#2106=VERTEX_POINT('',#7374);
#2107=VERTEX_POINT('',#7376);
#2108=VERTEX_POINT('',#7378);
#2109=VERTEX_POINT('',#7380);
#2110=VERTEX_POINT('',#7382);
#2111=VERTEX_POINT('',#7386);
#2112=VERTEX_POINT('',#7391);
#2113=VERTEX_POINT('',#7392);
#2114=VERTEX_POINT('',#7394);
#2115=VERTEX_POINT('',#7396);
#2116=VERTEX_POINT('',#7400);
#2117=VERTEX_POINT('',#7402);
#2118=VERTEX_POINT('',#7405);
#2119=VERTEX_POINT('',#7409);
#2120=VERTEX_POINT('',#7411);
#2121=VERTEX_POINT('',#7415);
#2122=VERTEX_POINT('',#7417);
#2123=VERTEX_POINT('',#7422);
#2124=VERTEX_POINT('',#7424);
#2125=VERTEX_POINT('',#7438);
#2126=VERTEX_POINT('',#7439);
#2127=VERTEX_POINT('',#7441);
#2128=VERTEX_POINT('',#7443);
#2129=VERTEX_POINT('',#7447);
#2130=VERTEX_POINT('',#7449);
#2131=VERTEX_POINT('',#7453);
#2132=VERTEX_POINT('',#7455);
#2133=VERTEX_POINT('',#7462);
#2134=VERTEX_POINT('',#7464);
#2135=VERTEX_POINT('',#7466);
#2136=VERTEX_POINT('',#7468);
#2137=VERTEX_POINT('',#7470);
#2138=VERTEX_POINT('',#7472);
#2139=VERTEX_POINT('',#7476);
#2140=VERTEX_POINT('',#7481);
#2141=VERTEX_POINT('',#7482);
#2142=VERTEX_POINT('',#7484);
#2143=VERTEX_POINT('',#7486);
#2144=VERTEX_POINT('',#7490);
#2145=VERTEX_POINT('',#7492);
#2146=VERTEX_POINT('',#7495);
#2147=VERTEX_POINT('',#7499);
#2148=VERTEX_POINT('',#7501);
#2149=VERTEX_POINT('',#7505);
#2150=VERTEX_POINT('',#7507);
#2151=VERTEX_POINT('',#7512);
#2152=VERTEX_POINT('',#7516);
#2153=VERTEX_POINT('',#7528);
#2154=VERTEX_POINT('',#7529);
#2155=VERTEX_POINT('',#7531);
#2156=VERTEX_POINT('',#7533);
#2157=VERTEX_POINT('',#7537);
#2158=VERTEX_POINT('',#7539);
#2159=VERTEX_POINT('',#7541);
#2160=VERTEX_POINT('',#7543);
#2161=VERTEX_POINT('',#7545);
#2162=VERTEX_POINT('',#7547);
#2163=VERTEX_POINT('',#7551);
#2164=VERTEX_POINT('',#7552);
#2165=VERTEX_POINT('',#7554);
#2166=VERTEX_POINT('',#7556);
#2167=VERTEX_POINT('',#7560);
#2168=VERTEX_POINT('',#7563);
#2169=VERTEX_POINT('',#7565);
#2170=VERTEX_POINT('',#7569);
#2171=VERTEX_POINT('',#7571);
#2172=VERTEX_POINT('',#7573);
#2173=VERTEX_POINT('',#7575);
#2174=VERTEX_POINT('',#7577);
#2175=VERTEX_POINT('',#7581);
#2176=VERTEX_POINT('',#7582);
#2177=VERTEX_POINT('',#7588);
#2178=VERTEX_POINT('',#7592);
#2179=VERTEX_POINT('',#7607);
#2180=VERTEX_POINT('',#7609);
#2181=VERTEX_POINT('',#7618);
#2182=VERTEX_POINT('',#7619);
#2183=VERTEX_POINT('',#7621);
#2184=VERTEX_POINT('',#7623);
#2185=VERTEX_POINT('',#7627);
#2186=VERTEX_POINT('',#7629);
#2187=VERTEX_POINT('',#7631);
#2188=VERTEX_POINT('',#7633);
#2189=VERTEX_POINT('',#7635);
#2190=VERTEX_POINT('',#7637);
#2191=VERTEX_POINT('',#7641);
#2192=VERTEX_POINT('',#7642);
#2193=VERTEX_POINT('',#7644);
#2194=VERTEX_POINT('',#7646);
#2195=VERTEX_POINT('',#7650);
#2196=VERTEX_POINT('',#7653);
#2197=VERTEX_POINT('',#7655);
#2198=VERTEX_POINT('',#7659);
#2199=VERTEX_POINT('',#7661);
#2200=VERTEX_POINT('',#7663);
#2201=VERTEX_POINT('',#7665);
#2202=VERTEX_POINT('',#7667);
#2203=VERTEX_POINT('',#7671);
#2204=VERTEX_POINT('',#7672);
#2205=VERTEX_POINT('',#7678);
#2206=VERTEX_POINT('',#7682);
#2207=VERTEX_POINT('',#7697);
#2208=VERTEX_POINT('',#7699);
#2209=EDGE_CURVE('',#1777,#1778,#1609,.T.);
#2210=EDGE_CURVE('',#1779,#1777,#625,.T.);
#2211=EDGE_CURVE('',#1780,#1779,#1610,.T.);
#2212=EDGE_CURVE('',#1781,#1780,#626,.T.);
#2213=EDGE_CURVE('',#1782,#1781,#1611,.T.);
#2214=EDGE_CURVE('',#1783,#1782,#627,.T.);
#2215=EDGE_CURVE('',#1784,#1783,#1612,.T.);
#2216=EDGE_CURVE('',#1785,#1784,#628,.T.);
#2217=EDGE_CURVE('',#1786,#1785,#1613,.T.);
#2218=EDGE_CURVE('',#1787,#1786,#629,.T.);
#2219=EDGE_CURVE('',#1788,#1787,#1614,.T.);
#2220=EDGE_CURVE('',#1778,#1788,#630,.T.);
#2221=EDGE_CURVE('',#1789,#1790,#1615,.T.);
#2222=EDGE_CURVE('',#1791,#1789,#631,.T.);
#2223=EDGE_CURVE('',#1792,#1791,#1616,.T.);
#2224=EDGE_CURVE('',#1793,#1792,#632,.T.);
#2225=EDGE_CURVE('',#1794,#1793,#1617,.T.);
#2226=EDGE_CURVE('',#1795,#1794,#633,.T.);
#2227=EDGE_CURVE('',#1796,#1795,#1618,.T.);
#2228=EDGE_CURVE('',#1797,#1796,#634,.T.);
#2229=EDGE_CURVE('',#1798,#1797,#1619,.T.);
#2230=EDGE_CURVE('',#1799,#1798,#635,.T.);
#2231=EDGE_CURVE('',#1800,#1799,#1620,.T.);
#2232=EDGE_CURVE('',#1790,#1800,#636,.T.);
#2233=EDGE_CURVE('',#1801,#1782,#637,.T.);
#2234=EDGE_CURVE('',#1801,#1802,#638,.T.);
#2235=EDGE_CURVE('',#1783,#1802,#639,.T.);
#2236=EDGE_CURVE('',#1781,#1803,#640,.T.);
#2237=EDGE_CURVE('',#1803,#1801,#1621,.T.);
#2238=EDGE_CURVE('',#1780,#1804,#641,.T.);
#2239=EDGE_CURVE('',#1804,#1803,#642,.T.);
#2240=EDGE_CURVE('',#1779,#1805,#643,.T.);
#2241=EDGE_CURVE('',#1805,#1804,#1622,.T.);
#2242=EDGE_CURVE('',#1806,#1777,#644,.T.);
#2243=EDGE_CURVE('',#1806,#1805,#645,.T.);
#2244=EDGE_CURVE('',#1778,#1807,#646,.T.);
#2245=EDGE_CURVE('',#1807,#1806,#1623,.T.);
#2246=EDGE_CURVE('',#1808,#1808,#1624,.T.);
#2247=EDGE_CURVE('',#1808,#1809,#647,.T.);
#2248=EDGE_CURVE('',#1809,#1809,#1625,.T.);
#2249=EDGE_CURVE('',#1810,#1810,#1626,.T.);
#2250=EDGE_CURVE('',#1810,#1811,#648,.T.);
#2251=EDGE_CURVE('',#1811,#1811,#1627,.T.);
#2252=EDGE_CURVE('',#1811,#1812,#649,.T.);
#2253=EDGE_CURVE('',#1812,#1812,#1628,.T.);
#2254=EDGE_CURVE('',#1813,#1813,#1629,.T.);
#2255=EDGE_CURVE('',#1813,#1814,#650,.T.);
#2256=EDGE_CURVE('',#1814,#1814,#1630,.T.);
#2257=EDGE_CURVE('',#1814,#1815,#651,.T.);
#2258=EDGE_CURVE('',#1815,#1815,#1631,.T.);
#2259=EDGE_CURVE('',#1816,#1816,#1632,.T.);
#2260=EDGE_CURVE('',#1816,#1817,#652,.T.);
#2261=EDGE_CURVE('',#1817,#1817,#1633,.T.);
#2262=EDGE_CURVE('',#1817,#1818,#653,.T.);
#2263=EDGE_CURVE('',#1818,#1818,#1634,.T.);
#2264=EDGE_CURVE('',#1819,#1819,#1635,.T.);
#2265=EDGE_CURVE('',#1819,#1820,#654,.T.);
#2266=EDGE_CURVE('',#1820,#1820,#1636,.T.);
#2267=EDGE_CURVE('',#1821,#1821,#1637,.T.);
#2268=EDGE_CURVE('',#1821,#1822,#655,.T.);
#2269=EDGE_CURVE('',#1822,#1822,#1638,.T.);
#2270=EDGE_CURVE('',#1809,#1823,#656,.T.);
#2271=EDGE_CURVE('',#1823,#1823,#1639,.T.);
#2272=EDGE_CURVE('',#1824,#1824,#1640,.T.);
#2273=EDGE_CURVE('',#1824,#1825,#657,.T.);
#2274=EDGE_CURVE('',#1825,#1825,#1641,.T.);
#2275=EDGE_CURVE('',#1826,#1807,#658,.T.);
#2276=EDGE_CURVE('',#1827,#1826,#1642,.T.);
#2277=EDGE_CURVE('',#1828,#1827,#659,.T.);
#2278=EDGE_CURVE('',#1829,#1828,#1643,.T.);
#2279=EDGE_CURVE('',#1830,#1829,#660,.T.);
#2280=EDGE_CURVE('',#1802,#1830,#1644,.T.);
#2281=EDGE_CURVE('',#1831,#1832,#1645,.T.);
#2282=EDGE_CURVE('',#1833,#1831,#661,.T.);
#2283=EDGE_CURVE('',#1834,#1833,#1646,.T.);
#2284=EDGE_CURVE('',#1835,#1834,#662,.T.);
#2285=EDGE_CURVE('',#1836,#1835,#1647,.T.);
#2286=EDGE_CURVE('',#1837,#1836,#663,.T.);
#2287=EDGE_CURVE('',#1838,#1837,#1648,.T.);
#2288=EDGE_CURVE('',#1839,#1838,#664,.T.);
#2289=EDGE_CURVE('',#1840,#1839,#1649,.T.);
#2290=EDGE_CURVE('',#1841,#1840,#665,.T.);
#2291=EDGE_CURVE('',#1842,#1841,#1650,.T.);
#2292=EDGE_CURVE('',#1843,#1842,#666,.T.);
#2293=EDGE_CURVE('',#1844,#1843,#1651,.T.);
#2294=EDGE_CURVE('',#1845,#1844,#667,.T.);
#2295=EDGE_CURVE('',#1846,#1845,#1652,.T.);
#2296=EDGE_CURVE('',#1847,#1846,#668,.T.);
#2297=EDGE_CURVE('',#1848,#1847,#1653,.T.);
#2298=EDGE_CURVE('',#1849,#1848,#669,.T.);
#2299=EDGE_CURVE('',#1850,#1849,#1654,.T.);
#2300=EDGE_CURVE('',#1851,#1850,#670,.T.);
#2301=EDGE_CURVE('',#1852,#1851,#1655,.T.);
#2302=EDGE_CURVE('',#1853,#1852,#671,.T.);
#2303=EDGE_CURVE('',#1854,#1853,#1656,.T.);
#2304=EDGE_CURVE('',#1855,#1854,#672,.T.);
#2305=EDGE_CURVE('',#1856,#1855,#1657,.T.);
#2306=EDGE_CURVE('',#1857,#1856,#673,.T.);
#2307=EDGE_CURVE('',#1858,#1857,#1658,.T.);
#2308=EDGE_CURVE('',#1859,#1858,#674,.T.);
#2309=EDGE_CURVE('',#1860,#1859,#1659,.T.);
#2310=EDGE_CURVE('',#1861,#1860,#675,.T.);
#2311=EDGE_CURVE('',#1862,#1861,#1660,.T.);
#2312=EDGE_CURVE('',#1863,#1862,#676,.T.);
#2313=EDGE_CURVE('',#1864,#1863,#1661,.T.);
#2314=EDGE_CURVE('',#1865,#1864,#677,.T.);
#2315=EDGE_CURVE('',#1866,#1865,#1662,.T.);
#2316=EDGE_CURVE('',#1867,#1866,#678,.T.);
#2317=EDGE_CURVE('',#1868,#1867,#1663,.T.);
#2318=EDGE_CURVE('',#1869,#1868,#679,.T.);
#2319=EDGE_CURVE('',#1870,#1869,#1664,.T.);
#2320=EDGE_CURVE('',#1871,#1870,#680,.T.);
#2321=EDGE_CURVE('',#1872,#1871,#1665,.T.);
#2322=EDGE_CURVE('',#1873,#1872,#681,.T.);
#2323=EDGE_CURVE('',#1874,#1873,#1666,.T.);
#2324=EDGE_CURVE('',#1875,#1874,#682,.T.);
#2325=EDGE_CURVE('',#1876,#1875,#1667,.T.);
#2326=EDGE_CURVE('',#1877,#1876,#683,.T.);
#2327=EDGE_CURVE('',#1878,#1877,#1668,.T.);
#2328=EDGE_CURVE('',#1879,#1878,#684,.T.);
#2329=EDGE_CURVE('',#1880,#1879,#1669,.T.);
#2330=EDGE_CURVE('',#1881,#1880,#685,.T.);
#2331=EDGE_CURVE('',#1882,#1881,#1670,.T.);
#2332=EDGE_CURVE('',#1832,#1882,#686,.T.);
#2333=EDGE_CURVE('',#1883,#1857,#687,.T.);
#2334=EDGE_CURVE('',#1884,#1883,#1671,.T.);
#2335=EDGE_CURVE('',#1884,#1858,#688,.T.);
#2336=EDGE_CURVE('',#1885,#1856,#689,.T.);
#2337=EDGE_CURVE('',#1883,#1885,#690,.T.);
#2338=EDGE_CURVE('',#1855,#1886,#691,.T.);
#2339=EDGE_CURVE('',#1885,#1886,#1672,.T.);
#2340=EDGE_CURVE('',#1887,#1854,#692,.T.);
#2341=EDGE_CURVE('',#1886,#1887,#693,.T.);
#2342=EDGE_CURVE('',#1888,#1853,#694,.T.);
#2343=EDGE_CURVE('',#1887,#1888,#1673,.T.);
#2344=EDGE_CURVE('',#1889,#1852,#695,.T.);
#2345=EDGE_CURVE('',#1888,#1889,#696,.T.);
#2346=EDGE_CURVE('',#1851,#1890,#697,.T.);
#2347=EDGE_CURVE('',#1889,#1890,#1674,.T.);
#2348=EDGE_CURVE('',#1891,#1850,#698,.T.);
#2349=EDGE_CURVE('',#1890,#1891,#699,.T.);
#2350=EDGE_CURVE('',#1892,#1849,#700,.T.);
#2351=EDGE_CURVE('',#1891,#1892,#1675,.T.);
#2352=EDGE_CURVE('',#1893,#1848,#701,.T.);
#2353=EDGE_CURVE('',#1892,#1893,#702,.T.);
#2354=EDGE_CURVE('',#1894,#1847,#703,.T.);
#2355=EDGE_CURVE('',#1894,#1893,#1676,.T.);
#2356=EDGE_CURVE('',#1895,#1846,#704,.T.);
#2357=EDGE_CURVE('',#1894,#1895,#705,.T.);
#2358=EDGE_CURVE('',#1896,#1845,#706,.T.);
#2359=EDGE_CURVE('',#1895,#1896,#1677,.T.);
#2360=EDGE_CURVE('',#1897,#1844,#707,.T.);
#2361=EDGE_CURVE('',#1896,#1897,#708,.T.);
#2362=EDGE_CURVE('',#1898,#1843,#709,.T.);
#2363=EDGE_CURVE('',#1898,#1897,#1678,.T.);
#2364=EDGE_CURVE('',#1899,#1842,#710,.T.);
#2365=EDGE_CURVE('',#1898,#1899,#711,.T.);
#2366=EDGE_CURVE('',#1900,#1841,#712,.T.);
#2367=EDGE_CURVE('',#1899,#1900,#1679,.T.);
#2368=EDGE_CURVE('',#1901,#1840,#713,.T.);
#2369=EDGE_CURVE('',#1900,#1901,#714,.T.);
#2370=EDGE_CURVE('',#1902,#1839,#715,.T.);
#2371=EDGE_CURVE('',#1902,#1901,#1680,.T.);
#2372=EDGE_CURVE('',#1903,#1838,#716,.T.);
#2373=EDGE_CURVE('',#1902,#1903,#717,.T.);
#2374=EDGE_CURVE('',#1904,#1837,#718,.T.);
#2375=EDGE_CURVE('',#1903,#1904,#1681,.T.);
#2376=EDGE_CURVE('',#1905,#1836,#719,.T.);
#2377=EDGE_CURVE('',#1904,#1905,#720,.T.);
#2378=EDGE_CURVE('',#1906,#1835,#721,.T.);
#2379=EDGE_CURVE('',#1906,#1905,#1682,.T.);
#2380=EDGE_CURVE('',#1907,#1834,#722,.T.);
#2381=EDGE_CURVE('',#1906,#1907,#723,.T.);
#2382=EDGE_CURVE('',#1908,#1833,#724,.T.);
#2383=EDGE_CURVE('',#1907,#1908,#1683,.T.);
#2384=EDGE_CURVE('',#1909,#1831,#725,.T.);
#2385=EDGE_CURVE('',#1908,#1909,#726,.T.);
#2386=EDGE_CURVE('',#1830,#1784,#727,.T.);
#2387=EDGE_CURVE('',#1785,#1829,#728,.T.);
#2388=EDGE_CURVE('',#1786,#1828,#729,.T.);
#2389=EDGE_CURVE('',#1787,#1827,#730,.T.);
#2390=EDGE_CURVE('',#1826,#1788,#731,.T.);
#2391=EDGE_CURVE('',#1796,#1910,#732,.T.);
#2392=EDGE_CURVE('',#1910,#1911,#733,.T.);
#2393=EDGE_CURVE('',#1797,#1911,#734,.T.);
#2394=EDGE_CURVE('',#1795,#1912,#735,.T.);
#2395=EDGE_CURVE('',#1912,#1910,#1684,.T.);
#2396=EDGE_CURVE('',#1913,#1794,#736,.T.);
#2397=EDGE_CURVE('',#1913,#1912,#737,.T.);
#2398=EDGE_CURVE('',#1911,#1913,#1685,.T.);
#2399=EDGE_CURVE('',#1792,#1914,#738,.T.);
#2400=EDGE_CURVE('',#1914,#1915,#739,.T.);
#2401=EDGE_CURVE('',#1793,#1915,#740,.T.);
#2402=EDGE_CURVE('',#1791,#1916,#741,.T.);
#2403=EDGE_CURVE('',#1916,#1914,#1686,.T.);
#2404=EDGE_CURVE('',#1917,#1789,#742,.T.);
#2405=EDGE_CURVE('',#1917,#1916,#743,.T.);
#2406=EDGE_CURVE('',#1915,#1917,#1687,.T.);
#2407=EDGE_CURVE('',#1800,#1918,#744,.T.);
#2408=EDGE_CURVE('',#1918,#1919,#745,.T.);
#2409=EDGE_CURVE('',#1790,#1919,#746,.T.);
#2410=EDGE_CURVE('',#1799,#1920,#747,.T.);
#2411=EDGE_CURVE('',#1920,#1918,#1688,.T.);
#2412=EDGE_CURVE('',#1921,#1798,#748,.T.);
#2413=EDGE_CURVE('',#1921,#1920,#749,.T.);
#2414=EDGE_CURVE('',#1919,#1922,#1689,.T.);
#2415=EDGE_CURVE('',#1922,#1921,#1690,.T.);
#2416=EDGE_CURVE('',#1923,#1924,#750,.T.);
#2417=EDGE_CURVE('',#1925,#1924,#1691,.T.);
#2418=EDGE_CURVE('',#1925,#1926,#751,.T.);
#2419=EDGE_CURVE('',#1926,#1927,#1692,.T.);
#2420=EDGE_CURVE('',#1927,#1928,#752,.T.);
#2421=EDGE_CURVE('',#1929,#1928,#1693,.T.);
#2422=EDGE_CURVE('',#1929,#1922,#753,.T.);
#2423=EDGE_CURVE('',#1930,#1929,#1694,.T.);
#2424=EDGE_CURVE('',#1930,#1931,#754,.T.);
#2425=EDGE_CURVE('',#1931,#1932,#1695,.T.);
#2426=EDGE_CURVE('',#1932,#1933,#755,.T.);
#2427=EDGE_CURVE('',#1934,#1933,#1696,.T.);
#2428=EDGE_CURVE('',#1934,#1935,#756,.T.);
#2429=EDGE_CURVE('',#1935,#1923,#1697,.T.);
#2430=EDGE_CURVE('',#1936,#1934,#757,.T.);
#2431=EDGE_CURVE('',#1936,#1937,#758,.T.);
#2432=EDGE_CURVE('',#1937,#1935,#759,.T.);
#2433=EDGE_CURVE('',#1938,#1936,#1698,.T.);
#2434=EDGE_CURVE('',#1938,#1939,#760,.T.);
#2435=EDGE_CURVE('',#1939,#1937,#1699,.T.);
#2436=EDGE_CURVE('',#1924,#1938,#761,.T.);
#2437=EDGE_CURVE('',#1923,#1939,#762,.T.);
#2438=EDGE_CURVE('',#1940,#1925,#763,.T.);
#2439=EDGE_CURVE('',#1940,#1941,#764,.T.);
#2440=EDGE_CURVE('',#1941,#1926,#765,.T.);
#2441=EDGE_CURVE('',#1942,#1940,#1700,.T.);
#2442=EDGE_CURVE('',#1942,#1943,#766,.T.);
#2443=EDGE_CURVE('',#1943,#1941,#1701,.T.);
#2444=EDGE_CURVE('',#1928,#1942,#767,.T.);
#2445=EDGE_CURVE('',#1927,#1943,#768,.T.);
#2446=EDGE_CURVE('',#1944,#1930,#769,.T.);
#2447=EDGE_CURVE('',#1944,#1945,#770,.T.);
#2448=EDGE_CURVE('',#1945,#1931,#771,.T.);
#2449=EDGE_CURVE('',#1946,#1944,#1702,.T.);
#2450=EDGE_CURVE('',#1946,#1947,#772,.T.);
#2451=EDGE_CURVE('',#1947,#1945,#1703,.T.);
#2452=EDGE_CURVE('',#1933,#1946,#773,.T.);
#2453=EDGE_CURVE('',#1932,#1947,#774,.T.);
#2454=EDGE_CURVE('',#1948,#1949,#775,.T.);
#2455=EDGE_CURVE('',#1949,#1950,#1704,.T.);
#2456=EDGE_CURVE('',#1950,#1951,#776,.T.);
#2457=EDGE_CURVE('',#1952,#1951,#1705,.T.);
#2458=EDGE_CURVE('',#1952,#1953,#777,.T.);
#2459=EDGE_CURVE('',#1953,#1954,#1706,.T.);
#2460=EDGE_CURVE('',#1954,#1955,#778,.T.);
#2461=EDGE_CURVE('',#1956,#1955,#1707,.T.);
#2462=EDGE_CURVE('',#1956,#1957,#779,.T.);
#2463=EDGE_CURVE('',#1957,#1958,#1708,.T.);
#2464=EDGE_CURVE('',#1958,#1959,#780,.T.);
#2465=EDGE_CURVE('',#1960,#1959,#1709,.T.);
#2466=EDGE_CURVE('',#1960,#1961,#781,.T.);
#2467=EDGE_CURVE('',#1961,#1962,#1710,.T.);
#2468=EDGE_CURVE('',#1962,#1963,#782,.T.);
#2469=EDGE_CURVE('',#1963,#1964,#1711,.T.);
#2470=EDGE_CURVE('',#1964,#1965,#783,.T.);
#2471=EDGE_CURVE('',#1965,#1966,#1712,.T.);
#2472=EDGE_CURVE('',#1966,#1967,#784,.T.);
#2473=EDGE_CURVE('',#1967,#1968,#1713,.T.);
#2474=EDGE_CURVE('',#1968,#1969,#785,.T.);
#2475=EDGE_CURVE('',#1969,#1970,#1714,.T.);
#2476=EDGE_CURVE('',#1970,#1971,#786,.T.);
#2477=EDGE_CURVE('',#1971,#1972,#1715,.T.);
#2478=EDGE_CURVE('',#1972,#1884,#787,.T.);
#2479=EDGE_CURVE('',#1948,#1909,#1716,.T.);
#2480=EDGE_CURVE('',#1960,#1871,#788,.T.);
#2481=EDGE_CURVE('',#1959,#1872,#789,.T.);
#2482=EDGE_CURVE('',#1948,#1832,#790,.T.);
#2483=EDGE_CURVE('',#1956,#1875,#791,.T.);
#2484=EDGE_CURVE('',#1955,#1876,#792,.T.);
#2485=EDGE_CURVE('',#1952,#1879,#793,.T.);
#2486=EDGE_CURVE('',#1951,#1880,#794,.T.);
#2487=EDGE_CURVE('',#1950,#1881,#795,.T.);
#2488=EDGE_CURVE('',#1949,#1882,#796,.T.);
#2489=EDGE_CURVE('',#1954,#1877,#797,.T.);
#2490=EDGE_CURVE('',#1953,#1878,#798,.T.);
#2491=EDGE_CURVE('',#1958,#1873,#799,.T.);
#2492=EDGE_CURVE('',#1957,#1874,#800,.T.);
#2493=EDGE_CURVE('',#1859,#1972,#801,.T.);
#2494=EDGE_CURVE('',#1971,#1860,#802,.T.);
#2495=EDGE_CURVE('',#1970,#1861,#803,.T.);
#2496=EDGE_CURVE('',#1969,#1862,#804,.T.);
#2497=EDGE_CURVE('',#1863,#1968,#805,.T.);
#2498=EDGE_CURVE('',#1963,#1868,#806,.T.);
#2499=EDGE_CURVE('',#1962,#1869,#807,.T.);
#2500=EDGE_CURVE('',#1961,#1870,#808,.T.);
#2501=EDGE_CURVE('',#1867,#1964,#809,.T.);
#2502=EDGE_CURVE('',#1966,#1865,#810,.T.);
#2503=EDGE_CURVE('',#1965,#1866,#811,.T.);
#2504=EDGE_CURVE('',#1967,#1864,#812,.T.);
#2505=EDGE_CURVE('',#1973,#1974,#813,.T.);
#2506=EDGE_CURVE('',#1975,#1973,#814,.T.);
#2507=EDGE_CURVE('',#1975,#1976,#815,.T.);
#2508=EDGE_CURVE('',#1976,#1977,#816,.T.);
#2509=EDGE_CURVE('',#1978,#1977,#1717,.T.);
#2510=EDGE_CURVE('',#1978,#1979,#817,.T.);
#2511=EDGE_CURVE('',#1980,#1979,#818,.T.);
#2512=EDGE_CURVE('',#1980,#1981,#819,.T.);
#2513=EDGE_CURVE('',#1982,#1981,#1718,.T.);
#2514=EDGE_CURVE('',#1974,#1982,#820,.T.);
#2515=EDGE_CURVE('',#1983,#1975,#821,.T.);
#2516=EDGE_CURVE('',#1984,#1983,#822,.T.);
#2517=EDGE_CURVE('',#1984,#1976,#823,.T.);
#2518=EDGE_CURVE('',#1985,#1986,#1719,.T.);
#2519=EDGE_CURVE('',#1986,#1978,#824,.T.);
#2520=EDGE_CURVE('',#1977,#1985,#825,.T.);
#2521=EDGE_CURVE('',#1987,#1986,#826,.T.);
#2522=EDGE_CURVE('',#1988,#1987,#827,.T.);
#2523=EDGE_CURVE('',#1989,#1988,#828,.T.);
#2524=EDGE_CURVE('',#1990,#1989,#829,.T.);
#2525=EDGE_CURVE('',#1991,#1990,#830,.T.);
#2526=EDGE_CURVE('',#1979,#1991,#831,.T.);
#2527=EDGE_CURVE('',#1992,#1993,#1720,.T.);
#2528=EDGE_CURVE('',#1993,#1982,#832,.T.);
#2529=EDGE_CURVE('',#1981,#1992,#833,.T.);
#2530=EDGE_CURVE('',#1994,#1995,#834,.T.);
#2531=EDGE_CURVE('',#1993,#1994,#835,.T.);
#2532=EDGE_CURVE('',#1992,#1996,#836,.T.);
#2533=EDGE_CURVE('',#1996,#1987,#837,.T.);
#2534=EDGE_CURVE('',#1985,#1984,#838,.T.);
#2535=EDGE_CURVE('',#1995,#1983,#839,.T.);
#2536=EDGE_CURVE('',#1997,#1980,#840,.T.);
#2537=EDGE_CURVE('',#1998,#1997,#841,.T.);
#2538=EDGE_CURVE('',#1999,#1998,#842,.T.);
#2539=EDGE_CURVE('',#2000,#1999,#843,.T.);
#2540=EDGE_CURVE('',#1996,#2000,#844,.T.);
#2541=EDGE_CURVE('',#2001,#2002,#845,.T.);
#2542=EDGE_CURVE('',#2003,#2001,#846,.T.);
#2543=EDGE_CURVE('',#2004,#2003,#847,.T.);
#2544=EDGE_CURVE('',#2004,#2002,#848,.T.);
#2545=EDGE_CURVE('',#2005,#1989,#1721,.T.);
#2546=EDGE_CURVE('',#2005,#2006,#849,.T.);
#2547=EDGE_CURVE('',#1990,#2006,#1722,.T.);
#2548=EDGE_CURVE('',#2002,#1998,#1723,.T.);
#2549=EDGE_CURVE('',#1999,#2004,#1724,.T.);
#2550=EDGE_CURVE('',#2007,#2008,#850,.T.);
#2551=EDGE_CURVE('',#2006,#2007,#851,.T.);
#2552=EDGE_CURVE('',#2009,#2005,#852,.T.);
#2553=EDGE_CURVE('',#2010,#2009,#853,.T.);
#2554=EDGE_CURVE('',#2008,#2010,#854,.T.);
#2555=EDGE_CURVE('',#2003,#2010,#855,.T.);
#2556=EDGE_CURVE('',#2001,#2008,#856,.T.);
#2557=EDGE_CURVE('',#2004,#2009,#857,.T.);
#2558=EDGE_CURVE('',#2000,#1988,#858,.T.);
#2559=EDGE_CURVE('',#1997,#1991,#859,.T.);
#2560=EDGE_CURVE('',#2002,#2007,#860,.T.);
#2561=EDGE_CURVE('',#1994,#2011,#1725,.T.);
#2562=EDGE_CURVE('',#2011,#2012,#861,.T.);
#2563=EDGE_CURVE('',#2012,#2013,#1726,.T.);
#2564=EDGE_CURVE('',#2013,#2014,#862,.T.);
#2565=EDGE_CURVE('',#2014,#2015,#1727,.T.);
#2566=EDGE_CURVE('',#2015,#2016,#863,.T.);
#2567=EDGE_CURVE('',#2016,#2017,#1728,.T.);
#2568=EDGE_CURVE('',#2018,#2017,#864,.T.);
#2569=EDGE_CURVE('',#2018,#2019,#865,.T.);
#2570=EDGE_CURVE('',#2020,#2019,#866,.T.);
#2571=EDGE_CURVE('',#2020,#2021,#1729,.T.);
#2572=EDGE_CURVE('',#2021,#2022,#867,.T.);
#2573=EDGE_CURVE('',#2022,#2023,#1730,.T.);
#2574=EDGE_CURVE('',#2023,#2024,#868,.T.);
#2575=EDGE_CURVE('',#2024,#2025,#1731,.T.);
#2576=EDGE_CURVE('',#2025,#2026,#869,.T.);
#2577=EDGE_CURVE('',#2026,#1974,#1732,.T.);
#2578=EDGE_CURVE('',#2027,#2028,#1733,.T.);
#2579=EDGE_CURVE('',#2028,#2029,#870,.T.);
#2580=EDGE_CURVE('',#2029,#2030,#1734,.T.);
#2581=EDGE_CURVE('',#2030,#2031,#871,.T.);
#2582=EDGE_CURVE('',#2031,#2032,#1735,.T.);
#2583=EDGE_CURVE('',#2032,#2033,#872,.T.);
#2584=EDGE_CURVE('',#2033,#2034,#1736,.T.);
#2585=EDGE_CURVE('',#2034,#2035,#873,.T.);
#2586=EDGE_CURVE('',#2035,#2036,#1737,.T.);
#2587=EDGE_CURVE('',#2036,#2037,#874,.T.);
#2588=EDGE_CURVE('',#2037,#2038,#1738,.T.);
#2589=EDGE_CURVE('',#2038,#2027,#875,.T.);
#2590=EDGE_CURVE('',#2039,#1995,#1739,.T.);
#2591=EDGE_CURVE('',#2011,#2039,#876,.T.);
#2592=EDGE_CURVE('',#2026,#2040,#877,.T.);
#2593=EDGE_CURVE('',#1973,#2040,#1740,.T.);
#2594=EDGE_CURVE('',#2041,#2042,#878,.T.);
#2595=EDGE_CURVE('',#2020,#2041,#879,.T.);
#2596=EDGE_CURVE('',#2019,#2043,#1741,.T.);
#2597=EDGE_CURVE('',#2044,#2043,#880,.T.);
#2598=EDGE_CURVE('',#2044,#2045,#881,.T.);
#2599=EDGE_CURVE('',#2046,#2045,#882,.T.);
#2600=EDGE_CURVE('',#2046,#2047,#1742,.T.);
#2601=EDGE_CURVE('',#2048,#2047,#883,.T.);
#2602=EDGE_CURVE('',#2042,#2048,#884,.T.);
#2603=EDGE_CURVE('',#2049,#2050,#1743,.T.);
#2604=EDGE_CURVE('',#2047,#2049,#885,.T.);
#2605=EDGE_CURVE('',#2050,#2046,#886,.T.);
#2606=EDGE_CURVE('',#2045,#2051,#887,.T.);
#2607=EDGE_CURVE('',#2051,#2052,#888,.T.);
#2608=EDGE_CURVE('',#2052,#2053,#889,.T.);
#2609=EDGE_CURVE('',#2053,#2054,#890,.T.);
#2610=EDGE_CURVE('',#2054,#2055,#891,.T.);
#2611=EDGE_CURVE('',#2055,#2050,#892,.T.);
#2612=EDGE_CURVE('',#2056,#2018,#1744,.T.);
#2613=EDGE_CURVE('',#2043,#2056,#893,.T.);
#2614=EDGE_CURVE('',#2057,#2058,#894,.T.);
#2615=EDGE_CURVE('',#2059,#2057,#895,.T.);
#2616=EDGE_CURVE('',#2049,#2059,#896,.T.);
#2617=EDGE_CURVE('',#2060,#2055,#897,.T.);
#2618=EDGE_CURVE('',#2056,#2060,#898,.T.);
#2619=EDGE_CURVE('',#2058,#2017,#899,.T.);
#2620=EDGE_CURVE('',#2060,#2061,#900,.T.);
#2621=EDGE_CURVE('',#2061,#2062,#901,.T.);
#2622=EDGE_CURVE('',#2062,#2063,#902,.T.);
#2623=EDGE_CURVE('',#2063,#2064,#903,.T.);
#2624=EDGE_CURVE('',#2064,#2044,#904,.T.);
#2625=EDGE_CURVE('',#2065,#2066,#905,.T.);
#2626=EDGE_CURVE('',#2067,#2066,#906,.T.);
#2627=EDGE_CURVE('',#2067,#2068,#907,.T.);
#2628=EDGE_CURVE('',#2068,#2065,#908,.T.);
#2629=EDGE_CURVE('',#2069,#2053,#1745,.T.);
#2630=EDGE_CURVE('',#2052,#2070,#1746,.T.);
#2631=EDGE_CURVE('',#2069,#2070,#909,.T.);
#2632=EDGE_CURVE('',#2066,#2063,#1747,.T.);
#2633=EDGE_CURVE('',#2062,#2067,#1748,.T.);
#2634=EDGE_CURVE('',#2059,#2048,#910,.T.);
#2635=EDGE_CURVE('',#2071,#2072,#911,.T.);
#2636=EDGE_CURVE('',#2072,#2073,#912,.T.);
#2637=EDGE_CURVE('',#2073,#2074,#913,.T.);
#2638=EDGE_CURVE('',#2074,#2069,#914,.T.);
#2639=EDGE_CURVE('',#2070,#2071,#915,.T.);
#2640=EDGE_CURVE('',#2065,#2072,#916,.T.);
#2641=EDGE_CURVE('',#2068,#2073,#917,.T.);
#2642=EDGE_CURVE('',#2067,#2074,#918,.T.);
#2643=EDGE_CURVE('',#2061,#2054,#919,.T.);
#2644=EDGE_CURVE('',#2042,#2057,#920,.T.);
#2645=EDGE_CURVE('',#2064,#2051,#921,.T.);
#2646=EDGE_CURVE('',#2066,#2071,#922,.T.);
#2647=EDGE_CURVE('',#2040,#2075,#923,.T.);
#2648=EDGE_CURVE('',#2075,#2076,#1749,.T.);
#2649=EDGE_CURVE('',#2076,#2077,#924,.T.);
#2650=EDGE_CURVE('',#2077,#2078,#1750,.T.);
#2651=EDGE_CURVE('',#2078,#2079,#925,.T.);
#2652=EDGE_CURVE('',#2079,#2041,#1751,.T.);
#2653=EDGE_CURVE('',#2058,#2080,#1752,.T.);
#2654=EDGE_CURVE('',#2080,#2081,#926,.T.);
#2655=EDGE_CURVE('',#2081,#2082,#1753,.T.);
#2656=EDGE_CURVE('',#2082,#2083,#927,.T.);
#2657=EDGE_CURVE('',#2083,#2084,#1754,.T.);
#2658=EDGE_CURVE('',#2084,#2039,#928,.T.);
#2659=EDGE_CURVE('',#2085,#2086,#1755,.T.);
#2660=EDGE_CURVE('',#2086,#2087,#929,.T.);
#2661=EDGE_CURVE('',#2087,#2088,#1756,.T.);
#2662=EDGE_CURVE('',#2088,#2089,#930,.T.);
#2663=EDGE_CURVE('',#2089,#2090,#1757,.T.);
#2664=EDGE_CURVE('',#2090,#2091,#931,.T.);
#2665=EDGE_CURVE('',#2091,#2092,#1758,.T.);
#2666=EDGE_CURVE('',#2092,#2093,#932,.T.);
#2667=EDGE_CURVE('',#2093,#2094,#1759,.T.);
#2668=EDGE_CURVE('',#2094,#2095,#933,.T.);
#2669=EDGE_CURVE('',#2095,#2096,#1760,.T.);
#2670=EDGE_CURVE('',#2096,#2085,#934,.T.);
#2671=EDGE_CURVE('',#2016,#2080,#935,.T.);
#2672=EDGE_CURVE('',#2034,#2091,#936,.T.);
#2673=EDGE_CURVE('',#2033,#2092,#937,.T.);
#2674=EDGE_CURVE('',#2032,#2093,#938,.T.);
#2675=EDGE_CURVE('',#2031,#2094,#939,.T.);
#2676=EDGE_CURVE('',#2030,#2095,#940,.T.);
#2677=EDGE_CURVE('',#2029,#2096,#941,.T.);
#2678=EDGE_CURVE('',#2028,#2085,#942,.T.);
#2679=EDGE_CURVE('',#2027,#2086,#943,.T.);
#2680=EDGE_CURVE('',#2038,#2087,#944,.T.);
#2681=EDGE_CURVE('',#2037,#2088,#945,.T.);
#2682=EDGE_CURVE('',#2036,#2089,#946,.T.);
#2683=EDGE_CURVE('',#2035,#2090,#947,.T.);
#2684=EDGE_CURVE('',#2025,#2075,#948,.T.);
#2685=EDGE_CURVE('',#2024,#2076,#949,.T.);
#2686=EDGE_CURVE('',#2023,#2077,#950,.T.);
#2687=EDGE_CURVE('',#2022,#2078,#951,.T.);
#2688=EDGE_CURVE('',#2021,#2079,#952,.T.);
#2689=EDGE_CURVE('',#2015,#2081,#953,.T.);
#2690=EDGE_CURVE('',#2014,#2082,#954,.T.);
#2691=EDGE_CURVE('',#2013,#2083,#955,.T.);
#2692=EDGE_CURVE('',#2012,#2084,#956,.T.);
#2693=EDGE_CURVE('',#2097,#2098,#957,.T.);
#2694=EDGE_CURVE('',#2098,#2099,#958,.T.);
#2695=EDGE_CURVE('',#2099,#2100,#959,.T.);
#2696=EDGE_CURVE('',#2100,#2097,#960,.T.);
#2697=EDGE_CURVE('',#2098,#2101,#961,.T.);
#2698=EDGE_CURVE('',#2101,#2102,#962,.T.);
#2699=EDGE_CURVE('',#2102,#2099,#963,.T.);
#2700=EDGE_CURVE('',#2100,#2103,#964,.T.);
#2701=EDGE_CURVE('',#2103,#2104,#965,.T.);
#2702=EDGE_CURVE('',#2104,#2097,#966,.T.);
#2703=EDGE_CURVE('',#2101,#2104,#967,.T.);
#2704=EDGE_CURVE('',#2103,#2102,#968,.T.);
#2705=EDGE_CURVE('',#2100,#2105,#969,.T.);
#2706=EDGE_CURVE('',#2105,#2106,#970,.T.);
#2707=EDGE_CURVE('',#2106,#2107,#971,.T.);
#2708=EDGE_CURVE('',#2108,#2107,#972,.T.);
#2709=EDGE_CURVE('',#2108,#2109,#973,.T.);
#2710=EDGE_CURVE('',#2109,#2110,#974,.T.);
#2711=EDGE_CURVE('',#2110,#2103,#975,.T.);
#2712=EDGE_CURVE('',#2111,#2099,#976,.T.);
#2713=EDGE_CURVE('',#2105,#2111,#977,.T.);
#2714=EDGE_CURVE('',#2112,#2113,#1761,.T.);
#2715=EDGE_CURVE('',#2113,#2114,#978,.T.);
#2716=EDGE_CURVE('',#2114,#2115,#1762,.T.);
#2717=EDGE_CURVE('',#2115,#2112,#979,.T.);
#2718=EDGE_CURVE('',#2102,#2116,#980,.T.);
#2719=EDGE_CURVE('',#2116,#2117,#981,.T.);
#2720=EDGE_CURVE('',#2117,#2114,#982,.T.);
#2721=EDGE_CURVE('',#2113,#2118,#983,.T.);
#2722=EDGE_CURVE('',#2118,#2111,#984,.T.);
#2723=EDGE_CURVE('',#2107,#2119,#1763,.T.);
#2724=EDGE_CURVE('',#2119,#2120,#985,.T.);
#2725=EDGE_CURVE('',#2120,#2108,#1764,.T.);
#2726=EDGE_CURVE('',#2121,#2120,#986,.T.);
#2727=EDGE_CURVE('',#2121,#2122,#987,.T.);
#2728=EDGE_CURVE('',#2115,#2122,#988,.T.);
#2729=EDGE_CURVE('',#2109,#2117,#989,.T.);
#2730=EDGE_CURVE('',#2123,#2121,#990,.T.);
#2731=EDGE_CURVE('',#2124,#2123,#991,.T.);
#2732=EDGE_CURVE('',#2122,#2124,#992,.T.);
#2733=EDGE_CURVE('',#2124,#2112,#993,.T.);
#2734=EDGE_CURVE('',#2106,#2118,#994,.T.);
#2735=EDGE_CURVE('',#2119,#2123,#995,.T.);
#2736=EDGE_CURVE('',#2110,#2116,#996,.T.);
#2737=EDGE_CURVE('',#2125,#2126,#997,.T.);
#2738=EDGE_CURVE('',#2126,#2127,#998,.T.);
#2739=EDGE_CURVE('',#2127,#2128,#999,.T.);
#2740=EDGE_CURVE('',#2128,#2125,#1000,.T.);
#2741=EDGE_CURVE('',#2126,#2129,#1001,.T.);
#2742=EDGE_CURVE('',#2129,#2130,#1002,.T.);
#2743=EDGE_CURVE('',#2130,#2127,#1003,.T.);
#2744=EDGE_CURVE('',#2128,#2131,#1004,.T.);
#2745=EDGE_CURVE('',#2131,#2132,#1005,.T.);
#2746=EDGE_CURVE('',#2132,#2125,#1006,.T.);
#2747=EDGE_CURVE('',#2129,#2132,#1007,.T.);
#2748=EDGE_CURVE('',#2131,#2130,#1008,.T.);
#2749=EDGE_CURVE('',#2128,#2133,#1009,.T.);
#2750=EDGE_CURVE('',#2133,#2134,#1010,.T.);
#2751=EDGE_CURVE('',#2134,#2135,#1011,.T.);
#2752=EDGE_CURVE('',#2136,#2135,#1012,.T.);
#2753=EDGE_CURVE('',#2136,#2137,#1013,.T.);
#2754=EDGE_CURVE('',#2137,#2138,#1014,.T.);
#2755=EDGE_CURVE('',#2138,#2131,#1015,.T.);
#2756=EDGE_CURVE('',#2139,#2127,#1016,.T.);
#2757=EDGE_CURVE('',#2133,#2139,#1017,.T.);
#2758=EDGE_CURVE('',#2140,#2141,#1765,.T.);
#2759=EDGE_CURVE('',#2141,#2142,#1018,.T.);
#2760=EDGE_CURVE('',#2142,#2143,#1766,.T.);
#2761=EDGE_CURVE('',#2143,#2140,#1019,.T.);
#2762=EDGE_CURVE('',#2130,#2144,#1020,.T.);
#2763=EDGE_CURVE('',#2144,#2145,#1021,.T.);
#2764=EDGE_CURVE('',#2145,#2142,#1022,.T.);
#2765=EDGE_CURVE('',#2141,#2146,#1023,.T.);
#2766=EDGE_CURVE('',#2146,#2139,#1024,.T.);
#2767=EDGE_CURVE('',#2135,#2147,#1767,.T.);
#2768=EDGE_CURVE('',#2147,#2148,#1025,.T.);
#2769=EDGE_CURVE('',#2148,#2136,#1768,.T.);
#2770=EDGE_CURVE('',#2147,#2149,#1026,.T.);
#2771=EDGE_CURVE('',#2149,#2150,#1027,.T.);
#2772=EDGE_CURVE('',#2150,#2148,#1028,.T.);
#2773=EDGE_CURVE('',#2134,#2146,#1029,.T.);
#2774=EDGE_CURVE('',#2151,#2140,#1030,.T.);
#2775=EDGE_CURVE('',#2151,#2149,#1031,.T.);
#2776=EDGE_CURVE('',#2150,#2152,#1032,.T.);
#2777=EDGE_CURVE('',#2152,#2151,#1033,.T.);
#2778=EDGE_CURVE('',#2143,#2152,#1034,.T.);
#2779=EDGE_CURVE('',#2138,#2144,#1035,.T.);
#2780=EDGE_CURVE('',#2137,#2145,#1036,.T.);
#2781=EDGE_CURVE('',#2153,#2154,#1769,.T.);
#2782=EDGE_CURVE('',#2154,#2155,#1037,.T.);
#2783=EDGE_CURVE('',#2155,#2156,#1770,.T.);
#2784=EDGE_CURVE('',#2156,#2153,#1038,.T.);
#2785=EDGE_CURVE('',#2154,#2157,#1039,.T.);
#2786=EDGE_CURVE('',#2157,#2158,#1040,.T.);
#2787=EDGE_CURVE('',#2158,#2159,#1041,.T.);
#2788=EDGE_CURVE('',#2160,#2159,#1042,.T.);
#2789=EDGE_CURVE('',#2160,#2161,#1043,.T.);
#2790=EDGE_CURVE('',#2161,#2162,#1044,.T.);
#2791=EDGE_CURVE('',#2162,#2155,#1045,.T.);
#2792=EDGE_CURVE('',#2163,#2164,#1771,.T.);
#2793=EDGE_CURVE('',#2164,#2165,#1046,.T.);
#2794=EDGE_CURVE('',#2165,#2166,#1772,.T.);
#2795=EDGE_CURVE('',#2166,#2163,#1047,.T.);
#2796=EDGE_CURVE('',#2167,#2165,#1048,.T.);
#2797=EDGE_CURVE('',#2157,#2167,#1049,.T.);
#2798=EDGE_CURVE('',#2168,#2153,#1050,.T.);
#2799=EDGE_CURVE('',#2168,#2169,#1051,.T.);
#2800=EDGE_CURVE('',#2166,#2169,#1052,.T.);
#2801=EDGE_CURVE('',#2164,#2170,#1053,.T.);
#2802=EDGE_CURVE('',#2170,#2171,#1054,.T.);
#2803=EDGE_CURVE('',#2171,#2172,#1055,.T.);
#2804=EDGE_CURVE('',#2173,#2172,#1056,.T.);
#2805=EDGE_CURVE('',#2173,#2174,#1057,.T.);
#2806=EDGE_CURVE('',#2174,#2167,#1058,.T.);
#2807=EDGE_CURVE('',#2175,#2176,#1059,.T.);
#2808=EDGE_CURVE('',#2176,#2172,#1060,.T.);
#2809=EDGE_CURVE('',#2172,#2160,#1061,.T.);
#2810=EDGE_CURVE('',#2175,#2160,#1062,.T.);
#2811=EDGE_CURVE('',#2176,#2177,#1063,.T.);
#2812=EDGE_CURVE('',#2177,#2173,#1064,.T.);
#2813=EDGE_CURVE('',#2159,#2178,#1065,.T.);
#2814=EDGE_CURVE('',#2178,#2175,#1066,.T.);
#2815=EDGE_CURVE('',#2177,#2178,#1067,.T.);
#2816=EDGE_CURVE('',#2159,#2173,#1068,.T.);
#2817=EDGE_CURVE('',#2161,#2171,#1069,.T.);
#2818=EDGE_CURVE('',#2162,#2170,#1070,.T.);
#2819=EDGE_CURVE('',#2158,#2174,#1071,.T.);
#2820=EDGE_CURVE('',#2179,#2163,#1072,.T.);
#2821=EDGE_CURVE('',#2179,#2180,#1073,.T.);
#2822=EDGE_CURVE('',#2156,#2180,#1074,.T.);
#2823=EDGE_CURVE('',#2169,#2179,#1075,.T.);
#2824=EDGE_CURVE('',#2180,#2168,#1076,.T.);
#2825=EDGE_CURVE('',#2181,#2182,#1773,.T.);
#2826=EDGE_CURVE('',#2182,#2183,#1077,.T.);
#2827=EDGE_CURVE('',#2183,#2184,#1774,.T.);
#2828=EDGE_CURVE('',#2184,#2181,#1078,.T.);
#2829=EDGE_CURVE('',#2182,#2185,#1079,.T.);
#2830=EDGE_CURVE('',#2185,#2186,#1080,.T.);
#2831=EDGE_CURVE('',#2186,#2187,#1081,.T.);
#2832=EDGE_CURVE('',#2188,#2187,#1082,.T.);
#2833=EDGE_CURVE('',#2188,#2189,#1083,.T.);
#2834=EDGE_CURVE('',#2189,#2190,#1084,.T.);
#2835=EDGE_CURVE('',#2190,#2183,#1085,.T.);
#2836=EDGE_CURVE('',#2191,#2192,#1775,.T.);
#2837=EDGE_CURVE('',#2192,#2193,#1086,.T.);
#2838=EDGE_CURVE('',#2193,#2194,#1776,.T.);
#2839=EDGE_CURVE('',#2194,#2191,#1087,.T.);
#2840=EDGE_CURVE('',#2195,#2193,#1088,.T.);
#2841=EDGE_CURVE('',#2185,#2195,#1089,.T.);
#2842=EDGE_CURVE('',#2196,#2181,#1090,.T.);
#2843=EDGE_CURVE('',#2196,#2197,#1091,.T.);
#2844=EDGE_CURVE('',#2194,#2197,#1092,.T.);
#2845=EDGE_CURVE('',#2192,#2198,#1093,.T.);
#2846=EDGE_CURVE('',#2198,#2199,#1094,.T.);
#2847=EDGE_CURVE('',#2199,#2200,#1095,.T.);
#2848=EDGE_CURVE('',#2201,#2200,#1096,.T.);
#2849=EDGE_CURVE('',#2201,#2202,#1097,.T.);
#2850=EDGE_CURVE('',#2202,#2195,#1098,.T.);
#2851=EDGE_CURVE('',#2203,#2204,#1099,.T.);
#2852=EDGE_CURVE('',#2204,#2200,#1100,.T.);
#2853=EDGE_CURVE('',#2200,#2188,#1101,.T.);
#2854=EDGE_CURVE('',#2203,#2188,#1102,.T.);
#2855=EDGE_CURVE('',#2204,#2205,#1103,.T.);
#2856=EDGE_CURVE('',#2205,#2201,#1104,.T.);
#2857=EDGE_CURVE('',#2187,#2206,#1105,.T.);
#2858=EDGE_CURVE('',#2206,#2203,#1106,.T.);
#2859=EDGE_CURVE('',#2205,#2206,#1107,.T.);
#2860=EDGE_CURVE('',#2187,#2201,#1108,.T.);
#2861=EDGE_CURVE('',#2189,#2199,#1109,.T.);
#2862=EDGE_CURVE('',#2190,#2198,#1110,.T.);
#2863=EDGE_CURVE('',#2186,#2202,#1111,.T.);
#2864=EDGE_CURVE('',#2207,#2191,#1112,.T.);
#2865=EDGE_CURVE('',#2207,#2208,#1113,.T.);
#2866=EDGE_CURVE('',#2184,#2208,#1114,.T.);
#2867=EDGE_CURVE('',#2197,#2207,#1115,.T.);
#2868=EDGE_CURVE('',#2208,#2196,#1116,.T.);
#2869=ORIENTED_EDGE('',*,*,#2209,.F.);
#2870=ORIENTED_EDGE('',*,*,#2210,.F.);
#2871=ORIENTED_EDGE('',*,*,#2211,.F.);
#2872=ORIENTED_EDGE('',*,*,#2212,.F.);
#2873=ORIENTED_EDGE('',*,*,#2213,.F.);
#2874=ORIENTED_EDGE('',*,*,#2214,.F.);
#2875=ORIENTED_EDGE('',*,*,#2215,.F.);
#2876=ORIENTED_EDGE('',*,*,#2216,.F.);
#2877=ORIENTED_EDGE('',*,*,#2217,.F.);
#2878=ORIENTED_EDGE('',*,*,#2218,.F.);
#2879=ORIENTED_EDGE('',*,*,#2219,.F.);
#2880=ORIENTED_EDGE('',*,*,#2220,.F.);
#2881=ORIENTED_EDGE('',*,*,#2221,.F.);
#2882=ORIENTED_EDGE('',*,*,#2222,.F.);
#2883=ORIENTED_EDGE('',*,*,#2223,.F.);
#2884=ORIENTED_EDGE('',*,*,#2224,.F.);
#2885=ORIENTED_EDGE('',*,*,#2225,.F.);
#2886=ORIENTED_EDGE('',*,*,#2226,.F.);
#2887=ORIENTED_EDGE('',*,*,#2227,.F.);
#2888=ORIENTED_EDGE('',*,*,#2228,.F.);
#2889=ORIENTED_EDGE('',*,*,#2229,.F.);
#2890=ORIENTED_EDGE('',*,*,#2230,.F.);
#2891=ORIENTED_EDGE('',*,*,#2231,.F.);
#2892=ORIENTED_EDGE('',*,*,#2232,.F.);
#2893=ORIENTED_EDGE('',*,*,#2214,.T.);
#2894=ORIENTED_EDGE('',*,*,#2233,.F.);
#2895=ORIENTED_EDGE('',*,*,#2234,.T.);
#2896=ORIENTED_EDGE('',*,*,#2235,.F.);
#2897=ORIENTED_EDGE('',*,*,#2213,.T.);
#2898=ORIENTED_EDGE('',*,*,#2236,.T.);
#2899=ORIENTED_EDGE('',*,*,#2237,.T.);
#2900=ORIENTED_EDGE('',*,*,#2233,.T.);
#2901=ORIENTED_EDGE('',*,*,#2212,.T.);
#2902=ORIENTED_EDGE('',*,*,#2238,.T.);
#2903=ORIENTED_EDGE('',*,*,#2239,.T.);
#2904=ORIENTED_EDGE('',*,*,#2236,.F.);
#2905=ORIENTED_EDGE('',*,*,#2211,.T.);
#2906=ORIENTED_EDGE('',*,*,#2240,.T.);
#2907=ORIENTED_EDGE('',*,*,#2241,.T.);
#2908=ORIENTED_EDGE('',*,*,#2238,.F.);
#2909=ORIENTED_EDGE('',*,*,#2210,.T.);
#2910=ORIENTED_EDGE('',*,*,#2242,.F.);
#2911=ORIENTED_EDGE('',*,*,#2243,.T.);
#2912=ORIENTED_EDGE('',*,*,#2240,.F.);
#2913=ORIENTED_EDGE('',*,*,#2209,.T.);
#2914=ORIENTED_EDGE('',*,*,#2244,.T.);
#2915=ORIENTED_EDGE('',*,*,#2245,.T.);
#2916=ORIENTED_EDGE('',*,*,#2242,.T.);
#2917=ORIENTED_EDGE('',*,*,#2246,.T.);
#2918=ORIENTED_EDGE('',*,*,#2247,.T.);
#2919=ORIENTED_EDGE('',*,*,#2248,.T.);
#2920=ORIENTED_EDGE('',*,*,#2247,.F.);
#2921=ORIENTED_EDGE('',*,*,#2246,.F.);
#2922=ORIENTED_EDGE('',*,*,#2249,.T.);
#2923=ORIENTED_EDGE('',*,*,#2250,.T.);
#2924=ORIENTED_EDGE('',*,*,#2251,.T.);
#2925=ORIENTED_EDGE('',*,*,#2250,.F.);
#2926=ORIENTED_EDGE('',*,*,#2251,.F.);
#2927=ORIENTED_EDGE('',*,*,#2252,.T.);
#2928=ORIENTED_EDGE('',*,*,#2253,.F.);
#2929=ORIENTED_EDGE('',*,*,#2252,.F.);
#2930=ORIENTED_EDGE('',*,*,#2249,.F.);
#2931=ORIENTED_EDGE('',*,*,#2254,.T.);
#2932=ORIENTED_EDGE('',*,*,#2255,.T.);
#2933=ORIENTED_EDGE('',*,*,#2256,.T.);
#2934=ORIENTED_EDGE('',*,*,#2255,.F.);
#2935=ORIENTED_EDGE('',*,*,#2256,.F.);
#2936=ORIENTED_EDGE('',*,*,#2257,.T.);
#2937=ORIENTED_EDGE('',*,*,#2258,.F.);
#2938=ORIENTED_EDGE('',*,*,#2257,.F.);
#2939=ORIENTED_EDGE('',*,*,#2254,.F.);
#2940=ORIENTED_EDGE('',*,*,#2259,.T.);
#2941=ORIENTED_EDGE('',*,*,#2260,.T.);
#2942=ORIENTED_EDGE('',*,*,#2261,.T.);
#2943=ORIENTED_EDGE('',*,*,#2260,.F.);
#2944=ORIENTED_EDGE('',*,*,#2261,.F.);
#2945=ORIENTED_EDGE('',*,*,#2262,.T.);
#2946=ORIENTED_EDGE('',*,*,#2263,.F.);
#2947=ORIENTED_EDGE('',*,*,#2262,.F.);
#2948=ORIENTED_EDGE('',*,*,#2259,.F.);
#2949=ORIENTED_EDGE('',*,*,#2264,.F.);
#2950=ORIENTED_EDGE('',*,*,#2265,.T.);
#2951=ORIENTED_EDGE('',*,*,#2266,.T.);
#2952=ORIENTED_EDGE('',*,*,#2265,.F.);
#2953=ORIENTED_EDGE('',*,*,#2267,.F.);
#2954=ORIENTED_EDGE('',*,*,#2268,.T.);
#2955=ORIENTED_EDGE('',*,*,#2269,.T.);
#2956=ORIENTED_EDGE('',*,*,#2268,.F.);
#2957=ORIENTED_EDGE('',*,*,#2248,.F.);
#2958=ORIENTED_EDGE('',*,*,#2270,.T.);
#2959=ORIENTED_EDGE('',*,*,#2271,.T.);
#2960=ORIENTED_EDGE('',*,*,#2270,.F.);
#2961=ORIENTED_EDGE('',*,*,#2272,.F.);
#2962=ORIENTED_EDGE('',*,*,#2273,.T.);
#2963=ORIENTED_EDGE('',*,*,#2274,.T.);
#2964=ORIENTED_EDGE('',*,*,#2273,.F.);
#2965=ORIENTED_EDGE('',*,*,#2245,.F.);
#2966=ORIENTED_EDGE('',*,*,#2275,.F.);
#2967=ORIENTED_EDGE('',*,*,#2276,.F.);
#2968=ORIENTED_EDGE('',*,*,#2277,.F.);
#2969=ORIENTED_EDGE('',*,*,#2278,.F.);
#2970=ORIENTED_EDGE('',*,*,#2279,.F.);
#2971=ORIENTED_EDGE('',*,*,#2280,.F.);
#2972=ORIENTED_EDGE('',*,*,#2234,.F.);
#2973=ORIENTED_EDGE('',*,*,#2237,.F.);
#2974=ORIENTED_EDGE('',*,*,#2239,.F.);
#2975=ORIENTED_EDGE('',*,*,#2241,.F.);
#2976=ORIENTED_EDGE('',*,*,#2243,.F.);
#2977=ORIENTED_EDGE('',*,*,#2274,.F.);
#2978=ORIENTED_EDGE('',*,*,#2281,.F.);
#2979=ORIENTED_EDGE('',*,*,#2282,.F.);
#2980=ORIENTED_EDGE('',*,*,#2283,.F.);
#2981=ORIENTED_EDGE('',*,*,#2284,.F.);
#2982=ORIENTED_EDGE('',*,*,#2285,.F.);
#2983=ORIENTED_EDGE('',*,*,#2286,.F.);
#2984=ORIENTED_EDGE('',*,*,#2287,.F.);
#2985=ORIENTED_EDGE('',*,*,#2288,.F.);
#2986=ORIENTED_EDGE('',*,*,#2289,.F.);
#2987=ORIENTED_EDGE('',*,*,#2290,.F.);
#2988=ORIENTED_EDGE('',*,*,#2291,.F.);
#2989=ORIENTED_EDGE('',*,*,#2292,.F.);
#2990=ORIENTED_EDGE('',*,*,#2293,.F.);
#2991=ORIENTED_EDGE('',*,*,#2294,.F.);
#2992=ORIENTED_EDGE('',*,*,#2295,.F.);
#2993=ORIENTED_EDGE('',*,*,#2296,.F.);
#2994=ORIENTED_EDGE('',*,*,#2297,.F.);
#2995=ORIENTED_EDGE('',*,*,#2298,.F.);
#2996=ORIENTED_EDGE('',*,*,#2299,.F.);
#2997=ORIENTED_EDGE('',*,*,#2300,.F.);
#2998=ORIENTED_EDGE('',*,*,#2301,.F.);
#2999=ORIENTED_EDGE('',*,*,#2302,.F.);
#3000=ORIENTED_EDGE('',*,*,#2303,.F.);
#3001=ORIENTED_EDGE('',*,*,#2304,.F.);
#3002=ORIENTED_EDGE('',*,*,#2305,.F.);
#3003=ORIENTED_EDGE('',*,*,#2306,.F.);
#3004=ORIENTED_EDGE('',*,*,#2307,.F.);
#3005=ORIENTED_EDGE('',*,*,#2308,.F.);
#3006=ORIENTED_EDGE('',*,*,#2309,.F.);
#3007=ORIENTED_EDGE('',*,*,#2310,.F.);
#3008=ORIENTED_EDGE('',*,*,#2311,.F.);
#3009=ORIENTED_EDGE('',*,*,#2312,.F.);
#3010=ORIENTED_EDGE('',*,*,#2313,.F.);
#3011=ORIENTED_EDGE('',*,*,#2314,.F.);
#3012=ORIENTED_EDGE('',*,*,#2315,.F.);
#3013=ORIENTED_EDGE('',*,*,#2316,.F.);
#3014=ORIENTED_EDGE('',*,*,#2317,.F.);
#3015=ORIENTED_EDGE('',*,*,#2318,.F.);
#3016=ORIENTED_EDGE('',*,*,#2319,.F.);
#3017=ORIENTED_EDGE('',*,*,#2320,.F.);
#3018=ORIENTED_EDGE('',*,*,#2321,.F.);
#3019=ORIENTED_EDGE('',*,*,#2322,.F.);
#3020=ORIENTED_EDGE('',*,*,#2323,.F.);
#3021=ORIENTED_EDGE('',*,*,#2324,.F.);
#3022=ORIENTED_EDGE('',*,*,#2325,.F.);
#3023=ORIENTED_EDGE('',*,*,#2326,.F.);
#3024=ORIENTED_EDGE('',*,*,#2327,.F.);
#3025=ORIENTED_EDGE('',*,*,#2328,.F.);
#3026=ORIENTED_EDGE('',*,*,#2329,.F.);
#3027=ORIENTED_EDGE('',*,*,#2330,.F.);
#3028=ORIENTED_EDGE('',*,*,#2331,.F.);
#3029=ORIENTED_EDGE('',*,*,#2332,.F.);
#3030=ORIENTED_EDGE('',*,*,#2271,.F.);
#3031=ORIENTED_EDGE('',*,*,#2269,.F.);
#3032=ORIENTED_EDGE('',*,*,#2266,.F.);
#3033=ORIENTED_EDGE('',*,*,#2307,.T.);
#3034=ORIENTED_EDGE('',*,*,#2333,.F.);
#3035=ORIENTED_EDGE('',*,*,#2334,.F.);
#3036=ORIENTED_EDGE('',*,*,#2335,.T.);
#3037=ORIENTED_EDGE('',*,*,#2306,.T.);
#3038=ORIENTED_EDGE('',*,*,#2336,.F.);
#3039=ORIENTED_EDGE('',*,*,#2337,.F.);
#3040=ORIENTED_EDGE('',*,*,#2333,.T.);
#3041=ORIENTED_EDGE('',*,*,#2305,.T.);
#3042=ORIENTED_EDGE('',*,*,#2338,.T.);
#3043=ORIENTED_EDGE('',*,*,#2339,.F.);
#3044=ORIENTED_EDGE('',*,*,#2336,.T.);
#3045=ORIENTED_EDGE('',*,*,#2304,.T.);
#3046=ORIENTED_EDGE('',*,*,#2340,.F.);
#3047=ORIENTED_EDGE('',*,*,#2341,.F.);
#3048=ORIENTED_EDGE('',*,*,#2338,.F.);
#3049=ORIENTED_EDGE('',*,*,#2303,.T.);
#3050=ORIENTED_EDGE('',*,*,#2342,.F.);
#3051=ORIENTED_EDGE('',*,*,#2343,.F.);
#3052=ORIENTED_EDGE('',*,*,#2340,.T.);
#3053=ORIENTED_EDGE('',*,*,#2302,.T.);
#3054=ORIENTED_EDGE('',*,*,#2344,.F.);
#3055=ORIENTED_EDGE('',*,*,#2345,.F.);
#3056=ORIENTED_EDGE('',*,*,#2342,.T.);
#3057=ORIENTED_EDGE('',*,*,#2301,.T.);
#3058=ORIENTED_EDGE('',*,*,#2346,.T.);
#3059=ORIENTED_EDGE('',*,*,#2347,.F.);
#3060=ORIENTED_EDGE('',*,*,#2344,.T.);
#3061=ORIENTED_EDGE('',*,*,#2300,.T.);
#3062=ORIENTED_EDGE('',*,*,#2348,.F.);
#3063=ORIENTED_EDGE('',*,*,#2349,.F.);
#3064=ORIENTED_EDGE('',*,*,#2346,.F.);
#3065=ORIENTED_EDGE('',*,*,#2299,.T.);
#3066=ORIENTED_EDGE('',*,*,#2350,.F.);
#3067=ORIENTED_EDGE('',*,*,#2351,.F.);
#3068=ORIENTED_EDGE('',*,*,#2348,.T.);
#3069=ORIENTED_EDGE('',*,*,#2298,.T.);
#3070=ORIENTED_EDGE('',*,*,#2352,.F.);
#3071=ORIENTED_EDGE('',*,*,#2353,.F.);
#3072=ORIENTED_EDGE('',*,*,#2350,.T.);
#3073=ORIENTED_EDGE('',*,*,#2297,.T.);
#3074=ORIENTED_EDGE('',*,*,#2354,.F.);
#3075=ORIENTED_EDGE('',*,*,#2355,.T.);
#3076=ORIENTED_EDGE('',*,*,#2352,.T.);
#3077=ORIENTED_EDGE('',*,*,#2296,.T.);
#3078=ORIENTED_EDGE('',*,*,#2356,.F.);
#3079=ORIENTED_EDGE('',*,*,#2357,.F.);
#3080=ORIENTED_EDGE('',*,*,#2354,.T.);
#3081=ORIENTED_EDGE('',*,*,#2295,.T.);
#3082=ORIENTED_EDGE('',*,*,#2358,.F.);
#3083=ORIENTED_EDGE('',*,*,#2359,.F.);
#3084=ORIENTED_EDGE('',*,*,#2356,.T.);
#3085=ORIENTED_EDGE('',*,*,#2294,.T.);
#3086=ORIENTED_EDGE('',*,*,#2360,.F.);
#3087=ORIENTED_EDGE('',*,*,#2361,.F.);
#3088=ORIENTED_EDGE('',*,*,#2358,.T.);
#3089=ORIENTED_EDGE('',*,*,#2293,.T.);
#3090=ORIENTED_EDGE('',*,*,#2362,.F.);
#3091=ORIENTED_EDGE('',*,*,#2363,.T.);
#3092=ORIENTED_EDGE('',*,*,#2360,.T.);
#3093=ORIENTED_EDGE('',*,*,#2292,.T.);
#3094=ORIENTED_EDGE('',*,*,#2364,.F.);
#3095=ORIENTED_EDGE('',*,*,#2365,.F.);
#3096=ORIENTED_EDGE('',*,*,#2362,.T.);
#3097=ORIENTED_EDGE('',*,*,#2291,.T.);
#3098=ORIENTED_EDGE('',*,*,#2366,.F.);
#3099=ORIENTED_EDGE('',*,*,#2367,.F.);
#3100=ORIENTED_EDGE('',*,*,#2364,.T.);
#3101=ORIENTED_EDGE('',*,*,#2290,.T.);
#3102=ORIENTED_EDGE('',*,*,#2368,.F.);
#3103=ORIENTED_EDGE('',*,*,#2369,.F.);
#3104=ORIENTED_EDGE('',*,*,#2366,.T.);
#3105=ORIENTED_EDGE('',*,*,#2289,.T.);
#3106=ORIENTED_EDGE('',*,*,#2370,.F.);
#3107=ORIENTED_EDGE('',*,*,#2371,.T.);
#3108=ORIENTED_EDGE('',*,*,#2368,.T.);
#3109=ORIENTED_EDGE('',*,*,#2288,.T.);
#3110=ORIENTED_EDGE('',*,*,#2372,.F.);
#3111=ORIENTED_EDGE('',*,*,#2373,.F.);
#3112=ORIENTED_EDGE('',*,*,#2370,.T.);
#3113=ORIENTED_EDGE('',*,*,#2287,.T.);
#3114=ORIENTED_EDGE('',*,*,#2374,.F.);
#3115=ORIENTED_EDGE('',*,*,#2375,.F.);
#3116=ORIENTED_EDGE('',*,*,#2372,.T.);
#3117=ORIENTED_EDGE('',*,*,#2286,.T.);
#3118=ORIENTED_EDGE('',*,*,#2376,.F.);
#3119=ORIENTED_EDGE('',*,*,#2377,.F.);
#3120=ORIENTED_EDGE('',*,*,#2374,.T.);
#3121=ORIENTED_EDGE('',*,*,#2285,.T.);
#3122=ORIENTED_EDGE('',*,*,#2378,.F.);
#3123=ORIENTED_EDGE('',*,*,#2379,.T.);
#3124=ORIENTED_EDGE('',*,*,#2376,.T.);
#3125=ORIENTED_EDGE('',*,*,#2284,.T.);
#3126=ORIENTED_EDGE('',*,*,#2380,.F.);
#3127=ORIENTED_EDGE('',*,*,#2381,.F.);
#3128=ORIENTED_EDGE('',*,*,#2378,.T.);
#3129=ORIENTED_EDGE('',*,*,#2283,.T.);
#3130=ORIENTED_EDGE('',*,*,#2382,.F.);
#3131=ORIENTED_EDGE('',*,*,#2383,.F.);
#3132=ORIENTED_EDGE('',*,*,#2380,.T.);
#3133=ORIENTED_EDGE('',*,*,#2282,.T.);
#3134=ORIENTED_EDGE('',*,*,#2384,.F.);
#3135=ORIENTED_EDGE('',*,*,#2385,.F.);
#3136=ORIENTED_EDGE('',*,*,#2382,.T.);
#3137=ORIENTED_EDGE('',*,*,#2216,.T.);
#3138=ORIENTED_EDGE('',*,*,#2386,.F.);
#3139=ORIENTED_EDGE('',*,*,#2279,.T.);
#3140=ORIENTED_EDGE('',*,*,#2387,.F.);
#3141=ORIENTED_EDGE('',*,*,#2217,.T.);
#3142=ORIENTED_EDGE('',*,*,#2387,.T.);
#3143=ORIENTED_EDGE('',*,*,#2278,.T.);
#3144=ORIENTED_EDGE('',*,*,#2388,.F.);
#3145=ORIENTED_EDGE('',*,*,#2218,.T.);
#3146=ORIENTED_EDGE('',*,*,#2388,.T.);
#3147=ORIENTED_EDGE('',*,*,#2277,.T.);
#3148=ORIENTED_EDGE('',*,*,#2389,.F.);
#3149=ORIENTED_EDGE('',*,*,#2219,.T.);
#3150=ORIENTED_EDGE('',*,*,#2389,.T.);
#3151=ORIENTED_EDGE('',*,*,#2276,.T.);
#3152=ORIENTED_EDGE('',*,*,#2390,.T.);
#3153=ORIENTED_EDGE('',*,*,#2220,.T.);
#3154=ORIENTED_EDGE('',*,*,#2390,.F.);
#3155=ORIENTED_EDGE('',*,*,#2275,.T.);
#3156=ORIENTED_EDGE('',*,*,#2244,.F.);
#3157=ORIENTED_EDGE('',*,*,#2272,.T.);
#3158=ORIENTED_EDGE('',*,*,#2253,.T.);
#3159=ORIENTED_EDGE('',*,*,#2267,.T.);
#3160=ORIENTED_EDGE('',*,*,#2258,.T.);
#3161=ORIENTED_EDGE('',*,*,#2391,.T.);
#3162=ORIENTED_EDGE('',*,*,#2392,.T.);
#3163=ORIENTED_EDGE('',*,*,#2393,.F.);
#3164=ORIENTED_EDGE('',*,*,#2228,.T.);
#3165=ORIENTED_EDGE('',*,*,#2394,.T.);
#3166=ORIENTED_EDGE('',*,*,#2395,.T.);
#3167=ORIENTED_EDGE('',*,*,#2391,.F.);
#3168=ORIENTED_EDGE('',*,*,#2227,.T.);
#3169=ORIENTED_EDGE('',*,*,#2396,.F.);
#3170=ORIENTED_EDGE('',*,*,#2397,.T.);
#3171=ORIENTED_EDGE('',*,*,#2394,.F.);
#3172=ORIENTED_EDGE('',*,*,#2226,.T.);
#3173=ORIENTED_EDGE('',*,*,#2398,.F.);
#3174=ORIENTED_EDGE('',*,*,#2392,.F.);
#3175=ORIENTED_EDGE('',*,*,#2395,.F.);
#3176=ORIENTED_EDGE('',*,*,#2397,.F.);
#3177=ORIENTED_EDGE('',*,*,#2399,.T.);
#3178=ORIENTED_EDGE('',*,*,#2400,.T.);
#3179=ORIENTED_EDGE('',*,*,#2401,.F.);
#3180=ORIENTED_EDGE('',*,*,#2224,.T.);
#3181=ORIENTED_EDGE('',*,*,#2402,.T.);
#3182=ORIENTED_EDGE('',*,*,#2403,.T.);
#3183=ORIENTED_EDGE('',*,*,#2399,.F.);
#3184=ORIENTED_EDGE('',*,*,#2223,.T.);
#3185=ORIENTED_EDGE('',*,*,#2404,.F.);
#3186=ORIENTED_EDGE('',*,*,#2405,.T.);
#3187=ORIENTED_EDGE('',*,*,#2402,.F.);
#3188=ORIENTED_EDGE('',*,*,#2222,.T.);
#3189=ORIENTED_EDGE('',*,*,#2406,.F.);
#3190=ORIENTED_EDGE('',*,*,#2400,.F.);
#3191=ORIENTED_EDGE('',*,*,#2403,.F.);
#3192=ORIENTED_EDGE('',*,*,#2405,.F.);
#3193=ORIENTED_EDGE('',*,*,#2407,.T.);
#3194=ORIENTED_EDGE('',*,*,#2408,.T.);
#3195=ORIENTED_EDGE('',*,*,#2409,.F.);
#3196=ORIENTED_EDGE('',*,*,#2232,.T.);
#3197=ORIENTED_EDGE('',*,*,#2410,.T.);
#3198=ORIENTED_EDGE('',*,*,#2411,.T.);
#3199=ORIENTED_EDGE('',*,*,#2407,.F.);
#3200=ORIENTED_EDGE('',*,*,#2231,.T.);
#3201=ORIENTED_EDGE('',*,*,#2412,.F.);
#3202=ORIENTED_EDGE('',*,*,#2413,.T.);
#3203=ORIENTED_EDGE('',*,*,#2410,.F.);
#3204=ORIENTED_EDGE('',*,*,#2230,.T.);
#3205=ORIENTED_EDGE('',*,*,#2414,.F.);
#3206=ORIENTED_EDGE('',*,*,#2408,.F.);
#3207=ORIENTED_EDGE('',*,*,#2411,.F.);
#3208=ORIENTED_EDGE('',*,*,#2413,.F.);
#3209=ORIENTED_EDGE('',*,*,#2415,.F.);
#3210=ORIENTED_EDGE('',*,*,#2416,.T.);
#3211=ORIENTED_EDGE('',*,*,#2417,.F.);
#3212=ORIENTED_EDGE('',*,*,#2418,.T.);
#3213=ORIENTED_EDGE('',*,*,#2419,.T.);
#3214=ORIENTED_EDGE('',*,*,#2420,.T.);
#3215=ORIENTED_EDGE('',*,*,#2421,.F.);
#3216=ORIENTED_EDGE('',*,*,#2422,.T.);
#3217=ORIENTED_EDGE('',*,*,#2415,.T.);
#3218=ORIENTED_EDGE('',*,*,#2412,.T.);
#3219=ORIENTED_EDGE('',*,*,#2229,.T.);
#3220=ORIENTED_EDGE('',*,*,#2393,.T.);
#3221=ORIENTED_EDGE('',*,*,#2398,.T.);
#3222=ORIENTED_EDGE('',*,*,#2396,.T.);
#3223=ORIENTED_EDGE('',*,*,#2225,.T.);
#3224=ORIENTED_EDGE('',*,*,#2401,.T.);
#3225=ORIENTED_EDGE('',*,*,#2406,.T.);
#3226=ORIENTED_EDGE('',*,*,#2404,.T.);
#3227=ORIENTED_EDGE('',*,*,#2221,.T.);
#3228=ORIENTED_EDGE('',*,*,#2409,.T.);
#3229=ORIENTED_EDGE('',*,*,#2414,.T.);
#3230=ORIENTED_EDGE('',*,*,#2422,.F.);
#3231=ORIENTED_EDGE('',*,*,#2423,.F.);
#3232=ORIENTED_EDGE('',*,*,#2424,.T.);
#3233=ORIENTED_EDGE('',*,*,#2425,.T.);
#3234=ORIENTED_EDGE('',*,*,#2426,.T.);
#3235=ORIENTED_EDGE('',*,*,#2427,.F.);
#3236=ORIENTED_EDGE('',*,*,#2428,.T.);
#3237=ORIENTED_EDGE('',*,*,#2429,.T.);
#3238=ORIENTED_EDGE('',*,*,#2430,.F.);
#3239=ORIENTED_EDGE('',*,*,#2431,.T.);
#3240=ORIENTED_EDGE('',*,*,#2432,.T.);
#3241=ORIENTED_EDGE('',*,*,#2428,.F.);
#3242=ORIENTED_EDGE('',*,*,#2433,.F.);
#3243=ORIENTED_EDGE('',*,*,#2434,.T.);
#3244=ORIENTED_EDGE('',*,*,#2435,.T.);
#3245=ORIENTED_EDGE('',*,*,#2431,.F.);
#3246=ORIENTED_EDGE('',*,*,#2436,.F.);
#3247=ORIENTED_EDGE('',*,*,#2416,.F.);
#3248=ORIENTED_EDGE('',*,*,#2437,.T.);
#3249=ORIENTED_EDGE('',*,*,#2434,.F.);
#3250=ORIENTED_EDGE('',*,*,#2437,.F.);
#3251=ORIENTED_EDGE('',*,*,#2429,.F.);
#3252=ORIENTED_EDGE('',*,*,#2432,.F.);
#3253=ORIENTED_EDGE('',*,*,#2435,.F.);
#3254=ORIENTED_EDGE('',*,*,#2438,.F.);
#3255=ORIENTED_EDGE('',*,*,#2439,.T.);
#3256=ORIENTED_EDGE('',*,*,#2440,.T.);
#3257=ORIENTED_EDGE('',*,*,#2418,.F.);
#3258=ORIENTED_EDGE('',*,*,#2441,.F.);
#3259=ORIENTED_EDGE('',*,*,#2442,.T.);
#3260=ORIENTED_EDGE('',*,*,#2443,.T.);
#3261=ORIENTED_EDGE('',*,*,#2439,.F.);
#3262=ORIENTED_EDGE('',*,*,#2444,.F.);
#3263=ORIENTED_EDGE('',*,*,#2420,.F.);
#3264=ORIENTED_EDGE('',*,*,#2445,.T.);
#3265=ORIENTED_EDGE('',*,*,#2442,.F.);
#3266=ORIENTED_EDGE('',*,*,#2445,.F.);
#3267=ORIENTED_EDGE('',*,*,#2419,.F.);
#3268=ORIENTED_EDGE('',*,*,#2440,.F.);
#3269=ORIENTED_EDGE('',*,*,#2443,.F.);
#3270=ORIENTED_EDGE('',*,*,#2446,.F.);
#3271=ORIENTED_EDGE('',*,*,#2447,.T.);
#3272=ORIENTED_EDGE('',*,*,#2448,.T.);
#3273=ORIENTED_EDGE('',*,*,#2424,.F.);
#3274=ORIENTED_EDGE('',*,*,#2449,.F.);
#3275=ORIENTED_EDGE('',*,*,#2450,.T.);
#3276=ORIENTED_EDGE('',*,*,#2451,.T.);
#3277=ORIENTED_EDGE('',*,*,#2447,.F.);
#3278=ORIENTED_EDGE('',*,*,#2452,.F.);
#3279=ORIENTED_EDGE('',*,*,#2426,.F.);
#3280=ORIENTED_EDGE('',*,*,#2453,.T.);
#3281=ORIENTED_EDGE('',*,*,#2450,.F.);
#3282=ORIENTED_EDGE('',*,*,#2453,.F.);
#3283=ORIENTED_EDGE('',*,*,#2425,.F.);
#3284=ORIENTED_EDGE('',*,*,#2448,.F.);
#3285=ORIENTED_EDGE('',*,*,#2451,.F.);
#3286=ORIENTED_EDGE('',*,*,#2436,.T.);
#3287=ORIENTED_EDGE('',*,*,#2433,.T.);
#3288=ORIENTED_EDGE('',*,*,#2430,.T.);
#3289=ORIENTED_EDGE('',*,*,#2427,.T.);
#3290=ORIENTED_EDGE('',*,*,#2452,.T.);
#3291=ORIENTED_EDGE('',*,*,#2449,.T.);
#3292=ORIENTED_EDGE('',*,*,#2446,.T.);
#3293=ORIENTED_EDGE('',*,*,#2423,.T.);
#3294=ORIENTED_EDGE('',*,*,#2421,.T.);
#3295=ORIENTED_EDGE('',*,*,#2444,.T.);
#3296=ORIENTED_EDGE('',*,*,#2441,.T.);
#3297=ORIENTED_EDGE('',*,*,#2438,.T.);
#3298=ORIENTED_EDGE('',*,*,#2417,.T.);
#3299=ORIENTED_EDGE('',*,*,#2454,.T.);
#3300=ORIENTED_EDGE('',*,*,#2455,.T.);
#3301=ORIENTED_EDGE('',*,*,#2456,.T.);
#3302=ORIENTED_EDGE('',*,*,#2457,.F.);
#3303=ORIENTED_EDGE('',*,*,#2458,.T.);
#3304=ORIENTED_EDGE('',*,*,#2459,.T.);
#3305=ORIENTED_EDGE('',*,*,#2460,.T.);
#3306=ORIENTED_EDGE('',*,*,#2461,.F.);
#3307=ORIENTED_EDGE('',*,*,#2462,.T.);
#3308=ORIENTED_EDGE('',*,*,#2463,.T.);
#3309=ORIENTED_EDGE('',*,*,#2464,.T.);
#3310=ORIENTED_EDGE('',*,*,#2465,.F.);
#3311=ORIENTED_EDGE('',*,*,#2466,.T.);
#3312=ORIENTED_EDGE('',*,*,#2467,.T.);
#3313=ORIENTED_EDGE('',*,*,#2468,.T.);
#3314=ORIENTED_EDGE('',*,*,#2469,.T.);
#3315=ORIENTED_EDGE('',*,*,#2470,.T.);
#3316=ORIENTED_EDGE('',*,*,#2471,.T.);
#3317=ORIENTED_EDGE('',*,*,#2472,.T.);
#3318=ORIENTED_EDGE('',*,*,#2473,.T.);
#3319=ORIENTED_EDGE('',*,*,#2474,.T.);
#3320=ORIENTED_EDGE('',*,*,#2475,.T.);
#3321=ORIENTED_EDGE('',*,*,#2476,.T.);
#3322=ORIENTED_EDGE('',*,*,#2477,.T.);
#3323=ORIENTED_EDGE('',*,*,#2478,.T.);
#3324=ORIENTED_EDGE('',*,*,#2334,.T.);
#3325=ORIENTED_EDGE('',*,*,#2337,.T.);
#3326=ORIENTED_EDGE('',*,*,#2339,.T.);
#3327=ORIENTED_EDGE('',*,*,#2341,.T.);
#3328=ORIENTED_EDGE('',*,*,#2343,.T.);
#3329=ORIENTED_EDGE('',*,*,#2345,.T.);
#3330=ORIENTED_EDGE('',*,*,#2347,.T.);
#3331=ORIENTED_EDGE('',*,*,#2349,.T.);
#3332=ORIENTED_EDGE('',*,*,#2351,.T.);
#3333=ORIENTED_EDGE('',*,*,#2353,.T.);
#3334=ORIENTED_EDGE('',*,*,#2355,.F.);
#3335=ORIENTED_EDGE('',*,*,#2357,.T.);
#3336=ORIENTED_EDGE('',*,*,#2359,.T.);
#3337=ORIENTED_EDGE('',*,*,#2361,.T.);
#3338=ORIENTED_EDGE('',*,*,#2363,.F.);
#3339=ORIENTED_EDGE('',*,*,#2365,.T.);
#3340=ORIENTED_EDGE('',*,*,#2367,.T.);
#3341=ORIENTED_EDGE('',*,*,#2369,.T.);
#3342=ORIENTED_EDGE('',*,*,#2371,.F.);
#3343=ORIENTED_EDGE('',*,*,#2373,.T.);
#3344=ORIENTED_EDGE('',*,*,#2375,.T.);
#3345=ORIENTED_EDGE('',*,*,#2377,.T.);
#3346=ORIENTED_EDGE('',*,*,#2379,.F.);
#3347=ORIENTED_EDGE('',*,*,#2381,.T.);
#3348=ORIENTED_EDGE('',*,*,#2383,.T.);
#3349=ORIENTED_EDGE('',*,*,#2385,.T.);
#3350=ORIENTED_EDGE('',*,*,#2479,.F.);
#3351=ORIENTED_EDGE('',*,*,#2264,.T.);
#3352=ORIENTED_EDGE('',*,*,#2263,.T.);
#3353=ORIENTED_EDGE('',*,*,#2215,.T.);
#3354=ORIENTED_EDGE('',*,*,#2235,.T.);
#3355=ORIENTED_EDGE('',*,*,#2280,.T.);
#3356=ORIENTED_EDGE('',*,*,#2386,.T.);
#3357=ORIENTED_EDGE('',*,*,#2321,.T.);
#3358=ORIENTED_EDGE('',*,*,#2480,.F.);
#3359=ORIENTED_EDGE('',*,*,#2465,.T.);
#3360=ORIENTED_EDGE('',*,*,#2481,.T.);
#3361=ORIENTED_EDGE('',*,*,#2281,.T.);
#3362=ORIENTED_EDGE('',*,*,#2482,.F.);
#3363=ORIENTED_EDGE('',*,*,#2479,.T.);
#3364=ORIENTED_EDGE('',*,*,#2384,.T.);
#3365=ORIENTED_EDGE('',*,*,#2325,.T.);
#3366=ORIENTED_EDGE('',*,*,#2483,.F.);
#3367=ORIENTED_EDGE('',*,*,#2461,.T.);
#3368=ORIENTED_EDGE('',*,*,#2484,.T.);
#3369=ORIENTED_EDGE('',*,*,#2329,.T.);
#3370=ORIENTED_EDGE('',*,*,#2485,.F.);
#3371=ORIENTED_EDGE('',*,*,#2457,.T.);
#3372=ORIENTED_EDGE('',*,*,#2486,.T.);
#3373=ORIENTED_EDGE('',*,*,#2330,.T.);
#3374=ORIENTED_EDGE('',*,*,#2486,.F.);
#3375=ORIENTED_EDGE('',*,*,#2456,.F.);
#3376=ORIENTED_EDGE('',*,*,#2487,.T.);
#3377=ORIENTED_EDGE('',*,*,#2331,.T.);
#3378=ORIENTED_EDGE('',*,*,#2487,.F.);
#3379=ORIENTED_EDGE('',*,*,#2455,.F.);
#3380=ORIENTED_EDGE('',*,*,#2488,.T.);
#3381=ORIENTED_EDGE('',*,*,#2332,.T.);
#3382=ORIENTED_EDGE('',*,*,#2488,.F.);
#3383=ORIENTED_EDGE('',*,*,#2454,.F.);
#3384=ORIENTED_EDGE('',*,*,#2482,.T.);
#3385=ORIENTED_EDGE('',*,*,#2327,.T.);
#3386=ORIENTED_EDGE('',*,*,#2489,.F.);
#3387=ORIENTED_EDGE('',*,*,#2459,.F.);
#3388=ORIENTED_EDGE('',*,*,#2490,.T.);
#3389=ORIENTED_EDGE('',*,*,#2328,.T.);
#3390=ORIENTED_EDGE('',*,*,#2490,.F.);
#3391=ORIENTED_EDGE('',*,*,#2458,.F.);
#3392=ORIENTED_EDGE('',*,*,#2485,.T.);
#3393=ORIENTED_EDGE('',*,*,#2326,.T.);
#3394=ORIENTED_EDGE('',*,*,#2484,.F.);
#3395=ORIENTED_EDGE('',*,*,#2460,.F.);
#3396=ORIENTED_EDGE('',*,*,#2489,.T.);
#3397=ORIENTED_EDGE('',*,*,#2323,.T.);
#3398=ORIENTED_EDGE('',*,*,#2491,.F.);
#3399=ORIENTED_EDGE('',*,*,#2463,.F.);
#3400=ORIENTED_EDGE('',*,*,#2492,.T.);
#3401=ORIENTED_EDGE('',*,*,#2324,.T.);
#3402=ORIENTED_EDGE('',*,*,#2492,.F.);
#3403=ORIENTED_EDGE('',*,*,#2462,.F.);
#3404=ORIENTED_EDGE('',*,*,#2483,.T.);
#3405=ORIENTED_EDGE('',*,*,#2322,.T.);
#3406=ORIENTED_EDGE('',*,*,#2481,.F.);
#3407=ORIENTED_EDGE('',*,*,#2464,.F.);
#3408=ORIENTED_EDGE('',*,*,#2491,.T.);
#3409=ORIENTED_EDGE('',*,*,#2308,.T.);
#3410=ORIENTED_EDGE('',*,*,#2335,.F.);
#3411=ORIENTED_EDGE('',*,*,#2478,.F.);
#3412=ORIENTED_EDGE('',*,*,#2493,.F.);
#3413=ORIENTED_EDGE('',*,*,#2310,.T.);
#3414=ORIENTED_EDGE('',*,*,#2494,.F.);
#3415=ORIENTED_EDGE('',*,*,#2476,.F.);
#3416=ORIENTED_EDGE('',*,*,#2495,.T.);
#3417=ORIENTED_EDGE('',*,*,#2311,.T.);
#3418=ORIENTED_EDGE('',*,*,#2495,.F.);
#3419=ORIENTED_EDGE('',*,*,#2475,.F.);
#3420=ORIENTED_EDGE('',*,*,#2496,.T.);
#3421=ORIENTED_EDGE('',*,*,#2312,.T.);
#3422=ORIENTED_EDGE('',*,*,#2496,.F.);
#3423=ORIENTED_EDGE('',*,*,#2474,.F.);
#3424=ORIENTED_EDGE('',*,*,#2497,.F.);
#3425=ORIENTED_EDGE('',*,*,#2309,.T.);
#3426=ORIENTED_EDGE('',*,*,#2493,.T.);
#3427=ORIENTED_EDGE('',*,*,#2477,.F.);
#3428=ORIENTED_EDGE('',*,*,#2494,.T.);
#3429=ORIENTED_EDGE('',*,*,#2318,.T.);
#3430=ORIENTED_EDGE('',*,*,#2498,.F.);
#3431=ORIENTED_EDGE('',*,*,#2468,.F.);
#3432=ORIENTED_EDGE('',*,*,#2499,.T.);
#3433=ORIENTED_EDGE('',*,*,#2319,.T.);
#3434=ORIENTED_EDGE('',*,*,#2499,.F.);
#3435=ORIENTED_EDGE('',*,*,#2467,.F.);
#3436=ORIENTED_EDGE('',*,*,#2500,.T.);
#3437=ORIENTED_EDGE('',*,*,#2320,.T.);
#3438=ORIENTED_EDGE('',*,*,#2500,.F.);
#3439=ORIENTED_EDGE('',*,*,#2466,.F.);
#3440=ORIENTED_EDGE('',*,*,#2480,.T.);
#3441=ORIENTED_EDGE('',*,*,#2317,.T.);
#3442=ORIENTED_EDGE('',*,*,#2501,.T.);
#3443=ORIENTED_EDGE('',*,*,#2469,.F.);
#3444=ORIENTED_EDGE('',*,*,#2498,.T.);
#3445=ORIENTED_EDGE('',*,*,#2315,.T.);
#3446=ORIENTED_EDGE('',*,*,#2502,.F.);
#3447=ORIENTED_EDGE('',*,*,#2471,.F.);
#3448=ORIENTED_EDGE('',*,*,#2503,.T.);
#3449=ORIENTED_EDGE('',*,*,#2316,.T.);
#3450=ORIENTED_EDGE('',*,*,#2503,.F.);
#3451=ORIENTED_EDGE('',*,*,#2470,.F.);
#3452=ORIENTED_EDGE('',*,*,#2501,.F.);
#3453=ORIENTED_EDGE('',*,*,#2314,.T.);
#3454=ORIENTED_EDGE('',*,*,#2504,.F.);
#3455=ORIENTED_EDGE('',*,*,#2472,.F.);
#3456=ORIENTED_EDGE('',*,*,#2502,.T.);
#3457=ORIENTED_EDGE('',*,*,#2313,.T.);
#3458=ORIENTED_EDGE('',*,*,#2497,.T.);
#3459=ORIENTED_EDGE('',*,*,#2473,.F.);
#3460=ORIENTED_EDGE('',*,*,#2504,.T.);
#3461=ORIENTED_EDGE('',*,*,#2505,.F.);
#3462=ORIENTED_EDGE('',*,*,#2506,.F.);
#3463=ORIENTED_EDGE('',*,*,#2507,.T.);
#3464=ORIENTED_EDGE('',*,*,#2508,.T.);
#3465=ORIENTED_EDGE('',*,*,#2509,.F.);
#3466=ORIENTED_EDGE('',*,*,#2510,.T.);
#3467=ORIENTED_EDGE('',*,*,#2511,.F.);
#3468=ORIENTED_EDGE('',*,*,#2512,.T.);
#3469=ORIENTED_EDGE('',*,*,#2513,.F.);
#3470=ORIENTED_EDGE('',*,*,#2514,.F.);
#3471=ORIENTED_EDGE('',*,*,#2515,.F.);
#3472=ORIENTED_EDGE('',*,*,#2516,.F.);
#3473=ORIENTED_EDGE('',*,*,#2517,.T.);
#3474=ORIENTED_EDGE('',*,*,#2507,.F.);
#3475=ORIENTED_EDGE('',*,*,#2518,.T.);
#3476=ORIENTED_EDGE('',*,*,#2519,.T.);
#3477=ORIENTED_EDGE('',*,*,#2509,.T.);
#3478=ORIENTED_EDGE('',*,*,#2520,.T.);
#3479=ORIENTED_EDGE('',*,*,#2519,.F.);
#3480=ORIENTED_EDGE('',*,*,#2521,.F.);
#3481=ORIENTED_EDGE('',*,*,#2522,.F.);
#3482=ORIENTED_EDGE('',*,*,#2523,.F.);
#3483=ORIENTED_EDGE('',*,*,#2524,.F.);
#3484=ORIENTED_EDGE('',*,*,#2525,.F.);
#3485=ORIENTED_EDGE('',*,*,#2526,.F.);
#3486=ORIENTED_EDGE('',*,*,#2510,.F.);
#3487=ORIENTED_EDGE('',*,*,#2527,.T.);
#3488=ORIENTED_EDGE('',*,*,#2528,.T.);
#3489=ORIENTED_EDGE('',*,*,#2513,.T.);
#3490=ORIENTED_EDGE('',*,*,#2529,.T.);
#3491=ORIENTED_EDGE('',*,*,#2530,.F.);
#3492=ORIENTED_EDGE('',*,*,#2531,.F.);
#3493=ORIENTED_EDGE('',*,*,#2527,.F.);
#3494=ORIENTED_EDGE('',*,*,#2532,.T.);
#3495=ORIENTED_EDGE('',*,*,#2533,.T.);
#3496=ORIENTED_EDGE('',*,*,#2521,.T.);
#3497=ORIENTED_EDGE('',*,*,#2518,.F.);
#3498=ORIENTED_EDGE('',*,*,#2534,.T.);
#3499=ORIENTED_EDGE('',*,*,#2516,.T.);
#3500=ORIENTED_EDGE('',*,*,#2535,.F.);
#3501=ORIENTED_EDGE('',*,*,#2529,.F.);
#3502=ORIENTED_EDGE('',*,*,#2512,.F.);
#3503=ORIENTED_EDGE('',*,*,#2536,.F.);
#3504=ORIENTED_EDGE('',*,*,#2537,.F.);
#3505=ORIENTED_EDGE('',*,*,#2538,.F.);
#3506=ORIENTED_EDGE('',*,*,#2539,.F.);
#3507=ORIENTED_EDGE('',*,*,#2540,.F.);
#3508=ORIENTED_EDGE('',*,*,#2532,.F.);
#3509=ORIENTED_EDGE('',*,*,#2541,.F.);
#3510=ORIENTED_EDGE('',*,*,#2542,.F.);
#3511=ORIENTED_EDGE('',*,*,#2543,.F.);
#3512=ORIENTED_EDGE('',*,*,#2544,.T.);
#3513=ORIENTED_EDGE('',*,*,#2545,.F.);
#3514=ORIENTED_EDGE('',*,*,#2546,.T.);
#3515=ORIENTED_EDGE('',*,*,#2547,.F.);
#3516=ORIENTED_EDGE('',*,*,#2524,.T.);
#3517=ORIENTED_EDGE('',*,*,#2548,.F.);
#3518=ORIENTED_EDGE('',*,*,#2544,.F.);
#3519=ORIENTED_EDGE('',*,*,#2549,.F.);
#3520=ORIENTED_EDGE('',*,*,#2538,.T.);
#3521=ORIENTED_EDGE('',*,*,#2520,.F.);
#3522=ORIENTED_EDGE('',*,*,#2508,.F.);
#3523=ORIENTED_EDGE('',*,*,#2517,.F.);
#3524=ORIENTED_EDGE('',*,*,#2534,.F.);
#3525=ORIENTED_EDGE('',*,*,#2550,.F.);
#3526=ORIENTED_EDGE('',*,*,#2551,.F.);
#3527=ORIENTED_EDGE('',*,*,#2546,.F.);
#3528=ORIENTED_EDGE('',*,*,#2552,.F.);
#3529=ORIENTED_EDGE('',*,*,#2553,.F.);
#3530=ORIENTED_EDGE('',*,*,#2554,.F.);
#3531=ORIENTED_EDGE('',*,*,#2554,.T.);
#3532=ORIENTED_EDGE('',*,*,#2555,.F.);
#3533=ORIENTED_EDGE('',*,*,#2542,.T.);
#3534=ORIENTED_EDGE('',*,*,#2556,.T.);
#3535=ORIENTED_EDGE('',*,*,#2553,.T.);
#3536=ORIENTED_EDGE('',*,*,#2557,.F.);
#3537=ORIENTED_EDGE('',*,*,#2543,.T.);
#3538=ORIENTED_EDGE('',*,*,#2555,.T.);
#3539=ORIENTED_EDGE('',*,*,#2552,.T.);
#3540=ORIENTED_EDGE('',*,*,#2545,.T.);
#3541=ORIENTED_EDGE('',*,*,#2523,.T.);
#3542=ORIENTED_EDGE('',*,*,#2558,.F.);
#3543=ORIENTED_EDGE('',*,*,#2539,.T.);
#3544=ORIENTED_EDGE('',*,*,#2549,.T.);
#3545=ORIENTED_EDGE('',*,*,#2557,.T.);
#3546=ORIENTED_EDGE('',*,*,#2522,.T.);
#3547=ORIENTED_EDGE('',*,*,#2533,.F.);
#3548=ORIENTED_EDGE('',*,*,#2540,.T.);
#3549=ORIENTED_EDGE('',*,*,#2558,.T.);
#3550=ORIENTED_EDGE('',*,*,#2526,.T.);
#3551=ORIENTED_EDGE('',*,*,#2559,.F.);
#3552=ORIENTED_EDGE('',*,*,#2536,.T.);
#3553=ORIENTED_EDGE('',*,*,#2511,.T.);
#3554=ORIENTED_EDGE('',*,*,#2551,.T.);
#3555=ORIENTED_EDGE('',*,*,#2560,.F.);
#3556=ORIENTED_EDGE('',*,*,#2548,.T.);
#3557=ORIENTED_EDGE('',*,*,#2537,.T.);
#3558=ORIENTED_EDGE('',*,*,#2559,.T.);
#3559=ORIENTED_EDGE('',*,*,#2525,.T.);
#3560=ORIENTED_EDGE('',*,*,#2547,.T.);
#3561=ORIENTED_EDGE('',*,*,#2550,.T.);
#3562=ORIENTED_EDGE('',*,*,#2556,.F.);
#3563=ORIENTED_EDGE('',*,*,#2541,.T.);
#3564=ORIENTED_EDGE('',*,*,#2560,.T.);
#3565=ORIENTED_EDGE('',*,*,#2561,.T.);
#3566=ORIENTED_EDGE('',*,*,#2562,.T.);
#3567=ORIENTED_EDGE('',*,*,#2563,.T.);
#3568=ORIENTED_EDGE('',*,*,#2564,.T.);
#3569=ORIENTED_EDGE('',*,*,#2565,.T.);
#3570=ORIENTED_EDGE('',*,*,#2566,.T.);
#3571=ORIENTED_EDGE('',*,*,#2567,.T.);
#3572=ORIENTED_EDGE('',*,*,#2568,.F.);
#3573=ORIENTED_EDGE('',*,*,#2569,.T.);
#3574=ORIENTED_EDGE('',*,*,#2570,.F.);
#3575=ORIENTED_EDGE('',*,*,#2571,.T.);
#3576=ORIENTED_EDGE('',*,*,#2572,.T.);
#3577=ORIENTED_EDGE('',*,*,#2573,.T.);
#3578=ORIENTED_EDGE('',*,*,#2574,.T.);
#3579=ORIENTED_EDGE('',*,*,#2575,.T.);
#3580=ORIENTED_EDGE('',*,*,#2576,.T.);
#3581=ORIENTED_EDGE('',*,*,#2577,.T.);
#3582=ORIENTED_EDGE('',*,*,#2514,.T.);
#3583=ORIENTED_EDGE('',*,*,#2528,.F.);
#3584=ORIENTED_EDGE('',*,*,#2531,.T.);
#3585=ORIENTED_EDGE('',*,*,#2578,.T.);
#3586=ORIENTED_EDGE('',*,*,#2579,.T.);
#3587=ORIENTED_EDGE('',*,*,#2580,.T.);
#3588=ORIENTED_EDGE('',*,*,#2581,.T.);
#3589=ORIENTED_EDGE('',*,*,#2582,.T.);
#3590=ORIENTED_EDGE('',*,*,#2583,.T.);
#3591=ORIENTED_EDGE('',*,*,#2584,.T.);
#3592=ORIENTED_EDGE('',*,*,#2585,.T.);
#3593=ORIENTED_EDGE('',*,*,#2586,.T.);
#3594=ORIENTED_EDGE('',*,*,#2587,.T.);
#3595=ORIENTED_EDGE('',*,*,#2588,.T.);
#3596=ORIENTED_EDGE('',*,*,#2589,.T.);
#3597=ORIENTED_EDGE('',*,*,#2530,.T.);
#3598=ORIENTED_EDGE('',*,*,#2590,.F.);
#3599=ORIENTED_EDGE('',*,*,#2591,.F.);
#3600=ORIENTED_EDGE('',*,*,#2561,.F.);
#3601=ORIENTED_EDGE('',*,*,#2505,.T.);
#3602=ORIENTED_EDGE('',*,*,#2577,.F.);
#3603=ORIENTED_EDGE('',*,*,#2592,.T.);
#3604=ORIENTED_EDGE('',*,*,#2593,.F.);
#3605=ORIENTED_EDGE('',*,*,#2594,.F.);
#3606=ORIENTED_EDGE('',*,*,#2595,.F.);
#3607=ORIENTED_EDGE('',*,*,#2570,.T.);
#3608=ORIENTED_EDGE('',*,*,#2596,.T.);
#3609=ORIENTED_EDGE('',*,*,#2597,.F.);
#3610=ORIENTED_EDGE('',*,*,#2598,.T.);
#3611=ORIENTED_EDGE('',*,*,#2599,.F.);
#3612=ORIENTED_EDGE('',*,*,#2600,.T.);
#3613=ORIENTED_EDGE('',*,*,#2601,.F.);
#3614=ORIENTED_EDGE('',*,*,#2602,.F.);
#3615=ORIENTED_EDGE('',*,*,#2603,.F.);
#3616=ORIENTED_EDGE('',*,*,#2604,.F.);
#3617=ORIENTED_EDGE('',*,*,#2600,.F.);
#3618=ORIENTED_EDGE('',*,*,#2605,.F.);
#3619=ORIENTED_EDGE('',*,*,#2605,.T.);
#3620=ORIENTED_EDGE('',*,*,#2599,.T.);
#3621=ORIENTED_EDGE('',*,*,#2606,.T.);
#3622=ORIENTED_EDGE('',*,*,#2607,.T.);
#3623=ORIENTED_EDGE('',*,*,#2608,.T.);
#3624=ORIENTED_EDGE('',*,*,#2609,.T.);
#3625=ORIENTED_EDGE('',*,*,#2610,.T.);
#3626=ORIENTED_EDGE('',*,*,#2611,.T.);
#3627=ORIENTED_EDGE('',*,*,#2612,.F.);
#3628=ORIENTED_EDGE('',*,*,#2613,.F.);
#3629=ORIENTED_EDGE('',*,*,#2596,.F.);
#3630=ORIENTED_EDGE('',*,*,#2569,.F.);
#3631=ORIENTED_EDGE('',*,*,#2614,.F.);
#3632=ORIENTED_EDGE('',*,*,#2615,.F.);
#3633=ORIENTED_EDGE('',*,*,#2616,.F.);
#3634=ORIENTED_EDGE('',*,*,#2603,.T.);
#3635=ORIENTED_EDGE('',*,*,#2611,.F.);
#3636=ORIENTED_EDGE('',*,*,#2617,.F.);
#3637=ORIENTED_EDGE('',*,*,#2618,.F.);
#3638=ORIENTED_EDGE('',*,*,#2612,.T.);
#3639=ORIENTED_EDGE('',*,*,#2568,.T.);
#3640=ORIENTED_EDGE('',*,*,#2619,.F.);
#3641=ORIENTED_EDGE('',*,*,#2613,.T.);
#3642=ORIENTED_EDGE('',*,*,#2618,.T.);
#3643=ORIENTED_EDGE('',*,*,#2620,.T.);
#3644=ORIENTED_EDGE('',*,*,#2621,.T.);
#3645=ORIENTED_EDGE('',*,*,#2622,.T.);
#3646=ORIENTED_EDGE('',*,*,#2623,.T.);
#3647=ORIENTED_EDGE('',*,*,#2624,.T.);
#3648=ORIENTED_EDGE('',*,*,#2597,.T.);
#3649=ORIENTED_EDGE('',*,*,#2625,.T.);
#3650=ORIENTED_EDGE('',*,*,#2626,.F.);
#3651=ORIENTED_EDGE('',*,*,#2627,.T.);
#3652=ORIENTED_EDGE('',*,*,#2628,.T.);
#3653=ORIENTED_EDGE('',*,*,#2629,.T.);
#3654=ORIENTED_EDGE('',*,*,#2608,.F.);
#3655=ORIENTED_EDGE('',*,*,#2630,.T.);
#3656=ORIENTED_EDGE('',*,*,#2631,.F.);
#3657=ORIENTED_EDGE('',*,*,#2632,.T.);
#3658=ORIENTED_EDGE('',*,*,#2622,.F.);
#3659=ORIENTED_EDGE('',*,*,#2633,.T.);
#3660=ORIENTED_EDGE('',*,*,#2626,.T.);
#3661=ORIENTED_EDGE('',*,*,#2604,.T.);
#3662=ORIENTED_EDGE('',*,*,#2616,.T.);
#3663=ORIENTED_EDGE('',*,*,#2634,.T.);
#3664=ORIENTED_EDGE('',*,*,#2601,.T.);
#3665=ORIENTED_EDGE('',*,*,#2635,.T.);
#3666=ORIENTED_EDGE('',*,*,#2636,.T.);
#3667=ORIENTED_EDGE('',*,*,#2637,.T.);
#3668=ORIENTED_EDGE('',*,*,#2638,.T.);
#3669=ORIENTED_EDGE('',*,*,#2631,.T.);
#3670=ORIENTED_EDGE('',*,*,#2639,.T.);
#3671=ORIENTED_EDGE('',*,*,#2636,.F.);
#3672=ORIENTED_EDGE('',*,*,#2640,.F.);
#3673=ORIENTED_EDGE('',*,*,#2628,.F.);
#3674=ORIENTED_EDGE('',*,*,#2641,.T.);
#3675=ORIENTED_EDGE('',*,*,#2637,.F.);
#3676=ORIENTED_EDGE('',*,*,#2641,.F.);
#3677=ORIENTED_EDGE('',*,*,#2627,.F.);
#3678=ORIENTED_EDGE('',*,*,#2642,.T.);
#3679=ORIENTED_EDGE('',*,*,#2638,.F.);
#3680=ORIENTED_EDGE('',*,*,#2642,.F.);
#3681=ORIENTED_EDGE('',*,*,#2633,.F.);
#3682=ORIENTED_EDGE('',*,*,#2621,.F.);
#3683=ORIENTED_EDGE('',*,*,#2643,.T.);
#3684=ORIENTED_EDGE('',*,*,#2609,.F.);
#3685=ORIENTED_EDGE('',*,*,#2629,.F.);
#3686=ORIENTED_EDGE('',*,*,#2610,.F.);
#3687=ORIENTED_EDGE('',*,*,#2643,.F.);
#3688=ORIENTED_EDGE('',*,*,#2620,.F.);
#3689=ORIENTED_EDGE('',*,*,#2617,.T.);
#3690=ORIENTED_EDGE('',*,*,#2644,.F.);
#3691=ORIENTED_EDGE('',*,*,#2602,.T.);
#3692=ORIENTED_EDGE('',*,*,#2634,.F.);
#3693=ORIENTED_EDGE('',*,*,#2615,.T.);
#3694=ORIENTED_EDGE('',*,*,#2606,.F.);
#3695=ORIENTED_EDGE('',*,*,#2598,.F.);
#3696=ORIENTED_EDGE('',*,*,#2624,.F.);
#3697=ORIENTED_EDGE('',*,*,#2645,.T.);
#3698=ORIENTED_EDGE('',*,*,#2639,.F.);
#3699=ORIENTED_EDGE('',*,*,#2630,.F.);
#3700=ORIENTED_EDGE('',*,*,#2607,.F.);
#3701=ORIENTED_EDGE('',*,*,#2645,.F.);
#3702=ORIENTED_EDGE('',*,*,#2623,.F.);
#3703=ORIENTED_EDGE('',*,*,#2632,.F.);
#3704=ORIENTED_EDGE('',*,*,#2646,.T.);
#3705=ORIENTED_EDGE('',*,*,#2635,.F.);
#3706=ORIENTED_EDGE('',*,*,#2646,.F.);
#3707=ORIENTED_EDGE('',*,*,#2625,.F.);
#3708=ORIENTED_EDGE('',*,*,#2640,.T.);
#3709=ORIENTED_EDGE('',*,*,#2506,.T.);
#3710=ORIENTED_EDGE('',*,*,#2593,.T.);
#3711=ORIENTED_EDGE('',*,*,#2647,.T.);
#3712=ORIENTED_EDGE('',*,*,#2648,.T.);
#3713=ORIENTED_EDGE('',*,*,#2649,.T.);
#3714=ORIENTED_EDGE('',*,*,#2650,.T.);
#3715=ORIENTED_EDGE('',*,*,#2651,.T.);
#3716=ORIENTED_EDGE('',*,*,#2652,.T.);
#3717=ORIENTED_EDGE('',*,*,#2594,.T.);
#3718=ORIENTED_EDGE('',*,*,#2644,.T.);
#3719=ORIENTED_EDGE('',*,*,#2614,.T.);
#3720=ORIENTED_EDGE('',*,*,#2653,.T.);
#3721=ORIENTED_EDGE('',*,*,#2654,.T.);
#3722=ORIENTED_EDGE('',*,*,#2655,.T.);
#3723=ORIENTED_EDGE('',*,*,#2656,.T.);
#3724=ORIENTED_EDGE('',*,*,#2657,.T.);
#3725=ORIENTED_EDGE('',*,*,#2658,.T.);
#3726=ORIENTED_EDGE('',*,*,#2590,.T.);
#3727=ORIENTED_EDGE('',*,*,#2535,.T.);
#3728=ORIENTED_EDGE('',*,*,#2515,.T.);
#3729=ORIENTED_EDGE('',*,*,#2659,.T.);
#3730=ORIENTED_EDGE('',*,*,#2660,.T.);
#3731=ORIENTED_EDGE('',*,*,#2661,.T.);
#3732=ORIENTED_EDGE('',*,*,#2662,.T.);
#3733=ORIENTED_EDGE('',*,*,#2663,.T.);
#3734=ORIENTED_EDGE('',*,*,#2664,.T.);
#3735=ORIENTED_EDGE('',*,*,#2665,.T.);
#3736=ORIENTED_EDGE('',*,*,#2666,.T.);
#3737=ORIENTED_EDGE('',*,*,#2667,.T.);
#3738=ORIENTED_EDGE('',*,*,#2668,.T.);
#3739=ORIENTED_EDGE('',*,*,#2669,.T.);
#3740=ORIENTED_EDGE('',*,*,#2670,.T.);
#3741=ORIENTED_EDGE('',*,*,#2619,.T.);
#3742=ORIENTED_EDGE('',*,*,#2567,.F.);
#3743=ORIENTED_EDGE('',*,*,#2671,.T.);
#3744=ORIENTED_EDGE('',*,*,#2653,.F.);
#3745=ORIENTED_EDGE('',*,*,#2665,.F.);
#3746=ORIENTED_EDGE('',*,*,#2672,.F.);
#3747=ORIENTED_EDGE('',*,*,#2584,.F.);
#3748=ORIENTED_EDGE('',*,*,#2673,.T.);
#3749=ORIENTED_EDGE('',*,*,#2666,.F.);
#3750=ORIENTED_EDGE('',*,*,#2673,.F.);
#3751=ORIENTED_EDGE('',*,*,#2583,.F.);
#3752=ORIENTED_EDGE('',*,*,#2674,.T.);
#3753=ORIENTED_EDGE('',*,*,#2667,.F.);
#3754=ORIENTED_EDGE('',*,*,#2674,.F.);
#3755=ORIENTED_EDGE('',*,*,#2582,.F.);
#3756=ORIENTED_EDGE('',*,*,#2675,.T.);
#3757=ORIENTED_EDGE('',*,*,#2668,.F.);
#3758=ORIENTED_EDGE('',*,*,#2675,.F.);
#3759=ORIENTED_EDGE('',*,*,#2581,.F.);
#3760=ORIENTED_EDGE('',*,*,#2676,.T.);
#3761=ORIENTED_EDGE('',*,*,#2669,.F.);
#3762=ORIENTED_EDGE('',*,*,#2676,.F.);
#3763=ORIENTED_EDGE('',*,*,#2580,.F.);
#3764=ORIENTED_EDGE('',*,*,#2677,.T.);
#3765=ORIENTED_EDGE('',*,*,#2670,.F.);
#3766=ORIENTED_EDGE('',*,*,#2677,.F.);
#3767=ORIENTED_EDGE('',*,*,#2579,.F.);
#3768=ORIENTED_EDGE('',*,*,#2678,.T.);
#3769=ORIENTED_EDGE('',*,*,#2659,.F.);
#3770=ORIENTED_EDGE('',*,*,#2678,.F.);
#3771=ORIENTED_EDGE('',*,*,#2578,.F.);
#3772=ORIENTED_EDGE('',*,*,#2679,.T.);
#3773=ORIENTED_EDGE('',*,*,#2660,.F.);
#3774=ORIENTED_EDGE('',*,*,#2679,.F.);
#3775=ORIENTED_EDGE('',*,*,#2589,.F.);
#3776=ORIENTED_EDGE('',*,*,#2680,.T.);
#3777=ORIENTED_EDGE('',*,*,#2661,.F.);
#3778=ORIENTED_EDGE('',*,*,#2680,.F.);
#3779=ORIENTED_EDGE('',*,*,#2588,.F.);
#3780=ORIENTED_EDGE('',*,*,#2681,.T.);
#3781=ORIENTED_EDGE('',*,*,#2662,.F.);
#3782=ORIENTED_EDGE('',*,*,#2681,.F.);
#3783=ORIENTED_EDGE('',*,*,#2587,.F.);
#3784=ORIENTED_EDGE('',*,*,#2682,.T.);
#3785=ORIENTED_EDGE('',*,*,#2663,.F.);
#3786=ORIENTED_EDGE('',*,*,#2682,.F.);
#3787=ORIENTED_EDGE('',*,*,#2586,.F.);
#3788=ORIENTED_EDGE('',*,*,#2683,.T.);
#3789=ORIENTED_EDGE('',*,*,#2664,.F.);
#3790=ORIENTED_EDGE('',*,*,#2683,.F.);
#3791=ORIENTED_EDGE('',*,*,#2585,.F.);
#3792=ORIENTED_EDGE('',*,*,#2672,.T.);
#3793=ORIENTED_EDGE('',*,*,#2647,.F.);
#3794=ORIENTED_EDGE('',*,*,#2592,.F.);
#3795=ORIENTED_EDGE('',*,*,#2576,.F.);
#3796=ORIENTED_EDGE('',*,*,#2684,.T.);
#3797=ORIENTED_EDGE('',*,*,#2648,.F.);
#3798=ORIENTED_EDGE('',*,*,#2684,.F.);
#3799=ORIENTED_EDGE('',*,*,#2575,.F.);
#3800=ORIENTED_EDGE('',*,*,#2685,.T.);
#3801=ORIENTED_EDGE('',*,*,#2649,.F.);
#3802=ORIENTED_EDGE('',*,*,#2685,.F.);
#3803=ORIENTED_EDGE('',*,*,#2574,.F.);
#3804=ORIENTED_EDGE('',*,*,#2686,.T.);
#3805=ORIENTED_EDGE('',*,*,#2650,.F.);
#3806=ORIENTED_EDGE('',*,*,#2686,.F.);
#3807=ORIENTED_EDGE('',*,*,#2573,.F.);
#3808=ORIENTED_EDGE('',*,*,#2687,.T.);
#3809=ORIENTED_EDGE('',*,*,#2651,.F.);
#3810=ORIENTED_EDGE('',*,*,#2687,.F.);
#3811=ORIENTED_EDGE('',*,*,#2572,.F.);
#3812=ORIENTED_EDGE('',*,*,#2688,.T.);
#3813=ORIENTED_EDGE('',*,*,#2595,.T.);
#3814=ORIENTED_EDGE('',*,*,#2652,.F.);
#3815=ORIENTED_EDGE('',*,*,#2688,.F.);
#3816=ORIENTED_EDGE('',*,*,#2571,.F.);
#3817=ORIENTED_EDGE('',*,*,#2654,.F.);
#3818=ORIENTED_EDGE('',*,*,#2671,.F.);
#3819=ORIENTED_EDGE('',*,*,#2566,.F.);
#3820=ORIENTED_EDGE('',*,*,#2689,.T.);
#3821=ORIENTED_EDGE('',*,*,#2655,.F.);
#3822=ORIENTED_EDGE('',*,*,#2689,.F.);
#3823=ORIENTED_EDGE('',*,*,#2565,.F.);
#3824=ORIENTED_EDGE('',*,*,#2690,.T.);
#3825=ORIENTED_EDGE('',*,*,#2656,.F.);
#3826=ORIENTED_EDGE('',*,*,#2690,.F.);
#3827=ORIENTED_EDGE('',*,*,#2564,.F.);
#3828=ORIENTED_EDGE('',*,*,#2691,.T.);
#3829=ORIENTED_EDGE('',*,*,#2657,.F.);
#3830=ORIENTED_EDGE('',*,*,#2691,.F.);
#3831=ORIENTED_EDGE('',*,*,#2563,.F.);
#3832=ORIENTED_EDGE('',*,*,#2692,.T.);
#3833=ORIENTED_EDGE('',*,*,#2658,.F.);
#3834=ORIENTED_EDGE('',*,*,#2692,.F.);
#3835=ORIENTED_EDGE('',*,*,#2562,.F.);
#3836=ORIENTED_EDGE('',*,*,#2591,.T.);
#3837=ORIENTED_EDGE('',*,*,#2693,.T.);
#3838=ORIENTED_EDGE('',*,*,#2694,.T.);
#3839=ORIENTED_EDGE('',*,*,#2695,.T.);
#3840=ORIENTED_EDGE('',*,*,#2696,.T.);
#3841=ORIENTED_EDGE('',*,*,#2697,.T.);
#3842=ORIENTED_EDGE('',*,*,#2698,.T.);
#3843=ORIENTED_EDGE('',*,*,#2699,.T.);
#3844=ORIENTED_EDGE('',*,*,#2694,.F.);
#3845=ORIENTED_EDGE('',*,*,#2700,.T.);
#3846=ORIENTED_EDGE('',*,*,#2701,.T.);
#3847=ORIENTED_EDGE('',*,*,#2702,.T.);
#3848=ORIENTED_EDGE('',*,*,#2696,.F.);
#3849=ORIENTED_EDGE('',*,*,#2703,.T.);
#3850=ORIENTED_EDGE('',*,*,#2701,.F.);
#3851=ORIENTED_EDGE('',*,*,#2704,.T.);
#3852=ORIENTED_EDGE('',*,*,#2698,.F.);
#3853=ORIENTED_EDGE('',*,*,#2700,.F.);
#3854=ORIENTED_EDGE('',*,*,#2705,.T.);
#3855=ORIENTED_EDGE('',*,*,#2706,.T.);
#3856=ORIENTED_EDGE('',*,*,#2707,.T.);
#3857=ORIENTED_EDGE('',*,*,#2708,.F.);
#3858=ORIENTED_EDGE('',*,*,#2709,.T.);
#3859=ORIENTED_EDGE('',*,*,#2710,.T.);
#3860=ORIENTED_EDGE('',*,*,#2711,.T.);
#3861=ORIENTED_EDGE('',*,*,#2695,.F.);
#3862=ORIENTED_EDGE('',*,*,#2712,.F.);
#3863=ORIENTED_EDGE('',*,*,#2713,.F.);
#3864=ORIENTED_EDGE('',*,*,#2705,.F.);
#3865=ORIENTED_EDGE('',*,*,#2693,.F.);
#3866=ORIENTED_EDGE('',*,*,#2702,.F.);
#3867=ORIENTED_EDGE('',*,*,#2703,.F.);
#3868=ORIENTED_EDGE('',*,*,#2697,.F.);
#3869=ORIENTED_EDGE('',*,*,#2714,.T.);
#3870=ORIENTED_EDGE('',*,*,#2715,.T.);
#3871=ORIENTED_EDGE('',*,*,#2716,.T.);
#3872=ORIENTED_EDGE('',*,*,#2717,.T.);
#3873=ORIENTED_EDGE('',*,*,#2699,.F.);
#3874=ORIENTED_EDGE('',*,*,#2718,.T.);
#3875=ORIENTED_EDGE('',*,*,#2719,.T.);
#3876=ORIENTED_EDGE('',*,*,#2720,.T.);
#3877=ORIENTED_EDGE('',*,*,#2715,.F.);
#3878=ORIENTED_EDGE('',*,*,#2721,.T.);
#3879=ORIENTED_EDGE('',*,*,#2722,.T.);
#3880=ORIENTED_EDGE('',*,*,#2712,.T.);
#3881=ORIENTED_EDGE('',*,*,#2723,.T.);
#3882=ORIENTED_EDGE('',*,*,#2724,.T.);
#3883=ORIENTED_EDGE('',*,*,#2725,.T.);
#3884=ORIENTED_EDGE('',*,*,#2708,.T.);
#3885=ORIENTED_EDGE('',*,*,#2725,.F.);
#3886=ORIENTED_EDGE('',*,*,#2726,.F.);
#3887=ORIENTED_EDGE('',*,*,#2727,.T.);
#3888=ORIENTED_EDGE('',*,*,#2728,.F.);
#3889=ORIENTED_EDGE('',*,*,#2716,.F.);
#3890=ORIENTED_EDGE('',*,*,#2720,.F.);
#3891=ORIENTED_EDGE('',*,*,#2729,.F.);
#3892=ORIENTED_EDGE('',*,*,#2709,.F.);
#3893=ORIENTED_EDGE('',*,*,#2727,.F.);
#3894=ORIENTED_EDGE('',*,*,#2730,.F.);
#3895=ORIENTED_EDGE('',*,*,#2731,.F.);
#3896=ORIENTED_EDGE('',*,*,#2732,.F.);
#3897=ORIENTED_EDGE('',*,*,#2717,.F.);
#3898=ORIENTED_EDGE('',*,*,#2728,.T.);
#3899=ORIENTED_EDGE('',*,*,#2732,.T.);
#3900=ORIENTED_EDGE('',*,*,#2733,.T.);
#3901=ORIENTED_EDGE('',*,*,#2723,.F.);
#3902=ORIENTED_EDGE('',*,*,#2707,.F.);
#3903=ORIENTED_EDGE('',*,*,#2734,.T.);
#3904=ORIENTED_EDGE('',*,*,#2721,.F.);
#3905=ORIENTED_EDGE('',*,*,#2714,.F.);
#3906=ORIENTED_EDGE('',*,*,#2733,.F.);
#3907=ORIENTED_EDGE('',*,*,#2731,.T.);
#3908=ORIENTED_EDGE('',*,*,#2735,.F.);
#3909=ORIENTED_EDGE('',*,*,#2719,.F.);
#3910=ORIENTED_EDGE('',*,*,#2736,.F.);
#3911=ORIENTED_EDGE('',*,*,#2710,.F.);
#3912=ORIENTED_EDGE('',*,*,#2729,.T.);
#3913=ORIENTED_EDGE('',*,*,#2704,.F.);
#3914=ORIENTED_EDGE('',*,*,#2711,.F.);
#3915=ORIENTED_EDGE('',*,*,#2736,.T.);
#3916=ORIENTED_EDGE('',*,*,#2718,.F.);
#3917=ORIENTED_EDGE('',*,*,#2722,.F.);
#3918=ORIENTED_EDGE('',*,*,#2734,.F.);
#3919=ORIENTED_EDGE('',*,*,#2706,.F.);
#3920=ORIENTED_EDGE('',*,*,#2713,.T.);
#3921=ORIENTED_EDGE('',*,*,#2724,.F.);
#3922=ORIENTED_EDGE('',*,*,#2735,.T.);
#3923=ORIENTED_EDGE('',*,*,#2730,.T.);
#3924=ORIENTED_EDGE('',*,*,#2726,.T.);
#3925=ORIENTED_EDGE('',*,*,#2737,.T.);
#3926=ORIENTED_EDGE('',*,*,#2738,.T.);
#3927=ORIENTED_EDGE('',*,*,#2739,.T.);
#3928=ORIENTED_EDGE('',*,*,#2740,.T.);
#3929=ORIENTED_EDGE('',*,*,#2741,.T.);
#3930=ORIENTED_EDGE('',*,*,#2742,.T.);
#3931=ORIENTED_EDGE('',*,*,#2743,.T.);
#3932=ORIENTED_EDGE('',*,*,#2738,.F.);
#3933=ORIENTED_EDGE('',*,*,#2744,.T.);
#3934=ORIENTED_EDGE('',*,*,#2745,.T.);
#3935=ORIENTED_EDGE('',*,*,#2746,.T.);
#3936=ORIENTED_EDGE('',*,*,#2740,.F.);
#3937=ORIENTED_EDGE('',*,*,#2747,.T.);
#3938=ORIENTED_EDGE('',*,*,#2745,.F.);
#3939=ORIENTED_EDGE('',*,*,#2748,.T.);
#3940=ORIENTED_EDGE('',*,*,#2742,.F.);
#3941=ORIENTED_EDGE('',*,*,#2744,.F.);
#3942=ORIENTED_EDGE('',*,*,#2749,.T.);
#3943=ORIENTED_EDGE('',*,*,#2750,.T.);
#3944=ORIENTED_EDGE('',*,*,#2751,.T.);
#3945=ORIENTED_EDGE('',*,*,#2752,.F.);
#3946=ORIENTED_EDGE('',*,*,#2753,.T.);
#3947=ORIENTED_EDGE('',*,*,#2754,.T.);
#3948=ORIENTED_EDGE('',*,*,#2755,.T.);
#3949=ORIENTED_EDGE('',*,*,#2739,.F.);
#3950=ORIENTED_EDGE('',*,*,#2756,.F.);
#3951=ORIENTED_EDGE('',*,*,#2757,.F.);
#3952=ORIENTED_EDGE('',*,*,#2749,.F.);
#3953=ORIENTED_EDGE('',*,*,#2737,.F.);
#3954=ORIENTED_EDGE('',*,*,#2746,.F.);
#3955=ORIENTED_EDGE('',*,*,#2747,.F.);
#3956=ORIENTED_EDGE('',*,*,#2741,.F.);
#3957=ORIENTED_EDGE('',*,*,#2758,.T.);
#3958=ORIENTED_EDGE('',*,*,#2759,.T.);
#3959=ORIENTED_EDGE('',*,*,#2760,.T.);
#3960=ORIENTED_EDGE('',*,*,#2761,.T.);
#3961=ORIENTED_EDGE('',*,*,#2743,.F.);
#3962=ORIENTED_EDGE('',*,*,#2762,.T.);
#3963=ORIENTED_EDGE('',*,*,#2763,.T.);
#3964=ORIENTED_EDGE('',*,*,#2764,.T.);
#3965=ORIENTED_EDGE('',*,*,#2759,.F.);
#3966=ORIENTED_EDGE('',*,*,#2765,.T.);
#3967=ORIENTED_EDGE('',*,*,#2766,.T.);
#3968=ORIENTED_EDGE('',*,*,#2756,.T.);
#3969=ORIENTED_EDGE('',*,*,#2767,.T.);
#3970=ORIENTED_EDGE('',*,*,#2768,.T.);
#3971=ORIENTED_EDGE('',*,*,#2769,.T.);
#3972=ORIENTED_EDGE('',*,*,#2752,.T.);
#3973=ORIENTED_EDGE('',*,*,#2768,.F.);
#3974=ORIENTED_EDGE('',*,*,#2770,.T.);
#3975=ORIENTED_EDGE('',*,*,#2771,.T.);
#3976=ORIENTED_EDGE('',*,*,#2772,.T.);
#3977=ORIENTED_EDGE('',*,*,#2767,.F.);
#3978=ORIENTED_EDGE('',*,*,#2751,.F.);
#3979=ORIENTED_EDGE('',*,*,#2773,.T.);
#3980=ORIENTED_EDGE('',*,*,#2765,.F.);
#3981=ORIENTED_EDGE('',*,*,#2758,.F.);
#3982=ORIENTED_EDGE('',*,*,#2774,.F.);
#3983=ORIENTED_EDGE('',*,*,#2775,.T.);
#3984=ORIENTED_EDGE('',*,*,#2770,.F.);
#3985=ORIENTED_EDGE('',*,*,#2776,.F.);
#3986=ORIENTED_EDGE('',*,*,#2771,.F.);
#3987=ORIENTED_EDGE('',*,*,#2775,.F.);
#3988=ORIENTED_EDGE('',*,*,#2777,.F.);
#3989=ORIENTED_EDGE('',*,*,#2761,.F.);
#3990=ORIENTED_EDGE('',*,*,#2778,.T.);
#3991=ORIENTED_EDGE('',*,*,#2777,.T.);
#3992=ORIENTED_EDGE('',*,*,#2774,.T.);
#3993=ORIENTED_EDGE('',*,*,#2766,.F.);
#3994=ORIENTED_EDGE('',*,*,#2773,.F.);
#3995=ORIENTED_EDGE('',*,*,#2750,.F.);
#3996=ORIENTED_EDGE('',*,*,#2757,.T.);
#3997=ORIENTED_EDGE('',*,*,#2763,.F.);
#3998=ORIENTED_EDGE('',*,*,#2779,.F.);
#3999=ORIENTED_EDGE('',*,*,#2754,.F.);
#4000=ORIENTED_EDGE('',*,*,#2780,.T.);
#4001=ORIENTED_EDGE('',*,*,#2748,.F.);
#4002=ORIENTED_EDGE('',*,*,#2755,.F.);
#4003=ORIENTED_EDGE('',*,*,#2779,.T.);
#4004=ORIENTED_EDGE('',*,*,#2762,.F.);
#4005=ORIENTED_EDGE('',*,*,#2769,.F.);
#4006=ORIENTED_EDGE('',*,*,#2772,.F.);
#4007=ORIENTED_EDGE('',*,*,#2776,.T.);
#4008=ORIENTED_EDGE('',*,*,#2778,.F.);
#4009=ORIENTED_EDGE('',*,*,#2760,.F.);
#4010=ORIENTED_EDGE('',*,*,#2764,.F.);
#4011=ORIENTED_EDGE('',*,*,#2780,.F.);
#4012=ORIENTED_EDGE('',*,*,#2753,.F.);
#4013=ORIENTED_EDGE('',*,*,#2781,.T.);
#4014=ORIENTED_EDGE('',*,*,#2782,.T.);
#4015=ORIENTED_EDGE('',*,*,#2783,.T.);
#4016=ORIENTED_EDGE('',*,*,#2784,.T.);
#4017=ORIENTED_EDGE('',*,*,#2782,.F.);
#4018=ORIENTED_EDGE('',*,*,#2785,.T.);
#4019=ORIENTED_EDGE('',*,*,#2786,.T.);
#4020=ORIENTED_EDGE('',*,*,#2787,.T.);
#4021=ORIENTED_EDGE('',*,*,#2788,.F.);
#4022=ORIENTED_EDGE('',*,*,#2789,.T.);
#4023=ORIENTED_EDGE('',*,*,#2790,.T.);
#4024=ORIENTED_EDGE('',*,*,#2791,.T.);
#4025=ORIENTED_EDGE('',*,*,#2792,.T.);
#4026=ORIENTED_EDGE('',*,*,#2793,.T.);
#4027=ORIENTED_EDGE('',*,*,#2794,.T.);
#4028=ORIENTED_EDGE('',*,*,#2795,.T.);
#4029=ORIENTED_EDGE('',*,*,#2794,.F.);
#4030=ORIENTED_EDGE('',*,*,#2796,.F.);
#4031=ORIENTED_EDGE('',*,*,#2797,.F.);
#4032=ORIENTED_EDGE('',*,*,#2785,.F.);
#4033=ORIENTED_EDGE('',*,*,#2781,.F.);
#4034=ORIENTED_EDGE('',*,*,#2798,.F.);
#4035=ORIENTED_EDGE('',*,*,#2799,.T.);
#4036=ORIENTED_EDGE('',*,*,#2800,.F.);
#4037=ORIENTED_EDGE('',*,*,#2793,.F.);
#4038=ORIENTED_EDGE('',*,*,#2801,.T.);
#4039=ORIENTED_EDGE('',*,*,#2802,.T.);
#4040=ORIENTED_EDGE('',*,*,#2803,.T.);
#4041=ORIENTED_EDGE('',*,*,#2804,.F.);
#4042=ORIENTED_EDGE('',*,*,#2805,.T.);
#4043=ORIENTED_EDGE('',*,*,#2806,.T.);
#4044=ORIENTED_EDGE('',*,*,#2796,.T.);
#4045=ORIENTED_EDGE('',*,*,#2807,.T.);
#4046=ORIENTED_EDGE('',*,*,#2808,.T.);
#4047=ORIENTED_EDGE('',*,*,#2809,.T.);
#4048=ORIENTED_EDGE('',*,*,#2810,.F.);
#4049=ORIENTED_EDGE('',*,*,#2811,.T.);
#4050=ORIENTED_EDGE('',*,*,#2812,.T.);
#4051=ORIENTED_EDGE('',*,*,#2804,.T.);
#4052=ORIENTED_EDGE('',*,*,#2808,.F.);
#4053=ORIENTED_EDGE('',*,*,#2788,.T.);
#4054=ORIENTED_EDGE('',*,*,#2813,.T.);
#4055=ORIENTED_EDGE('',*,*,#2814,.T.);
#4056=ORIENTED_EDGE('',*,*,#2810,.T.);
#4057=ORIENTED_EDGE('',*,*,#2815,.T.);
#4058=ORIENTED_EDGE('',*,*,#2813,.F.);
#4059=ORIENTED_EDGE('',*,*,#2816,.T.);
#4060=ORIENTED_EDGE('',*,*,#2812,.F.);
#4061=ORIENTED_EDGE('',*,*,#2809,.F.);
#4062=ORIENTED_EDGE('',*,*,#2803,.F.);
#4063=ORIENTED_EDGE('',*,*,#2817,.F.);
#4064=ORIENTED_EDGE('',*,*,#2789,.F.);
#4065=ORIENTED_EDGE('',*,*,#2807,.F.);
#4066=ORIENTED_EDGE('',*,*,#2814,.F.);
#4067=ORIENTED_EDGE('',*,*,#2815,.F.);
#4068=ORIENTED_EDGE('',*,*,#2811,.F.);
#4069=ORIENTED_EDGE('',*,*,#2802,.F.);
#4070=ORIENTED_EDGE('',*,*,#2818,.F.);
#4071=ORIENTED_EDGE('',*,*,#2790,.F.);
#4072=ORIENTED_EDGE('',*,*,#2817,.T.);
#4073=ORIENTED_EDGE('',*,*,#2816,.F.);
#4074=ORIENTED_EDGE('',*,*,#2787,.F.);
#4075=ORIENTED_EDGE('',*,*,#2819,.T.);
#4076=ORIENTED_EDGE('',*,*,#2805,.F.);
#4077=ORIENTED_EDGE('',*,*,#2786,.F.);
#4078=ORIENTED_EDGE('',*,*,#2797,.T.);
#4079=ORIENTED_EDGE('',*,*,#2806,.F.);
#4080=ORIENTED_EDGE('',*,*,#2819,.F.);
#4081=ORIENTED_EDGE('',*,*,#2792,.F.);
#4082=ORIENTED_EDGE('',*,*,#2820,.F.);
#4083=ORIENTED_EDGE('',*,*,#2821,.T.);
#4084=ORIENTED_EDGE('',*,*,#2822,.F.);
#4085=ORIENTED_EDGE('',*,*,#2783,.F.);
#4086=ORIENTED_EDGE('',*,*,#2791,.F.);
#4087=ORIENTED_EDGE('',*,*,#2818,.T.);
#4088=ORIENTED_EDGE('',*,*,#2801,.F.);
#4089=ORIENTED_EDGE('',*,*,#2795,.F.);
#4090=ORIENTED_EDGE('',*,*,#2800,.T.);
#4091=ORIENTED_EDGE('',*,*,#2823,.T.);
#4092=ORIENTED_EDGE('',*,*,#2820,.T.);
#4093=ORIENTED_EDGE('',*,*,#2784,.F.);
#4094=ORIENTED_EDGE('',*,*,#2822,.T.);
#4095=ORIENTED_EDGE('',*,*,#2824,.T.);
#4096=ORIENTED_EDGE('',*,*,#2798,.T.);
#4097=ORIENTED_EDGE('',*,*,#2799,.F.);
#4098=ORIENTED_EDGE('',*,*,#2824,.F.);
#4099=ORIENTED_EDGE('',*,*,#2821,.F.);
#4100=ORIENTED_EDGE('',*,*,#2823,.F.);
#4101=ORIENTED_EDGE('',*,*,#2825,.T.);
#4102=ORIENTED_EDGE('',*,*,#2826,.T.);
#4103=ORIENTED_EDGE('',*,*,#2827,.T.);
#4104=ORIENTED_EDGE('',*,*,#2828,.T.);
#4105=ORIENTED_EDGE('',*,*,#2826,.F.);
#4106=ORIENTED_EDGE('',*,*,#2829,.T.);
#4107=ORIENTED_EDGE('',*,*,#2830,.T.);
#4108=ORIENTED_EDGE('',*,*,#2831,.T.);
#4109=ORIENTED_EDGE('',*,*,#2832,.F.);
#4110=ORIENTED_EDGE('',*,*,#2833,.T.);
#4111=ORIENTED_EDGE('',*,*,#2834,.T.);
#4112=ORIENTED_EDGE('',*,*,#2835,.T.);
#4113=ORIENTED_EDGE('',*,*,#2836,.T.);
#4114=ORIENTED_EDGE('',*,*,#2837,.T.);
#4115=ORIENTED_EDGE('',*,*,#2838,.T.);
#4116=ORIENTED_EDGE('',*,*,#2839,.T.);
#4117=ORIENTED_EDGE('',*,*,#2838,.F.);
#4118=ORIENTED_EDGE('',*,*,#2840,.F.);
#4119=ORIENTED_EDGE('',*,*,#2841,.F.);
#4120=ORIENTED_EDGE('',*,*,#2829,.F.);
#4121=ORIENTED_EDGE('',*,*,#2825,.F.);
#4122=ORIENTED_EDGE('',*,*,#2842,.F.);
#4123=ORIENTED_EDGE('',*,*,#2843,.T.);
#4124=ORIENTED_EDGE('',*,*,#2844,.F.);
#4125=ORIENTED_EDGE('',*,*,#2837,.F.);
#4126=ORIENTED_EDGE('',*,*,#2845,.T.);
#4127=ORIENTED_EDGE('',*,*,#2846,.T.);
#4128=ORIENTED_EDGE('',*,*,#2847,.T.);
#4129=ORIENTED_EDGE('',*,*,#2848,.F.);
#4130=ORIENTED_EDGE('',*,*,#2849,.T.);
#4131=ORIENTED_EDGE('',*,*,#2850,.T.);
#4132=ORIENTED_EDGE('',*,*,#2840,.T.);
#4133=ORIENTED_EDGE('',*,*,#2851,.T.);
#4134=ORIENTED_EDGE('',*,*,#2852,.T.);
#4135=ORIENTED_EDGE('',*,*,#2853,.T.);
#4136=ORIENTED_EDGE('',*,*,#2854,.F.);
#4137=ORIENTED_EDGE('',*,*,#2855,.T.);
#4138=ORIENTED_EDGE('',*,*,#2856,.T.);
#4139=ORIENTED_EDGE('',*,*,#2848,.T.);
#4140=ORIENTED_EDGE('',*,*,#2852,.F.);
#4141=ORIENTED_EDGE('',*,*,#2832,.T.);
#4142=ORIENTED_EDGE('',*,*,#2857,.T.);
#4143=ORIENTED_EDGE('',*,*,#2858,.T.);
#4144=ORIENTED_EDGE('',*,*,#2854,.T.);
#4145=ORIENTED_EDGE('',*,*,#2859,.T.);
#4146=ORIENTED_EDGE('',*,*,#2857,.F.);
#4147=ORIENTED_EDGE('',*,*,#2860,.T.);
#4148=ORIENTED_EDGE('',*,*,#2856,.F.);
#4149=ORIENTED_EDGE('',*,*,#2853,.F.);
#4150=ORIENTED_EDGE('',*,*,#2847,.F.);
#4151=ORIENTED_EDGE('',*,*,#2861,.F.);
#4152=ORIENTED_EDGE('',*,*,#2833,.F.);
#4153=ORIENTED_EDGE('',*,*,#2851,.F.);
#4154=ORIENTED_EDGE('',*,*,#2858,.F.);
#4155=ORIENTED_EDGE('',*,*,#2859,.F.);
#4156=ORIENTED_EDGE('',*,*,#2855,.F.);
#4157=ORIENTED_EDGE('',*,*,#2846,.F.);
#4158=ORIENTED_EDGE('',*,*,#2862,.F.);
#4159=ORIENTED_EDGE('',*,*,#2834,.F.);
#4160=ORIENTED_EDGE('',*,*,#2861,.T.);
#4161=ORIENTED_EDGE('',*,*,#2860,.F.);
#4162=ORIENTED_EDGE('',*,*,#2831,.F.);
#4163=ORIENTED_EDGE('',*,*,#2863,.T.);
#4164=ORIENTED_EDGE('',*,*,#2849,.F.);
#4165=ORIENTED_EDGE('',*,*,#2830,.F.);
#4166=ORIENTED_EDGE('',*,*,#2841,.T.);
#4167=ORIENTED_EDGE('',*,*,#2850,.F.);
#4168=ORIENTED_EDGE('',*,*,#2863,.F.);
#4169=ORIENTED_EDGE('',*,*,#2836,.F.);
#4170=ORIENTED_EDGE('',*,*,#2864,.F.);
#4171=ORIENTED_EDGE('',*,*,#2865,.T.);
#4172=ORIENTED_EDGE('',*,*,#2866,.F.);
#4173=ORIENTED_EDGE('',*,*,#2827,.F.);
#4174=ORIENTED_EDGE('',*,*,#2835,.F.);
#4175=ORIENTED_EDGE('',*,*,#2862,.T.);
#4176=ORIENTED_EDGE('',*,*,#2845,.F.);
#4177=ORIENTED_EDGE('',*,*,#2839,.F.);
#4178=ORIENTED_EDGE('',*,*,#2844,.T.);
#4179=ORIENTED_EDGE('',*,*,#2867,.T.);
#4180=ORIENTED_EDGE('',*,*,#2864,.T.);
#4181=ORIENTED_EDGE('',*,*,#2828,.F.);
#4182=ORIENTED_EDGE('',*,*,#2866,.T.);
#4183=ORIENTED_EDGE('',*,*,#2868,.T.);
#4184=ORIENTED_EDGE('',*,*,#2842,.T.);
#4185=ORIENTED_EDGE('',*,*,#2843,.F.);
#4186=ORIENTED_EDGE('',*,*,#2868,.F.);
#4187=ORIENTED_EDGE('',*,*,#2865,.F.);
#4188=ORIENTED_EDGE('',*,*,#2867,.F.);
#4189=PLANE('',#4624);
#4190=PLANE('',#4637);
#4191=PLANE('',#4640);
#4192=PLANE('',#4643);
#4193=PLANE('',#4649);
#4194=PLANE('',#4655);
#4195=PLANE('',#4661);
#4196=PLANE('',#4667);
#4197=PLANE('',#4679);
#4198=PLANE('',#4711);
#4199=PLANE('',#4714);
#4200=PLANE('',#4717);
#4201=PLANE('',#4720);
#4202=PLANE('',#4723);
#4203=PLANE('',#4726);
#4204=PLANE('',#4729);
#4205=PLANE('',#4732);
#4206=PLANE('',#4735);
#4207=PLANE('',#4738);
#4208=PLANE('',#4741);
#4209=PLANE('',#4744);
#4210=PLANE('',#4747);
#4211=PLANE('',#4748);
#4212=PLANE('',#4750);
#4213=PLANE('',#4752);
#4214=PLANE('',#4753);
#4215=PLANE('',#4754);
#4216=PLANE('',#4755);
#4217=PLANE('',#4758);
#4218=PLANE('',#4759);
#4219=PLANE('',#4761);
#4220=PLANE('',#4764);
#4221=PLANE('',#4765);
#4222=PLANE('',#4767);
#4223=PLANE('',#4770);
#4224=PLANE('',#4771);
#4225=PLANE('',#4782);
#4226=PLANE('',#4786);
#4227=PLANE('',#4787);
#4228=PLANE('',#4788);
#4229=PLANE('',#4792);
#4230=PLANE('',#4793);
#4231=PLANE('',#4794);
#4232=PLANE('',#4798);
#4233=PLANE('',#4799);
#4234=PLANE('',#4800);
#4235=PLANE('',#4814);
#4236=PLANE('',#4820);
#4237=PLANE('',#4822);
#4238=PLANE('',#4824);
#4239=PLANE('',#4825);
#4240=PLANE('',#4827);
#4241=PLANE('',#4828);
#4242=PLANE('',#4829);
#4243=PLANE('',#4830);
#4244=PLANE('',#4832);
#4245=PLANE('',#4834);
#4246=PLANE('',#4836);
#4247=PLANE('',#4839);
#4248=PLANE('',#4840);
#4249=PLANE('',#4842);
#4250=PLANE('',#4845);
#4251=PLANE('',#4848);
#4252=PLANE('',#4851);
#4253=PLANE('',#4852);
#4254=PLANE('',#4853);
#4255=PLANE('',#4860);
#4256=PLANE('',#4861);
#4257=PLANE('',#4862);
#4258=PLANE('',#4863);
#4259=PLANE('',#4864);
#4260=PLANE('',#4865);
#4261=PLANE('',#4866);
#4262=PLANE('',#4867);
#4263=PLANE('',#4868);
#4264=PLANE('',#4869);
#4265=PLANE('',#4888);
#4266=PLANE('',#4893);
#4267=PLANE('',#4896);
#4268=PLANE('',#4897);
#4269=PLANE('',#4898);
#4270=PLANE('',#4905);
#4271=PLANE('',#4906);
#4272=PLANE('',#4907);
#4273=PLANE('',#4908);
#4274=PLANE('',#4909);
#4275=PLANE('',#4910);
#4276=PLANE('',#4911);
#4277=PLANE('',#4912);
#4278=PLANE('',#4913);
#4279=PLANE('',#4914);
#4280=PLANE('',#4915);
#4281=PLANE('',#4930);
#4282=PLANE('',#4932);
#4283=PLANE('',#4934);
#4284=PLANE('',#4936);
#4285=PLANE('',#4938);
#4286=PLANE('',#4940);
#4287=PLANE('',#4941);
#4288=PLANE('',#4943);
#4289=PLANE('',#4945);
#4290=PLANE('',#4947);
#4291=PLANE('',#4949);
#4292=PLANE('',#4951);
#4293=PLANE('',#4952);
#4294=PLANE('',#4953);
#4295=PLANE('',#4954);
#4296=PLANE('',#4955);
#4297=PLANE('',#4956);
#4298=PLANE('',#4957);
#4299=PLANE('',#4958);
#4300=PLANE('',#4962);
#4301=PLANE('',#4966);
#4302=PLANE('',#4967);
#4303=PLANE('',#4968);
#4304=PLANE('',#4969);
#4305=PLANE('',#4970);
#4306=PLANE('',#4971);
#4307=PLANE('',#4972);
#4308=PLANE('',#4973);
#4309=PLANE('',#4974);
#4310=PLANE('',#4975);
#4311=PLANE('',#4976);
#4312=PLANE('',#4977);
#4313=PLANE('',#4978);
#4314=PLANE('',#4979);
#4315=PLANE('',#4980);
#4316=PLANE('',#4984);
#4317=PLANE('',#4988);
#4318=PLANE('',#4989);
#4319=PLANE('',#4990);
#4320=PLANE('',#4991);
#4321=PLANE('',#4992);
#4322=PLANE('',#4993);
#4323=PLANE('',#4994);
#4324=PLANE('',#4995);
#4325=PLANE('',#4999);
#4326=PLANE('',#5003);
#4327=PLANE('',#5004);
#4328=PLANE('',#5005);
#4329=PLANE('',#5006);
#4330=PLANE('',#5007);
#4331=PLANE('',#5008);
#4332=PLANE('',#5009);
#4333=PLANE('',#5010);
#4334=PLANE('',#5011);
#4335=PLANE('',#5012);
#4336=PLANE('',#5013);
#4337=PLANE('',#5014);
#4338=PLANE('',#5015);
#4339=PLANE('',#5016);
#4340=PLANE('',#5017);
#4341=PLANE('',#5021);
#4342=PLANE('',#5025);
#4343=PLANE('',#5026);
#4344=PLANE('',#5027);
#4345=PLANE('',#5028);
#4346=PLANE('',#5029);
#4347=PLANE('',#5030);
#4348=PLANE('',#5031);
#4349=PLANE('',#5032);
#4350=PLANE('',#5033);
#4351=PLANE('',#5034);
#4352=PLANE('',#5035);
#4353=PLANE('',#5036);
#4354=PLANE('',#5037);
#4355=PLANE('',#5038);
#4356=PLANE('',#5039);
#4357=ADVANCED_FACE('',(#117,#105),#4189,.T.);
#4358=ADVANCED_FACE('',(#118),#4190,.T.);
#4359=ADVANCED_FACE('',(#119),#29,.T.);
#4360=ADVANCED_FACE('',(#120),#4191,.T.);
#4361=ADVANCED_FACE('',(#121),#30,.T.);
#4362=ADVANCED_FACE('',(#122),#4192,.T.);
#4363=ADVANCED_FACE('',(#123),#31,.T.);
#4364=ADVANCED_FACE('',(#124),#25,.T.);
#4365=ADVANCED_FACE('',(#125),#4193,.T.);
#4366=ADVANCED_FACE('',(#126),#26,.T.);
#4367=ADVANCED_FACE('',(#127),#32,.T.);
#4368=ADVANCED_FACE('',(#128),#4194,.T.);
#4369=ADVANCED_FACE('',(#129),#27,.T.);
#4370=ADVANCED_FACE('',(#130),#33,.T.);
#4371=ADVANCED_FACE('',(#131),#4195,.T.);
#4372=ADVANCED_FACE('',(#132),#28,.T.);
#4373=ADVANCED_FACE('',(#133),#34,.T.);
#4374=ADVANCED_FACE('',(#134),#4196,.T.);
#4375=ADVANCED_FACE('',(#135),#35,.T.);
#4376=ADVANCED_FACE('',(#136),#36,.T.);
#4377=ADVANCED_FACE('',(#137),#37,.T.);
#4378=ADVANCED_FACE('',(#138),#38,.T.);
#4379=ADVANCED_FACE('',(#139,#106,#107,#108,#109,#110),#4197,.T.);
#4380=ADVANCED_FACE('',(#140),#39,.F.);
#4381=ADVANCED_FACE('',(#141),#4198,.F.);
#4382=ADVANCED_FACE('',(#142),#40,.F.);
#4383=ADVANCED_FACE('',(#143),#4199,.F.);
#4384=ADVANCED_FACE('',(#144),#41,.F.);
#4385=ADVANCED_FACE('',(#145),#4200,.F.);
#4386=ADVANCED_FACE('',(#146),#42,.F.);
#4387=ADVANCED_FACE('',(#147),#4201,.F.);
#4388=ADVANCED_FACE('',(#148),#43,.F.);
#4389=ADVANCED_FACE('',(#149),#4202,.F.);
#4390=ADVANCED_FACE('',(#150),#44,.F.);
#4391=ADVANCED_FACE('',(#151),#4203,.F.);
#4392=ADVANCED_FACE('',(#152),#45,.F.);
#4393=ADVANCED_FACE('',(#153),#4204,.F.);
#4394=ADVANCED_FACE('',(#154),#46,.F.);
#4395=ADVANCED_FACE('',(#155),#4205,.F.);
#4396=ADVANCED_FACE('',(#156),#47,.F.);
#4397=ADVANCED_FACE('',(#157),#4206,.F.);
#4398=ADVANCED_FACE('',(#158),#48,.F.);
#4399=ADVANCED_FACE('',(#159),#4207,.F.);
#4400=ADVANCED_FACE('',(#160),#49,.F.);
#4401=ADVANCED_FACE('',(#161),#4208,.F.);
#4402=ADVANCED_FACE('',(#162),#50,.F.);
#4403=ADVANCED_FACE('',(#163),#4209,.F.);
#4404=ADVANCED_FACE('',(#164),#51,.F.);
#4405=ADVANCED_FACE('',(#165),#4210,.F.);
#4406=ADVANCED_FACE('',(#166),#4211,.T.);
#4407=ADVANCED_FACE('',(#167),#52,.T.);
#4408=ADVANCED_FACE('',(#168),#4212,.T.);
#4409=ADVANCED_FACE('',(#169),#53,.T.);
#4410=ADVANCED_FACE('',(#170),#4213,.T.);
#4411=ADVANCED_FACE('',(#171,#111),#4214,.F.);
#4412=ADVANCED_FACE('',(#172,#112),#4215,.F.);
#4413=ADVANCED_FACE('',(#173),#4216,.F.);
#4414=ADVANCED_FACE('',(#174),#54,.T.);
#4415=ADVANCED_FACE('',(#175),#4217,.F.);
#4416=ADVANCED_FACE('',(#176),#4218,.F.);
#4417=ADVANCED_FACE('',(#177),#4219,.F.);
#4418=ADVANCED_FACE('',(#178),#55,.T.);
#4419=ADVANCED_FACE('',(#179),#4220,.F.);
#4420=ADVANCED_FACE('',(#180),#4221,.F.);
#4421=ADVANCED_FACE('',(#181),#4222,.F.);
#4422=ADVANCED_FACE('',(#182),#56,.T.);
#4423=ADVANCED_FACE('',(#183),#4223,.F.);
#4424=ADVANCED_FACE('',(#184),#4224,.F.);
#4425=ADVANCED_FACE('',(#185),#57,.T.);
#4426=ADVANCED_FACE('',(#186),#4225,.F.);
#4427=ADVANCED_FACE('',(#187),#58,.T.);
#4428=ADVANCED_FACE('',(#188),#4226,.F.);
#4429=ADVANCED_FACE('',(#189),#4227,.T.);
#4430=ADVANCED_FACE('',(#190),#4228,.F.);
#4431=ADVANCED_FACE('',(#191),#59,.T.);
#4432=ADVANCED_FACE('',(#192),#4229,.F.);
#4433=ADVANCED_FACE('',(#193),#4230,.T.);
#4434=ADVANCED_FACE('',(#194),#4231,.F.);
#4435=ADVANCED_FACE('',(#195),#60,.T.);
#4436=ADVANCED_FACE('',(#196),#4232,.F.);
#4437=ADVANCED_FACE('',(#197),#4233,.T.);
#4438=ADVANCED_FACE('',(#198,#113),#4234,.T.);
#4439=ADVANCED_FACE('',(#199,#114),#4235,.F.);
#4440=ADVANCED_FACE('',(#200),#61,.T.);
#4441=ADVANCED_FACE('',(#201),#62,.F.);
#4442=ADVANCED_FACE('',(#202),#63,.F.);
#4443=ADVANCED_FACE('',(#203),#64,.F.);
#4444=ADVANCED_FACE('',(#204),#65,.F.);
#4445=ADVANCED_FACE('',(#205),#4236,.F.);
#4446=ADVANCED_FACE('',(#206),#66,.F.);
#4447=ADVANCED_FACE('',(#207),#4237,.F.);
#4448=ADVANCED_FACE('',(#208),#67,.F.);
#4449=ADVANCED_FACE('',(#209),#4238,.F.);
#4450=ADVANCED_FACE('',(#210),#4239,.F.);
#4451=ADVANCED_FACE('',(#211),#68,.F.);
#4452=ADVANCED_FACE('',(#212),#4240,.F.);
#4453=ADVANCED_FACE('',(#213),#4241,.F.);
#4454=ADVANCED_FACE('',(#214),#4242,.F.);
#4455=ADVANCED_FACE('',(#215),#4243,.F.);
#4456=ADVANCED_FACE('',(#216),#69,.F.);
#4457=ADVANCED_FACE('',(#217),#4244,.F.);
#4458=ADVANCED_FACE('',(#218),#70,.F.);
#4459=ADVANCED_FACE('',(#219),#4245,.F.);
#4460=ADVANCED_FACE('',(#220),#71,.F.);
#4461=ADVANCED_FACE('',(#221),#4246,.F.);
#4462=ADVANCED_FACE('',(#222),#72,.F.);
#4463=ADVANCED_FACE('',(#223),#73,.F.);
#4464=ADVANCED_FACE('',(#224),#4247,.F.);
#4465=ADVANCED_FACE('',(#225),#4248,.F.);
#4466=ADVANCED_FACE('',(#226),#74,.F.);
#4467=ADVANCED_FACE('',(#227),#4249,.T.);
#4468=ADVANCED_FACE('',(#228),#4250,.F.);
#4469=ADVANCED_FACE('',(#229),#75,.F.);
#4470=ADVANCED_FACE('',(#230),#4251,.F.);
#4471=ADVANCED_FACE('',(#231),#76,.T.);
#4472=ADVANCED_FACE('',(#232),#4252,.T.);
#4473=ADVANCED_FACE('',(#233),#4253,.F.);
#4474=ADVANCED_FACE('',(#234),#4254,.F.);
#4475=ADVANCED_FACE('',(#235),#77,.F.);
#4476=ADVANCED_FACE('',(#236),#78,.T.);
#4477=ADVANCED_FACE('',(#237),#4255,.F.);
#4478=ADVANCED_FACE('',(#238),#4256,.F.);
#4479=ADVANCED_FACE('',(#239),#4257,.T.);
#4480=ADVANCED_FACE('',(#240),#4258,.T.);
#4481=ADVANCED_FACE('',(#241),#4259,.T.);
#4482=ADVANCED_FACE('',(#242),#4260,.T.);
#4483=ADVANCED_FACE('',(#243),#4261,.T.);
#4484=ADVANCED_FACE('',(#244),#4262,.T.);
#4485=ADVANCED_FACE('',(#245),#4263,.T.);
#4486=ADVANCED_FACE('',(#246,#115),#4264,.T.);
#4487=ADVANCED_FACE('',(#247),#79,.T.);
#4488=ADVANCED_FACE('',(#248),#80,.T.);
#4489=ADVANCED_FACE('',(#249),#4265,.F.);
#4490=ADVANCED_FACE('',(#250),#81,.F.);
#4491=ADVANCED_FACE('',(#251),#4266,.T.);
#4492=ADVANCED_FACE('',(#252),#82,.T.);
#4493=ADVANCED_FACE('',(#253),#4267,.F.);
#4494=ADVANCED_FACE('',(#254),#4268,.T.);
#4495=ADVANCED_FACE('',(#255),#4269,.T.);
#4496=ADVANCED_FACE('',(#256),#83,.F.);
#4497=ADVANCED_FACE('',(#257),#84,.T.);
#4498=ADVANCED_FACE('',(#258),#4270,.T.);
#4499=ADVANCED_FACE('',(#259),#4271,.T.);
#4500=ADVANCED_FACE('',(#260),#4272,.F.);
#4501=ADVANCED_FACE('',(#261),#4273,.F.);
#4502=ADVANCED_FACE('',(#262),#4274,.F.);
#4503=ADVANCED_FACE('',(#263),#4275,.F.);
#4504=ADVANCED_FACE('',(#264),#4276,.T.);
#4505=ADVANCED_FACE('',(#265),#4277,.F.);
#4506=ADVANCED_FACE('',(#266),#4278,.F.);
#4507=ADVANCED_FACE('',(#267),#4279,.F.);
#4508=ADVANCED_FACE('',(#268,#116),#4280,.F.);
#4509=ADVANCED_FACE('',(#269),#85,.T.);
#4510=ADVANCED_FACE('',(#270),#86,.F.);
#4511=ADVANCED_FACE('',(#271),#4281,.F.);
#4512=ADVANCED_FACE('',(#272),#87,.F.);
#4513=ADVANCED_FACE('',(#273),#4282,.F.);
#4514=ADVANCED_FACE('',(#274),#88,.F.);
#4515=ADVANCED_FACE('',(#275),#4283,.F.);
#4516=ADVANCED_FACE('',(#276),#89,.F.);
#4517=ADVANCED_FACE('',(#277),#4284,.F.);
#4518=ADVANCED_FACE('',(#278),#90,.F.);
#4519=ADVANCED_FACE('',(#279),#4285,.F.);
#4520=ADVANCED_FACE('',(#280),#91,.F.);
#4521=ADVANCED_FACE('',(#281),#4286,.F.);
#4522=ADVANCED_FACE('',(#282),#4287,.F.);
#4523=ADVANCED_FACE('',(#283),#92,.T.);
#4524=ADVANCED_FACE('',(#284),#4288,.F.);
#4525=ADVANCED_FACE('',(#285),#93,.T.);
#4526=ADVANCED_FACE('',(#286),#4289,.F.);
#4527=ADVANCED_FACE('',(#287),#94,.T.);
#4528=ADVANCED_FACE('',(#288),#4290,.F.);
#4529=ADVANCED_FACE('',(#289),#95,.T.);
#4530=ADVANCED_FACE('',(#290),#4291,.F.);
#4531=ADVANCED_FACE('',(#291),#96,.T.);
#4532=ADVANCED_FACE('',(#292),#4292,.F.);
#4533=ADVANCED_FACE('',(#293),#4293,.T.);
#4534=ADVANCED_FACE('',(#294),#4294,.T.);
#4535=ADVANCED_FACE('',(#295),#4295,.T.);
#4536=ADVANCED_FACE('',(#296),#4296,.T.);
#4537=ADVANCED_FACE('',(#297),#4297,.T.);
#4538=ADVANCED_FACE('',(#298),#4298,.F.);
#4539=ADVANCED_FACE('',(#299),#4299,.T.);
#4540=ADVANCED_FACE('',(#300),#97,.F.);
#4541=ADVANCED_FACE('',(#301),#4300,.T.);
#4542=ADVANCED_FACE('',(#302),#98,.T.);
#4543=ADVANCED_FACE('',(#303),#4301,.F.);
#4544=ADVANCED_FACE('',(#304),#4302,.F.);
#4545=ADVANCED_FACE('',(#305),#4303,.T.);
#4546=ADVANCED_FACE('',(#306),#4304,.F.);
#4547=ADVANCED_FACE('',(#307),#4305,.F.);
#4548=ADVANCED_FACE('',(#308),#4306,.F.);
#4549=ADVANCED_FACE('',(#309),#4307,.F.);
#4550=ADVANCED_FACE('',(#310),#4308,.T.);
#4551=ADVANCED_FACE('',(#311),#4309,.T.);
#4552=ADVANCED_FACE('',(#312),#4310,.T.);
#4553=ADVANCED_FACE('',(#313),#4311,.T.);
#4554=ADVANCED_FACE('',(#314),#4312,.T.);
#4555=ADVANCED_FACE('',(#315),#4313,.T.);
#4556=ADVANCED_FACE('',(#316),#4314,.F.);
#4557=ADVANCED_FACE('',(#317),#4315,.T.);
#4558=ADVANCED_FACE('',(#318),#99,.F.);
#4559=ADVANCED_FACE('',(#319),#4316,.T.);
#4560=ADVANCED_FACE('',(#320),#100,.T.);
#4561=ADVANCED_FACE('',(#321),#4317,.T.);
#4562=ADVANCED_FACE('',(#322),#4318,.F.);
#4563=ADVANCED_FACE('',(#323),#4319,.F.);
#4564=ADVANCED_FACE('',(#324),#4320,.T.);
#4565=ADVANCED_FACE('',(#325),#4321,.F.);
#4566=ADVANCED_FACE('',(#326),#4322,.F.);
#4567=ADVANCED_FACE('',(#327),#4323,.F.);
#4568=ADVANCED_FACE('',(#328),#4324,.F.);
#4569=ADVANCED_FACE('',(#329),#101,.F.);
#4570=ADVANCED_FACE('',(#330),#4325,.T.);
#4571=ADVANCED_FACE('',(#331),#102,.T.);
#4572=ADVANCED_FACE('',(#332),#4326,.F.);
#4573=ADVANCED_FACE('',(#333),#4327,.T.);
#4574=ADVANCED_FACE('',(#334),#4328,.T.);
#4575=ADVANCED_FACE('',(#335),#4329,.T.);
#4576=ADVANCED_FACE('',(#336),#4330,.T.);
#4577=ADVANCED_FACE('',(#337),#4331,.T.);
#4578=ADVANCED_FACE('',(#338),#4332,.F.);
#4579=ADVANCED_FACE('',(#339),#4333,.T.);
#4580=ADVANCED_FACE('',(#340),#4334,.F.);
#4581=ADVANCED_FACE('',(#341),#4335,.F.);
#4582=ADVANCED_FACE('',(#342),#4336,.F.);
#4583=ADVANCED_FACE('',(#343),#4337,.F.);
#4584=ADVANCED_FACE('',(#344),#4338,.T.);
#4585=ADVANCED_FACE('',(#345),#4339,.T.);
#4586=ADVANCED_FACE('',(#346),#4340,.F.);
#4587=ADVANCED_FACE('',(#347),#103,.F.);
#4588=ADVANCED_FACE('',(#348),#4341,.T.);
#4589=ADVANCED_FACE('',(#349),#104,.T.);
#4590=ADVANCED_FACE('',(#350),#4342,.F.);
#4591=ADVANCED_FACE('',(#351),#4343,.T.);
#4592=ADVANCED_FACE('',(#352),#4344,.T.);
#4593=ADVANCED_FACE('',(#353),#4345,.T.);
#4594=ADVANCED_FACE('',(#354),#4346,.T.);
#4595=ADVANCED_FACE('',(#355),#4347,.T.);
#4596=ADVANCED_FACE('',(#356),#4348,.F.);
#4597=ADVANCED_FACE('',(#357),#4349,.T.);
#4598=ADVANCED_FACE('',(#358),#4350,.F.);
#4599=ADVANCED_FACE('',(#359),#4351,.F.);
#4600=ADVANCED_FACE('',(#360),#4352,.F.);
#4601=ADVANCED_FACE('',(#361),#4353,.F.);
#4602=ADVANCED_FACE('',(#362),#4354,.T.);
#4603=ADVANCED_FACE('',(#363),#4355,.T.);
#4604=ADVANCED_FACE('',(#364),#4356,.F.);
#4605=CLOSED_SHELL('',(#4357,#4358,#4359,#4360,#4361,#4362,#4363,#4364,
#4365,#4366,#4367,#4368,#4369,#4370,#4371,#4372,#4373,#4374,#4375,#4376,
#4377,#4378,#4379,#4380,#4381,#4382,#4383,#4384,#4385,#4386,#4387,#4388,
#4389,#4390,#4391,#4392,#4393,#4394,#4395,#4396,#4397,#4398,#4399,#4400,
#4401,#4402,#4403,#4404,#4405,#4406,#4407,#4408,#4409,#4410,#4411,#4412,
#4413,#4414,#4415,#4416,#4417,#4418,#4419,#4420,#4421,#4422,#4423,#4424,
#4425,#4426,#4427,#4428,#4429,#4430,#4431,#4432,#4433,#4434,#4435,#4436,
#4437,#4438,#4439,#4440,#4441,#4442,#4443,#4444,#4445,#4446,#4447,#4448,
#4449,#4450,#4451,#4452,#4453,#4454,#4455,#4456,#4457,#4458,#4459,#4460,
#4461,#4462,#4463,#4464,#4465,#4466));
#4606=CLOSED_SHELL('',(#4467,#4468,#4469,#4470,#4471,#4472,#4473,#4474,
#4475,#4476,#4477,#4478,#4479,#4480,#4481,#4482,#4483,#4484,#4485,#4486,
#4487,#4488,#4489,#4490,#4491,#4492,#4493,#4494,#4495,#4496,#4497,#4498,
#4499,#4500,#4501,#4502,#4503,#4504,#4505,#4506,#4507,#4508,#4509,#4510,
#4511,#4512,#4513,#4514,#4515,#4516,#4517,#4518,#4519,#4520,#4521,#4522,
#4523,#4524,#4525,#4526,#4527,#4528,#4529,#4530,#4531,#4532));
#4607=CLOSED_SHELL('',(#4533,#4534,#4535,#4536,#4537,#4538,#4539,#4540,
#4541,#4542,#4543,#4544,#4545,#4546,#4547,#4548,#4549,#4550));
#4608=CLOSED_SHELL('',(#4551,#4552,#4553,#4554,#4555,#4556,#4557,#4558,
#4559,#4560,#4561,#4562,#4563,#4564,#4565,#4566,#4567,#4568));
#4609=CLOSED_SHELL('',(#4569,#4570,#4571,#4572,#4573,#4574,#4575,#4576,
#4577,#4578,#4579,#4580,#4581,#4582,#4583,#4584,#4585,#4586));
#4610=CLOSED_SHELL('',(#4587,#4588,#4589,#4590,#4591,#4592,#4593,#4594,
#4595,#4596,#4597,#4598,#4599,#4600,#4601,#4602,#4603,#4604));
#4611=DERIVED_UNIT_ELEMENT(#4613,1.);
#4612=DERIVED_UNIT_ELEMENT(#7712,-3.);
#4613=(
MASS_UNIT()
NAMED_UNIT(*)
SI_UNIT(.KILO.,.GRAM.)
);
#4614=DERIVED_UNIT((#4611,#4612));
#4615=MEASURE_REPRESENTATION_ITEM('density measure',
POSITIVE_RATIO_MEASURE(7850.),#4614);
#4616=PROPERTY_DEFINITION_REPRESENTATION(#4621,#4618);
#4617=PROPERTY_DEFINITION_REPRESENTATION(#4622,#4619);
#4618=REPRESENTATION('material name',(#4620),#7709);
#4619=REPRESENTATION('density',(#4615),#7709);
#4620=DESCRIPTIVE_REPRESENTATION_ITEM('Steel','Steel');
#4621=PROPERTY_DEFINITION('material property','material name',#7719);
#4622=PROPERTY_DEFINITION('material property','density of part',#7719);
#4623=AXIS2_PLACEMENT_3D('',#6366,#5040,#5041);
#4624=AXIS2_PLACEMENT_3D('',#6367,#5042,#5043);
#4625=AXIS2_PLACEMENT_3D('',#6370,#5044,#5045);
#4626=AXIS2_PLACEMENT_3D('',#6374,#5047,#5048);
#4627=AXIS2_PLACEMENT_3D('',#6378,#5050,#5051);
#4628=AXIS2_PLACEMENT_3D('',#6382,#5053,#5054);
#4629=AXIS2_PLACEMENT_3D('',#6386,#5056,#5057);
#4630=AXIS2_PLACEMENT_3D('',#6390,#5059,#5060);
#4631=AXIS2_PLACEMENT_3D('',#6394,#5062,#5063);
#4632=AXIS2_PLACEMENT_3D('',#6398,#5065,#5066);
#4633=AXIS2_PLACEMENT_3D('',#6402,#5068,#5069);
#4634=AXIS2_PLACEMENT_3D('',#6406,#5071,#5072);
#4635=AXIS2_PLACEMENT_3D('',#6410,#5074,#5075);
#4636=AXIS2_PLACEMENT_3D('',#6414,#5077,#5078);
#4637=AXIS2_PLACEMENT_3D('',#6416,#5080,#5081);
#4638=AXIS2_PLACEMENT_3D('',#6422,#5085,#5086);
#4639=AXIS2_PLACEMENT_3D('',#6425,#5088,#5089);
#4640=AXIS2_PLACEMENT_3D('',#6426,#5090,#5091);
#4641=AXIS2_PLACEMENT_3D('',#6430,#5094,#5095);
#4642=AXIS2_PLACEMENT_3D('',#6433,#5097,#5098);
#4643=AXIS2_PLACEMENT_3D('',#6434,#5099,#5100);
#4644=AXIS2_PLACEMENT_3D('',#6438,#5103,#5104);
#4645=AXIS2_PLACEMENT_3D('',#6441,#5106,#5107);
#4646=AXIS2_PLACEMENT_3D('',#6442,#5108,#5109);
#4647=AXIS2_PLACEMENT_3D('',#6444,#5110,#5111);
#4648=AXIS2_PLACEMENT_3D('',#6447,#5113,#5114);
#4649=AXIS2_PLACEMENT_3D('',#6448,#5115,#5116);
#4650=AXIS2_PLACEMENT_3D('',#6449,#5117,#5118);
#4651=AXIS2_PLACEMENT_3D('',#6451,#5119,#5120);
#4652=AXIS2_PLACEMENT_3D('',#6454,#5122,#5123);
#4653=AXIS2_PLACEMENT_3D('',#6455,#5124,#5125);
#4654=AXIS2_PLACEMENT_3D('',#6458,#5127,#5128);
#4655=AXIS2_PLACEMENT_3D('',#6459,#5129,#5130);
#4656=AXIS2_PLACEMENT_3D('',#6460,#5131,#5132);
#4657=AXIS2_PLACEMENT_3D('',#6462,#5133,#5134);
#4658=AXIS2_PLACEMENT_3D('',#6465,#5136,#5137);
#4659=AXIS2_PLACEMENT_3D('',#6466,#5138,#5139);
#4660=AXIS2_PLACEMENT_3D('',#6469,#5141,#5142);
#4661=AXIS2_PLACEMENT_3D('',#6470,#5143,#5144);
#4662=AXIS2_PLACEMENT_3D('',#6471,#5145,#5146);
#4663=AXIS2_PLACEMENT_3D('',#6473,#5147,#5148);
#4664=AXIS2_PLACEMENT_3D('',#6476,#5150,#5151);
#4665=AXIS2_PLACEMENT_3D('',#6477,#5152,#5153);
#4666=AXIS2_PLACEMENT_3D('',#6480,#5155,#5156);
#4667=AXIS2_PLACEMENT_3D('',#6481,#5157,#5158);
#4668=AXIS2_PLACEMENT_3D('',#6482,#5159,#5160);
#4669=AXIS2_PLACEMENT_3D('',#6484,#5161,#5162);
#4670=AXIS2_PLACEMENT_3D('',#6487,#5164,#5165);
#4671=AXIS2_PLACEMENT_3D('',#6488,#5166,#5167);
#4672=AXIS2_PLACEMENT_3D('',#6490,#5168,#5169);
#4673=AXIS2_PLACEMENT_3D('',#6493,#5171,#5172);
#4674=AXIS2_PLACEMENT_3D('',#6494,#5173,#5174);
#4675=AXIS2_PLACEMENT_3D('',#6497,#5176,#5177);
#4676=AXIS2_PLACEMENT_3D('',#6498,#5178,#5179);
#4677=AXIS2_PLACEMENT_3D('',#6500,#5180,#5181);
#4678=AXIS2_PLACEMENT_3D('',#6503,#5183,#5184);
#4679=AXIS2_PLACEMENT_3D('',#6504,#5185,#5186);
#4680=AXIS2_PLACEMENT_3D('',#6508,#5188,#5189);
#4681=AXIS2_PLACEMENT_3D('',#6512,#5191,#5192);
#4682=AXIS2_PLACEMENT_3D('',#6515,#5194,#5195);
#4683=AXIS2_PLACEMENT_3D('',#6518,#5196,#5197);
#4684=AXIS2_PLACEMENT_3D('',#6522,#5199,#5200);
#4685=AXIS2_PLACEMENT_3D('',#6526,#5202,#5203);
#4686=AXIS2_PLACEMENT_3D('',#6530,#5205,#5206);
#4687=AXIS2_PLACEMENT_3D('',#6534,#5208,#5209);
#4688=AXIS2_PLACEMENT_3D('',#6538,#5211,#5212);
#4689=AXIS2_PLACEMENT_3D('',#6542,#5214,#5215);
#4690=AXIS2_PLACEMENT_3D('',#6546,#5217,#5218);
#4691=AXIS2_PLACEMENT_3D('',#6550,#5220,#5221);
#4692=AXIS2_PLACEMENT_3D('',#6554,#5223,#5224);
#4693=AXIS2_PLACEMENT_3D('',#6558,#5226,#5227);
#4694=AXIS2_PLACEMENT_3D('',#6562,#5229,#5230);
#4695=AXIS2_PLACEMENT_3D('',#6566,#5232,#5233);
#4696=AXIS2_PLACEMENT_3D('',#6570,#5235,#5236);
#4697=AXIS2_PLACEMENT_3D('',#6574,#5238,#5239);
#4698=AXIS2_PLACEMENT_3D('',#6578,#5241,#5242);
#4699=AXIS2_PLACEMENT_3D('',#6582,#5244,#5245);
#4700=AXIS2_PLACEMENT_3D('',#6586,#5247,#5248);
#4701=AXIS2_PLACEMENT_3D('',#6590,#5250,#5251);
#4702=AXIS2_PLACEMENT_3D('',#6594,#5253,#5254);
#4703=AXIS2_PLACEMENT_3D('',#6598,#5256,#5257);
#4704=AXIS2_PLACEMENT_3D('',#6602,#5259,#5260);
#4705=AXIS2_PLACEMENT_3D('',#6606,#5262,#5263);
#4706=AXIS2_PLACEMENT_3D('',#6610,#5265,#5266);
#4707=AXIS2_PLACEMENT_3D('',#6614,#5268,#5269);
#4708=AXIS2_PLACEMENT_3D('',#6618,#5271,#5272);
#4709=AXIS2_PLACEMENT_3D('',#6620,#5274,#5275);
#4710=AXIS2_PLACEMENT_3D('',#6624,#5277,#5278);
#4711=AXIS2_PLACEMENT_3D('',#6626,#5280,#5281);
#4712=AXIS2_PLACEMENT_3D('',#6630,#5284,#5285);
#4713=AXIS2_PLACEMENT_3D('',#6633,#5287,#5288);
#4714=AXIS2_PLACEMENT_3D('',#6634,#5289,#5290);
#4715=AXIS2_PLACEMENT_3D('',#6638,#5293,#5294);
#4716=AXIS2_PLACEMENT_3D('',#6641,#5296,#5297);
#4717=AXIS2_PLACEMENT_3D('',#6642,#5298,#5299);
#4718=AXIS2_PLACEMENT_3D('',#6646,#5302,#5303);
#4719=AXIS2_PLACEMENT_3D('',#6649,#5305,#5306);
#4720=AXIS2_PLACEMENT_3D('',#6650,#5307,#5308);
#4721=AXIS2_PLACEMENT_3D('',#6654,#5311,#5312);
#4722=AXIS2_PLACEMENT_3D('',#6657,#5314,#5315);
#4723=AXIS2_PLACEMENT_3D('',#6658,#5316,#5317);
#4724=AXIS2_PLACEMENT_3D('',#6662,#5320,#5321);
#4725=AXIS2_PLACEMENT_3D('',#6665,#5323,#5324);
#4726=AXIS2_PLACEMENT_3D('',#6666,#5325,#5326);
#4727=AXIS2_PLACEMENT_3D('',#6670,#5329,#5330);
#4728=AXIS2_PLACEMENT_3D('',#6673,#5332,#5333);
#4729=AXIS2_PLACEMENT_3D('',#6674,#5334,#5335);
#4730=AXIS2_PLACEMENT_3D('',#6678,#5338,#5339);
#4731=AXIS2_PLACEMENT_3D('',#6681,#5341,#5342);
#4732=AXIS2_PLACEMENT_3D('',#6682,#5343,#5344);
#4733=AXIS2_PLACEMENT_3D('',#6686,#5347,#5348);
#4734=AXIS2_PLACEMENT_3D('',#6689,#5350,#5351);
#4735=AXIS2_PLACEMENT_3D('',#6690,#5352,#5353);
#4736=AXIS2_PLACEMENT_3D('',#6694,#5356,#5357);
#4737=AXIS2_PLACEMENT_3D('',#6697,#5359,#5360);
#4738=AXIS2_PLACEMENT_3D('',#6698,#5361,#5362);
#4739=AXIS2_PLACEMENT_3D('',#6702,#5365,#5366);
#4740=AXIS2_PLACEMENT_3D('',#6705,#5368,#5369);
#4741=AXIS2_PLACEMENT_3D('',#6706,#5370,#5371);
#4742=AXIS2_PLACEMENT_3D('',#6710,#5374,#5375);
#4743=AXIS2_PLACEMENT_3D('',#6713,#5377,#5378);
#4744=AXIS2_PLACEMENT_3D('',#6714,#5379,#5380);
#4745=AXIS2_PLACEMENT_3D('',#6718,#5383,#5384);
#4746=AXIS2_PLACEMENT_3D('',#6721,#5386,#5387);
#4747=AXIS2_PLACEMENT_3D('',#6722,#5388,#5389);
#4748=AXIS2_PLACEMENT_3D('',#6726,#5392,#5393);
#4749=AXIS2_PLACEMENT_3D('',#6729,#5396,#5397);
#4750=AXIS2_PLACEMENT_3D('',#6731,#5399,#5400);
#4751=AXIS2_PLACEMENT_3D('',#6733,#5402,#5403);
#4752=AXIS2_PLACEMENT_3D('',#6735,#5405,#5406);
#4753=AXIS2_PLACEMENT_3D('',#6736,#5407,#5408);
#4754=AXIS2_PLACEMENT_3D('',#6737,#5409,#5410);
#4755=AXIS2_PLACEMENT_3D('',#6738,#5411,#5412);
#4756=AXIS2_PLACEMENT_3D('',#6744,#5416,#5417);
#4757=AXIS2_PLACEMENT_3D('',#6747,#5419,#5420);
#4758=AXIS2_PLACEMENT_3D('',#6748,#5421,#5422);
#4759=AXIS2_PLACEMENT_3D('',#6752,#5425,#5426);
#4760=AXIS2_PLACEMENT_3D('',#6753,#5427,#5428);
#4761=AXIS2_PLACEMENT_3D('',#6754,#5429,#5430);
#4762=AXIS2_PLACEMENT_3D('',#6760,#5434,#5435);
#4763=AXIS2_PLACEMENT_3D('',#6763,#5437,#5438);
#4764=AXIS2_PLACEMENT_3D('',#6764,#5439,#5440);
#4765=AXIS2_PLACEMENT_3D('',#6768,#5443,#5444);
#4766=AXIS2_PLACEMENT_3D('',#6769,#5445,#5446);
#4767=AXIS2_PLACEMENT_3D('',#6770,#5447,#5448);
#4768=AXIS2_PLACEMENT_3D('',#6776,#5452,#5453);
#4769=AXIS2_PLACEMENT_3D('',#6779,#5455,#5456);
#4770=AXIS2_PLACEMENT_3D('',#6780,#5457,#5458);
#4771=AXIS2_PLACEMENT_3D('',#6784,#5461,#5462);
#4772=AXIS2_PLACEMENT_3D('',#6786,#5463,#5464);
#4773=AXIS2_PLACEMENT_3D('',#6787,#5465,#5466);
#4774=AXIS2_PLACEMENT_3D('',#6788,#5467,#5468);
#4775=AXIS2_PLACEMENT_3D('',#6793,#5470,#5471);
#4776=AXIS2_PLACEMENT_3D('',#6797,#5473,#5474);
#4777=AXIS2_PLACEMENT_3D('',#6801,#5476,#5477);
#4778=AXIS2_PLACEMENT_3D('',#6804,#5479,#5480);
#4779=AXIS2_PLACEMENT_3D('',#6808,#5482,#5483);
#4780=AXIS2_PLACEMENT_3D('',#6812,#5485,#5486);
#4781=AXIS2_PLACEMENT_3D('',#6815,#5488,#5489);
#4782=AXIS2_PLACEMENT_3D('',#6816,#5490,#5491);
#4783=AXIS2_PLACEMENT_3D('',#6822,#5495,#5496);
#4784=AXIS2_PLACEMENT_3D('',#6824,#5497,#5498);
#4785=AXIS2_PLACEMENT_3D('',#6827,#5500,#5501);
#4786=AXIS2_PLACEMENT_3D('',#6828,#5502,#5503);
#4787=AXIS2_PLACEMENT_3D('',#6831,#5506,#5507);
#4788=AXIS2_PLACEMENT_3D('',#6832,#5508,#5509);
#4789=AXIS2_PLACEMENT_3D('',#6838,#5513,#5514);
#4790=AXIS2_PLACEMENT_3D('',#6840,#5515,#5516);
#4791=AXIS2_PLACEMENT_3D('',#6843,#5518,#5519);
#4792=AXIS2_PLACEMENT_3D('',#6844,#5520,#5521);
#4793=AXIS2_PLACEMENT_3D('',#6847,#5524,#5525);
#4794=AXIS2_PLACEMENT_3D('',#6848,#5526,#5527);
#4795=AXIS2_PLACEMENT_3D('',#6854,#5531,#5532);
#4796=AXIS2_PLACEMENT_3D('',#6856,#5533,#5534);
#4797=AXIS2_PLACEMENT_3D('',#6859,#5536,#5537);
#4798=AXIS2_PLACEMENT_3D('',#6860,#5538,#5539);
#4799=AXIS2_PLACEMENT_3D('',#6863,#5542,#5543);
#4800=AXIS2_PLACEMENT_3D('',#6864,#5544,#5545);
#4801=AXIS2_PLACEMENT_3D('',#6869,#5547,#5548);
#4802=AXIS2_PLACEMENT_3D('',#6873,#5550,#5551);
#4803=AXIS2_PLACEMENT_3D('',#6877,#5553,#5554);
#4804=AXIS2_PLACEMENT_3D('',#6881,#5556,#5557);
#4805=AXIS2_PLACEMENT_3D('',#6885,#5559,#5560);
#4806=AXIS2_PLACEMENT_3D('',#6889,#5562,#5563);
#4807=AXIS2_PLACEMENT_3D('',#6893,#5565,#5566);
#4808=AXIS2_PLACEMENT_3D('',#6897,#5568,#5569);
#4809=AXIS2_PLACEMENT_3D('',#6901,#5571,#5572);
#4810=AXIS2_PLACEMENT_3D('',#6905,#5574,#5575);
#4811=AXIS2_PLACEMENT_3D('',#6909,#5577,#5578);
#4812=AXIS2_PLACEMENT_3D('',#6913,#5580,#5581);
#4813=AXIS2_PLACEMENT_3D('',#6915,#5583,#5584);
#4814=AXIS2_PLACEMENT_3D('',#6916,#5585,#5586);
#4815=AXIS2_PLACEMENT_3D('',#6917,#5587,#5588);
#4816=AXIS2_PLACEMENT_3D('',#6918,#5589,#5590);
#4817=AXIS2_PLACEMENT_3D('',#6921,#5593,#5594);
#4818=AXIS2_PLACEMENT_3D('',#6923,#5596,#5597);
#4819=AXIS2_PLACEMENT_3D('',#6926,#5600,#5601);
#4820=AXIS2_PLACEMENT_3D('',#6929,#5604,#5605);
#4821=AXIS2_PLACEMENT_3D('',#6931,#5607,#5608);
#4822=AXIS2_PLACEMENT_3D('',#6933,#5610,#5611);
#4823=AXIS2_PLACEMENT_3D('',#6934,#5612,#5613);
#4824=AXIS2_PLACEMENT_3D('',#6937,#5616,#5617);
#4825=AXIS2_PLACEMENT_3D('',#6938,#5618,#5619);
#4826=AXIS2_PLACEMENT_3D('',#6939,#5620,#5621);
#4827=AXIS2_PLACEMENT_3D('',#6942,#5624,#5625);
#4828=AXIS2_PLACEMENT_3D('',#6943,#5626,#5627);
#4829=AXIS2_PLACEMENT_3D('',#6944,#5628,#5629);
#4830=AXIS2_PLACEMENT_3D('',#6946,#5631,#5632);
#4831=AXIS2_PLACEMENT_3D('',#6949,#5635,#5636);
#4832=AXIS2_PLACEMENT_3D('',#6951,#5638,#5639);
#4833=AXIS2_PLACEMENT_3D('',#6953,#5641,#5642);
#4834=AXIS2_PLACEMENT_3D('',#6954,#5643,#5644);
#4835=AXIS2_PLACEMENT_3D('',#6957,#5647,#5648);
#4836=AXIS2_PLACEMENT_3D('',#6959,#5650,#5651);
#4837=AXIS2_PLACEMENT_3D('',#6960,#5652,#5653);
#4838=AXIS2_PLACEMENT_3D('',#6962,#5655,#5656);
#4839=AXIS2_PLACEMENT_3D('',#6965,#5659,#5660);
#4840=AXIS2_PLACEMENT_3D('',#6966,#5661,#5662);
#4841=AXIS2_PLACEMENT_3D('',#6968,#5664,#5665);
#4842=AXIS2_PLACEMENT_3D('',#6969,#5666,#5667);
#4843=AXIS2_PLACEMENT_3D('',#6980,#5672,#5673);
#4844=AXIS2_PLACEMENT_3D('',#6988,#5677,#5678);
#4845=AXIS2_PLACEMENT_3D('',#6990,#5680,#5681);
#4846=AXIS2_PLACEMENT_3D('',#6996,#5685,#5686);
#4847=AXIS2_PLACEMENT_3D('',#6999,#5687,#5688);
#4848=AXIS2_PLACEMENT_3D('',#7002,#5691,#5692);
#4849=AXIS2_PLACEMENT_3D('',#7014,#5699,#5700);
#4850=AXIS2_PLACEMENT_3D('',#7017,#5701,#5702);
#4851=AXIS2_PLACEMENT_3D('',#7020,#5705,#5706);
#4852=AXIS2_PLACEMENT_3D('',#7030,#5713,#5714);
#4853=AXIS2_PLACEMENT_3D('',#7040,#5720,#5721);
#4854=AXIS2_PLACEMENT_3D('',#7049,#5726,#5727);
#4855=AXIS2_PLACEMENT_3D('',#7051,#5728,#5729);
#4856=AXIS2_PLACEMENT_3D('',#7054,#5731,#5732);
#4857=AXIS2_PLACEMENT_3D('',#7055,#5733,#5734);
#4858=AXIS2_PLACEMENT_3D('',#7056,#5735,#5736);
#4859=AXIS2_PLACEMENT_3D('',#7057,#5737,#5738);
#4860=AXIS2_PLACEMENT_3D('',#7058,#5739,#5740);
#4861=AXIS2_PLACEMENT_3D('',#7059,#5741,#5742);
#4862=AXIS2_PLACEMENT_3D('',#7069,#5748,#5749);
#4863=AXIS2_PLACEMENT_3D('',#7072,#5752,#5753);
#4864=AXIS2_PLACEMENT_3D('',#7074,#5755,#5756);
#4865=AXIS2_PLACEMENT_3D('',#7076,#5758,#5759);
#4866=AXIS2_PLACEMENT_3D('',#7077,#5760,#5761);
#4867=AXIS2_PLACEMENT_3D('',#7079,#5763,#5764);
#4868=AXIS2_PLACEMENT_3D('',#7081,#5766,#5767);
#4869=AXIS2_PLACEMENT_3D('',#7082,#5768,#5769);
#4870=AXIS2_PLACEMENT_3D('',#7084,#5770,#5771);
#4871=AXIS2_PLACEMENT_3D('',#7088,#5773,#5774);
#4872=AXIS2_PLACEMENT_3D('',#7092,#5776,#5777);
#4873=AXIS2_PLACEMENT_3D('',#7096,#5779,#5780);
#4874=AXIS2_PLACEMENT_3D('',#7104,#5784,#5785);
#4875=AXIS2_PLACEMENT_3D('',#7108,#5787,#5788);
#4876=AXIS2_PLACEMENT_3D('',#7112,#5790,#5791);
#4877=AXIS2_PLACEMENT_3D('',#7115,#5793,#5794);
#4878=AXIS2_PLACEMENT_3D('',#7118,#5795,#5796);
#4879=AXIS2_PLACEMENT_3D('',#7122,#5798,#5799);
#4880=AXIS2_PLACEMENT_3D('',#7126,#5801,#5802);
#4881=AXIS2_PLACEMENT_3D('',#7130,#5804,#5805);
#4882=AXIS2_PLACEMENT_3D('',#7134,#5807,#5808);
#4883=AXIS2_PLACEMENT_3D('',#7138,#5810,#5811);
#4884=AXIS2_PLACEMENT_3D('',#7140,#5813,#5814);
#4885=AXIS2_PLACEMENT_3D('',#7142,#5815,#5816);
#4886=AXIS2_PLACEMENT_3D('',#7144,#5818,#5819);
#4887=AXIS2_PLACEMENT_3D('',#7147,#5821,#5822);
#4888=AXIS2_PLACEMENT_3D('',#7148,#5823,#5824);
#4889=AXIS2_PLACEMENT_3D('',#7154,#5827,#5828);
#4890=AXIS2_PLACEMENT_3D('',#7162,#5832,#5833);
#4891=AXIS2_PLACEMENT_3D('',#7166,#5836,#5837);
#4892=AXIS2_PLACEMENT_3D('',#7169,#5838,#5839);
#4893=AXIS2_PLACEMENT_3D('',#7172,#5842,#5843);
#4894=AXIS2_PLACEMENT_3D('',#7184,#5850,#5851);
#4895=AXIS2_PLACEMENT_3D('',#7186,#5852,#5853);
#4896=AXIS2_PLACEMENT_3D('',#7188,#5855,#5856);
#4897=AXIS2_PLACEMENT_3D('',#7199,#5863,#5864);
#4898=AXIS2_PLACEMENT_3D('',#7209,#5870,#5871);
#4899=AXIS2_PLACEMENT_3D('',#7218,#5876,#5877);
#4900=AXIS2_PLACEMENT_3D('',#7220,#5878,#5879);
#4901=AXIS2_PLACEMENT_3D('',#7222,#5880,#5881);
#4902=AXIS2_PLACEMENT_3D('',#7224,#5883,#5884);
#4903=AXIS2_PLACEMENT_3D('',#7225,#5885,#5886);
#4904=AXIS2_PLACEMENT_3D('',#7226,#5887,#5888);
#4905=AXIS2_PLACEMENT_3D('',#7227,#5889,#5890);
#4906=AXIS2_PLACEMENT_3D('',#7229,#5892,#5893);
#4907=AXIS2_PLACEMENT_3D('',#7239,#5899,#5900);
#4908=AXIS2_PLACEMENT_3D('',#7242,#5903,#5904);
#4909=AXIS2_PLACEMENT_3D('',#7244,#5906,#5907);
#4910=AXIS2_PLACEMENT_3D('',#7246,#5909,#5910);
#4911=AXIS2_PLACEMENT_3D('',#7247,#5911,#5912);
#4912=AXIS2_PLACEMENT_3D('',#7249,#5914,#5915);
#4913=AXIS2_PLACEMENT_3D('',#7251,#5917,#5918);
#4914=AXIS2_PLACEMENT_3D('',#7253,#5920,#5921);
#4915=AXIS2_PLACEMENT_3D('',#7254,#5922,#5923);
#4916=AXIS2_PLACEMENT_3D('',#7258,#5925,#5926);
#4917=AXIS2_PLACEMENT_3D('',#7262,#5928,#5929);
#4918=AXIS2_PLACEMENT_3D('',#7265,#5931,#5932);
#4919=AXIS2_PLACEMENT_3D('',#7267,#5933,#5934);
#4920=AXIS2_PLACEMENT_3D('',#7271,#5936,#5937);
#4921=AXIS2_PLACEMENT_3D('',#7275,#5939,#5940);
#4922=AXIS2_PLACEMENT_3D('',#7279,#5942,#5943);
#4923=AXIS2_PLACEMENT_3D('',#7283,#5945,#5946);
#4924=AXIS2_PLACEMENT_3D('',#7287,#5948,#5949);
#4925=AXIS2_PLACEMENT_3D('',#7291,#5951,#5952);
#4926=AXIS2_PLACEMENT_3D('',#7295,#5954,#5955);
#4927=AXIS2_PLACEMENT_3D('',#7299,#5957,#5958);
#4928=AXIS2_PLACEMENT_3D('',#7301,#5960,#5961);
#4929=AXIS2_PLACEMENT_3D('',#7303,#5963,#5964);
#4930=AXIS2_PLACEMENT_3D('',#7306,#5967,#5968);
#4931=AXIS2_PLACEMENT_3D('',#7308,#5970,#5971);
#4932=AXIS2_PLACEMENT_3D('',#7310,#5973,#5974);
#4933=AXIS2_PLACEMENT_3D('',#7312,#5976,#5977);
#4934=AXIS2_PLACEMENT_3D('',#7314,#5979,#5980);
#4935=AXIS2_PLACEMENT_3D('',#7316,#5982,#5983);
#4936=AXIS2_PLACEMENT_3D('',#7318,#5985,#5986);
#4937=AXIS2_PLACEMENT_3D('',#7320,#5988,#5989);
#4938=AXIS2_PLACEMENT_3D('',#7322,#5991,#5992);
#4939=AXIS2_PLACEMENT_3D('',#7324,#5994,#5995);
#4940=AXIS2_PLACEMENT_3D('',#7326,#5997,#5998);
#4941=AXIS2_PLACEMENT_3D('',#7327,#5999,#6000);
#4942=AXIS2_PLACEMENT_3D('',#7329,#6002,#6003);
#4943=AXIS2_PLACEMENT_3D('',#7331,#6005,#6006);
#4944=AXIS2_PLACEMENT_3D('',#7333,#6008,#6009);
#4945=AXIS2_PLACEMENT_3D('',#7335,#6011,#6012);
#4946=AXIS2_PLACEMENT_3D('',#7337,#6014,#6015);
#4947=AXIS2_PLACEMENT_3D('',#7338,#6016,#6017);
#4948=AXIS2_PLACEMENT_3D('',#7340,#6019,#6020);
#4949=AXIS2_PLACEMENT_3D('',#7342,#6022,#6023);
#4950=AXIS2_PLACEMENT_3D('',#7344,#6025,#6026);
#4951=AXIS2_PLACEMENT_3D('',#7346,#6028,#6029);
#4952=AXIS2_PLACEMENT_3D('',#7347,#6030,#6031);
#4953=AXIS2_PLACEMENT_3D('',#7356,#6036,#6037);
#4954=AXIS2_PLACEMENT_3D('',#7362,#6041,#6042);
#4955=AXIS2_PLACEMENT_3D('',#7368,#6046,#6047);
#4956=AXIS2_PLACEMENT_3D('',#7371,#6050,#6051);
#4957=AXIS2_PLACEMENT_3D('',#7385,#6059,#6060);
#4958=AXIS2_PLACEMENT_3D('',#7389,#6063,#6064);
#4959=AXIS2_PLACEMENT_3D('',#7390,#6065,#6066);
#4960=AXIS2_PLACEMENT_3D('',#7393,#6067,#6068);
#4961=AXIS2_PLACEMENT_3D('',#7397,#6070,#6071);
#4962=AXIS2_PLACEMENT_3D('',#7399,#6073,#6074);
#4963=AXIS2_PLACEMENT_3D('',#7408,#6080,#6081);
#4964=AXIS2_PLACEMENT_3D('',#7410,#6082,#6083);
#4965=AXIS2_PLACEMENT_3D('',#7413,#6085,#6086);
#4966=AXIS2_PLACEMENT_3D('',#7414,#6087,#6088);
#4967=AXIS2_PLACEMENT_3D('',#7421,#6093,#6094);
#4968=AXIS2_PLACEMENT_3D('',#7427,#6098,#6099);
#4969=AXIS2_PLACEMENT_3D('',#7429,#6101,#6102);
#4970=AXIS2_PLACEMENT_3D('',#7432,#6105,#6106);
#4971=AXIS2_PLACEMENT_3D('',#7434,#6108,#6109);
#4972=AXIS2_PLACEMENT_3D('',#7435,#6110,#6111);
#4973=AXIS2_PLACEMENT_3D('',#7436,#6112,#6113);
#4974=AXIS2_PLACEMENT_3D('',#7437,#6114,#6115);
#4975=AXIS2_PLACEMENT_3D('',#7446,#6120,#6121);
#4976=AXIS2_PLACEMENT_3D('',#7452,#6125,#6126);
#4977=AXIS2_PLACEMENT_3D('',#7458,#6130,#6131);
#4978=AXIS2_PLACEMENT_3D('',#7461,#6134,#6135);
#4979=AXIS2_PLACEMENT_3D('',#7475,#6143,#6144);
#4980=AXIS2_PLACEMENT_3D('',#7479,#6147,#6148);
#4981=AXIS2_PLACEMENT_3D('',#7480,#6149,#6150);
#4982=AXIS2_PLACEMENT_3D('',#7483,#6151,#6152);
#4983=AXIS2_PLACEMENT_3D('',#7487,#6154,#6155);
#4984=AXIS2_PLACEMENT_3D('',#7489,#6157,#6158);
#4985=AXIS2_PLACEMENT_3D('',#7498,#6164,#6165);
#4986=AXIS2_PLACEMENT_3D('',#7500,#6166,#6167);
#4987=AXIS2_PLACEMENT_3D('',#7503,#6169,#6170);
#4988=AXIS2_PLACEMENT_3D('',#7504,#6171,#6172);
#4989=AXIS2_PLACEMENT_3D('',#7510,#6176,#6177);
#4990=AXIS2_PLACEMENT_3D('',#7515,#6181,#6182);
#4991=AXIS2_PLACEMENT_3D('',#7519,#6185,#6186);
#4992=AXIS2_PLACEMENT_3D('',#7521,#6188,#6189);
#4993=AXIS2_PLACEMENT_3D('',#7522,#6190,#6191);
#4994=AXIS2_PLACEMENT_3D('',#7525,#6194,#6195);
#4995=AXIS2_PLACEMENT_3D('',#7526,#6196,#6197);
#4996=AXIS2_PLACEMENT_3D('',#7527,#6198,#6199);
#4997=AXIS2_PLACEMENT_3D('',#7530,#6200,#6201);
#4998=AXIS2_PLACEMENT_3D('',#7534,#6203,#6204);
#4999=AXIS2_PLACEMENT_3D('',#7536,#6206,#6207);
#5000=AXIS2_PLACEMENT_3D('',#7550,#6215,#6216);
#5001=AXIS2_PLACEMENT_3D('',#7553,#6217,#6218);
#5002=AXIS2_PLACEMENT_3D('',#7557,#6220,#6221);
#5003=AXIS2_PLACEMENT_3D('',#7559,#6223,#6224);
#5004=AXIS2_PLACEMENT_3D('',#7568,#6230,#6231);
#5005=AXIS2_PLACEMENT_3D('',#7580,#6238,#6239);
#5006=AXIS2_PLACEMENT_3D('',#7587,#6244,#6245);
#5007=AXIS2_PLACEMENT_3D('',#7591,#6248,#6249);
#5008=AXIS2_PLACEMENT_3D('',#7595,#6252,#6253);
#5009=AXIS2_PLACEMENT_3D('',#7598,#6256,#6257);
#5010=AXIS2_PLACEMENT_3D('',#7600,#6259,#6260);
#5011=AXIS2_PLACEMENT_3D('',#7601,#6261,#6262);
#5012=AXIS2_PLACEMENT_3D('',#7603,#6264,#6265);
#5013=AXIS2_PLACEMENT_3D('',#7605,#6267,#6268);
#5014=AXIS2_PLACEMENT_3D('',#7606,#6269,#6270);
#5015=AXIS2_PLACEMENT_3D('',#7612,#6274,#6275);
#5016=AXIS2_PLACEMENT_3D('',#7614,#6277,#6278);
#5017=AXIS2_PLACEMENT_3D('',#7616,#6280,#6281);
#5018=AXIS2_PLACEMENT_3D('',#7617,#6282,#6283);
#5019=AXIS2_PLACEMENT_3D('',#7620,#6284,#6285);
#5020=AXIS2_PLACEMENT_3D('',#7624,#6287,#6288);
#5021=AXIS2_PLACEMENT_3D('',#7626,#6290,#6291);
#5022=AXIS2_PLACEMENT_3D('',#7640,#6299,#6300);
#5023=AXIS2_PLACEMENT_3D('',#7643,#6301,#6302);
#5024=AXIS2_PLACEMENT_3D('',#7647,#6304,#6305);
#5025=AXIS2_PLACEMENT_3D('',#7649,#6307,#6308);
#5026=AXIS2_PLACEMENT_3D('',#7658,#6314,#6315);
#5027=AXIS2_PLACEMENT_3D('',#7670,#6322,#6323);
#5028=AXIS2_PLACEMENT_3D('',#7677,#6328,#6329);
#5029=AXIS2_PLACEMENT_3D('',#7681,#6332,#6333);
#5030=AXIS2_PLACEMENT_3D('',#7685,#6336,#6337);
#5031=AXIS2_PLACEMENT_3D('',#7688,#6340,#6341);
#5032=AXIS2_PLACEMENT_3D('',#7690,#6343,#6344);
#5033=AXIS2_PLACEMENT_3D('',#7691,#6345,#6346);
#5034=AXIS2_PLACEMENT_3D('',#7693,#6348,#6349);
#5035=AXIS2_PLACEMENT_3D('',#7695,#6351,#6352);
#5036=AXIS2_PLACEMENT_3D('',#7696,#6353,#6354);
#5037=AXIS2_PLACEMENT_3D('',#7702,#6358,#6359);
#5038=AXIS2_PLACEMENT_3D('',#7704,#6361,#6362);
#5039=AXIS2_PLACEMENT_3D('',#7706,#6364,#6365);
#5040=DIRECTION('axis',(0.,0.,1.));
#5041=DIRECTION('refdir',(1.,0.,0.));
#5042=DIRECTION('center_axis',(0.,0.,1.));
#5043=DIRECTION('ref_axis',(1.,0.,0.));
#5044=DIRECTION('center_axis',(0.,0.,-1.));
#5045=DIRECTION('ref_axis',(-0.707106781186549,0.707106781186546,0.));
#5046=DIRECTION('',(0.,1.,0.));
#5047=DIRECTION('center_axis',(0.,0.,-1.));
#5048=DIRECTION('ref_axis',(1.,0.,0.));
#5049=DIRECTION('',(0.,1.,0.));
#5050=DIRECTION('center_axis',(0.,0.,-1.));
#5051=DIRECTION('ref_axis',(-0.707106781186546,-0.707106781186549,0.));
#5052=DIRECTION('',(-1.,-1.85037169392225E-16,0.));
#5053=DIRECTION('center_axis',(0.,0.,-1.));
#5054=DIRECTION('ref_axis',(0.707106781186549,-0.707106781186546,0.));
#5055=DIRECTION('',(0.,-1.,0.));
#5056=DIRECTION('center_axis',(0.,0.,-1.));
#5057=DIRECTION('ref_axis',(1.,0.,0.));
#5058=DIRECTION('',(0.,-1.,0.));
#5059=DIRECTION('center_axis',(0.,0.,-1.));
#5060=DIRECTION('ref_axis',(0.707106781186549,0.707106781186546,0.));
#5061=DIRECTION('',(1.,0.,0.));
#5062=DIRECTION('center_axis',(0.,0.,1.));
#5063=DIRECTION('ref_axis',(1.,0.,0.));
#5064=DIRECTION('',(0.5,0.866025403784439,0.));
#5065=DIRECTION('center_axis',(0.,0.,1.));
#5066=DIRECTION('ref_axis',(-1.,0.,0.));
#5067=DIRECTION('',(-0.5,-0.866025403784439,0.));
#5068=DIRECTION('center_axis',(0.,0.,1.));
#5069=DIRECTION('ref_axis',(1.,0.,0.));
#5070=DIRECTION('',(0.5,-0.866025403784439,0.));
#5071=DIRECTION('center_axis',(0.,0.,1.));
#5072=DIRECTION('ref_axis',(-1.,0.,0.));
#5073=DIRECTION('',(-0.5,0.866025403784439,0.));
#5074=DIRECTION('center_axis',(0.,0.,1.));
#5075=DIRECTION('ref_axis',(1.,0.,0.));
#5076=DIRECTION('',(-1.,0.,0.));
#5077=DIRECTION('center_axis',(0.,0.,1.));
#5078=DIRECTION('ref_axis',(-1.,0.,0.));
#5079=DIRECTION('',(1.,0.,0.));
#5080=DIRECTION('center_axis',(1.85037169392225E-16,-1.,0.));
#5081=DIRECTION('ref_axis',(-1.,-1.85037169392225E-16,0.));
#5082=DIRECTION('',(0.,0.,1.));
#5083=DIRECTION('',(1.,1.85037169392225E-16,0.));
#5084=DIRECTION('',(0.,0.,-1.));
#5085=DIRECTION('center_axis',(0.,0.,-1.));
#5086=DIRECTION('ref_axis',(-0.707106781186546,-0.707106781186549,0.));
#5087=DIRECTION('',(0.,0.,-1.));
#5088=DIRECTION('center_axis',(0.,0.,1.));
#5089=DIRECTION('ref_axis',(-0.707106781186546,-0.707106781186549,0.));
#5090=DIRECTION('center_axis',(-1.,0.,0.));
#5091=DIRECTION('ref_axis',(0.,1.,0.));
#5092=DIRECTION('',(0.,0.,-1.));
#5093=DIRECTION('',(0.,-1.,0.));
#5094=DIRECTION('center_axis',(0.,0.,-1.));
#5095=DIRECTION('ref_axis',(-1.,-1.22464679914735E-16,0.));
#5096=DIRECTION('',(0.,0.,-1.));
#5097=DIRECTION('center_axis',(0.,0.,1.));
#5098=DIRECTION('ref_axis',(1.,0.,0.));
#5099=DIRECTION('center_axis',(-1.,0.,0.));
#5100=DIRECTION('ref_axis',(0.,1.,0.));
#5101=DIRECTION('',(0.,0.,1.));
#5102=DIRECTION('',(0.,-1.,0.));
#5103=DIRECTION('center_axis',(0.,0.,-1.));
#5104=DIRECTION('ref_axis',(-0.707106781186549,0.707106781186546,0.));
#5105=DIRECTION('',(0.,0.,-1.));
#5106=DIRECTION('center_axis',(0.,0.,1.));
#5107=DIRECTION('ref_axis',(-0.707106781186549,0.707106781186546,0.));
#5108=DIRECTION('center_axis',(0.,0.,1.));
#5109=DIRECTION('ref_axis',(1.,0.,0.));
#5110=DIRECTION('center_axis',(0.,0.,1.));
#5111=DIRECTION('ref_axis',(1.,0.,0.));
#5112=DIRECTION('',(-0.707106781186548,8.65956056235493E-17,0.707106781186548));
#5113=DIRECTION('center_axis',(0.,0.,-1.));
#5114=DIRECTION('ref_axis',(1.,0.,0.));
#5115=DIRECTION('center_axis',(0.,0.,-1.));
#5116=DIRECTION('ref_axis',(1.,0.,0.));
#5117=DIRECTION('center_axis',(0.,0.,1.));
#5118=DIRECTION('ref_axis',(1.,0.,0.));
#5119=DIRECTION('center_axis',(0.,0.,1.));
#5120=DIRECTION('ref_axis',(1.,0.,0.));
#5121=DIRECTION('',(-0.707106781186548,8.65956056235493E-17,0.707106781186548));
#5122=DIRECTION('center_axis',(0.,0.,-1.));
#5123=DIRECTION('ref_axis',(1.,0.,0.));
#5124=DIRECTION('center_axis',(0.,0.,-1.));
#5125=DIRECTION('ref_axis',(1.,0.,0.));
#5126=DIRECTION('',(0.,0.,1.));
#5127=DIRECTION('center_axis',(0.,0.,1.));
#5128=DIRECTION('ref_axis',(1.,0.,0.));
#5129=DIRECTION('center_axis',(0.,0.,-1.));
#5130=DIRECTION('ref_axis',(1.,0.,0.));
#5131=DIRECTION('center_axis',(0.,0.,1.));
#5132=DIRECTION('ref_axis',(1.,0.,0.));
#5133=DIRECTION('center_axis',(0.,0.,1.));
#5134=DIRECTION('ref_axis',(1.,0.,0.));
#5135=DIRECTION('',(-0.707106781186548,8.65956056235493E-17,0.707106781186548));
#5136=DIRECTION('center_axis',(0.,0.,-1.));
#5137=DIRECTION('ref_axis',(1.,0.,0.));
#5138=DIRECTION('center_axis',(0.,0.,-1.));
#5139=DIRECTION('ref_axis',(1.,0.,0.));
#5140=DIRECTION('',(0.,0.,1.));
#5141=DIRECTION('center_axis',(0.,0.,1.));
#5142=DIRECTION('ref_axis',(1.,0.,0.));
#5143=DIRECTION('center_axis',(0.,0.,-1.));
#5144=DIRECTION('ref_axis',(1.,0.,0.));
#5145=DIRECTION('center_axis',(0.,0.,1.));
#5146=DIRECTION('ref_axis',(1.,0.,0.));
#5147=DIRECTION('center_axis',(0.,0.,1.));
#5148=DIRECTION('ref_axis',(1.,0.,0.));
#5149=DIRECTION('',(-0.707106781186548,8.65956056235493E-17,0.707106781186548));
#5150=DIRECTION('center_axis',(0.,0.,-1.));
#5151=DIRECTION('ref_axis',(1.,0.,0.));
#5152=DIRECTION('center_axis',(0.,0.,-1.));
#5153=DIRECTION('ref_axis',(1.,0.,0.));
#5154=DIRECTION('',(0.,0.,1.));
#5155=DIRECTION('center_axis',(0.,0.,1.));
#5156=DIRECTION('ref_axis',(1.,0.,0.));
#5157=DIRECTION('center_axis',(0.,0.,-1.));
#5158=DIRECTION('ref_axis',(1.,0.,0.));
#5159=DIRECTION('center_axis',(0.,0.,1.));
#5160=DIRECTION('ref_axis',(1.,0.,0.));
#5161=DIRECTION('center_axis',(0.,0.,-1.));
#5162=DIRECTION('ref_axis',(1.,0.,0.));
#5163=DIRECTION('',(0.,0.,1.));
#5164=DIRECTION('center_axis',(0.,0.,-1.));
#5165=DIRECTION('ref_axis',(1.,0.,0.));
#5166=DIRECTION('center_axis',(0.,0.,1.));
#5167=DIRECTION('ref_axis',(1.,0.,0.));
#5168=DIRECTION('center_axis',(0.,0.,-1.));
#5169=DIRECTION('ref_axis',(1.,0.,0.));
#5170=DIRECTION('',(0.,0.,1.));
#5171=DIRECTION('center_axis',(0.,0.,-1.));
#5172=DIRECTION('ref_axis',(1.,0.,0.));
#5173=DIRECTION('center_axis',(0.,0.,1.));
#5174=DIRECTION('ref_axis',(1.,0.,0.));
#5175=DIRECTION('',(0.,0.,1.));
#5176=DIRECTION('center_axis',(0.,0.,-1.));
#5177=DIRECTION('ref_axis',(1.,0.,0.));
#5178=DIRECTION('center_axis',(0.,0.,1.));
#5179=DIRECTION('ref_axis',(1.,0.,0.));
#5180=DIRECTION('center_axis',(0.,0.,-1.));
#5181=DIRECTION('ref_axis',(1.,0.,0.));
#5182=DIRECTION('',(0.,0.,1.));
#5183=DIRECTION('center_axis',(0.,0.,-1.));
#5184=DIRECTION('ref_axis',(1.,0.,0.));
#5185=DIRECTION('center_axis',(0.,0.,-1.));
#5186=DIRECTION('ref_axis',(1.,0.,0.));
#5187=DIRECTION('',(-1.,0.,0.));
#5188=DIRECTION('center_axis',(0.,0.,1.));
#5189=DIRECTION('ref_axis',(0.707106781186549,0.707106781186546,0.));
#5190=DIRECTION('',(0.,1.,0.));
#5191=DIRECTION('center_axis',(0.,0.,1.));
#5192=DIRECTION('ref_axis',(1.,0.,0.));
#5193=DIRECTION('',(0.,1.,0.));
#5194=DIRECTION('center_axis',(0.,0.,1.));
#5195=DIRECTION('ref_axis',(0.707106781186549,-0.707106781186546,0.));
#5196=DIRECTION('center_axis',(0.,0.,-1.));
#5197=DIRECTION('ref_axis',(-1.,0.,0.));
#5198=DIRECTION('',(0.707106781186548,0.707106781186548,0.));
#5199=DIRECTION('center_axis',(0.,0.,-1.));
#5200=DIRECTION('ref_axis',(-6.12323399573677E-17,-1.,0.));
#5201=DIRECTION('',(-0.707106781186548,-0.707106781186548,0.));
#5202=DIRECTION('center_axis',(0.,0.,-1.));
#5203=DIRECTION('ref_axis',(-1.,0.,0.));
#5204=DIRECTION('',(0.,1.,0.));
#5205=DIRECTION('center_axis',(0.,0.,-1.));
#5206=DIRECTION('ref_axis',(-1.,0.,0.));
#5207=DIRECTION('',(0.,-1.,0.));
#5208=DIRECTION('center_axis',(0.,0.,-1.));
#5209=DIRECTION('ref_axis',(-1.,0.,0.));
#5210=DIRECTION('',(0.,1.,0.));
#5211=DIRECTION('center_axis',(0.,0.,-1.));
#5212=DIRECTION('ref_axis',(-1.,0.,0.));
#5213=DIRECTION('',(0.,-1.,0.));
#5214=DIRECTION('center_axis',(0.,0.,-1.));
#5215=DIRECTION('ref_axis',(-1.,0.,0.));
#5216=DIRECTION('',(-0.707106781186547,0.707106781186548,0.));
#5217=DIRECTION('center_axis',(0.,0.,-1.));
#5218=DIRECTION('ref_axis',(1.,-1.22464679914735E-16,0.));
#5219=DIRECTION('',(0.707106781186547,-0.707106781186548,0.));
#5220=DIRECTION('center_axis',(0.,0.,-1.));
#5221=DIRECTION('ref_axis',(-1.,0.,0.));
#5222=DIRECTION('',(-1.,0.,0.));
#5223=DIRECTION('center_axis',(0.,0.,-1.));
#5224=DIRECTION('ref_axis',(-1.,0.,0.));
#5225=DIRECTION('',(1.,0.,0.));
#5226=DIRECTION('center_axis',(0.,0.,-1.));
#5227=DIRECTION('ref_axis',(1.,0.,0.));
#5228=DIRECTION('',(-1.,0.,0.));
#5229=DIRECTION('center_axis',(0.,0.,-1.));
#5230=DIRECTION('ref_axis',(-1.,0.,0.));
#5231=DIRECTION('',(1.,0.,0.));
#5232=DIRECTION('center_axis',(0.,0.,-1.));
#5233=DIRECTION('ref_axis',(1.,0.,0.));
#5234=DIRECTION('',(-1.,0.,0.));
#5235=DIRECTION('center_axis',(0.,0.,-1.));
#5236=DIRECTION('ref_axis',(-1.,0.,0.));
#5237=DIRECTION('',(1.,0.,0.));
#5238=DIRECTION('center_axis',(0.,0.,-1.));
#5239=DIRECTION('ref_axis',(1.,0.,0.));
#5240=DIRECTION('',(-0.707106781186548,-0.707106781186547,0.));
#5241=DIRECTION('center_axis',(0.,0.,-1.));
#5242=DIRECTION('ref_axis',(1.83697019872103E-16,1.,0.));
#5243=DIRECTION('',(0.707106781186548,0.707106781186547,0.));
#5244=DIRECTION('center_axis',(0.,0.,-1.));
#5245=DIRECTION('ref_axis',(1.,0.,0.));
#5246=DIRECTION('',(0.,-1.,0.));
#5247=DIRECTION('center_axis',(0.,0.,-1.));
#5248=DIRECTION('ref_axis',(-1.,0.,0.));
#5249=DIRECTION('',(0.,1.,0.));
#5250=DIRECTION('center_axis',(0.,0.,-1.));
#5251=DIRECTION('ref_axis',(1.,0.,0.));
#5252=DIRECTION('',(0.707106781186548,-0.707106781186548,0.));
#5253=DIRECTION('center_axis',(0.,0.,-1.));
#5254=DIRECTION('ref_axis',(-1.,0.,0.));
#5255=DIRECTION('',(-0.707106781186548,0.707106781186548,0.));
#5256=DIRECTION('center_axis',(0.,0.,-1.));
#5257=DIRECTION('ref_axis',(-1.,0.,0.));
#5258=DIRECTION('',(1.,-1.22464679914735E-16,0.));
#5259=DIRECTION('center_axis',(0.,0.,-1.));
#5260=DIRECTION('ref_axis',(1.,-1.22464679914735E-16,0.));
#5261=DIRECTION('',(-1.,1.22464679914735E-16,0.));
#5262=DIRECTION('center_axis',(0.,0.,-1.));
#5263=DIRECTION('ref_axis',(-1.,0.,0.));
#5264=DIRECTION('',(1.,-1.22464679914735E-16,0.));
#5265=DIRECTION('center_axis',(0.,0.,-1.));
#5266=DIRECTION('ref_axis',(1.,-1.22464679914735E-16,0.));
#5267=DIRECTION('',(-1.,1.22464679914735E-16,0.));
#5268=DIRECTION('center_axis',(0.,0.,-1.));
#5269=DIRECTION('ref_axis',(-1.,0.,0.));
#5270=DIRECTION('',(1.,-1.22464679914735E-16,0.));
#5271=DIRECTION('center_axis',(0.,0.,-1.));
#5272=DIRECTION('ref_axis',(1.,-1.22464679914735E-16,0.));
#5273=DIRECTION('',(-1.,1.22464679914735E-16,0.));
#5274=DIRECTION('center_axis',(0.,0.,-1.));
#5275=DIRECTION('ref_axis',(-1.,0.,0.));
#5276=DIRECTION('',(0.,0.,-1.));
#5277=DIRECTION('center_axis',(0.,0.,-1.));
#5278=DIRECTION('ref_axis',(-1.,0.,0.));
#5279=DIRECTION('',(0.,0.,-1.));
#5280=DIRECTION('center_axis',(0.,-1.,0.));
#5281=DIRECTION('ref_axis',(-1.,0.,0.));
#5282=DIRECTION('',(0.,0.,-1.));
#5283=DIRECTION('',(-1.,0.,0.));
#5284=DIRECTION('center_axis',(0.,0.,1.));
#5285=DIRECTION('ref_axis',(1.,0.,0.));
#5286=DIRECTION('',(0.,0.,1.));
#5287=DIRECTION('center_axis',(0.,0.,-1.));
#5288=DIRECTION('ref_axis',(1.,0.,0.));
#5289=DIRECTION('center_axis',(0.,1.,0.));
#5290=DIRECTION('ref_axis',(1.,0.,0.));
#5291=DIRECTION('',(0.,0.,-1.));
#5292=DIRECTION('',(1.,0.,0.));
#5293=DIRECTION('center_axis',(0.,0.,-1.));
#5294=DIRECTION('ref_axis',(1.,-1.54206576648375E-14,0.));
#5295=DIRECTION('',(0.,0.,-1.));
#5296=DIRECTION('center_axis',(0.,0.,-1.));
#5297=DIRECTION('ref_axis',(-1.,0.,0.));
#5298=DIRECTION('center_axis',(0.,-1.,0.));
#5299=DIRECTION('ref_axis',(-1.,0.,0.));
#5300=DIRECTION('',(0.,0.,-1.));
#5301=DIRECTION('',(-1.,0.,0.));
#5302=DIRECTION('center_axis',(0.,0.,1.));
#5303=DIRECTION('ref_axis',(1.,0.,0.));
#5304=DIRECTION('',(0.,0.,1.));
#5305=DIRECTION('center_axis',(0.,0.,-1.));
#5306=DIRECTION('ref_axis',(1.,0.,0.));
#5307=DIRECTION('center_axis',(0.,1.,0.));
#5308=DIRECTION('ref_axis',(1.,0.,0.));
#5309=DIRECTION('',(0.,0.,-1.));
#5310=DIRECTION('',(1.,0.,0.));
#5311=DIRECTION('center_axis',(0.,0.,-1.));
#5312=DIRECTION('ref_axis',(-1.,0.,0.));
#5313=DIRECTION('',(0.,0.,-1.));
#5314=DIRECTION('center_axis',(0.,0.,-1.));
#5315=DIRECTION('ref_axis',(-1.,0.,0.));
#5316=DIRECTION('center_axis',(0.,-1.,0.));
#5317=DIRECTION('ref_axis',(-1.,0.,0.));
#5318=DIRECTION('',(0.,0.,-1.));
#5319=DIRECTION('',(-1.,-6.56689773830496E-15,0.));
#5320=DIRECTION('center_axis',(0.,0.,-1.));
#5321=DIRECTION('ref_axis',(-1.,0.,0.));
#5322=DIRECTION('',(0.,0.,-1.));
#5323=DIRECTION('center_axis',(0.,0.,1.));
#5324=DIRECTION('ref_axis',(-1.,0.,0.));
#5325=DIRECTION('center_axis',(0.707106781186548,0.707106781186547,0.));
#5326=DIRECTION('ref_axis',(0.707106781186547,-0.707106781186548,0.));
#5327=DIRECTION('',(0.,0.,-1.));
#5328=DIRECTION('',(0.707106781186543,-0.707106781186552,0.));
#5329=DIRECTION('center_axis',(0.,0.,-1.));
#5330=DIRECTION('ref_axis',(1.,-1.22464679914735E-16,0.));
#5331=DIRECTION('',(0.,0.,-1.));
#5332=DIRECTION('center_axis',(0.,0.,-1.));
#5333=DIRECTION('ref_axis',(1.,-1.22464679914735E-16,0.));
#5334=DIRECTION('center_axis',(-0.707106781186548,-0.707106781186547,0.));
#5335=DIRECTION('ref_axis',(-0.707106781186547,0.707106781186548,0.));
#5336=DIRECTION('',(0.,0.,-1.));
#5337=DIRECTION('',(-0.707106781186545,0.70710678118655,0.));
#5338=DIRECTION('center_axis',(0.,0.,-1.));
#5339=DIRECTION('ref_axis',(-1.,0.,0.));
#5340=DIRECTION('',(0.,0.,-1.));
#5341=DIRECTION('center_axis',(0.,0.,1.));
#5342=DIRECTION('ref_axis',(-1.,0.,0.));
#5343=DIRECTION('center_axis',(1.,0.,0.));
#5344=DIRECTION('ref_axis',(0.,-1.,0.));
#5345=DIRECTION('',(0.,0.,-1.));
#5346=DIRECTION('',(0.,-1.,0.));
#5347=DIRECTION('center_axis',(0.,0.,-1.));
#5348=DIRECTION('ref_axis',(-1.,0.,0.));
#5349=DIRECTION('',(0.,0.,-1.));
#5350=DIRECTION('center_axis',(0.,0.,-1.));
#5351=DIRECTION('ref_axis',(-1.,0.,0.));
#5352=DIRECTION('center_axis',(-1.,0.,0.));
#5353=DIRECTION('ref_axis',(0.,1.,0.));
#5354=DIRECTION('',(0.,0.,-1.));
#5355=DIRECTION('',(-1.03995116759528E-14,1.,0.));
#5356=DIRECTION('center_axis',(0.,0.,-1.));
#5357=DIRECTION('ref_axis',(-1.,0.,0.));
#5358=DIRECTION('',(0.,0.,-1.));
#5359=DIRECTION('center_axis',(0.,0.,1.));
#5360=DIRECTION('ref_axis',(-1.,0.,0.));
#5361=DIRECTION('center_axis',(1.,0.,0.));
#5362=DIRECTION('ref_axis',(0.,-1.,0.));
#5363=DIRECTION('',(0.,0.,-1.));
#5364=DIRECTION('',(0.,-1.,0.));
#5365=DIRECTION('center_axis',(0.,0.,-1.));
#5366=DIRECTION('ref_axis',(-1.,0.,0.));
#5367=DIRECTION('',(0.,0.,-1.));
#5368=DIRECTION('center_axis',(0.,0.,-1.));
#5369=DIRECTION('ref_axis',(-1.,0.,0.));
#5370=DIRECTION('center_axis',(-1.,0.,0.));
#5371=DIRECTION('ref_axis',(0.,1.,0.));
#5372=DIRECTION('',(0.,0.,-1.));
#5373=DIRECTION('',(-1.00380208294813E-14,1.,0.));
#5374=DIRECTION('center_axis',(0.,0.,-1.));
#5375=DIRECTION('ref_axis',(-1.,0.,0.));
#5376=DIRECTION('',(0.,0.,-1.));
#5377=DIRECTION('center_axis',(0.,0.,1.));
#5378=DIRECTION('ref_axis',(-1.,0.,0.));
#5379=DIRECTION('center_axis',(0.707106781186548,-0.707106781186548,0.));
#5380=DIRECTION('ref_axis',(-0.707106781186548,-0.707106781186548,0.));
#5381=DIRECTION('',(0.,0.,-1.));
#5382=DIRECTION('',(-0.707106781186542,-0.707106781186553,0.));
#5383=DIRECTION('center_axis',(0.,0.,-1.));
#5384=DIRECTION('ref_axis',(-6.12323399573677E-17,-1.,0.));
#5385=DIRECTION('',(0.,0.,-1.));
#5386=DIRECTION('center_axis',(0.,0.,-1.));
#5387=DIRECTION('ref_axis',(-6.12323399573677E-17,-1.,0.));
#5388=DIRECTION('center_axis',(-0.707106781186548,0.707106781186548,0.));
#5389=DIRECTION('ref_axis',(0.707106781186548,0.707106781186548,0.));
#5390=DIRECTION('',(0.,0.,-1.));
#5391=DIRECTION('',(0.707106781186549,0.707106781186546,0.));
#5392=DIRECTION('center_axis',(1.,0.,0.));
#5393=DIRECTION('ref_axis',(0.,-1.,0.));
#5394=DIRECTION('',(0.,0.,1.));
#5395=DIRECTION('',(0.,0.,-1.));
#5396=DIRECTION('center_axis',(0.,0.,-1.));
#5397=DIRECTION('ref_axis',(1.,0.,0.));
#5398=DIRECTION('',(0.,0.,-1.));
#5399=DIRECTION('center_axis',(1.,0.,0.));
#5400=DIRECTION('ref_axis',(0.,-1.,0.));
#5401=DIRECTION('',(0.,0.,-1.));
#5402=DIRECTION('center_axis',(0.,0.,-1.));
#5403=DIRECTION('ref_axis',(0.707106781186549,0.707106781186546,0.));
#5404=DIRECTION('',(0.,0.,1.));
#5405=DIRECTION('center_axis',(0.,1.,0.));
#5406=DIRECTION('ref_axis',(1.,0.,0.));
#5407=DIRECTION('center_axis',(0.,0.,1.));
#5408=DIRECTION('ref_axis',(1.,0.,0.));
#5409=DIRECTION('center_axis',(0.,0.,1.));
#5410=DIRECTION('ref_axis',(1.,0.,0.));
#5411=DIRECTION('center_axis',(-0.866025403784439,-0.5,0.));
#5412=DIRECTION('ref_axis',(0.5,-0.866025403784439,0.));
#5413=DIRECTION('',(0.,0.,1.));
#5414=DIRECTION('',(0.5,-0.866025403784439,0.));
#5415=DIRECTION('',(0.,0.,1.));
#5416=DIRECTION('center_axis',(0.,0.,1.));
#5417=DIRECTION('ref_axis',(-1.,0.,0.));
#5418=DIRECTION('',(0.,0.,1.));
#5419=DIRECTION('center_axis',(0.,0.,-1.));
#5420=DIRECTION('ref_axis',(-1.,0.,0.));
#5421=DIRECTION('center_axis',(0.866025403784439,0.5,0.));
#5422=DIRECTION('ref_axis',(-0.5,0.866025403784439,0.));
#5423=DIRECTION('',(0.,0.,-1.));
#5424=DIRECTION('',(-0.5,0.866025403784439,0.));
#5425=DIRECTION('center_axis',(0.,0.,1.));
#5426=DIRECTION('ref_axis',(1.,0.,0.));
#5427=DIRECTION('center_axis',(0.,0.,1.));
#5428=DIRECTION('ref_axis',(1.,0.,0.));
#5429=DIRECTION('center_axis',(0.866025403784439,-0.5,0.));
#5430=DIRECTION('ref_axis',(0.5,0.866025403784439,0.));
#5431=DIRECTION('',(0.,0.,1.));
#5432=DIRECTION('',(0.5,0.866025403784439,0.));
#5433=DIRECTION('',(0.,0.,1.));
#5434=DIRECTION('center_axis',(0.,0.,1.));
#5435=DIRECTION('ref_axis',(-1.,0.,0.));
#5436=DIRECTION('',(0.,0.,1.));
#5437=DIRECTION('center_axis',(0.,0.,-1.));
#5438=DIRECTION('ref_axis',(-1.,0.,0.));
#5439=DIRECTION('center_axis',(-0.866025403784439,0.5,0.));
#5440=DIRECTION('ref_axis',(-0.5,-0.866025403784439,0.));
#5441=DIRECTION('',(0.,0.,-1.));
#5442=DIRECTION('',(-0.5,-0.866025403784439,0.));
#5443=DIRECTION('center_axis',(0.,0.,1.));
#5444=DIRECTION('ref_axis',(1.,0.,0.));
#5445=DIRECTION('center_axis',(0.,0.,1.));
#5446=DIRECTION('ref_axis',(1.,0.,0.));
#5447=DIRECTION('center_axis',(0.,1.,0.));
#5448=DIRECTION('ref_axis',(-1.,0.,0.));
#5449=DIRECTION('',(0.,0.,1.));
#5450=DIRECTION('',(-1.,0.,0.));
#5451=DIRECTION('',(0.,0.,1.));
#5452=DIRECTION('center_axis',(0.,0.,1.));
#5453=DIRECTION('ref_axis',(-1.,0.,0.));
#5454=DIRECTION('',(0.,0.,1.));
#5455=DIRECTION('center_axis',(0.,0.,-1.));
#5456=DIRECTION('ref_axis',(-1.,0.,0.));
#5457=DIRECTION('center_axis',(0.,-1.,0.));
#5458=DIRECTION('ref_axis',(1.,0.,0.));
#5459=DIRECTION('',(0.,0.,-1.));
#5460=DIRECTION('',(1.,0.,0.));
#5461=DIRECTION('center_axis',(0.,0.,1.));
#5462=DIRECTION('ref_axis',(1.,0.,0.));
#5463=DIRECTION('center_axis',(0.,0.,1.));
#5464=DIRECTION('ref_axis',(1.,0.,0.));
#5465=DIRECTION('center_axis',(0.,0.,1.));
#5466=DIRECTION('ref_axis',(1.,0.,0.));
#5467=DIRECTION('center_axis',(0.,0.,1.));
#5468=DIRECTION('ref_axis',(1.,0.,0.));
#5469=DIRECTION('',(0.,0.,1.));
#5470=DIRECTION('center_axis',(0.,0.,1.));
#5471=DIRECTION('ref_axis',(1.,0.,0.));
#5472=DIRECTION('',(0.,0.,-1.));
#5473=DIRECTION('center_axis',(0.,0.,-1.));
#5474=DIRECTION('ref_axis',(1.,0.,0.));
#5475=DIRECTION('',(0.,0.,1.));
#5476=DIRECTION('center_axis',(0.,0.,1.));
#5477=DIRECTION('ref_axis',(1.,0.,0.));
#5478=DIRECTION('',(0.,0.,-1.));
#5479=DIRECTION('center_axis',(0.,0.,1.));
#5480=DIRECTION('ref_axis',(1.,0.,0.));
#5481=DIRECTION('',(0.,0.,-1.));
#5482=DIRECTION('center_axis',(0.,0.,-1.));
#5483=DIRECTION('ref_axis',(1.,0.,0.));
#5484=DIRECTION('',(0.,0.,1.));
#5485=DIRECTION('center_axis',(0.,0.,1.));
#5486=DIRECTION('ref_axis',(1.,0.,0.));
#5487=DIRECTION('',(0.,0.,-1.));
#5488=DIRECTION('center_axis',(0.,0.,-1.));
#5489=DIRECTION('ref_axis',(1.,0.,0.));
#5490=DIRECTION('center_axis',(0.,1.,0.));
#5491=DIRECTION('ref_axis',(1.,0.,0.));
#5492=DIRECTION('',(1.,0.,0.));
#5493=DIRECTION('',(0.,0.,-1.));
#5494=DIRECTION('',(1.,0.,0.));
#5495=DIRECTION('center_axis',(0.,0.,-1.));
#5496=DIRECTION('ref_axis',(1.,1.22464679914735E-16,0.));
#5497=DIRECTION('center_axis',(0.,0.,1.));
#5498=DIRECTION('ref_axis',(-1.,0.,0.));
#5499=DIRECTION('',(0.,0.,-1.));
#5500=DIRECTION('center_axis',(0.,0.,1.));
#5501=DIRECTION('ref_axis',(-1.,0.,0.));
#5502=DIRECTION('center_axis',(0.,-1.,0.));
#5503=DIRECTION('ref_axis',(-1.,0.,0.));
#5504=DIRECTION('',(-1.,0.,0.));
#5505=DIRECTION('',(-1.,0.,0.));
#5506=DIRECTION('center_axis',(0.,0.,1.));
#5507=DIRECTION('ref_axis',(-1.,0.,0.));
#5508=DIRECTION('center_axis',(0.866025403784439,-0.5,0.));
#5509=DIRECTION('ref_axis',(-0.5,-0.866025403784439,0.));
#5510=DIRECTION('',(-0.5,-0.866025403784439,0.));
#5511=DIRECTION('',(0.,0.,-1.));
#5512=DIRECTION('',(-0.5,-0.866025403784439,0.));
#5513=DIRECTION('center_axis',(0.,0.,-1.));
#5514=DIRECTION('ref_axis',(-1.,0.,0.));
#5515=DIRECTION('center_axis',(0.,0.,1.));
#5516=DIRECTION('ref_axis',(-1.,0.,0.));
#5517=DIRECTION('',(0.,0.,-1.));
#5518=DIRECTION('center_axis',(0.,0.,1.));
#5519=DIRECTION('ref_axis',(-1.,0.,0.));
#5520=DIRECTION('center_axis',(-0.866025403784439,0.5,0.));
#5521=DIRECTION('ref_axis',(0.5,0.866025403784439,0.));
#5522=DIRECTION('',(0.5,0.866025403784439,0.));
#5523=DIRECTION('',(0.5,0.866025403784439,0.));
#5524=DIRECTION('center_axis',(0.,0.,1.));
#5525=DIRECTION('ref_axis',(-1.,0.,0.));
#5526=DIRECTION('center_axis',(-0.866025403784439,-0.5,0.));
#5527=DIRECTION('ref_axis',(-0.5,0.866025403784439,0.));
#5528=DIRECTION('',(-0.5,0.866025403784439,0.));
#5529=DIRECTION('',(0.,0.,-1.));
#5530=DIRECTION('',(-0.5,0.866025403784439,0.));
#5531=DIRECTION('center_axis',(0.,0.,-1.));
#5532=DIRECTION('ref_axis',(-1.,0.,0.));
#5533=DIRECTION('center_axis',(0.,0.,1.));
#5534=DIRECTION('ref_axis',(-1.,0.,0.));
#5535=DIRECTION('',(0.,0.,-1.));
#5536=DIRECTION('center_axis',(0.,0.,1.));
#5537=DIRECTION('ref_axis',(-1.,0.,0.));
#5538=DIRECTION('center_axis',(0.866025403784439,0.5,0.));
#5539=DIRECTION('ref_axis',(0.5,-0.866025403784439,0.));
#5540=DIRECTION('',(0.5,-0.866025403784439,0.));
#5541=DIRECTION('',(0.5,-0.866025403784439,0.));
#5542=DIRECTION('center_axis',(0.,0.,1.));
#5543=DIRECTION('ref_axis',(-1.,0.,0.));
#5544=DIRECTION('center_axis',(0.,0.,1.));
#5545=DIRECTION('ref_axis',(1.,0.,0.));
#5546=DIRECTION('',(-1.,0.,0.));
#5547=DIRECTION('center_axis',(0.,0.,-1.));
#5548=DIRECTION('ref_axis',(1.,-1.22464679914735E-16,0.));
#5549=DIRECTION('',(1.,-7.22978504058437E-15,0.));
#5550=DIRECTION('center_axis',(0.,0.,1.));
#5551=DIRECTION('ref_axis',(-1.,0.,0.));
#5552=DIRECTION('',(-1.,1.22464679914735E-16,0.));
#5553=DIRECTION('center_axis',(0.,0.,-1.));
#5554=DIRECTION('ref_axis',(1.,-1.22464679914735E-16,0.));
#5555=DIRECTION('',(1.,1.55210497537324E-14,0.));
#5556=DIRECTION('center_axis',(0.,0.,1.));
#5557=DIRECTION('ref_axis',(-1.,0.,0.));
#5558=DIRECTION('',(-1.,1.22464679914735E-16,0.));
#5559=DIRECTION('center_axis',(0.,0.,-1.));
#5560=DIRECTION('ref_axis',(1.,-1.22464679914735E-16,0.));
#5561=DIRECTION('',(1.,5.47241478192079E-15,0.));
#5562=DIRECTION('center_axis',(0.,0.,1.));
#5563=DIRECTION('ref_axis',(-1.,0.,0.));
#5564=DIRECTION('',(-0.707106781186545,0.707106781186551,0.));
#5565=DIRECTION('center_axis',(0.,0.,-1.));
#5566=DIRECTION('ref_axis',(-1.,0.,0.));
#5567=DIRECTION('',(0.707106781186548,-0.707106781186548,0.));
#5568=DIRECTION('center_axis',(0.,0.,-1.));
#5569=DIRECTION('ref_axis',(1.,0.,0.));
#5570=DIRECTION('',(0.,1.,0.));
#5571=DIRECTION('center_axis',(0.,0.,-1.));
#5572=DIRECTION('ref_axis',(-1.,0.,0.));
#5573=DIRECTION('',(0.,-1.,0.));
#5574=DIRECTION('center_axis',(0.,0.,-1.));
#5575=DIRECTION('ref_axis',(1.,0.,0.));
#5576=DIRECTION('',(0.707106781186548,0.707106781186547,0.));
#5577=DIRECTION('center_axis',(0.,0.,-1.));
#5578=DIRECTION('ref_axis',(1.83697019872103E-16,1.,0.));
#5579=DIRECTION('',(-0.707106781186548,-0.707106781186547,0.));
#5580=DIRECTION('center_axis',(0.,0.,-1.));
#5581=DIRECTION('ref_axis',(1.,0.,0.));
#5582=DIRECTION('',(1.,0.,0.));
#5583=DIRECTION('center_axis',(0.,0.,1.));
#5584=DIRECTION('ref_axis',(-1.,0.,0.));
#5585=DIRECTION('center_axis',(0.,0.,1.));
#5586=DIRECTION('ref_axis',(1.,0.,0.));
#5587=DIRECTION('center_axis',(0.,0.,-1.));
#5588=DIRECTION('ref_axis',(0.707106781186549,-0.707106781186546,0.));
#5589=DIRECTION('center_axis',(0.,0.,-1.));
#5590=DIRECTION('ref_axis',(-1.,0.,0.));
#5591=DIRECTION('',(0.,0.,-1.));
#5592=DIRECTION('',(0.,0.,-1.));
#5593=DIRECTION('center_axis',(0.,0.,-1.));
#5594=DIRECTION('ref_axis',(-1.,0.,0.));
#5595=DIRECTION('',(0.,0.,-1.));
#5596=DIRECTION('center_axis',(0.,0.,-1.));
#5597=DIRECTION('ref_axis',(-1.,0.,0.));
#5598=DIRECTION('',(0.,0.,-1.));
#5599=DIRECTION('',(0.,0.,-1.));
#5600=DIRECTION('center_axis',(0.,0.,-1.));
#5601=DIRECTION('ref_axis',(-1.,0.,0.));
#5602=DIRECTION('',(0.,0.,-1.));
#5603=DIRECTION('',(0.,0.,-1.));
#5604=DIRECTION('center_axis',(1.22464679914735E-16,1.,0.));
#5605=DIRECTION('ref_axis',(1.,-1.22464679914735E-16,0.));
#5606=DIRECTION('',(0.,0.,-1.));
#5607=DIRECTION('center_axis',(0.,0.,-1.));
#5608=DIRECTION('ref_axis',(1.,-1.22464679914735E-16,0.));
#5609=DIRECTION('',(0.,0.,-1.));
#5610=DIRECTION('center_axis',(-1.22464679914735E-16,-1.,0.));
#5611=DIRECTION('ref_axis',(-1.,1.22464679914735E-16,0.));
#5612=DIRECTION('center_axis',(0.,0.,-1.));
#5613=DIRECTION('ref_axis',(-1.,1.55431223447522E-14,0.));
#5614=DIRECTION('',(0.,0.,-1.));
#5615=DIRECTION('',(0.,0.,-1.));
#5616=DIRECTION('center_axis',(-1.22464679914735E-16,-1.,0.));
#5617=DIRECTION('ref_axis',(-1.,1.22464679914735E-16,0.));
#5618=DIRECTION('center_axis',(1.22464679914735E-16,1.,0.));
#5619=DIRECTION('ref_axis',(1.,-1.22464679914735E-16,0.));
#5620=DIRECTION('center_axis',(0.,0.,-1.));
#5621=DIRECTION('ref_axis',(1.,-1.22464679914735E-16,0.));
#5622=DIRECTION('',(0.,0.,-1.));
#5623=DIRECTION('',(0.,0.,-1.));
#5624=DIRECTION('center_axis',(-1.22464679914735E-16,-1.,0.));
#5625=DIRECTION('ref_axis',(-1.,1.22464679914735E-16,0.));
#5626=DIRECTION('center_axis',(1.22464679914735E-16,1.,0.));
#5627=DIRECTION('ref_axis',(1.,-1.22464679914735E-16,0.));
#5628=DIRECTION('center_axis',(0.,1.,0.));
#5629=DIRECTION('ref_axis',(1.,0.,0.));
#5630=DIRECTION('',(0.,0.,1.));
#5631=DIRECTION('center_axis',(0.707106781186547,-0.707106781186548,0.));
#5632=DIRECTION('ref_axis',(-0.707106781186548,-0.707106781186547,0.));
#5633=DIRECTION('',(0.,0.,-1.));
#5634=DIRECTION('',(0.,0.,-1.));
#5635=DIRECTION('center_axis',(0.,0.,-1.));
#5636=DIRECTION('ref_axis',(1.83697019872103E-16,1.,0.));
#5637=DIRECTION('',(0.,0.,-1.));
#5638=DIRECTION('center_axis',(-0.707106781186547,0.707106781186548,0.));
#5639=DIRECTION('ref_axis',(0.707106781186548,0.707106781186547,0.));
#5640=DIRECTION('',(0.,0.,1.));
#5641=DIRECTION('center_axis',(0.,0.,1.));
#5642=DIRECTION('ref_axis',(1.,0.,0.));
#5643=DIRECTION('center_axis',(0.707106781186548,0.707106781186548,0.));
#5644=DIRECTION('ref_axis',(0.707106781186548,-0.707106781186548,0.));
#5645=DIRECTION('',(0.,0.,-1.));
#5646=DIRECTION('',(0.,0.,-1.));
#5647=DIRECTION('center_axis',(0.,0.,-1.));
#5648=DIRECTION('ref_axis',(-1.,0.,0.));
#5649=DIRECTION('',(0.,0.,-1.));
#5650=DIRECTION('center_axis',(-0.707106781186548,-0.707106781186548,0.));
#5651=DIRECTION('ref_axis',(-0.707106781186548,0.707106781186548,0.));
#5652=DIRECTION('center_axis',(0.,0.,1.));
#5653=DIRECTION('ref_axis',(1.,0.,0.));
#5654=DIRECTION('',(0.,0.,1.));
#5655=DIRECTION('center_axis',(0.,0.,-1.));
#5656=DIRECTION('ref_axis',(-1.,0.,0.));
#5657=DIRECTION('',(0.,0.,-1.));
#5658=DIRECTION('',(0.,0.,-1.));
#5659=DIRECTION('center_axis',(-1.,0.,0.));
#5660=DIRECTION('ref_axis',(0.,1.,0.));
#5661=DIRECTION('center_axis',(1.,0.,0.));
#5662=DIRECTION('ref_axis',(0.,-1.,0.));
#5663=DIRECTION('',(0.,0.,-1.));
#5664=DIRECTION('center_axis',(0.,0.,1.));
#5665=DIRECTION('ref_axis',(1.,0.,0.));
#5666=DIRECTION('center_axis',(0.,1.,0.));
#5667=DIRECTION('ref_axis',(0.,0.,1.));
#5668=DIRECTION('',(0.,0.,1.));
#5669=DIRECTION('',(-1.,0.,0.));
#5670=DIRECTION('',(0.,0.,-1.));
#5671=DIRECTION('',(-1.,0.,-3.0438491647452E-17));
#5672=DIRECTION('center_axis',(0.,1.,0.));
#5673=DIRECTION('ref_axis',(-0.707106781186555,0.,0.70710678118654));
#5674=DIRECTION('',(0.,0.,-1.));
#5675=DIRECTION('',(1.,0.,0.));
#5676=DIRECTION('',(0.,0.,1.));
#5677=DIRECTION('center_axis',(0.,-1.,0.));
#5678=DIRECTION('ref_axis',(-0.707106781186549,0.,0.707106781186546));
#5679=DIRECTION('',(-1.,0.,0.));
#5680=DIRECTION('center_axis',(-1.,0.,0.));
#5681=DIRECTION('ref_axis',(0.,1.,0.));
#5682=DIRECTION('',(0.,1.,0.));
#5683=DIRECTION('',(0.,0.,1.));
#5684=DIRECTION('',(0.,1.,0.));
#5685=DIRECTION('center_axis',(0.,1.,0.));
#5686=DIRECTION('ref_axis',(-0.707106781186555,0.,0.70710678118654));
#5687=DIRECTION('center_axis',(0.,-1.,0.));
#5688=DIRECTION('ref_axis',(-0.707106781186555,0.,0.70710678118654));
#5689=DIRECTION('',(0.,1.,0.));
#5690=DIRECTION('',(0.,-1.,0.));
#5691=DIRECTION('center_axis',(-1.,0.,0.));
#5692=DIRECTION('ref_axis',(0.,0.,1.));
#5693=DIRECTION('',(0.,0.,1.));
#5694=DIRECTION('',(0.,-0.453537960035099,0.891236959964745));
#5695=DIRECTION('',(0.,0.,1.));
#5696=DIRECTION('',(0.,-1.,0.));
#5697=DIRECTION('',(0.,0.,-1.));
#5698=DIRECTION('',(0.,-0.453537960035099,-0.891236959964745));
#5699=DIRECTION('center_axis',(0.,-1.,0.));
#5700=DIRECTION('ref_axis',(-0.707106781186549,0.,0.707106781186546));
#5701=DIRECTION('center_axis',(0.,1.,0.));
#5702=DIRECTION('ref_axis',(-0.707106781186549,0.,0.707106781186546));
#5703=DIRECTION('',(0.,1.,0.));
#5704=DIRECTION('',(0.,-1.,0.));
#5705=DIRECTION('center_axis',(0.,-1.,0.));
#5706=DIRECTION('ref_axis',(0.,0.,-1.));
#5707=DIRECTION('',(0.,0.,-1.));
#5708=DIRECTION('',(1.,0.,0.));
#5709=DIRECTION('',(0.,0.,-1.));
#5710=DIRECTION('',(1.,0.,0.));
#5711=DIRECTION('',(1.,0.,3.0438491647452E-17));
#5712=DIRECTION('',(1.,0.,0.));
#5713=DIRECTION('center_axis',(1.,0.,0.));
#5714=DIRECTION('ref_axis',(0.,0.,-1.));
#5715=DIRECTION('',(0.,0.453537960035099,0.891236959964745));
#5716=DIRECTION('',(0.,0.,1.));
#5717=DIRECTION('',(0.,1.,0.));
#5718=DIRECTION('',(0.,0.,-1.));
#5719=DIRECTION('',(0.,0.453537960035099,-0.891236959964745));
#5720=DIRECTION('center_axis',(1.,0.,0.));
#5721=DIRECTION('ref_axis',(0.,0.,-1.));
#5722=DIRECTION('',(0.,0.731099146087486,0.682271235353029));
#5723=DIRECTION('',(0.,1.,0.));
#5724=DIRECTION('',(0.,0.731099146087486,-0.682271235353029));
#5725=DIRECTION('',(0.,1.,0.));
#5726=DIRECTION('center_axis',(0.,1.,0.));
#5727=DIRECTION('ref_axis',(-0.292596417107002,0.,-0.956236025621366));
#5728=DIRECTION('center_axis',(0.,1.,0.));
#5729=DIRECTION('ref_axis',(-0.292596417107002,0.,-0.956236025621366));
#5730=DIRECTION('',(0.,1.,0.));
#5731=DIRECTION('center_axis',(0.,-1.,0.));
#5732=DIRECTION('ref_axis',(-0.292596417107002,0.,-0.956236025621366));
#5733=DIRECTION('center_axis',(0.,1.,0.));
#5734=DIRECTION('ref_axis',(-0.585684609086748,0.,-0.810539042044801));
#5735=DIRECTION('center_axis',(0.,1.,0.));
#5736=DIRECTION('ref_axis',(-0.585684609086748,0.,-0.810539042044801));
#5737=DIRECTION('center_axis',(0.,-1.,0.));
#5738=DIRECTION('ref_axis',(-0.585684609086748,0.,-0.810539042044801));
#5739=DIRECTION('center_axis',(-3.0438491647452E-17,0.,1.));
#5740=DIRECTION('ref_axis',(1.,0.,3.0438491647452E-17));
#5741=DIRECTION('center_axis',(-1.,0.,0.));
#5742=DIRECTION('ref_axis',(0.,0.,1.));
#5743=DIRECTION('',(0.,-0.731099146087486,-0.682271235353029));
#5744=DIRECTION('',(0.,0.,-1.));
#5745=DIRECTION('',(0.,0.,1.));
#5746=DIRECTION('',(0.,-0.731099146087486,0.682271235353029));
#5747=DIRECTION('',(0.,-1.,0.));
#5748=DIRECTION('center_axis',(0.,0.,-1.));
#5749=DIRECTION('ref_axis',(0.,1.,0.));
#5750=DIRECTION('',(1.,0.,0.));
#5751=DIRECTION('',(1.,0.,0.));
#5752=DIRECTION('center_axis',(0.,-0.682271235353029,-0.731099146087486));
#5753=DIRECTION('ref_axis',(0.,0.731099146087486,-0.682271235353029));
#5754=DIRECTION('',(1.,0.,0.));
#5755=DIRECTION('center_axis',(0.,-1.,0.));
#5756=DIRECTION('ref_axis',(0.,0.,-1.));
#5757=DIRECTION('',(1.,0.,0.));
#5758=DIRECTION('center_axis',(0.,-0.891236959964746,-0.453537960035099));
#5759=DIRECTION('ref_axis',(0.,0.453537960035099,-0.891236959964745));
#5760=DIRECTION('center_axis',(0.,0.891236959964745,-0.453537960035099));
#5761=DIRECTION('ref_axis',(0.,0.453537960035099,0.891236959964745));
#5762=DIRECTION('',(1.,0.,0.));
#5763=DIRECTION('center_axis',(0.,1.,0.));
#5764=DIRECTION('ref_axis',(0.,0.,1.));
#5765=DIRECTION('',(1.,0.,0.));
#5766=DIRECTION('center_axis',(0.,0.682271235353029,-0.731099146087486));
#5767=DIRECTION('ref_axis',(0.,0.731099146087486,0.682271235353029));
#5768=DIRECTION('center_axis',(0.,0.,1.));
#5769=DIRECTION('ref_axis',(1.,0.,0.));
#5770=DIRECTION('center_axis',(0.,0.,1.));
#5771=DIRECTION('ref_axis',(-0.339080459770115,0.94075737669289,0.));
#5772=DIRECTION('',(1.40797074097639E-14,-1.,0.));
#5773=DIRECTION('center_axis',(0.,0.,1.));
#5774=DIRECTION('ref_axis',(-1.,1.11022302462516E-14,0.));
#5775=DIRECTION('',(1.,-2.01858731750028E-16,0.));
#5776=DIRECTION('center_axis',(0.,0.,1.));
#5777=DIRECTION('ref_axis',(-2.77555756156289E-15,-1.,0.));
#5778=DIRECTION('',(0.,1.,0.));
#5779=DIRECTION('center_axis',(0.,0.,1.));
#5780=DIRECTION('ref_axis',(0.339080459770115,-0.94075737669289,0.));
#5781=DIRECTION('',(-1.,0.,0.));
#5782=DIRECTION('',(0.,1.,0.));
#5783=DIRECTION('',(1.,0.,0.));
#5784=DIRECTION('center_axis',(0.,0.,1.));
#5785=DIRECTION('ref_axis',(0.339080459770115,-0.94075737669289,0.));
#5786=DIRECTION('',(1.7599634262205E-14,1.,0.));
#5787=DIRECTION('center_axis',(0.,0.,1.));
#5788=DIRECTION('ref_axis',(1.,5.55111512312575E-15,0.));
#5789=DIRECTION('',(-1.,0.,0.));
#5790=DIRECTION('center_axis',(0.,0.,1.));
#5791=DIRECTION('ref_axis',(-5.55111512312575E-15,1.,0.));
#5792=DIRECTION('',(-1.75996342622048E-15,-1.,0.));
#5793=DIRECTION('center_axis',(0.,0.,1.));
#5794=DIRECTION('ref_axis',(-0.339080459770115,0.94075737669289,0.));
#5795=DIRECTION('center_axis',(0.,0.,-1.));
#5796=DIRECTION('ref_axis',(0.58527800623119,0.810832692620397,0.));
#5797=DIRECTION('',(0.499999999999988,0.866025403784446,0.));
#5798=DIRECTION('center_axis',(0.,0.,-1.));
#5799=DIRECTION('ref_axis',(0.581280230054183,-0.813703443613308,0.));
#5800=DIRECTION('',(-0.499999999999998,0.86602540378444,0.));
#5801=DIRECTION('center_axis',(0.,0.,-1.));
#5802=DIRECTION('ref_axis',(0.409562706912608,-0.912281967982716,0.));
#5803=DIRECTION('',(0.499999999999996,-0.866025403784441,0.));
#5804=DIRECTION('center_axis',(0.,0.,-1.));
#5805=DIRECTION('ref_axis',(-0.995327968343095,-0.0965517241379308,0.));
#5806=DIRECTION('',(1.,-3.94561513171198E-15,0.));
#5807=DIRECTION('center_axis',(0.,0.,-1.));
#5808=DIRECTION('ref_axis',(-0.994840713143798,0.101449275362319,0.));
#5809=DIRECTION('',(-1.,-1.5782460526848E-15,0.));
#5810=DIRECTION('center_axis',(0.,0.,-1.));
#5811=DIRECTION('ref_axis',(0.414047738288912,0.910255167751239,0.));
#5812=DIRECTION('',(-0.500000000000004,-0.866025403784436,0.));
#5813=DIRECTION('center_axis',(0.,0.,-1.));
#5814=DIRECTION('ref_axis',(-0.339080459770115,0.94075737669289,0.));
#5815=DIRECTION('center_axis',(0.,0.,-1.));
#5816=DIRECTION('ref_axis',(-0.339080459770115,0.94075737669289,0.));
#5817=DIRECTION('',(0.,0.,-1.));
#5818=DIRECTION('center_axis',(0.,0.,-1.));
#5819=DIRECTION('ref_axis',(-0.339080459770115,0.94075737669289,0.));
#5820=DIRECTION('',(0.,0.,-1.));
#5821=DIRECTION('center_axis',(0.,0.,-1.));
#5822=DIRECTION('ref_axis',(-0.339080459770115,0.94075737669289,0.));
#5823=DIRECTION('center_axis',(0.,-1.,0.));
#5824=DIRECTION('ref_axis',(0.,0.,1.));
#5825=DIRECTION('',(-1.,0.,0.));
#5826=DIRECTION('',(0.,0.,-1.));
#5827=DIRECTION('center_axis',(0.,1.,0.));
#5828=DIRECTION('ref_axis',(0.707106781186549,0.,0.707106781186546));
#5829=DIRECTION('',(0.,0.,1.));
#5830=DIRECTION('',(-1.,0.,0.));
#5831=DIRECTION('',(0.,0.,-1.));
#5832=DIRECTION('center_axis',(0.,-1.,0.));
#5833=DIRECTION('ref_axis',(0.707106781186555,0.,0.70710678118654));
#5834=DIRECTION('',(1.,0.,-3.0438491647452E-17));
#5835=DIRECTION('',(0.,0.,-1.));
#5836=DIRECTION('center_axis',(0.,-1.,0.));
#5837=DIRECTION('ref_axis',(0.707106781186555,0.,0.70710678118654));
#5838=DIRECTION('center_axis',(0.,1.,0.));
#5839=DIRECTION('ref_axis',(0.707106781186555,0.,0.70710678118654));
#5840=DIRECTION('',(0.,-1.,0.));
#5841=DIRECTION('',(0.,1.,0.));
#5842=DIRECTION('center_axis',(-1.,0.,0.));
#5843=DIRECTION('ref_axis',(0.,0.,1.));
#5844=DIRECTION('',(0.,-0.453537960035099,-0.891236959964745));
#5845=DIRECTION('',(0.,0.,-1.));
#5846=DIRECTION('',(0.,-1.,0.));
#5847=DIRECTION('',(0.,0.,1.));
#5848=DIRECTION('',(0.,-0.453537960035099,0.891236959964745));
#5849=DIRECTION('',(0.,0.,1.));
#5850=DIRECTION('center_axis',(0.,1.,0.));
#5851=DIRECTION('ref_axis',(0.707106781186549,0.,0.707106781186546));
#5852=DIRECTION('center_axis',(0.,-1.,0.));
#5853=DIRECTION('ref_axis',(0.707106781186549,0.,0.707106781186546));
#5854=DIRECTION('',(0.,-1.,0.));
#5855=DIRECTION('center_axis',(0.,1.,0.));
#5856=DIRECTION('ref_axis',(0.,0.,-1.));
#5857=DIRECTION('',(1.,0.,0.));
#5858=DIRECTION('',(0.,0.,1.));
#5859=DIRECTION('',(-1.,0.,3.0438491647452E-17));
#5860=DIRECTION('',(-1.,0.,0.));
#5861=DIRECTION('',(0.,0.,-1.));
#5862=DIRECTION('',(0.,0.,1.));
#5863=DIRECTION('center_axis',(1.,0.,0.));
#5864=DIRECTION('ref_axis',(0.,0.,-1.));
#5865=DIRECTION('',(0.,0.453537960035099,-0.891236959964745));
#5866=DIRECTION('',(0.,0.,-1.));
#5867=DIRECTION('',(0.,1.,0.));
#5868=DIRECTION('',(0.,0.,1.));
#5869=DIRECTION('',(0.,0.453537960035099,0.891236959964745));
#5870=DIRECTION('center_axis',(1.,0.,0.));
#5871=DIRECTION('ref_axis',(0.,0.,-1.));
#5872=DIRECTION('',(0.,0.731099146087486,0.682271235353029));
#5873=DIRECTION('',(0.,1.,0.));
#5874=DIRECTION('',(0.,0.731099146087486,-0.682271235353029));
#5875=DIRECTION('',(0.,1.,0.));
#5876=DIRECTION('center_axis',(0.,-1.,0.));
#5877=DIRECTION('ref_axis',(0.292596417107002,0.,-0.956236025621366));
#5878=DIRECTION('center_axis',(0.,-1.,0.));
#5879=DIRECTION('ref_axis',(0.292596417107002,0.,-0.956236025621366));
#5880=DIRECTION('center_axis',(0.,1.,0.));
#5881=DIRECTION('ref_axis',(0.292596417107002,0.,-0.956236025621366));
#5882=DIRECTION('',(0.,1.,0.));
#5883=DIRECTION('center_axis',(0.,-1.,0.));
#5884=DIRECTION('ref_axis',(0.585684609086748,0.,-0.810539042044801));
#5885=DIRECTION('center_axis',(0.,-1.,0.));
#5886=DIRECTION('ref_axis',(0.585684609086748,0.,-0.810539042044801));
#5887=DIRECTION('center_axis',(0.,1.,0.));
#5888=DIRECTION('ref_axis',(0.585684609086748,0.,-0.810539042044801));
#5889=DIRECTION('center_axis',(-3.0438491647452E-17,0.,-1.));
#5890=DIRECTION('ref_axis',(-1.,0.,3.0438491647452E-17));
#5891=DIRECTION('',(0.,1.,0.));
#5892=DIRECTION('center_axis',(-1.,0.,0.));
#5893=DIRECTION('ref_axis',(0.,0.,1.));
#5894=DIRECTION('',(0.,-0.731099146087486,-0.682271235353029));
#5895=DIRECTION('',(0.,-1.,0.));
#5896=DIRECTION('',(0.,-0.731099146087486,0.682271235353029));
#5897=DIRECTION('',(0.,0.,1.));
#5898=DIRECTION('',(0.,0.,-1.));
#5899=DIRECTION('center_axis',(0.,0.,1.));
#5900=DIRECTION('ref_axis',(0.,1.,0.));
#5901=DIRECTION('',(-1.,0.,0.));
#5902=DIRECTION('',(-1.,0.,0.));
#5903=DIRECTION('center_axis',(0.,0.682271235353029,0.731099146087486));
#5904=DIRECTION('ref_axis',(0.,0.731099146087486,-0.682271235353029));
#5905=DIRECTION('',(-1.,0.,0.));
#5906=DIRECTION('center_axis',(0.,1.,0.));
#5907=DIRECTION('ref_axis',(0.,0.,-1.));
#5908=DIRECTION('',(-1.,0.,0.));
#5909=DIRECTION('center_axis',(0.,0.891236959964746,0.453537960035099));
#5910=DIRECTION('ref_axis',(0.,0.453537960035099,-0.891236959964745));
#5911=DIRECTION('center_axis',(-1.,0.,0.));
#5912=DIRECTION('ref_axis',(0.,1.,0.));
#5913=DIRECTION('',(0.,-1.,0.));
#5914=DIRECTION('center_axis',(0.,-0.891236959964745,0.453537960035099));
#5915=DIRECTION('ref_axis',(0.,0.453537960035099,0.891236959964745));
#5916=DIRECTION('',(-1.,0.,0.));
#5917=DIRECTION('center_axis',(0.,-1.,0.));
#5918=DIRECTION('ref_axis',(0.,0.,1.));
#5919=DIRECTION('',(-1.,0.,0.));
#5920=DIRECTION('center_axis',(0.,-0.682271235353029,0.731099146087486));
#5921=DIRECTION('ref_axis',(0.,0.731099146087486,0.682271235353029));
#5922=DIRECTION('center_axis',(0.,0.,1.));
#5923=DIRECTION('ref_axis',(1.,0.,0.));
#5924=DIRECTION('',(1.75996342622048E-15,1.,0.));
#5925=DIRECTION('center_axis',(0.,0.,-1.));
#5926=DIRECTION('ref_axis',(-5.55111512312575E-15,1.,0.));
#5927=DIRECTION('',(1.,0.,0.));
#5928=DIRECTION('center_axis',(0.,0.,-1.));
#5929=DIRECTION('ref_axis',(1.,5.55111512312575E-15,0.));
#5930=DIRECTION('',(-1.7599634262205E-14,-1.,0.));
#5931=DIRECTION('center_axis',(0.,0.,-1.));
#5932=DIRECTION('ref_axis',(0.339080459770115,-0.94075737669289,0.));
#5933=DIRECTION('center_axis',(0.,0.,-1.));
#5934=DIRECTION('ref_axis',(0.339080459770115,-0.94075737669289,0.));
#5935=DIRECTION('',(0.,-1.,0.));
#5936=DIRECTION('center_axis',(0.,0.,-1.));
#5937=DIRECTION('ref_axis',(-2.77555756156289E-15,-1.,0.));
#5938=DIRECTION('',(-1.,2.01858731750028E-16,0.));
#5939=DIRECTION('center_axis',(0.,0.,-1.));
#5940=DIRECTION('ref_axis',(-1.,1.11022302462516E-14,0.));
#5941=DIRECTION('',(-1.40797074097639E-14,1.,0.));
#5942=DIRECTION('center_axis',(0.,0.,1.));
#5943=DIRECTION('ref_axis',(0.58527800623119,0.810832692620397,0.));
#5944=DIRECTION('',(0.500000000000004,0.866025403784436,0.));
#5945=DIRECTION('center_axis',(0.,0.,1.));
#5946=DIRECTION('ref_axis',(0.414047738288912,0.910255167751239,0.));
#5947=DIRECTION('',(1.,1.5782460526848E-15,0.));
#5948=DIRECTION('center_axis',(0.,0.,1.));
#5949=DIRECTION('ref_axis',(-0.994840713143798,0.101449275362319,0.));
#5950=DIRECTION('',(-1.,3.94561513171198E-15,0.));
#5951=DIRECTION('center_axis',(0.,0.,1.));
#5952=DIRECTION('ref_axis',(-0.995327968343095,-0.0965517241379308,0.));
#5953=DIRECTION('',(-0.499999999999996,0.866025403784441,0.));
#5954=DIRECTION('center_axis',(0.,0.,1.));
#5955=DIRECTION('ref_axis',(0.409562706912608,-0.912281967982716,0.));
#5956=DIRECTION('',(0.499999999999998,-0.86602540378444,0.));
#5957=DIRECTION('center_axis',(0.,0.,1.));
#5958=DIRECTION('ref_axis',(0.581280230054183,-0.813703443613308,0.));
#5959=DIRECTION('',(-0.499999999999988,-0.866025403784446,0.));
#5960=DIRECTION('center_axis',(0.,0.,-1.));
#5961=DIRECTION('ref_axis',(0.339080459770115,-0.94075737669289,0.));
#5962=DIRECTION('',(0.,0.,-1.));
#5963=DIRECTION('center_axis',(0.,0.,-1.));
#5964=DIRECTION('ref_axis',(-0.995327968343095,-0.0965517241379308,0.));
#5965=DIRECTION('',(0.,0.,-1.));
#5966=DIRECTION('',(0.,0.,-1.));
#5967=DIRECTION('center_axis',(0.866025403784441,0.499999999999996,0.));
#5968=DIRECTION('ref_axis',(0.499999999999996,-0.866025403784441,0.));
#5969=DIRECTION('',(0.,0.,-1.));
#5970=DIRECTION('center_axis',(0.,0.,-1.));
#5971=DIRECTION('ref_axis',(0.409562706912608,-0.912281967982716,0.));
#5972=DIRECTION('',(0.,0.,-1.));
#5973=DIRECTION('center_axis',(-0.86602540378444,-0.499999999999998,0.));
#5974=DIRECTION('ref_axis',(-0.499999999999998,0.86602540378444,0.));
#5975=DIRECTION('',(0.,0.,-1.));
#5976=DIRECTION('center_axis',(0.,0.,-1.));
#5977=DIRECTION('ref_axis',(0.581280230054183,-0.813703443613308,0.));
#5978=DIRECTION('',(0.,0.,-1.));
#5979=DIRECTION('center_axis',(-0.866025403784446,0.499999999999988,0.));
#5980=DIRECTION('ref_axis',(0.499999999999988,0.866025403784446,0.));
#5981=DIRECTION('',(0.,0.,-1.));
#5982=DIRECTION('center_axis',(0.,0.,-1.));
#5983=DIRECTION('ref_axis',(0.58527800623119,0.810832692620397,0.));
#5984=DIRECTION('',(0.,0.,-1.));
#5985=DIRECTION('center_axis',(0.866025403784436,-0.500000000000004,0.));
#5986=DIRECTION('ref_axis',(-0.500000000000004,-0.866025403784436,0.));
#5987=DIRECTION('',(0.,0.,-1.));
#5988=DIRECTION('center_axis',(0.,0.,-1.));
#5989=DIRECTION('ref_axis',(0.414047738288912,0.910255167751239,0.));
#5990=DIRECTION('',(0.,0.,-1.));
#5991=DIRECTION('center_axis',(1.5782460526848E-15,-1.,0.));
#5992=DIRECTION('ref_axis',(-1.,-1.5782460526848E-15,0.));
#5993=DIRECTION('',(0.,0.,-1.));
#5994=DIRECTION('center_axis',(0.,0.,-1.));
#5995=DIRECTION('ref_axis',(-0.994840713143798,0.101449275362319,0.));
#5996=DIRECTION('',(0.,0.,-1.));
#5997=DIRECTION('center_axis',(3.94561513171198E-15,1.,0.));
#5998=DIRECTION('ref_axis',(1.,-3.94561513171198E-15,0.));
#5999=DIRECTION('center_axis',(1.,-1.75996342622048E-15,0.));
#6000=DIRECTION('ref_axis',(-1.75996342622048E-15,-1.,0.));
#6001=DIRECTION('',(0.,0.,-1.));
#6002=DIRECTION('center_axis',(0.,0.,-1.));
#6003=DIRECTION('ref_axis',(-5.55111512312575E-15,1.,0.));
#6004=DIRECTION('',(0.,0.,-1.));
#6005=DIRECTION('center_axis',(0.,-1.,0.));
#6006=DIRECTION('ref_axis',(-1.,0.,0.));
#6007=DIRECTION('',(0.,0.,-1.));
#6008=DIRECTION('center_axis',(0.,0.,-1.));
#6009=DIRECTION('ref_axis',(1.,5.55111512312575E-15,0.));
#6010=DIRECTION('',(0.,0.,-1.));
#6011=DIRECTION('center_axis',(-1.,1.7599634262205E-14,0.));
#6012=DIRECTION('ref_axis',(1.7599634262205E-14,1.,0.));
#6013=DIRECTION('',(0.,0.,-1.));
#6014=DIRECTION('center_axis',(0.,0.,-1.));
#6015=DIRECTION('ref_axis',(0.339080459770115,-0.94075737669289,0.));
#6016=DIRECTION('center_axis',(-1.,0.,0.));
#6017=DIRECTION('ref_axis',(0.,1.,0.));
#6018=DIRECTION('',(0.,0.,-1.));
#6019=DIRECTION('center_axis',(0.,0.,-1.));
#6020=DIRECTION('ref_axis',(-2.77555756156289E-15,-1.,0.));
#6021=DIRECTION('',(0.,0.,-1.));
#6022=DIRECTION('center_axis',(2.01858731750028E-16,1.,0.));
#6023=DIRECTION('ref_axis',(1.,-2.01858731750028E-16,0.));
#6024=DIRECTION('',(0.,0.,-1.));
#6025=DIRECTION('center_axis',(0.,0.,-1.));
#6026=DIRECTION('ref_axis',(-1.,1.11022302462516E-14,0.));
#6027=DIRECTION('',(0.,0.,-1.));
#6028=DIRECTION('center_axis',(1.,1.40797074097639E-14,0.));
#6029=DIRECTION('ref_axis',(1.40797074097639E-14,-1.,0.));
#6030=DIRECTION('center_axis',(0.707106781186548,0.,-0.707106781186548));
#6031=DIRECTION('ref_axis',(-0.707106781186548,0.,-0.707106781186548));
#6032=DIRECTION('',(0.,1.,0.));
#6033=DIRECTION('',(0.577350269189626,0.577350269189626,0.577350269189626));
#6034=DIRECTION('',(0.,-1.,0.));
#6035=DIRECTION('',(-0.577350260197596,0.577350287173685,-0.577350260197596));
#6036=DIRECTION('center_axis',(0.,0.707106781186548,-0.707106781186548));
#6037=DIRECTION('ref_axis',(-1.,0.,0.));
#6038=DIRECTION('',(-1.,0.,0.));
#6039=DIRECTION('',(-0.577350269189626,0.577350269189626,0.577350269189626));
#6040=DIRECTION('',(1.,0.,0.));
#6041=DIRECTION('center_axis',(0.,-0.707106764667134,-0.707106797705961));
#6042=DIRECTION('ref_axis',(-1.,0.,0.));
#6043=DIRECTION('',(-1.,0.,0.));
#6044=DIRECTION('',(0.577350260197596,0.577350287173685,-0.577350260197596));
#6045=DIRECTION('',(1.,0.,0.));
#6046=DIRECTION('center_axis',(-0.707106781186548,0.,-0.707106781186548));
#6047=DIRECTION('ref_axis',(-0.707106781186548,0.,0.707106781186548));
#6048=DIRECTION('',(0.,-1.,0.));
#6049=DIRECTION('',(0.,1.,0.));
#6050=DIRECTION('center_axis',(0.,-0.999999999999999,-4.67239802404151E-8));
#6051=DIRECTION('ref_axis',(0.,4.67239802404151E-8,-0.999999999999999));
#6052=DIRECTION('',(0.,-4.67239802404151E-8,0.999999999999999));
#6053=DIRECTION('',(1.,0.,0.));
#6054=DIRECTION('',(0.,-4.67239802404151E-8,0.999999999999999));
#6055=DIRECTION('',(1.,0.,0.));
#6056=DIRECTION('',(0.,4.67239802404151E-8,-0.999999999999999));
#6057=DIRECTION('',(1.,0.,0.));
#6058=DIRECTION('',(0.,4.67239802404151E-8,-0.999999999999999));
#6059=DIRECTION('center_axis',(-1.,0.,0.));
#6060=DIRECTION('ref_axis',(0.,-4.67239802404151E-8,0.999999999999999));
#6061=DIRECTION('',(0.,0.,-1.));
#6062=DIRECTION('',(0.,0.999999999999999,4.67239802404151E-8));
#6063=DIRECTION('center_axis',(0.,0.,-1.));
#6064=DIRECTION('ref_axis',(0.,1.,0.));
#6065=DIRECTION('center_axis',(-1.,0.,0.));
#6066=DIRECTION('ref_axis',(0.,-0.707106781186555,0.70710678118654));
#6067=DIRECTION('center_axis',(1.,0.,0.));
#6068=DIRECTION('ref_axis',(0.,-0.707106781186555,0.70710678118654));
#6069=DIRECTION('',(-1.,0.,0.));
#6070=DIRECTION('center_axis',(-1.,0.,0.));
#6071=DIRECTION('ref_axis',(0.,-0.707106781186555,0.70710678118654));
#6072=DIRECTION('',(1.,0.,0.));
#6073=DIRECTION('center_axis',(0.,1.,0.));
#6074=DIRECTION('ref_axis',(0.,0.,1.));
#6075=DIRECTION('',(0.,0.,1.));
#6076=DIRECTION('',(-1.,0.,0.));
#6077=DIRECTION('',(0.,0.,1.));
#6078=DIRECTION('',(0.,0.,-1.));
#6079=DIRECTION('',(-1.,0.,0.));
#6080=DIRECTION('center_axis',(1.,0.,0.));
#6081=DIRECTION('ref_axis',(0.,-0.707106797705968,0.707106764667127));
#6082=DIRECTION('center_axis',(-1.,0.,0.));
#6083=DIRECTION('ref_axis',(0.,-0.707106797705968,0.707106764667127));
#6084=DIRECTION('',(-1.,0.,0.));
#6085=DIRECTION('center_axis',(1.,0.,0.));
#6086=DIRECTION('ref_axis',(0.,-0.707106797705968,0.707106764667127));
#6087=DIRECTION('center_axis',(1.,0.,0.));
#6088=DIRECTION('ref_axis',(0.,4.67239802404151E-8,-0.999999999999999));
#6089=DIRECTION('',(0.,-1.,5.76739224977426E-16));
#6090=DIRECTION('',(0.,-5.55111512312578E-16,-1.));
#6091=DIRECTION('',(0.,1.,5.76739224977426E-16));
#6092=DIRECTION('',(0.,0.999999999999999,4.67239802404151E-8));
#6093=DIRECTION('center_axis',(0.,-1.,5.55111512312578E-16));
#6094=DIRECTION('ref_axis',(-1.,0.,0.));
#6095=DIRECTION('',(-1.,0.,0.));
#6096=DIRECTION('',(0.,5.55111512312578E-16,1.));
#6097=DIRECTION('',(1.,0.,0.));
#6098=DIRECTION('center_axis',(0.,5.76739224977426E-16,-1.));
#6099=DIRECTION('ref_axis',(0.,1.,5.76739224977426E-16));
#6100=DIRECTION('',(0.,-1.,-5.76739224977426E-16));
#6101=DIRECTION('center_axis',(-1.,0.,0.));
#6102=DIRECTION('ref_axis',(0.,-4.67239802404151E-8,0.999999999999999));
#6103=DIRECTION('',(0.,0.999999999999999,4.67239802404151E-8));
#6104=DIRECTION('',(0.,1.,-5.76739224977426E-16));
#6105=DIRECTION('center_axis',(0.,-4.67239802404151E-8,0.999999999999999));
#6106=DIRECTION('ref_axis',(1.,0.,0.));
#6107=DIRECTION('',(0.,0.999999999999999,4.67239802404151E-8));
#6108=DIRECTION('center_axis',(1.,0.,0.));
#6109=DIRECTION('ref_axis',(0.,4.67239802404151E-8,-0.999999999999999));
#6110=DIRECTION('center_axis',(0.,-4.67239802404151E-8,0.999999999999999));
#6111=DIRECTION('ref_axis',(1.,0.,0.));
#6112=DIRECTION('center_axis',(0.,5.76739224977426E-16,1.));
#6113=DIRECTION('ref_axis',(0.,-1.,5.76739224977426E-16));
#6114=DIRECTION('center_axis',(0.707106781186548,0.,-0.707106781186548));
#6115=DIRECTION('ref_axis',(-0.707106781186548,0.,-0.707106781186548));
#6116=DIRECTION('',(0.,1.,0.));
#6117=DIRECTION('',(0.577350269189626,0.577350269189626,0.577350269189626));
#6118=DIRECTION('',(0.,-1.,0.));
#6119=DIRECTION('',(-0.577350260197596,0.577350287173685,-0.577350260197596));
#6120=DIRECTION('center_axis',(0.,0.707106781186548,-0.707106781186548));
#6121=DIRECTION('ref_axis',(-1.,0.,0.));
#6122=DIRECTION('',(-1.,0.,0.));
#6123=DIRECTION('',(-0.577350269189626,0.577350269189626,0.577350269189626));
#6124=DIRECTION('',(1.,0.,0.));
#6125=DIRECTION('center_axis',(0.,-0.707106764667134,-0.707106797705961));
#6126=DIRECTION('ref_axis',(-1.,0.,0.));
#6127=DIRECTION('',(-1.,0.,0.));
#6128=DIRECTION('',(0.577350260197596,0.577350287173685,-0.577350260197596));
#6129=DIRECTION('',(1.,0.,0.));
#6130=DIRECTION('center_axis',(-0.707106781186548,0.,-0.707106781186548));
#6131=DIRECTION('ref_axis',(-0.707106781186548,0.,0.707106781186548));
#6132=DIRECTION('',(0.,-1.,0.));
#6133=DIRECTION('',(0.,1.,0.));
#6134=DIRECTION('center_axis',(0.,-0.999999999999999,-4.67239802404151E-8));
#6135=DIRECTION('ref_axis',(0.,4.67239802404151E-8,-0.999999999999999));
#6136=DIRECTION('',(0.,-4.67239802404151E-8,0.999999999999999));
#6137=DIRECTION('',(1.,0.,0.));
#6138=DIRECTION('',(0.,-4.67239802404151E-8,0.999999999999999));
#6139=DIRECTION('',(1.,0.,0.));
#6140=DIRECTION('',(0.,4.67239802404151E-8,-0.999999999999999));
#6141=DIRECTION('',(1.,0.,0.));
#6142=DIRECTION('',(0.,4.67239802404151E-8,-0.999999999999999));
#6143=DIRECTION('center_axis',(-1.,0.,0.));
#6144=DIRECTION('ref_axis',(0.,-4.67239802404151E-8,0.999999999999999));
#6145=DIRECTION('',(0.,0.,-1.));
#6146=DIRECTION('',(0.,0.999999999999999,4.67239802404151E-8));
#6147=DIRECTION('center_axis',(0.,0.,-1.));
#6148=DIRECTION('ref_axis',(0.,1.,0.));
#6149=DIRECTION('center_axis',(-1.,0.,0.));
#6150=DIRECTION('ref_axis',(0.,-0.707106781186555,0.70710678118654));
#6151=DIRECTION('center_axis',(1.,0.,0.));
#6152=DIRECTION('ref_axis',(0.,-0.707106781186555,0.70710678118654));
#6153=DIRECTION('',(-1.,0.,0.));
#6154=DIRECTION('center_axis',(-1.,0.,0.));
#6155=DIRECTION('ref_axis',(0.,-0.707106781186555,0.70710678118654));
#6156=DIRECTION('',(1.,0.,0.));
#6157=DIRECTION('center_axis',(0.,1.,0.));
#6158=DIRECTION('ref_axis',(0.,0.,1.));
#6159=DIRECTION('',(0.,0.,1.));
#6160=DIRECTION('',(-1.,0.,0.));
#6161=DIRECTION('',(0.,0.,1.));
#6162=DIRECTION('',(0.,0.,-1.));
#6163=DIRECTION('',(-1.,0.,0.));
#6164=DIRECTION('center_axis',(1.,0.,0.));
#6165=DIRECTION('ref_axis',(0.,-0.707106797705968,0.707106764667127));
#6166=DIRECTION('center_axis',(-1.,0.,0.));
#6167=DIRECTION('ref_axis',(0.,-0.707106797705968,0.707106764667127));
#6168=DIRECTION('',(-1.,0.,0.));
#6169=DIRECTION('center_axis',(1.,0.,0.));
#6170=DIRECTION('ref_axis',(0.,-0.707106797705968,0.707106764667127));
#6171=DIRECTION('center_axis',(0.,5.76739224977426E-16,1.));
#6172=DIRECTION('ref_axis',(0.,-1.,5.76739224977426E-16));
#6173=DIRECTION('',(0.,1.,-5.76739224977426E-16));
#6174=DIRECTION('',(-1.,0.,0.));
#6175=DIRECTION('',(0.,-1.,5.76739224977426E-16));
#6176=DIRECTION('center_axis',(-1.,0.,0.));
#6177=DIRECTION('ref_axis',(0.,-4.67239802404151E-8,0.999999999999999));
#6178=DIRECTION('',(0.,0.999999999999999,4.67239802404151E-8));
#6179=DIRECTION('',(0.,-1.,-5.76739224977426E-16));
#6180=DIRECTION('',(0.,5.55111512312578E-16,1.));
#6181=DIRECTION('center_axis',(0.,-1.,5.55111512312578E-16));
#6182=DIRECTION('ref_axis',(-1.,0.,0.));
#6183=DIRECTION('',(0.,-5.55111512312578E-16,-1.));
#6184=DIRECTION('',(1.,0.,0.));
#6185=DIRECTION('center_axis',(0.,5.76739224977426E-16,-1.));
#6186=DIRECTION('ref_axis',(0.,1.,5.76739224977426E-16));
#6187=DIRECTION('',(0.,1.,5.76739224977426E-16));
#6188=DIRECTION('center_axis',(0.,-4.67239802404151E-8,0.999999999999999));
#6189=DIRECTION('ref_axis',(1.,0.,0.));
#6190=DIRECTION('center_axis',(0.,-4.67239802404151E-8,0.999999999999999));
#6191=DIRECTION('ref_axis',(1.,0.,0.));
#6192=DIRECTION('',(0.,0.999999999999999,4.67239802404151E-8));
#6193=DIRECTION('',(0.,0.999999999999999,4.67239802404151E-8));
#6194=DIRECTION('center_axis',(1.,0.,0.));
#6195=DIRECTION('ref_axis',(0.,4.67239802404151E-8,-0.999999999999999));
#6196=DIRECTION('center_axis',(1.,0.,0.));
#6197=DIRECTION('ref_axis',(0.,4.67239802404151E-8,-0.999999999999999));
#6198=DIRECTION('center_axis',(1.,0.,0.));
#6199=DIRECTION('ref_axis',(0.,0.707106781186555,0.70710678118654));
#6200=DIRECTION('center_axis',(-1.,0.,0.));
#6201=DIRECTION('ref_axis',(0.,0.707106781186555,0.70710678118654));
#6202=DIRECTION('',(1.,0.,0.));
#6203=DIRECTION('center_axis',(1.,0.,0.));
#6204=DIRECTION('ref_axis',(0.,0.707106781186555,0.70710678118654));
#6205=DIRECTION('',(-1.,0.,0.));
#6206=DIRECTION('center_axis',(0.,-1.,0.));
#6207=DIRECTION('ref_axis',(0.,0.,-1.));
#6208=DIRECTION('',(0.,0.,-1.));
#6209=DIRECTION('',(1.,0.,0.));
#6210=DIRECTION('',(0.,0.,-1.));
#6211=DIRECTION('',(-1.,0.,0.));
#6212=DIRECTION('',(0.,0.,1.));
#6213=DIRECTION('',(1.,0.,0.));
#6214=DIRECTION('',(0.,0.,1.));
#6215=DIRECTION('center_axis',(1.,0.,0.));
#6216=DIRECTION('ref_axis',(0.,0.707106797705969,0.707106764667126));
#6217=DIRECTION('center_axis',(-1.,0.,0.));
#6218=DIRECTION('ref_axis',(0.,0.707106797705969,0.707106764667126));
#6219=DIRECTION('',(-1.,0.,0.));
#6220=DIRECTION('center_axis',(1.,0.,0.));
#6221=DIRECTION('ref_axis',(0.,0.707106797705969,0.707106764667126));
#6222=DIRECTION('',(1.,0.,0.));
#6223=DIRECTION('center_axis',(1.,0.,0.));
#6224=DIRECTION('ref_axis',(0.,4.67239802404151E-8,-0.999999999999999));
#6225=DIRECTION('',(0.,4.67239802404151E-8,0.999999999999999));
#6226=DIRECTION('',(0.,0.999999999999999,4.67239802404151E-8));
#6227=DIRECTION('',(0.,1.,5.76739224977426E-16));
#6228=DIRECTION('',(0.,5.55111512312578E-16,1.));
#6229=DIRECTION('',(0.,-1.,5.76739224977426E-16));
#6230=DIRECTION('center_axis',(0.,0.999999999999999,-4.67239802404151E-8));
#6231=DIRECTION('ref_axis',(0.,4.67239802404151E-8,0.999999999999999));
#6232=DIRECTION('',(0.,-4.67239802404151E-8,-0.999999999999999));
#6233=DIRECTION('',(-1.,0.,0.));
#6234=DIRECTION('',(0.,-4.67239802404151E-8,-0.999999999999999));
#6235=DIRECTION('',(1.,0.,0.));
#6236=DIRECTION('',(0.,4.67239802404151E-8,0.999999999999999));
#6237=DIRECTION('',(-1.,0.,0.));
#6238=DIRECTION('center_axis',(0.707106781186548,0.,-0.707106781186548));
#6239=DIRECTION('ref_axis',(-0.707106781186548,0.,-0.707106781186548));
#6240=DIRECTION('',(0.,1.,0.));
#6241=DIRECTION('',(0.577350260197596,0.577350287173685,0.577350260197596));
#6242=DIRECTION('',(0.,-1.,0.));
#6243=DIRECTION('',(0.57735026918963,-0.577350269189617,0.57735026918963));
#6244=DIRECTION('center_axis',(0.,0.707106764667126,-0.707106797705969));
#6245=DIRECTION('ref_axis',(-1.,0.,0.));
#6246=DIRECTION('',(-1.,0.,0.));
#6247=DIRECTION('',(-0.577350260197592,0.577350287173694,0.577350260197592));
#6248=DIRECTION('center_axis',(0.,-0.707106781186555,-0.70710678118654));
#6249=DIRECTION('ref_axis',(-1.,0.,0.));
#6250=DIRECTION('',(0.57735026918963,0.577350269189617,-0.57735026918963));
#6251=DIRECTION('',(1.,0.,0.));
#6252=DIRECTION('center_axis',(-0.707106781186548,0.,-0.707106781186548));
#6253=DIRECTION('ref_axis',(-0.707106781186548,0.,0.707106781186548));
#6254=DIRECTION('',(0.,-1.,0.));
#6255=DIRECTION('',(0.,1.,0.));
#6256=DIRECTION('center_axis',(-1.,0.,0.));
#6257=DIRECTION('ref_axis',(0.,-4.67239802404151E-8,0.999999999999999));
#6258=DIRECTION('',(0.,0.999999999999999,4.67239802404151E-8));
#6259=DIRECTION('center_axis',(0.,0.,-1.));
#6260=DIRECTION('ref_axis',(0.,1.,0.));
#6261=DIRECTION('center_axis',(0.,-4.67239802404151E-8,0.999999999999999));
#6262=DIRECTION('ref_axis',(1.,0.,0.));
#6263=DIRECTION('',(0.,0.999999999999999,4.67239802404151E-8));
#6264=DIRECTION('center_axis',(1.,0.,0.));
#6265=DIRECTION('ref_axis',(0.,4.67239802404151E-8,-0.999999999999999));
#6266=DIRECTION('',(0.,0.999999999999999,4.67239802404151E-8));
#6267=DIRECTION('center_axis',(0.,-4.67239802404151E-8,0.999999999999999));
#6268=DIRECTION('ref_axis',(1.,0.,0.));
#6269=DIRECTION('center_axis',(-1.,0.,0.));
#6270=DIRECTION('ref_axis',(0.,-4.67239802404151E-8,0.999999999999999));
#6271=DIRECTION('',(0.,1.,-5.76739224977426E-16));
#6272=DIRECTION('',(0.,-5.55111512312578E-16,-1.));
#6273=DIRECTION('',(0.,-1.,-5.76739224977426E-16));
#6274=DIRECTION('center_axis',(0.,5.76739224977426E-16,1.));
#6275=DIRECTION('ref_axis',(0.,-1.,5.76739224977426E-16));
#6276=DIRECTION('',(1.,0.,0.));
#6277=DIRECTION('center_axis',(0.,5.76739224977426E-16,-1.));
#6278=DIRECTION('ref_axis',(0.,1.,5.76739224977426E-16));
#6279=DIRECTION('',(-1.,0.,0.));
#6280=DIRECTION('center_axis',(0.,1.,-5.55111512312578E-16));
#6281=DIRECTION('ref_axis',(1.,0.,0.));
#6282=DIRECTION('center_axis',(1.,0.,0.));
#6283=DIRECTION('ref_axis',(0.,0.707106781186555,0.70710678118654));
#6284=DIRECTION('center_axis',(-1.,0.,0.));
#6285=DIRECTION('ref_axis',(0.,0.707106781186555,0.70710678118654));
#6286=DIRECTION('',(1.,0.,0.));
#6287=DIRECTION('center_axis',(1.,0.,0.));
#6288=DIRECTION('ref_axis',(0.,0.707106781186555,0.70710678118654));
#6289=DIRECTION('',(-1.,0.,0.));
#6290=DIRECTION('center_axis',(0.,-1.,0.));
#6291=DIRECTION('ref_axis',(0.,0.,-1.));
#6292=DIRECTION('',(0.,0.,-1.));
#6293=DIRECTION('',(1.,0.,0.));
#6294=DIRECTION('',(0.,0.,-1.));
#6295=DIRECTION('',(-1.,0.,0.));
#6296=DIRECTION('',(0.,0.,1.));
#6297=DIRECTION('',(1.,0.,0.));
#6298=DIRECTION('',(0.,0.,1.));
#6299=DIRECTION('center_axis',(1.,0.,0.));
#6300=DIRECTION('ref_axis',(0.,0.707106797705969,0.707106764667126));
#6301=DIRECTION('center_axis',(-1.,0.,0.));
#6302=DIRECTION('ref_axis',(0.,0.707106797705969,0.707106764667126));
#6303=DIRECTION('',(-1.,0.,0.));
#6304=DIRECTION('center_axis',(1.,0.,0.));
#6305=DIRECTION('ref_axis',(0.,0.707106797705969,0.707106764667126));
#6306=DIRECTION('',(1.,0.,0.));
#6307=DIRECTION('center_axis',(1.,0.,0.));
#6308=DIRECTION('ref_axis',(0.,4.67239802404151E-8,-0.999999999999999));
#6309=DIRECTION('',(0.,4.67239802404151E-8,0.999999999999999));
#6310=DIRECTION('',(0.,0.999999999999999,4.67239802404151E-8));
#6311=DIRECTION('',(0.,1.,5.76739224977426E-16));
#6312=DIRECTION('',(0.,5.55111512312578E-16,1.));
#6313=DIRECTION('',(0.,-1.,5.76739224977426E-16));
#6314=DIRECTION('center_axis',(0.,0.999999999999999,-4.67239802404151E-8));
#6315=DIRECTION('ref_axis',(0.,4.67239802404151E-8,0.999999999999999));
#6316=DIRECTION('',(0.,-4.67239802404151E-8,-0.999999999999999));
#6317=DIRECTION('',(-1.,0.,0.));
#6318=DIRECTION('',(0.,-4.67239802404151E-8,-0.999999999999999));
#6319=DIRECTION('',(1.,0.,0.));
#6320=DIRECTION('',(0.,4.67239802404151E-8,0.999999999999999));
#6321=DIRECTION('',(-1.,0.,0.));
#6322=DIRECTION('center_axis',(0.707106781186548,0.,-0.707106781186548));
#6323=DIRECTION('ref_axis',(-0.707106781186548,0.,-0.707106781186548));
#6324=DIRECTION('',(0.,1.,0.));
#6325=DIRECTION('',(0.577350260197596,0.577350287173685,0.577350260197596));
#6326=DIRECTION('',(0.,-1.,0.));
#6327=DIRECTION('',(0.57735026918963,-0.577350269189617,0.57735026918963));
#6328=DIRECTION('center_axis',(0.,0.707106764667126,-0.707106797705969));
#6329=DIRECTION('ref_axis',(-1.,0.,0.));
#6330=DIRECTION('',(-1.,0.,0.));
#6331=DIRECTION('',(-0.577350260197592,0.577350287173694,0.577350260197592));
#6332=DIRECTION('center_axis',(0.,-0.707106781186555,-0.70710678118654));
#6333=DIRECTION('ref_axis',(-1.,0.,0.));
#6334=DIRECTION('',(0.57735026918963,0.577350269189617,-0.57735026918963));
#6335=DIRECTION('',(1.,0.,0.));
#6336=DIRECTION('center_axis',(-0.707106781186548,0.,-0.707106781186548));
#6337=DIRECTION('ref_axis',(-0.707106781186548,0.,0.707106781186548));
#6338=DIRECTION('',(0.,-1.,0.));
#6339=DIRECTION('',(0.,1.,0.));
#6340=DIRECTION('center_axis',(-1.,0.,0.));
#6341=DIRECTION('ref_axis',(0.,-4.67239802404151E-8,0.999999999999999));
#6342=DIRECTION('',(0.,0.999999999999999,4.67239802404151E-8));
#6343=DIRECTION('center_axis',(0.,0.,-1.));
#6344=DIRECTION('ref_axis',(0.,1.,0.));
#6345=DIRECTION('center_axis',(0.,-4.67239802404151E-8,0.999999999999999));
#6346=DIRECTION('ref_axis',(1.,0.,0.));
#6347=DIRECTION('',(0.,0.999999999999999,4.67239802404151E-8));
#6348=DIRECTION('center_axis',(1.,0.,0.));
#6349=DIRECTION('ref_axis',(0.,4.67239802404151E-8,-0.999999999999999));
#6350=DIRECTION('',(0.,0.999999999999999,4.67239802404151E-8));
#6351=DIRECTION('center_axis',(0.,-4.67239802404151E-8,0.999999999999999));
#6352=DIRECTION('ref_axis',(1.,0.,0.));
#6353=DIRECTION('center_axis',(-1.,0.,0.));
#6354=DIRECTION('ref_axis',(0.,-4.67239802404151E-8,0.999999999999999));
#6355=DIRECTION('',(0.,1.,-5.76739224977426E-16));
#6356=DIRECTION('',(0.,-5.55111512312578E-16,-1.));
#6357=DIRECTION('',(0.,-1.,-5.76739224977426E-16));
#6358=DIRECTION('center_axis',(0.,5.76739224977426E-16,1.));
#6359=DIRECTION('ref_axis',(0.,-1.,5.76739224977426E-16));
#6360=DIRECTION('',(1.,0.,0.));
#6361=DIRECTION('center_axis',(0.,5.76739224977426E-16,-1.));
#6362=DIRECTION('ref_axis',(0.,1.,5.76739224977426E-16));
#6363=DIRECTION('',(-1.,0.,0.));
#6364=DIRECTION('center_axis',(0.,1.,-5.55111512312578E-16));
#6365=DIRECTION('ref_axis',(1.,0.,0.));
#6366=CARTESIAN_POINT('',(0.,0.,0.));
#6367=CARTESIAN_POINT('Origin',(0.,0.,-0.2));
#6368=CARTESIAN_POINT('',(-6.,17.,-0.2));
#6369=CARTESIAN_POINT('',(-5.5,17.5,-0.2));
#6370=CARTESIAN_POINT('Origin',(-5.5,17.,-0.2));
#6371=CARTESIAN_POINT('',(-6.,16.4392822227736,-0.2));
#6372=CARTESIAN_POINT('',(-6.,8.2196411113868,-0.2));
#6373=CARTESIAN_POINT('',(-6.,-16.4392822227736,-0.2));
#6374=CARTESIAN_POINT('Origin',(0.,0.,-0.2));
#6375=CARTESIAN_POINT('',(-6.,-17.,-0.2));
#6376=CARTESIAN_POINT('',(-6.,-8.75,-0.2));
#6377=CARTESIAN_POINT('',(-5.5,-17.5,-0.2));
#6378=CARTESIAN_POINT('Origin',(-5.5,-17.,-0.2));
#6379=CARTESIAN_POINT('',(5.5,-17.5,-0.2));
#6380=CARTESIAN_POINT('',(3.00000004470349,-17.5,-0.2));
#6381=CARTESIAN_POINT('',(6.,-17.,-0.2));
#6382=CARTESIAN_POINT('Origin',(5.5,-17.,-0.2));
#6383=CARTESIAN_POINT('',(6.,-16.4392822227736,-0.2));
#6384=CARTESIAN_POINT('',(6.,-8.2196411113868,-0.2));
#6385=CARTESIAN_POINT('',(6.,16.4392822227736,-0.2));
#6386=CARTESIAN_POINT('Origin',(0.,0.,-0.2));
#6387=CARTESIAN_POINT('',(6.,17.,-0.2));
#6388=CARTESIAN_POINT('',(6.,8.75,-0.2));
#6389=CARTESIAN_POINT('',(5.5,17.5,-0.2));
#6390=CARTESIAN_POINT('Origin',(5.5,17.,-0.2));
#6391=CARTESIAN_POINT('',(-3.,17.5,-0.2));
#6392=CARTESIAN_POINT('',(5.86179285169134,13.1529230425735,-0.2));
#6393=CARTESIAN_POINT('',(-14.321661914736,1.5,-0.2));
#6394=CARTESIAN_POINT('Origin',(0.,0.,-0.2));
#6395=CARTESIAN_POINT('',(5.50977970654302,12.5432183902445,-0.2));
#6396=CARTESIAN_POINT('',(1.73411261687347,6.00357115847108,-0.200000000000001));
#6397=CARTESIAN_POINT('',(8.10785591789633,11.0432183902445,-0.2));
#6398=CARTESIAN_POINT('Origin',(0.,0.,-0.2));
#6399=CARTESIAN_POINT('',(8.45986906304466,11.6529230425735,-0.2));
#6400=CARTESIAN_POINT('',(4.50819540080095,4.80842348463559,-0.200000000000001));
#6401=CARTESIAN_POINT('',(8.45986906304466,-11.6529230425735,-0.2));
#6402=CARTESIAN_POINT('Origin',(0.,0.,-0.2));
#6403=CARTESIAN_POINT('',(8.10785591789633,-11.0432183902445,-0.2));
#6404=CARTESIAN_POINT('',(4.33218882822679,-4.50357115847108,-0.200000000000001));
#6405=CARTESIAN_POINT('',(5.50977970654302,-12.5432183902445,-0.2));
#6406=CARTESIAN_POINT('Origin',(0.,0.,-0.2));
#6407=CARTESIAN_POINT('',(5.86179285169134,-13.1529230425735,-0.2));
#6408=CARTESIAN_POINT('',(1.91011918944763,-6.30842348463559,-0.200000000000001));
#6409=CARTESIAN_POINT('',(-14.321661914736,-1.5,-0.2));
#6410=CARTESIAN_POINT('Origin',(0.,0.,-0.2));
#6411=CARTESIAN_POINT('',(-13.6176356244394,-1.5,-0.2));
#6412=CARTESIAN_POINT('',(-8.29385054645852,-1.5,-0.2));
#6413=CARTESIAN_POINT('',(-13.6176356244394,1.5,-0.2));
#6414=CARTESIAN_POINT('Origin',(0.,0.,-0.2));
#6415=CARTESIAN_POINT('',(-8.64586369160684,1.5,-0.2));
#6416=CARTESIAN_POINT('Origin',(6.00000008940697,-17.5,0.));
#6417=CARTESIAN_POINT('',(-5.5,-17.5,-4.));
#6418=CARTESIAN_POINT('',(-5.5,-17.5,0.));
#6419=CARTESIAN_POINT('',(5.5,-17.5,-4.));
#6420=CARTESIAN_POINT('',(3.00000004470349,-17.5,-4.));
#6421=CARTESIAN_POINT('',(5.5,-17.5,0.));
#6422=CARTESIAN_POINT('Origin',(-5.5,-17.,0.));
#6423=CARTESIAN_POINT('',(-6.,-17.,-4.));
#6424=CARTESIAN_POINT('',(-6.,-17.,0.));
#6425=CARTESIAN_POINT('Origin',(-5.5,-17.,-4.));
#6426=CARTESIAN_POINT('Origin',(-6.,-17.5,0.));
#6427=CARTESIAN_POINT('',(-6.,-16.4392822227736,-4.));
#6428=CARTESIAN_POINT('',(-6.,-16.4392822227736,0.));
#6429=CARTESIAN_POINT('',(-6.,-8.75,-4.));
#6430=CARTESIAN_POINT('Origin',(0.,0.,0.));
#6431=CARTESIAN_POINT('',(-6.,16.4392822227736,-4.));
#6432=CARTESIAN_POINT('',(-6.,16.4392822227736,0.));
#6433=CARTESIAN_POINT('Origin',(0.,0.,-4.));
#6434=CARTESIAN_POINT('Origin',(-6.,16.4392822227736,0.));
#6435=CARTESIAN_POINT('',(-6.,17.,-4.));
#6436=CARTESIAN_POINT('',(-6.,17.,0.));
#6437=CARTESIAN_POINT('',(-6.,8.2196411113868,-4.));
#6438=CARTESIAN_POINT('Origin',(-5.5,17.,0.));
#6439=CARTESIAN_POINT('',(-5.5,17.5,-4.));
#6440=CARTESIAN_POINT('',(-5.5,17.5,0.));
#6441=CARTESIAN_POINT('Origin',(-5.5,17.,-4.));
#6442=CARTESIAN_POINT('Origin',(14.3906219462537,3.,-5.85));
#6443=CARTESIAN_POINT('',(13.9406219462537,3.,-6.));
#6444=CARTESIAN_POINT('Origin',(14.3906219462537,3.,-6.));
#6445=CARTESIAN_POINT('',(13.6406219462537,3.,-5.7));
#6446=CARTESIAN_POINT('',(13.7906219462537,3.,-5.85));
#6447=CARTESIAN_POINT('Origin',(14.3906219462537,3.,-5.7));
#6448=CARTESIAN_POINT('Origin',(14.3906219462537,3.,-6.));
#6449=CARTESIAN_POINT('Origin',(5.02769610688732,-13.8134815255529,-5.85));
#6450=CARTESIAN_POINT('',(4.57769610688732,-13.8134815255529,-6.));
#6451=CARTESIAN_POINT('Origin',(5.02769610688732,-13.8134815255529,-6.));
#6452=CARTESIAN_POINT('',(4.27769610688732,-13.8134815255529,-5.7));
#6453=CARTESIAN_POINT('',(4.42769610688732,-13.8134815255529,-5.85));
#6454=CARTESIAN_POINT('Origin',(5.02769610688732,-13.8134815255529,-5.7));
#6455=CARTESIAN_POINT('Origin',(5.02769610688732,-13.8134815255529,-4.5));
#6456=CARTESIAN_POINT('',(4.27769610688732,-13.8134815255529,-4.5));
#6457=CARTESIAN_POINT('',(4.27769610688732,-13.8134815255529,-4.5));
#6458=CARTESIAN_POINT('Origin',(5.02769610688732,-13.8134815255529,-4.5));
#6459=CARTESIAN_POINT('Origin',(5.02769610688732,-13.8134815255529,-6.));
#6460=CARTESIAN_POINT('Origin',(-13.8134815255529,-5.02769610688732,-5.85));
#6461=CARTESIAN_POINT('',(-14.2634815255529,-5.02769610688732,-6.));
#6462=CARTESIAN_POINT('Origin',(-13.8134815255529,-5.02769610688732,-6.));
#6463=CARTESIAN_POINT('',(-14.5634815255529,-5.02769610688732,-5.7));
#6464=CARTESIAN_POINT('',(-14.4134815255529,-5.02769610688732,-5.85));
#6465=CARTESIAN_POINT('Origin',(-13.8134815255529,-5.02769610688732,-5.7));
#6466=CARTESIAN_POINT('Origin',(-13.8134815255529,-5.02769610688732,-4.5));
#6467=CARTESIAN_POINT('',(-14.5634815255529,-5.02769610688732,-4.5));
#6468=CARTESIAN_POINT('',(-14.5634815255529,-5.02769610688732,-4.5));
#6469=CARTESIAN_POINT('Origin',(-13.8134815255529,-5.02769610688732,-4.5));
#6470=CARTESIAN_POINT('Origin',(-13.8134815255529,-5.02769610688732,-6.));
#6471=CARTESIAN_POINT('Origin',(-5.02769610688732,13.8134815255529,-5.85));
#6472=CARTESIAN_POINT('',(-5.47769610688732,13.8134815255529,-6.));
#6473=CARTESIAN_POINT('Origin',(-5.02769610688732,13.8134815255529,-6.));
#6474=CARTESIAN_POINT('',(-5.77769610688732,13.8134815255529,-5.7));
#6475=CARTESIAN_POINT('',(-5.62769610688732,13.8134815255529,-5.85));
#6476=CARTESIAN_POINT('Origin',(-5.02769610688732,13.8134815255529,-5.7));
#6477=CARTESIAN_POINT('Origin',(-5.02769610688732,13.8134815255529,-4.5));
#6478=CARTESIAN_POINT('',(-5.77769610688732,13.8134815255529,-4.5));
#6479=CARTESIAN_POINT('',(-5.77769610688732,13.8134815255529,-4.5));
#6480=CARTESIAN_POINT('Origin',(-5.02769610688732,13.8134815255529,-4.5));
#6481=CARTESIAN_POINT('Origin',(-5.02769610688732,13.8134815255529,-6.));
#6482=CARTESIAN_POINT('Origin',(-5.02769610688732,13.8134815255529,-4.5));
#6483=CARTESIAN_POINT('',(-6.27769610688732,13.8134815255529,-4.5));
#6484=CARTESIAN_POINT('Origin',(-5.02769610688732,13.8134815255529,-4.5));
#6485=CARTESIAN_POINT('',(-6.27769610688732,13.8134815255529,-4.));
#6486=CARTESIAN_POINT('',(-6.27769610688732,13.8134815255529,-4.5));
#6487=CARTESIAN_POINT('Origin',(-5.02769610688732,13.8134815255529,-4.));
#6488=CARTESIAN_POINT('Origin',(-13.8134815255529,-5.02769610688732,-4.5));
#6489=CARTESIAN_POINT('',(-15.0634815255529,-5.02769610688732,-4.5));
#6490=CARTESIAN_POINT('Origin',(-13.8134815255529,-5.02769610688732,-4.5));
#6491=CARTESIAN_POINT('',(-15.0634815255529,-5.02769610688732,-4.));
#6492=CARTESIAN_POINT('',(-15.0634815255529,-5.02769610688732,-4.5));
#6493=CARTESIAN_POINT('Origin',(-13.8134815255529,-5.02769610688732,-4.));
#6494=CARTESIAN_POINT('Origin',(14.3906219462537,3.,-4.5));
#6495=CARTESIAN_POINT('',(13.6406219462537,3.,-4.));
#6496=CARTESIAN_POINT('',(13.6406219462537,3.,-4.5));
#6497=CARTESIAN_POINT('Origin',(14.3906219462537,3.,-4.));
#6498=CARTESIAN_POINT('Origin',(5.02769610688732,-13.8134815255529,-4.5));
#6499=CARTESIAN_POINT('',(3.77769610688732,-13.8134815255529,-4.5));
#6500=CARTESIAN_POINT('Origin',(5.02769610688732,-13.8134815255529,-4.5));
#6501=CARTESIAN_POINT('',(3.77769610688732,-13.8134815255529,-4.));
#6502=CARTESIAN_POINT('',(3.77769610688732,-13.8134815255529,-4.5));
#6503=CARTESIAN_POINT('Origin',(5.02769610688732,-13.8134815255529,-4.));
#6504=CARTESIAN_POINT('Origin',(0.,0.,-4.));
#6505=CARTESIAN_POINT('',(5.5,17.5,-4.));
#6506=CARTESIAN_POINT('',(-3.,17.5,-4.));
#6507=CARTESIAN_POINT('',(6.,17.,-4.));
#6508=CARTESIAN_POINT('Origin',(5.5,17.,-4.));
#6509=CARTESIAN_POINT('',(6.,16.4392822227736,-4.));
#6510=CARTESIAN_POINT('',(6.,8.75,-4.));
#6511=CARTESIAN_POINT('',(5.99999999999999,-16.4392822227736,-4.));
#6512=CARTESIAN_POINT('Origin',(0.,0.,-4.));
#6513=CARTESIAN_POINT('',(6.,-17.,-4.));
#6514=CARTESIAN_POINT('',(6.,-8.2196411113868,-4.));
#6515=CARTESIAN_POINT('Origin',(5.5,-17.,-4.));
#6516=CARTESIAN_POINT('',(-9.26553677048623,-7.14421642692658,-4.));
#6517=CARTESIAN_POINT('',(-10.2727795654341,-5.60000000000001,-4.));
#6518=CARTESIAN_POINT('Origin',(0.,0.,-4.));
#6519=CARTESIAN_POINT('',(-9.90684579045186,-7.78552544689222,-4.));
#6520=CARTESIAN_POINT('',(-5.48375298111584,-3.3624326375562,-4.));
#6521=CARTESIAN_POINT('',(-7.78552544689222,-9.90684579045186,-4.));
#6522=CARTESIAN_POINT('Origin',(0.,0.,-4.));
#6523=CARTESIAN_POINT('',(-7.14421642692659,-9.26553677048622,-4.));
#6524=CARTESIAN_POINT('',(-3.11306717916202,-5.23438752272166,-4.));
#6525=CARTESIAN_POINT('',(-2.,-11.5277925033373,-4.));
#6526=CARTESIAN_POINT('Origin',(0.,0.,-4.));
#6527=CARTESIAN_POINT('',(-2.,-12.4402572320672,-4.));
#6528=CARTESIAN_POINT('',(-2.,-6.2201286160336,-4.));
#6529=CARTESIAN_POINT('',(-0.5,-12.5900754564856,-4.));
#6530=CARTESIAN_POINT('Origin',(0.,0.,-4.));
#6531=CARTESIAN_POINT('',(-0.49999999999998,-11.689311356962,-4.));
#6532=CARTESIAN_POINT('',(-0.5,-5.94474557908074,-4.));
#6533=CARTESIAN_POINT('',(0.499999999999998,-11.689311356962,-4.));
#6534=CARTESIAN_POINT('Origin',(0.,0.,-4.));
#6535=CARTESIAN_POINT('',(0.500000000000002,-12.5900754564856,-4.));
#6536=CARTESIAN_POINT('',(0.5,-6.29503772824278,-4.));
#6537=CARTESIAN_POINT('',(2.,-12.4402572320672,-4.));
#6538=CARTESIAN_POINT('Origin',(0.,0.,-4.));
#6539=CARTESIAN_POINT('',(2.,-11.5277925033373,-4.));
#6540=CARTESIAN_POINT('',(2.,-5.86536443880515,-4.));
#6541=CARTESIAN_POINT('',(7.14421642692658,-9.26553677048623,-4.));
#6542=CARTESIAN_POINT('Origin',(0.,0.,-4.));
#6543=CARTESIAN_POINT('',(7.78552544689222,-9.90684579045186,-4.));
#6544=CARTESIAN_POINT('',(3.3624326375562,-5.48375298111584,-4.));
#6545=CARTESIAN_POINT('',(9.90684579045186,-7.78552544689222,-4.));
#6546=CARTESIAN_POINT('Origin',(0.,0.,-4.));
#6547=CARTESIAN_POINT('',(9.26553677048623,-7.14421642692657,-4.));
#6548=CARTESIAN_POINT('',(5.23438752272166,-3.11306717916202,-4.));
#6549=CARTESIAN_POINT('',(10.2727795654341,-5.6,-4.));
#6550=CARTESIAN_POINT('Origin',(0.,0.,-4.));
#6551=CARTESIAN_POINT('',(11.2871608476178,-5.6,-4.));
#6552=CARTESIAN_POINT('',(5.64358042380888,-5.6,-4.));
#6553=CARTESIAN_POINT('',(12.3288280059378,-2.6,-4.));
#6554=CARTESIAN_POINT('Origin',(1.92068583260152E-13,1.95399252334028E-13,
-4.));
#6555=CARTESIAN_POINT('',(11.6124932723339,-2.59999999999998,-4.));
#6556=CARTESIAN_POINT('',(5.80624663616701,-2.6,-4.));
#6557=CARTESIAN_POINT('',(11.8579087532332,-1.,-4.));
#6558=CARTESIAN_POINT('Origin',(0.,0.,-4.));
#6559=CARTESIAN_POINT('',(12.560254774486,-0.999999999999992,-4.));
#6560=CARTESIAN_POINT('',(6.28012738724298,-1.,-4.));
#6561=CARTESIAN_POINT('',(12.560254774486,1.,-4.));
#6562=CARTESIAN_POINT('Origin',(1.92068583260152E-13,1.95399252334028E-13,
-4.));
#6563=CARTESIAN_POINT('',(11.857908753233,0.999999999999985,-4.));
#6564=CARTESIAN_POINT('',(5.92895437661659,1.,-4.));
#6565=CARTESIAN_POINT('',(11.6124932723341,2.6,-4.));
#6566=CARTESIAN_POINT('Origin',(0.,0.,-4.));
#6567=CARTESIAN_POINT('',(12.3288280059379,2.6,-4.));
#6568=CARTESIAN_POINT('',(6.16441400296895,2.6,-4.));
#6569=CARTESIAN_POINT('',(11.287160847618,5.6,-4.));
#6570=CARTESIAN_POINT('Origin',(1.92068583260152E-13,1.95399252334028E-13,
-4.));
#6571=CARTESIAN_POINT('',(10.5000000000001,5.59999999999989,-4.));
#6572=CARTESIAN_POINT('',(5.25000000000013,5.6,-4.));
#6573=CARTESIAN_POINT('',(9.4081148736635,7.28679453010386,-4.));
#6574=CARTESIAN_POINT('Origin',(0.,0.,-4.));
#6575=CARTESIAN_POINT('',(9.90684579045186,7.78552544689222,-4.));
#6576=CARTESIAN_POINT('',(5.48375298111584,3.3624326375562,-4.));
#6577=CARTESIAN_POINT('',(7.78552544689222,9.90684579045186,-4.));
#6578=CARTESIAN_POINT('Origin',(0.,0.,-4.));
#6579=CARTESIAN_POINT('',(7.28679453010386,9.40811487366351,-4.));
#6580=CARTESIAN_POINT('',(3.11306717916202,5.23438752272166,-4.));
#6581=CARTESIAN_POINT('',(2.,11.7307288776103,-4.));
#6582=CARTESIAN_POINT('Origin',(0.,0.,-4.));
#6583=CARTESIAN_POINT('',(2.,12.4402572320672,-4.));
#6584=CARTESIAN_POINT('',(2.,6.22012861603359,-4.));
#6585=CARTESIAN_POINT('',(-2.,12.4402572320672,-4.));
#6586=CARTESIAN_POINT('Origin',(0.,0.,-4.));
#6587=CARTESIAN_POINT('',(-2.00000000000001,11.7307288776103,-4.));
#6588=CARTESIAN_POINT('',(-2.,5.86536443880515,-4.));
#6589=CARTESIAN_POINT('',(-7.28679453010386,9.4081148736635,-4.));
#6590=CARTESIAN_POINT('Origin',(0.,0.,-4.));
#6591=CARTESIAN_POINT('',(-7.78552544689222,9.90684579045186,-4.));
#6592=CARTESIAN_POINT('',(-3.3624326375562,5.48375298111584,-4.));
#6593=CARTESIAN_POINT('',(-9.90684579045186,7.78552544689222,-4.));
#6594=CARTESIAN_POINT('Origin',(0.,0.,-4.));
#6595=CARTESIAN_POINT('',(-9.26553677048624,7.14421642692657,-4.));
#6596=CARTESIAN_POINT('',(-5.23438752272166,3.11306717916202,-4.));
#6597=CARTESIAN_POINT('',(-10.2727795654341,5.6,-4.));
#6598=CARTESIAN_POINT('Origin',(0.,0.,-4.));
#6599=CARTESIAN_POINT('',(-11.2871608476178,5.6,-4.));
#6600=CARTESIAN_POINT('',(-5.64358042380888,5.6,-4.));
#6601=CARTESIAN_POINT('',(-12.3288280059378,2.6,-4.));
#6602=CARTESIAN_POINT('Origin',(-1.92068583260152E-13,-1.95399252334028E-13,
-4.));
#6603=CARTESIAN_POINT('',(-11.4074537036098,2.59999999999996,-4.));
#6604=CARTESIAN_POINT('',(-5.80624663616701,2.6,-4.));
#6605=CARTESIAN_POINT('',(-11.6571866245677,1.00000000000001,-4.));
#6606=CARTESIAN_POINT('Origin',(0.,0.,-4.));
#6607=CARTESIAN_POINT('',(-12.560254774486,0.999999999999994,-4.));
#6608=CARTESIAN_POINT('',(-6.28012738724298,1.,-4.));
#6609=CARTESIAN_POINT('',(-12.560254774486,-0.999999999999999,-4.));
#6610=CARTESIAN_POINT('Origin',(-1.92068583260152E-13,-1.95399252334028E-13,
-4.));
#6611=CARTESIAN_POINT('',(-11.6571866245677,-0.999999999999996,-4.));
#6612=CARTESIAN_POINT('',(-5.92895437661659,-0.999999999999999,-4.));
#6613=CARTESIAN_POINT('',(-11.4074537036098,-2.6,-4.));
#6614=CARTESIAN_POINT('Origin',(0.,0.,-4.));
#6615=CARTESIAN_POINT('',(-12.3288280059379,-2.6,-4.));
#6616=CARTESIAN_POINT('',(-6.16441400296895,-2.6,-4.));
#6617=CARTESIAN_POINT('',(-11.287160847618,-5.6,-4.));
#6618=CARTESIAN_POINT('Origin',(-1.92068583260152E-13,-1.95399252334028E-13,
-4.));
#6619=CARTESIAN_POINT('',(-5.25000000000013,-5.6,-4.));
#6620=CARTESIAN_POINT('Origin',(1.92068583260152E-13,1.95399252334028E-13,
10.5));
#6621=CARTESIAN_POINT('',(12.3288280059379,2.6,10.5));
#6622=CARTESIAN_POINT('',(12.3288280059379,2.6,10.5));
#6623=CARTESIAN_POINT('',(11.287160847618,5.6,10.5));
#6624=CARTESIAN_POINT('Origin',(1.92068583260152E-13,1.95399252334028E-13,
10.5));
#6625=CARTESIAN_POINT('',(11.287160847618,5.6,10.5));
#6626=CARTESIAN_POINT('Origin',(12.3288280059379,2.6,10.5));
#6627=CARTESIAN_POINT('',(11.6124932723341,2.6,10.5));
#6628=CARTESIAN_POINT('',(11.6124932723339,2.6,0.));
#6629=CARTESIAN_POINT('',(6.16441400296895,2.6,10.5));
#6630=CARTESIAN_POINT('Origin',(0.,0.,0.));
#6631=CARTESIAN_POINT('',(11.8579087532332,1.,10.5));
#6632=CARTESIAN_POINT('',(11.857908753233,1.,0.));
#6633=CARTESIAN_POINT('Origin',(0.,0.,10.5));
#6634=CARTESIAN_POINT('Origin',(11.8579087532332,1.,10.5));
#6635=CARTESIAN_POINT('',(12.560254774486,0.999999999999998,10.5));
#6636=CARTESIAN_POINT('',(12.560254774486,0.999999999999998,10.5));
#6637=CARTESIAN_POINT('',(5.92895437661659,1.,10.5));
#6638=CARTESIAN_POINT('Origin',(1.92068583260152E-13,1.95399252334028E-13,
10.5));
#6639=CARTESIAN_POINT('',(12.560254774486,-1.,10.5));
#6640=CARTESIAN_POINT('',(12.560254774486,-1.,10.5));
#6641=CARTESIAN_POINT('Origin',(1.92068583260152E-13,1.95399252334028E-13,
10.5));
#6642=CARTESIAN_POINT('Origin',(12.560254774486,-1.,10.5));
#6643=CARTESIAN_POINT('',(11.8579087532332,-1.,10.5));
#6644=CARTESIAN_POINT('',(11.857908753233,-1.,0.));
#6645=CARTESIAN_POINT('',(6.28012738724298,-1.,10.5));
#6646=CARTESIAN_POINT('Origin',(0.,0.,0.));
#6647=CARTESIAN_POINT('',(11.612493272334,-2.6,10.5));
#6648=CARTESIAN_POINT('',(11.6124932723339,-2.6,0.));
#6649=CARTESIAN_POINT('Origin',(0.,0.,10.5));
#6650=CARTESIAN_POINT('Origin',(11.612493272334,-2.6,10.5));
#6651=CARTESIAN_POINT('',(12.3288280059378,-2.6,10.5));
#6652=CARTESIAN_POINT('',(12.3288280059378,-2.6,10.5));
#6653=CARTESIAN_POINT('',(5.80624663616701,-2.6,10.5));
#6654=CARTESIAN_POINT('Origin',(1.92068583260152E-13,1.95399252334028E-13,
10.5));
#6655=CARTESIAN_POINT('',(11.2871608476178,-5.6,10.5));
#6656=CARTESIAN_POINT('',(11.2871608476178,-5.6,10.5));
#6657=CARTESIAN_POINT('Origin',(1.92068583260152E-13,1.95399252334028E-13,
10.5));
#6658=CARTESIAN_POINT('Origin',(11.2871608476178,-5.6,10.5));
#6659=CARTESIAN_POINT('',(10.2727795654341,-5.6,10.5));
#6660=CARTESIAN_POINT('',(10.2727795654341,-5.6,10.5));
#6661=CARTESIAN_POINT('',(11.2871608476178,-5.59999999999999,10.5));
#6662=CARTESIAN_POINT('Origin',(0.,0.,10.5));
#6663=CARTESIAN_POINT('',(9.26553677048623,-7.14421642692657,10.5));
#6664=CARTESIAN_POINT('',(9.26553677048623,-7.14421642692657,10.5));
#6665=CARTESIAN_POINT('Origin',(0.,0.,10.5));
#6666=CARTESIAN_POINT('Origin',(9.4081148736635,-7.28679453010386,10.5));
#6667=CARTESIAN_POINT('',(9.90684579045186,-7.78552544689222,10.5));
#6668=CARTESIAN_POINT('',(9.90684579045186,-7.78552544689222,10.5));
#6669=CARTESIAN_POINT('',(9.26553677048623,-7.14421642692658,10.5));
#6670=CARTESIAN_POINT('Origin',(0.,0.,10.5));
#6671=CARTESIAN_POINT('',(7.78552544689221,-9.90684579045186,10.5));
#6672=CARTESIAN_POINT('',(7.78552544689221,-9.90684579045186,10.5));
#6673=CARTESIAN_POINT('Origin',(0.,0.,10.5));
#6674=CARTESIAN_POINT('Origin',(7.78552544689221,-9.90684579045186,10.5));
#6675=CARTESIAN_POINT('',(7.14421642692658,-9.26553677048623,10.5));
#6676=CARTESIAN_POINT('',(7.14421642692658,-9.26553677048623,10.5));
#6677=CARTESIAN_POINT('',(7.78552544689221,-9.90684579045186,10.5));
#6678=CARTESIAN_POINT('Origin',(0.,0.,10.5));
#6679=CARTESIAN_POINT('',(1.99999999999999,-11.5277925033373,10.5));
#6680=CARTESIAN_POINT('',(1.99999999999999,-11.5277925033373,10.5));
#6681=CARTESIAN_POINT('Origin',(0.,0.,10.5));
#6682=CARTESIAN_POINT('Origin',(2.,-11.7307288776103,10.5));
#6683=CARTESIAN_POINT('',(2.,-12.4402572320672,10.5));
#6684=CARTESIAN_POINT('',(2.,-12.4402572320672,10.5));
#6685=CARTESIAN_POINT('',(2.,-5.86536443880515,10.5));
#6686=CARTESIAN_POINT('Origin',(0.,0.,10.5));
#6687=CARTESIAN_POINT('',(0.5,-12.5900754564856,10.5));
#6688=CARTESIAN_POINT('',(0.5,-12.5900754564856,10.5));
#6689=CARTESIAN_POINT('Origin',(0.,0.,10.5));
#6690=CARTESIAN_POINT('Origin',(0.5,-12.5900754564856,10.5));
#6691=CARTESIAN_POINT('',(0.499999999999998,-11.689311356962,10.5));
#6692=CARTESIAN_POINT('',(0.499999999999998,-11.689311356962,10.5));
#6693=CARTESIAN_POINT('',(0.500000000000007,-12.5900754564856,10.5));
#6694=CARTESIAN_POINT('Origin',(0.,0.,10.5));
#6695=CARTESIAN_POINT('',(-0.499999999999999,-11.689311356962,10.5));
#6696=CARTESIAN_POINT('',(-0.499999999999999,-11.689311356962,10.5));
#6697=CARTESIAN_POINT('Origin',(0.,0.,10.5));
#6698=CARTESIAN_POINT('Origin',(-0.5,-11.8894911581615,10.5));
#6699=CARTESIAN_POINT('',(-0.5,-12.5900754564856,10.5));
#6700=CARTESIAN_POINT('',(-0.5,-12.5900754564856,10.5));
#6701=CARTESIAN_POINT('',(-0.5,-5.94474557908074,10.5));
#6702=CARTESIAN_POINT('Origin',(0.,0.,10.5));
#6703=CARTESIAN_POINT('',(-2.,-12.4402572320672,10.5));
#6704=CARTESIAN_POINT('',(-2.,-12.4402572320672,10.5));
#6705=CARTESIAN_POINT('Origin',(0.,0.,10.5));
#6706=CARTESIAN_POINT('Origin',(-2.,-12.4402572320672,10.5));
#6707=CARTESIAN_POINT('',(-2.,-11.5277925033373,10.5));
#6708=CARTESIAN_POINT('',(-2.,-11.5277925033373,10.5));
#6709=CARTESIAN_POINT('',(-1.99999999999999,-12.4402572320672,10.5));
#6710=CARTESIAN_POINT('Origin',(0.,0.,10.5));
#6711=CARTESIAN_POINT('',(-7.14421642692659,-9.26553677048622,10.5));
#6712=CARTESIAN_POINT('',(-7.14421642692659,-9.26553677048622,10.5));
#6713=CARTESIAN_POINT('Origin',(0.,0.,10.5));
#6714=CARTESIAN_POINT('Origin',(-7.28679453010386,-9.40811487366351,10.5));
#6715=CARTESIAN_POINT('',(-7.78552544689222,-9.90684579045186,10.5));
#6716=CARTESIAN_POINT('',(-7.78552544689222,-9.90684579045186,10.5));
#6717=CARTESIAN_POINT('',(-7.14421642692659,-9.26553677048622,10.5));
#6718=CARTESIAN_POINT('Origin',(0.,0.,10.5));
#6719=CARTESIAN_POINT('',(-9.90684579045186,-7.78552544689221,10.5));
#6720=CARTESIAN_POINT('',(-9.90684579045186,-7.78552544689221,10.5));
#6721=CARTESIAN_POINT('Origin',(0.,0.,10.5));
#6722=CARTESIAN_POINT('Origin',(-9.90684579045186,-7.78552544689221,10.5));
#6723=CARTESIAN_POINT('',(-9.26553677048623,-7.14421642692658,10.5));
#6724=CARTESIAN_POINT('',(-9.26553677048623,-7.14421642692658,10.5));
#6725=CARTESIAN_POINT('',(-9.90684579045186,-7.78552544689222,10.5));
#6726=CARTESIAN_POINT('Origin',(6.,-16.4392822227736,0.));
#6727=CARTESIAN_POINT('',(6.,-17.,0.));
#6728=CARTESIAN_POINT('',(6.,-16.4392822227736,0.));
#6729=CARTESIAN_POINT('Origin',(0.,0.,0.));
#6730=CARTESIAN_POINT('',(6.,16.4392822227736,0.));
#6731=CARTESIAN_POINT('Origin',(6.,17.5,0.));
#6732=CARTESIAN_POINT('',(6.,17.,0.));
#6733=CARTESIAN_POINT('Origin',(5.5,17.,0.));
#6734=CARTESIAN_POINT('',(5.5,17.5,0.));
#6735=CARTESIAN_POINT('Origin',(-6.,17.5,0.));
#6736=CARTESIAN_POINT('Origin',(0.,0.,-4.5));
#6737=CARTESIAN_POINT('Origin',(0.,0.,-4.5));
#6738=CARTESIAN_POINT('Origin',(5.50977970654302,-12.5432183902445,-1.11022302462516E-15));
#6739=CARTESIAN_POINT('',(5.50977970654302,-12.5432183902445,7.5));
#6740=CARTESIAN_POINT('',(5.50977970654302,-12.5432183902445,0.));
#6741=CARTESIAN_POINT('',(5.86179285169134,-13.1529230425735,7.5));
#6742=CARTESIAN_POINT('',(1.91011918944763,-6.30842348463559,7.5));
#6743=CARTESIAN_POINT('',(5.86179285169135,-13.1529230425735,0.));
#6744=CARTESIAN_POINT('Origin',(0.,0.,0.));
#6745=CARTESIAN_POINT('',(8.10785591789633,-11.0432183902445,7.5));
#6746=CARTESIAN_POINT('',(8.10785591789633,-11.0432183902445,0.));
#6747=CARTESIAN_POINT('Origin',(0.,0.,7.5));
#6748=CARTESIAN_POINT('Origin',(8.45986906304466,-11.6529230425735,-1.11022302462516E-15));
#6749=CARTESIAN_POINT('',(8.45986906304466,-11.6529230425735,7.5));
#6750=CARTESIAN_POINT('',(8.45986906304466,-11.6529230425735,0.));
#6751=CARTESIAN_POINT('',(4.33218882822679,-4.50357115847108,7.5));
#6752=CARTESIAN_POINT('Origin',(-2.97006546847767,0.,7.5));
#6753=CARTESIAN_POINT('Origin',(0.,0.,7.5));
#6754=CARTESIAN_POINT('Origin',(8.10785591789633,11.0432183902445,-1.11022302462516E-15));
#6755=CARTESIAN_POINT('',(8.10785591789633,11.0432183902445,7.5));
#6756=CARTESIAN_POINT('',(8.10785591789633,11.0432183902445,0.));
#6757=CARTESIAN_POINT('',(8.45986906304466,11.6529230425735,7.5));
#6758=CARTESIAN_POINT('',(4.50819540080095,4.80842348463559,7.5));
#6759=CARTESIAN_POINT('',(8.45986906304466,11.6529230425735,0.));
#6760=CARTESIAN_POINT('Origin',(0.,0.,0.));
#6761=CARTESIAN_POINT('',(5.50977970654302,12.5432183902445,7.5));
#6762=CARTESIAN_POINT('',(5.50977970654302,12.5432183902445,0.));
#6763=CARTESIAN_POINT('Origin',(0.,0.,7.5));
#6764=CARTESIAN_POINT('Origin',(5.86179285169134,13.1529230425735,-1.11022302462516E-15));
#6765=CARTESIAN_POINT('',(5.86179285169134,13.1529230425735,7.5));
#6766=CARTESIAN_POINT('',(5.86179285169134,13.1529230425735,0.));
#6767=CARTESIAN_POINT('',(1.73411261687347,6.00357115847108,7.5));
#6768=CARTESIAN_POINT('Origin',(-2.97006546847767,0.,7.5));
#6769=CARTESIAN_POINT('Origin',(0.,0.,7.5));
#6770=CARTESIAN_POINT('Origin',(-13.6176356244394,1.5,0.));
#6771=CARTESIAN_POINT('',(-13.6176356244394,1.5,7.5));
#6772=CARTESIAN_POINT('',(-13.6176356244394,1.5,0.));
#6773=CARTESIAN_POINT('',(-14.321661914736,1.5,7.5));
#6774=CARTESIAN_POINT('',(-8.64586369160684,1.5,7.5));
#6775=CARTESIAN_POINT('',(-14.321661914736,1.5,0.));
#6776=CARTESIAN_POINT('Origin',(0.,0.,0.));
#6777=CARTESIAN_POINT('',(-13.6176356244394,-1.5,7.5));
#6778=CARTESIAN_POINT('',(-13.6176356244394,-1.5,0.));
#6779=CARTESIAN_POINT('Origin',(0.,0.,7.5));
#6780=CARTESIAN_POINT('Origin',(-14.321661914736,-1.5,0.));
#6781=CARTESIAN_POINT('',(-14.321661914736,-1.5,7.5));
#6782=CARTESIAN_POINT('',(-14.321661914736,-1.5,0.));
#6783=CARTESIAN_POINT('',(-8.29385054645852,-1.5,7.5));
#6784=CARTESIAN_POINT('Origin',(-2.97006546847767,0.,7.5));
#6785=CARTESIAN_POINT('',(-14.4,-1.76349139077219E-15,7.5));
#6786=CARTESIAN_POINT('Origin',(0.,0.,7.5));
#6787=CARTESIAN_POINT('Origin',(0.,0.,7.5));
#6788=CARTESIAN_POINT('Origin',(0.,0.,0.));
#6789=CARTESIAN_POINT('',(14.321661914736,-1.5,4.));
#6790=CARTESIAN_POINT('',(14.321661914736,-1.5,10.5));
#6791=CARTESIAN_POINT('',(14.321661914736,-1.5,0.));
#6792=CARTESIAN_POINT('',(-5.86179285169135,-13.1529230425735,10.5));
#6793=CARTESIAN_POINT('Origin',(0.,0.,10.5));
#6794=CARTESIAN_POINT('',(-5.86179285169135,-13.1529230425735,4.));
#6795=CARTESIAN_POINT('',(-5.86179285169135,-13.1529230425735,0.));
#6796=CARTESIAN_POINT('',(-8.45986906304466,-11.6529230425735,4.));
#6797=CARTESIAN_POINT('Origin',(0.,0.,4.));
#6798=CARTESIAN_POINT('',(-8.45986906304466,-11.6529230425735,10.5));
#6799=CARTESIAN_POINT('',(-8.45986906304466,-11.6529230425735,0.));
#6800=CARTESIAN_POINT('',(-14.4,-1.76349139077219E-15,10.5));
#6801=CARTESIAN_POINT('Origin',(0.,0.,10.5));
#6802=CARTESIAN_POINT('',(-14.4,-1.76349139077219E-15,0.));
#6803=CARTESIAN_POINT('',(-8.45986906304466,11.6529230425735,10.5));
#6804=CARTESIAN_POINT('Origin',(0.,0.,10.5));
#6805=CARTESIAN_POINT('',(-8.45986906304466,11.6529230425735,4.));
#6806=CARTESIAN_POINT('',(-8.45986906304466,11.6529230425735,0.));
#6807=CARTESIAN_POINT('',(-5.86179285169135,13.1529230425735,4.));
#6808=CARTESIAN_POINT('Origin',(0.,0.,4.));
#6809=CARTESIAN_POINT('',(-5.86179285169135,13.1529230425735,10.5));
#6810=CARTESIAN_POINT('',(-5.86179285169135,13.1529230425735,0.));
#6811=CARTESIAN_POINT('',(14.321661914736,1.5,10.5));
#6812=CARTESIAN_POINT('Origin',(0.,0.,10.5));
#6813=CARTESIAN_POINT('',(14.321661914736,1.5,4.));
#6814=CARTESIAN_POINT('',(14.321661914736,1.5,0.));
#6815=CARTESIAN_POINT('Origin',(0.,0.,4.));
#6816=CARTESIAN_POINT('Origin',(13.6176356244394,1.5,10.5));
#6817=CARTESIAN_POINT('',(13.6176356244394,1.5,10.5));
#6818=CARTESIAN_POINT('',(6.80881781221968,1.5,10.5));
#6819=CARTESIAN_POINT('',(13.6176356244394,1.5,4.));
#6820=CARTESIAN_POINT('',(13.6176356244394,1.5,10.5));
#6821=CARTESIAN_POINT('',(-19.0000002831221,1.5,4.));
#6822=CARTESIAN_POINT('Origin',(0.,0.,10.5));
#6823=CARTESIAN_POINT('',(13.6176356244394,-1.5,10.5));
#6824=CARTESIAN_POINT('Origin',(0.,0.,10.5));
#6825=CARTESIAN_POINT('',(13.6176356244394,-1.5,4.));
#6826=CARTESIAN_POINT('',(13.6176356244394,-1.5,10.5));
#6827=CARTESIAN_POINT('Origin',(0.,0.,4.));
#6828=CARTESIAN_POINT('Origin',(14.321661914736,-1.5,10.5));
#6829=CARTESIAN_POINT('',(7.16083095736801,-1.5,10.5));
#6830=CARTESIAN_POINT('',(-19.0000002831221,-1.5,4.));
#6831=CARTESIAN_POINT('Origin',(14.0088178122197,-2.77555756156289E-16,
4.));
#6832=CARTESIAN_POINT('Origin',(-5.50977970654303,-12.5432183902445,10.5));
#6833=CARTESIAN_POINT('',(-5.50977970654302,-12.5432183902445,10.5));
#6834=CARTESIAN_POINT('',(-2.10537080043319,-6.64660919512223,10.5));
#6835=CARTESIAN_POINT('',(-5.50977970654302,-12.5432183902445,4.));
#6836=CARTESIAN_POINT('',(-5.50977970654302,-12.5432183902445,10.5));
#6837=CARTESIAN_POINT('',(10.7990382472377,15.7044829170952,4.));
#6838=CARTESIAN_POINT('Origin',(0.,0.,10.5));
#6839=CARTESIAN_POINT('',(-8.10785591789634,-11.0432183902445,10.5));
#6840=CARTESIAN_POINT('Origin',(0.,0.,10.5));
#6841=CARTESIAN_POINT('',(-8.10785591789634,-11.0432183902445,4.));
#6842=CARTESIAN_POINT('',(-8.10785591789634,-11.0432183902445,10.5));
#6843=CARTESIAN_POINT('Origin',(0.,0.,4.));
#6844=CARTESIAN_POINT('Origin',(-8.45986906304466,-11.6529230425735,10.5));
#6845=CARTESIAN_POINT('',(-4.87945358436066,-5.45146152128673,10.5));
#6846=CARTESIAN_POINT('',(8.20096203588437,17.2044829170952,4.));
#6847=CARTESIAN_POINT('Origin',(-6.98482438479384,-12.098070716409,4.));
#6848=CARTESIAN_POINT('Origin',(-8.10785591789634,11.0432183902445,10.5));
#6849=CARTESIAN_POINT('',(-8.10785591789634,11.0432183902445,10.5));
#6850=CARTESIAN_POINT('',(-4.7034470117865,5.14660919512223,10.5));
#6851=CARTESIAN_POINT('',(-8.10785591789634,11.0432183902445,4.));
#6852=CARTESIAN_POINT('',(-8.10785591789634,11.0432183902445,10.5));
#6853=CARTESIAN_POINT('',(8.20096203588437,-17.2044829170952,4.));
#6854=CARTESIAN_POINT('Origin',(0.,0.,10.5));
#6855=CARTESIAN_POINT('',(-5.50977970654302,12.5432183902445,10.5));
#6856=CARTESIAN_POINT('Origin',(0.,0.,10.5));
#6857=CARTESIAN_POINT('',(-5.50977970654302,12.5432183902445,4.));
#6858=CARTESIAN_POINT('',(-5.50977970654302,12.5432183902445,10.5));
#6859=CARTESIAN_POINT('Origin',(0.,0.,4.));
#6860=CARTESIAN_POINT('Origin',(-5.86179285169135,13.1529230425735,10.5));
#6861=CARTESIAN_POINT('',(-2.28137737300734,6.95146152128673,10.5));
#6862=CARTESIAN_POINT('',(10.7990382472377,-15.7044829170952,4.));
#6863=CARTESIAN_POINT('Origin',(-6.98482438479384,12.098070716409,4.));
#6864=CARTESIAN_POINT('Origin',(0.,0.,10.5));
#6865=CARTESIAN_POINT('',(-10.2727795654341,-5.59999999999999,10.5));
#6866=CARTESIAN_POINT('',(-11.287160847618,-5.6,10.5));
#6867=CARTESIAN_POINT('',(-10.2727795654341,-5.6,10.5));
#6868=CARTESIAN_POINT('',(-12.3288280059379,-2.6,10.5));
#6869=CARTESIAN_POINT('Origin',(-1.92068583260152E-13,-1.95399252334028E-13,
10.5));
#6870=CARTESIAN_POINT('',(-11.4074537036098,-2.6,10.5));
#6871=CARTESIAN_POINT('',(-12.3288280059379,-2.59999999999999,10.5));
#6872=CARTESIAN_POINT('',(-11.6571866245677,-0.999999999999978,10.5));
#6873=CARTESIAN_POINT('Origin',(0.,0.,10.5));
#6874=CARTESIAN_POINT('',(-12.560254774486,-0.999999999999996,10.5));
#6875=CARTESIAN_POINT('',(-5.92895437661659,-0.999999999999999,10.5));
#6876=CARTESIAN_POINT('',(-12.560254774486,1.,10.5));
#6877=CARTESIAN_POINT('Origin',(-1.92068583260152E-13,-1.95399252334028E-13,
10.5));
#6878=CARTESIAN_POINT('',(-11.6571866245677,1.,10.5));
#6879=CARTESIAN_POINT('',(-12.560254774486,0.99999999999999,10.5));
#6880=CARTESIAN_POINT('',(-11.4074537036098,2.59999999999997,10.5));
#6881=CARTESIAN_POINT('Origin',(0.,0.,10.5));
#6882=CARTESIAN_POINT('',(-12.3288280059378,2.6,10.5));
#6883=CARTESIAN_POINT('',(-5.80624663616701,2.6,10.5));
#6884=CARTESIAN_POINT('',(-11.2871608476178,5.6,10.5));
#6885=CARTESIAN_POINT('Origin',(-1.92068583260152E-13,-1.95399252334028E-13,
10.5));
#6886=CARTESIAN_POINT('',(-10.2727795654341,5.6,10.5));
#6887=CARTESIAN_POINT('',(-11.2871608476178,5.6,10.5));
#6888=CARTESIAN_POINT('',(-9.26553677048623,7.14421642692658,10.5));
#6889=CARTESIAN_POINT('Origin',(0.,0.,10.5));
#6890=CARTESIAN_POINT('',(-9.90684579045186,7.78552544689222,10.5));
#6891=CARTESIAN_POINT('',(-9.26553677048623,7.14421642692658,10.5));
#6892=CARTESIAN_POINT('',(-7.78552544689221,9.90684579045186,10.5));
#6893=CARTESIAN_POINT('Origin',(0.,0.,10.5));
#6894=CARTESIAN_POINT('',(-7.28679453010386,9.4081148736635,10.5));
#6895=CARTESIAN_POINT('',(-3.3624326375562,5.48375298111584,10.5));
#6896=CARTESIAN_POINT('',(-2.,11.7307288776103,10.5));
#6897=CARTESIAN_POINT('Origin',(0.,0.,10.5));
#6898=CARTESIAN_POINT('',(-2.,12.4402572320672,10.5));
#6899=CARTESIAN_POINT('',(-2.,5.86536443880515,10.5));
#6900=CARTESIAN_POINT('',(2.,12.4402572320672,10.5));
#6901=CARTESIAN_POINT('Origin',(0.,0.,10.5));
#6902=CARTESIAN_POINT('',(2.,11.7307288776103,10.5));
#6903=CARTESIAN_POINT('',(2.,6.22012861603359,10.5));
#6904=CARTESIAN_POINT('',(7.28679453010386,9.4081148736635,10.5));
#6905=CARTESIAN_POINT('Origin',(0.,0.,10.5));
#6906=CARTESIAN_POINT('',(7.78552544689222,9.90684579045186,10.5));
#6907=CARTESIAN_POINT('',(3.11306717916202,5.23438752272166,10.5));
#6908=CARTESIAN_POINT('',(9.90684579045186,7.78552544689221,10.5));
#6909=CARTESIAN_POINT('Origin',(0.,0.,10.5));
#6910=CARTESIAN_POINT('',(9.40811487366351,7.28679453010386,10.5));
#6911=CARTESIAN_POINT('',(5.48375298111584,3.3624326375562,10.5));
#6912=CARTESIAN_POINT('',(10.5000000000003,5.6,10.5));
#6913=CARTESIAN_POINT('Origin',(0.,0.,10.5));
#6914=CARTESIAN_POINT('',(5.25000000000013,5.6,10.5));
#6915=CARTESIAN_POINT('Origin',(0.,0.,10.5));
#6916=CARTESIAN_POINT('Origin',(0.,0.,-4.5));
#6917=CARTESIAN_POINT('Origin',(5.5,-17.,0.));
#6918=CARTESIAN_POINT('Origin',(0.,0.,10.5));
#6919=CARTESIAN_POINT('',(-9.26553677048623,7.14421642692658,10.5));
#6920=CARTESIAN_POINT('',(-10.2727795654341,5.6,10.5));
#6921=CARTESIAN_POINT('Origin',(0.,0.,10.5));
#6922=CARTESIAN_POINT('',(-10.2727795654341,-5.59999999999999,10.5));
#6923=CARTESIAN_POINT('Origin',(0.,0.,10.5));
#6924=CARTESIAN_POINT('',(-11.4074537036098,2.59999999999997,10.5));
#6925=CARTESIAN_POINT('',(-11.6571866245677,1.,10.5));
#6926=CARTESIAN_POINT('Origin',(0.,0.,10.5));
#6927=CARTESIAN_POINT('',(-11.6571866245677,-0.999999999999978,10.5));
#6928=CARTESIAN_POINT('',(-11.4074537036098,-2.6,10.5));
#6929=CARTESIAN_POINT('Origin',(-12.3288280059379,-2.6,10.5));
#6930=CARTESIAN_POINT('',(-12.3288280059379,-2.6,10.5));
#6931=CARTESIAN_POINT('Origin',(-1.92068583260152E-13,-1.95399252334028E-13,
10.5));
#6932=CARTESIAN_POINT('',(-11.287160847618,-5.6,10.5));
#6933=CARTESIAN_POINT('Origin',(-10.5000000000003,-5.6,10.5));
#6934=CARTESIAN_POINT('Origin',(-1.92068583260152E-13,-1.95399252334028E-13,
10.5));
#6935=CARTESIAN_POINT('',(-12.560254774486,1.,10.5));
#6936=CARTESIAN_POINT('',(-12.560254774486,-0.999999999999996,10.5));
#6937=CARTESIAN_POINT('Origin',(-11.8579087532332,-0.999999999999999,10.5));
#6938=CARTESIAN_POINT('Origin',(-12.560254774486,1.,10.5));
#6939=CARTESIAN_POINT('Origin',(-1.92068583260152E-13,-1.95399252334028E-13,
10.5));
#6940=CARTESIAN_POINT('',(-11.2871608476178,5.6,10.5));
#6941=CARTESIAN_POINT('',(-12.3288280059378,2.6,10.5));
#6942=CARTESIAN_POINT('Origin',(-11.612493272334,2.6,10.5));
#6943=CARTESIAN_POINT('Origin',(-11.2871608476178,5.6,10.5));
#6944=CARTESIAN_POINT('Origin',(10.5000000000003,5.6,10.5));
#6945=CARTESIAN_POINT('',(10.5,5.6,0.));
#6946=CARTESIAN_POINT('Origin',(9.90684579045186,7.78552544689221,10.5));
#6947=CARTESIAN_POINT('',(9.40811487366351,7.28679453010386,0.));
#6948=CARTESIAN_POINT('',(9.90684579045186,7.78552544689221,10.5));
#6949=CARTESIAN_POINT('Origin',(0.,0.,10.5));
#6950=CARTESIAN_POINT('',(7.78552544689222,9.90684579045186,10.5));
#6951=CARTESIAN_POINT('Origin',(7.28679453010387,9.4081148736635,10.5));
#6952=CARTESIAN_POINT('',(7.28679453010386,9.4081148736635,0.));
#6953=CARTESIAN_POINT('Origin',(0.,0.,0.));
#6954=CARTESIAN_POINT('Origin',(-7.78552544689222,9.90684579045186,10.5));
#6955=CARTESIAN_POINT('',(-7.28679453010386,9.4081148736635,0.));
#6956=CARTESIAN_POINT('',(-7.78552544689221,9.90684579045186,10.5));
#6957=CARTESIAN_POINT('Origin',(0.,0.,10.5));
#6958=CARTESIAN_POINT('',(-9.90684579045186,7.78552544689222,10.5));
#6959=CARTESIAN_POINT('Origin',(-9.40811487366351,7.28679453010386,10.5));
#6960=CARTESIAN_POINT('Origin',(0.,0.,0.));
#6961=CARTESIAN_POINT('',(-2.,11.7307288776103,0.));
#6962=CARTESIAN_POINT('Origin',(0.,0.,10.5));
#6963=CARTESIAN_POINT('',(2.,12.4402572320672,10.5));
#6964=CARTESIAN_POINT('',(-2.,12.4402572320672,10.5));
#6965=CARTESIAN_POINT('Origin',(-2.,11.7307288776103,10.5));
#6966=CARTESIAN_POINT('Origin',(2.,12.4402572320672,10.5));
#6967=CARTESIAN_POINT('',(2.,11.7307288776103,0.));
#6968=CARTESIAN_POINT('Origin',(0.,0.,0.));
#6969=CARTESIAN_POINT('Origin',(0.,2.19999995082617,-1.19999997317791));
#6970=CARTESIAN_POINT('',(-17.2603592145808,2.19999995082617,-0.2));
#6971=CARTESIAN_POINT('',(-17.2603592145808,2.19999995082617,0.));
#6972=CARTESIAN_POINT('',(-17.2603592145808,2.19999995082617,-1.11022302462516E-15));
#6973=CARTESIAN_POINT('',(-15.4703555339484,2.19999995082617,-0.2));
#6974=CARTESIAN_POINT('',(0.,2.19999995082617,-0.2));
#6975=CARTESIAN_POINT('',(-15.4703555339484,2.19999995082617,-0.25));
#6976=CARTESIAN_POINT('',(-15.4703555339484,2.19999995082617,-0.599999986588955));
#6977=CARTESIAN_POINT('',(-17.65,2.19999995082617,-0.25));
#6978=CARTESIAN_POINT('',(-8.875,2.19999995082617,-0.25));
#6979=CARTESIAN_POINT('',(-17.75,2.19999995082617,-0.35));
#6980=CARTESIAN_POINT('Origin',(-17.65,2.19999995082617,-0.35));
#6981=CARTESIAN_POINT('',(-17.75,2.19999995082617,-1.19999997317791));
#6982=CARTESIAN_POINT('',(-17.75,2.19999995082617,-3.7255722736429));
#6983=CARTESIAN_POINT('',(-18.,2.19999995082617,-1.19999997317791));
#6984=CARTESIAN_POINT('',(0.,2.19999995082617,-1.19999997317791));
#6985=CARTESIAN_POINT('',(-18.,2.19999995082617,-0.5));
#6986=CARTESIAN_POINT('',(-18.,2.19999995082617,-0.599999986588955));
#6987=CARTESIAN_POINT('',(-17.5,2.19999995082617,0.));
#6988=CARTESIAN_POINT('Origin',(-17.5,2.19999995082617,-0.5));
#6989=CARTESIAN_POINT('',(0.,2.19999995082617,0.));
#6990=CARTESIAN_POINT('Origin',(-15.4703555339484,-7.86628247488901,0.));
#6991=CARTESIAN_POINT('',(-15.4703555339484,-2.19999995082617,-0.2));
#6992=CARTESIAN_POINT('',(-15.4703555339484,-3.9331412374445,-0.2));
#6993=CARTESIAN_POINT('',(-15.4703555339484,-2.19999995082617,-0.25));
#6994=CARTESIAN_POINT('',(-15.4703555339484,-2.19999995082617,0.));
#6995=CARTESIAN_POINT('',(-15.4703555339484,-3.9331412374445,-0.25));
#6996=CARTESIAN_POINT('Origin',(-17.65,0.,-0.35));
#6997=CARTESIAN_POINT('',(-17.65,-2.19999995082617,-0.25));
#6998=CARTESIAN_POINT('',(-17.75,-2.19999995082617,-0.35));
#6999=CARTESIAN_POINT('Origin',(-17.65,-2.19999995082617,-0.35));
#7000=CARTESIAN_POINT('',(-17.75,0.,-0.35));
#7001=CARTESIAN_POINT('',(-17.65,0.,-0.25));
#7002=CARTESIAN_POINT('Origin',(-17.75,0.,-6.2511445741079));
#7003=CARTESIAN_POINT('',(-17.75,-2.19999995082617,-1.19999997317791));
#7004=CARTESIAN_POINT('',(-17.75,-2.19999995082617,-3.12557228705395));
#7005=CARTESIAN_POINT('',(-17.75,-1.75,-2.08428447304108));
#7006=CARTESIAN_POINT('',(-17.75,-0.952872550475211,-3.65070119538984));
#7007=CARTESIAN_POINT('',(-17.75,-1.75,-6.2511445741079));
#7008=CARTESIAN_POINT('',(-17.75,-1.75,-4.16771452357449));
#7009=CARTESIAN_POINT('',(-17.75,1.75,-6.2511445741079));
#7010=CARTESIAN_POINT('',(-17.75,0.,-6.2511445741079));
#7011=CARTESIAN_POINT('',(-17.75,1.75,-2.08428447304108));
#7012=CARTESIAN_POINT('',(-17.75,1.75,-6.66465557169732));
#7013=CARTESIAN_POINT('',(-17.75,0.727872575062126,-4.09284344532143));
#7014=CARTESIAN_POINT('Origin',(-17.5,1.09999997541308,-0.5));
#7015=CARTESIAN_POINT('',(-18.,-2.19999995082617,-0.5));
#7016=CARTESIAN_POINT('',(-17.5,-2.19999995082617,0.));
#7017=CARTESIAN_POINT('Origin',(-17.5,-2.19999995082617,-0.5));
#7018=CARTESIAN_POINT('',(-17.5,1.09999997541308,0.));
#7019=CARTESIAN_POINT('',(-18.,1.09999997541308,-0.5));
#7020=CARTESIAN_POINT('Origin',(0.,-2.19999995082617,0.));
#7021=CARTESIAN_POINT('',(-17.2603592145808,-2.19999995082617,0.));
#7022=CARTESIAN_POINT('',(-17.2603592145808,-2.19999995082617,-0.2));
#7023=CARTESIAN_POINT('',(-17.2603592145808,-2.19999995082617,-1.11022302462516E-15));
#7024=CARTESIAN_POINT('',(0.,-2.19999995082617,0.));
#7025=CARTESIAN_POINT('',(-18.,-2.19999995082617,-1.19999997317791));
#7026=CARTESIAN_POINT('',(-18.,-2.19999995082617,0.));
#7027=CARTESIAN_POINT('',(0.,-2.19999995082617,-1.19999997317791));
#7028=CARTESIAN_POINT('',(-8.875,-2.19999995082617,-0.25));
#7029=CARTESIAN_POINT('',(0.,-2.19999995082617,-0.2));
#7030=CARTESIAN_POINT('Origin',(-18.,0.,0.));
#7031=CARTESIAN_POINT('',(-18.,1.75,-2.08428447304108));
#7032=CARTESIAN_POINT('',(-18.,1.99125950137575,-1.61019100454266));
#7033=CARTESIAN_POINT('',(-18.,1.75,-6.09999986365438));
#7034=CARTESIAN_POINT('',(-18.,1.75,-3.53908328464337));
#7035=CARTESIAN_POINT('',(-18.,-1.75,-6.09999986365438));
#7036=CARTESIAN_POINT('',(-18.,0.,-6.09999986365438));
#7037=CARTESIAN_POINT('',(-18.,-1.75,-2.08428447304108));
#7038=CARTESIAN_POINT('',(-18.,-1.75,-1.04214223652054));
#7039=CARTESIAN_POINT('',(-18.,-2.21625947678884,-1.16804875461108));
#7040=CARTESIAN_POINT('Origin',(-18.,0.,-7.07816656928674));
#7041=CARTESIAN_POINT('',(-18.,0.566790982905782,-8.18235261859873));
#7042=CARTESIAN_POINT('',(-18.,1.75,-7.07816656928674));
#7043=CARTESIAN_POINT('',(-18.,0.69070277521927,-8.06671652181356));
#7044=CARTESIAN_POINT('',(-18.,-0.566790982905782,-8.18235261859873));
#7045=CARTESIAN_POINT('',(-18.,-0.283395491452891,-8.18235261859873));
#7046=CARTESIAN_POINT('',(-18.,-1.75,-7.07816656928674));
#7047=CARTESIAN_POINT('',(-18.,-1.28230728376638,-7.51462349715756));
#7048=CARTESIAN_POINT('',(-18.,0.,-7.07816656928674));
#7049=CARTESIAN_POINT('Origin',(-17.6465949479962,0.,-6.58908321647055));
#7050=CARTESIAN_POINT('',(-17.75,-1.75,-6.92702185883321));
#7051=CARTESIAN_POINT('Origin',(-17.6465949479962,-1.75,-6.58908321647055));
#7052=CARTESIAN_POINT('',(-17.75,1.75,-6.92702185883321));
#7053=CARTESIAN_POINT('',(-17.75,0.,-6.92702185883321));
#7054=CARTESIAN_POINT('Origin',(-17.6465949479962,1.75,-6.58908321647055));
#7055=CARTESIAN_POINT('Origin',(-17.6465949479962,0.,-6.58908321647055));
#7056=CARTESIAN_POINT('Origin',(-17.6465949479962,1.75,-6.58908321647055));
#7057=CARTESIAN_POINT('Origin',(-17.6465949479962,-1.75,-6.58908321647055));
#7058=CARTESIAN_POINT('Origin',(-17.75,0.,-0.25));
#7059=CARTESIAN_POINT('Origin',(-17.75,0.,-8.18235261859873));
#7060=CARTESIAN_POINT('',(-17.75,1.75,-7.07816656928674));
#7061=CARTESIAN_POINT('',(-17.75,0.566790982905782,-8.18235261859873));
#7062=CARTESIAN_POINT('',(-17.75,0.415314403287537,-8.32371253353813));
#7063=CARTESIAN_POINT('',(-17.75,1.75,-7.63025959394273));
#7064=CARTESIAN_POINT('',(-17.75,-1.75,-7.07816656928674));
#7065=CARTESIAN_POINT('',(-17.75,-1.75,-5.1333185458199));
#7066=CARTESIAN_POINT('',(-17.75,-0.566790982905782,-8.18235261859873));
#7067=CARTESIAN_POINT('',(-17.75,-1.00691891183465,-7.77161950888213));
#7068=CARTESIAN_POINT('',(-17.75,-0.283395491452891,-8.18235261859873));
#7069=CARTESIAN_POINT('Origin',(0.,-0.566790982905782,-8.18235261859873));
#7070=CARTESIAN_POINT('',(0.,-0.566790982905782,-8.18235261859873));
#7071=CARTESIAN_POINT('',(0.,0.566790982905782,-8.18235261859873));
#7072=CARTESIAN_POINT('Origin',(0.,-1.75,-7.07816656928674));
#7073=CARTESIAN_POINT('',(0.,-1.75,-7.07816656928674));
#7074=CARTESIAN_POINT('Origin',(0.,-1.75,-2.08428447304108));
#7075=CARTESIAN_POINT('',(0.,-1.75,-2.08428447304108));
#7076=CARTESIAN_POINT('Origin',(0.,-2.19999995082617,-1.19999997317791));
#7077=CARTESIAN_POINT('Origin',(0.,1.75,-2.08428447304108));
#7078=CARTESIAN_POINT('',(0.,1.75,-2.08428447304108));
#7079=CARTESIAN_POINT('Origin',(0.,1.75,-7.07816656928674));
#7080=CARTESIAN_POINT('',(0.,1.75,-7.07816656928674));
#7081=CARTESIAN_POINT('Origin',(0.,0.566790982905782,-8.18235261859873));
#7082=CARTESIAN_POINT('Origin',(0.,0.,0.));
#7083=CARTESIAN_POINT('',(-5.90000000000001,-16.3691783544563,-1.11022302462516E-15));
#7084=CARTESIAN_POINT('Origin',(4.44089209850063E-15,-2.22044604925031E-15,
0.));
#7085=CARTESIAN_POINT('',(-5.9,-17.,-1.11022302462516E-15));
#7086=CARTESIAN_POINT('',(-5.90000000000012,-8.18458917722818,0.));
#7087=CARTESIAN_POINT('',(-5.5,-17.4,-1.11022302462516E-15));
#7088=CARTESIAN_POINT('Origin',(-5.5,-17.,0.));
#7089=CARTESIAN_POINT('',(5.5,-17.4,-1.11022302462516E-15));
#7090=CARTESIAN_POINT('',(-2.75,-17.4,0.));
#7091=CARTESIAN_POINT('',(5.9,-17.,-1.11022302462516E-15));
#7092=CARTESIAN_POINT('Origin',(5.5,-17.,0.));
#7093=CARTESIAN_POINT('',(5.9,-16.3691783544563,-1.11022302462516E-15));
#7094=CARTESIAN_POINT('',(5.9,-8.5,0.));
#7095=CARTESIAN_POINT('',(17.2603592145808,-2.19999995082617,0.));
#7096=CARTESIAN_POINT('Origin',(-4.44089209850063E-15,1.11022302462516E-15,
0.));
#7097=CARTESIAN_POINT('',(17.5,-2.19999995082617,0.));
#7098=CARTESIAN_POINT('',(0.,-2.19999995082617,0.));
#7099=CARTESIAN_POINT('',(17.5,2.19999995082617,0.));
#7100=CARTESIAN_POINT('',(17.5,1.09999997541308,0.));
#7101=CARTESIAN_POINT('',(17.2603592145808,2.19999995082617,0.));
#7102=CARTESIAN_POINT('',(0.,2.19999995082617,0.));
#7103=CARTESIAN_POINT('',(5.89999999999999,16.3691783544563,-1.11022302462516E-15));
#7104=CARTESIAN_POINT('Origin',(-4.44089209850063E-15,1.11022302462516E-15,
0.));
#7105=CARTESIAN_POINT('',(5.9,17.,-1.11022302462516E-15));
#7106=CARTESIAN_POINT('',(5.89999999999985,8.18458917722809,0.));
#7107=CARTESIAN_POINT('',(5.5,17.4,-1.11022302462516E-15));
#7108=CARTESIAN_POINT('Origin',(5.5,17.,0.));
#7109=CARTESIAN_POINT('',(-5.5,17.4,-1.11022302462516E-15));
#7110=CARTESIAN_POINT('',(2.75,17.4,0.));
#7111=CARTESIAN_POINT('',(-5.9,17.,-1.11022302462516E-15));
#7112=CARTESIAN_POINT('Origin',(-5.5,17.,0.));
#7113=CARTESIAN_POINT('',(-5.9,16.3691783544563,-1.11022302462516E-15));
#7114=CARTESIAN_POINT('',(-5.90000000000002,8.5,0.));
#7115=CARTESIAN_POINT('Origin',(4.44089209850063E-15,-2.22044604925031E-15,
0.));
#7116=CARTESIAN_POINT('',(5.65196535539399,12.5894911581615,-1.11022302462516E-15));
#7117=CARTESIAN_POINT('',(8.07683648599042,11.1894911581615,-1.11022302462516E-15));
#7118=CARTESIAN_POINT('Origin',(0.,0.,0.));
#7119=CARTESIAN_POINT('',(8.42856333578564,11.798699932393,-1.11022302462516E-15));
#7120=CARTESIAN_POINT('',(4.64463602564441,5.2447455790807,0.));
#7121=CARTESIAN_POINT('',(8.42856333578565,-11.798699932393,-1.11022302462516E-15));
#7122=CARTESIAN_POINT('Origin',(0.,0.,0.));
#7123=CARTESIAN_POINT('',(8.07683648599042,-11.1894911581615,-1.11022302462516E-15));
#7124=CARTESIAN_POINT('',(4.82049945054195,-5.54934996619648,0.));
#7125=CARTESIAN_POINT('',(5.65196535539399,-12.5894911581615,-1.11022302462516E-15));
#7126=CARTESIAN_POINT('Origin',(0.,0.,0.));
#7127=CARTESIAN_POINT('',(6.00369220518922,-13.198699932393,-1.11022302462516E-15));
#7128=CARTESIAN_POINT('',(2.21976489504791,-6.64474557908072,0.));
#7129=CARTESIAN_POINT('',(-14.4322555409749,-1.4,-1.11022302462516E-15));
#7130=CARTESIAN_POINT('Origin',(0.,0.,0.));
#7131=CARTESIAN_POINT('',(-13.7288018413844,-1.4,-1.11022302462516E-15));
#7132=CARTESIAN_POINT('',(-7.21612777048744,-1.40000000000003,0.));
#7133=CARTESIAN_POINT('',(-13.7288018413844,1.4,-1.11022302462516E-15));
#7134=CARTESIAN_POINT('Origin',(0.,0.,0.));
#7135=CARTESIAN_POINT('',(-14.4322555409749,1.4,-1.11022302462516E-15));
#7136=CARTESIAN_POINT('',(-6.86440092069221,1.40000000000001,0.));
#7137=CARTESIAN_POINT('',(6.00369220518922,13.198699932393,-1.11022302462516E-15));
#7138=CARTESIAN_POINT('Origin',(0.,0.,0.));
#7139=CARTESIAN_POINT('',(2.39562831994548,6.9493499661965,0.));
#7140=CARTESIAN_POINT('Origin',(4.44089209850063E-15,-2.22044604925031E-15,
-1.11022302462516E-15));
#7141=CARTESIAN_POINT('',(-5.90000000000001,-16.3691783544563,-0.2));
#7142=CARTESIAN_POINT('Origin',(4.44089209850063E-15,-2.22044604925031E-15,
-0.2));
#7143=CARTESIAN_POINT('',(-5.90000000000001,-16.3691783544563,-1.11022302462516E-15));
#7144=CARTESIAN_POINT('Origin',(4.44089209850063E-15,-2.22044604925031E-15,
-1.11022302462516E-15));
#7145=CARTESIAN_POINT('',(-5.9,16.3691783544563,-0.2));
#7146=CARTESIAN_POINT('',(-5.9,16.3691783544563,-1.11022302462516E-15));
#7147=CARTESIAN_POINT('Origin',(4.44089209850063E-15,-2.22044604925031E-15,
-0.2));
#7148=CARTESIAN_POINT('Origin',(0.,2.19999995082617,-1.19999997317791));
#7149=CARTESIAN_POINT('',(17.2603592145808,2.19999995082617,-0.2));
#7150=CARTESIAN_POINT('',(15.4703555339484,2.19999995082617,-0.2));
#7151=CARTESIAN_POINT('',(0.,2.19999995082617,-0.2));
#7152=CARTESIAN_POINT('',(17.2603592145808,2.19999995082617,-1.11022302462516E-15));
#7153=CARTESIAN_POINT('',(18.,2.19999995082617,-0.5));
#7154=CARTESIAN_POINT('Origin',(17.5,2.19999995082617,-0.5));
#7155=CARTESIAN_POINT('',(18.,2.19999995082617,-1.19999997317791));
#7156=CARTESIAN_POINT('',(18.,2.19999995082617,-0.599999986588955));
#7157=CARTESIAN_POINT('',(17.75,2.19999995082617,-1.19999997317791));
#7158=CARTESIAN_POINT('',(0.,2.19999995082617,-1.19999997317791));
#7159=CARTESIAN_POINT('',(17.75,2.19999995082617,-0.35));
#7160=CARTESIAN_POINT('',(17.75,2.19999995082617,-3.7255722736429));
#7161=CARTESIAN_POINT('',(17.65,2.19999995082617,-0.25));
#7162=CARTESIAN_POINT('Origin',(17.65,2.19999995082617,-0.35));
#7163=CARTESIAN_POINT('',(15.4703555339484,2.19999995082617,-0.25));
#7164=CARTESIAN_POINT('',(8.875,2.19999995082617,-0.25));
#7165=CARTESIAN_POINT('',(15.4703555339484,2.19999995082617,-0.599999986588955));
#7166=CARTESIAN_POINT('Origin',(17.65,0.,-0.35));
#7167=CARTESIAN_POINT('',(17.65,-2.19999995082617,-0.25));
#7168=CARTESIAN_POINT('',(17.75,-2.19999995082617,-0.35));
#7169=CARTESIAN_POINT('Origin',(17.65,-2.19999995082617,-0.35));
#7170=CARTESIAN_POINT('',(17.65,0.,-0.25));
#7171=CARTESIAN_POINT('',(17.75,0.,-0.35));
#7172=CARTESIAN_POINT('Origin',(17.75,0.,-6.2511445741079));
#7173=CARTESIAN_POINT('',(17.75,1.75,-2.08428447304108));
#7174=CARTESIAN_POINT('',(17.75,0.727872575062126,-4.09284344532143));
#7175=CARTESIAN_POINT('',(17.75,1.75,-6.2511445741079));
#7176=CARTESIAN_POINT('',(17.75,1.75,-6.66465557169732));
#7177=CARTESIAN_POINT('',(17.75,-1.75,-6.2511445741079));
#7178=CARTESIAN_POINT('',(17.75,0.,-6.2511445741079));
#7179=CARTESIAN_POINT('',(17.75,-1.75,-2.08428447304108));
#7180=CARTESIAN_POINT('',(17.75,-1.75,-4.16771452357449));
#7181=CARTESIAN_POINT('',(17.75,-2.19999995082617,-1.19999997317791));
#7182=CARTESIAN_POINT('',(17.75,-0.952872550475211,-3.65070119538984));
#7183=CARTESIAN_POINT('',(17.75,-2.19999995082617,-3.12557228705395));
#7184=CARTESIAN_POINT('Origin',(17.5,1.09999997541308,-0.5));
#7185=CARTESIAN_POINT('',(18.,-2.19999995082617,-0.5));
#7186=CARTESIAN_POINT('Origin',(17.5,-2.19999995082617,-0.5));
#7187=CARTESIAN_POINT('',(18.,1.09999997541308,-0.5));
#7188=CARTESIAN_POINT('Origin',(0.,-2.19999995082617,0.));
#7189=CARTESIAN_POINT('',(15.4703555339484,-2.19999995082617,-0.2));
#7190=CARTESIAN_POINT('',(17.2603592145808,-2.19999995082617,-0.2));
#7191=CARTESIAN_POINT('',(0.,-2.19999995082617,-0.2));
#7192=CARTESIAN_POINT('',(15.4703555339484,-2.19999995082617,-0.25));
#7193=CARTESIAN_POINT('',(15.4703555339484,-2.19999995082617,0.));
#7194=CARTESIAN_POINT('',(8.875,-2.19999995082617,-0.25));
#7195=CARTESIAN_POINT('',(18.,-2.19999995082617,-1.19999997317791));
#7196=CARTESIAN_POINT('',(0.,-2.19999995082617,-1.19999997317791));
#7197=CARTESIAN_POINT('',(18.,-2.19999995082617,0.));
#7198=CARTESIAN_POINT('',(17.2603592145808,-2.19999995082617,-1.11022302462516E-15));
#7199=CARTESIAN_POINT('Origin',(18.,0.,0.));
#7200=CARTESIAN_POINT('',(18.,-1.75,-2.08428447304108));
#7201=CARTESIAN_POINT('',(18.,-2.21625947678884,-1.16804875461108));
#7202=CARTESIAN_POINT('',(18.,-1.75,-6.09999986365438));
#7203=CARTESIAN_POINT('',(18.,-1.75,-1.04214223652054));
#7204=CARTESIAN_POINT('',(18.,1.75,-6.09999986365438));
#7205=CARTESIAN_POINT('',(18.,0.,-6.09999986365438));
#7206=CARTESIAN_POINT('',(18.,1.75,-2.08428447304108));
#7207=CARTESIAN_POINT('',(18.,1.75,-3.53908328464337));
#7208=CARTESIAN_POINT('',(18.,1.99125950137575,-1.61019100454266));
#7209=CARTESIAN_POINT('Origin',(18.,0.,-7.07816656928674));
#7210=CARTESIAN_POINT('',(18.,0.566790982905782,-8.18235261859873));
#7211=CARTESIAN_POINT('',(18.,1.75,-7.07816656928674));
#7212=CARTESIAN_POINT('',(18.,0.69070277521927,-8.06671652181356));
#7213=CARTESIAN_POINT('',(18.,-1.75,-7.07816656928674));
#7214=CARTESIAN_POINT('',(18.,0.,-7.07816656928674));
#7215=CARTESIAN_POINT('',(18.,-0.566790982905782,-8.18235261859873));
#7216=CARTESIAN_POINT('',(18.,-1.28230728376638,-7.51462349715756));
#7217=CARTESIAN_POINT('',(18.,-0.283395491452891,-8.18235261859873));
#7218=CARTESIAN_POINT('Origin',(17.6465949479962,0.,-6.58908321647055));
#7219=CARTESIAN_POINT('',(17.75,-1.75,-6.92702185883321));
#7220=CARTESIAN_POINT('Origin',(17.6465949479962,-1.75,-6.58908321647055));
#7221=CARTESIAN_POINT('',(17.75,1.75,-6.92702185883321));
#7222=CARTESIAN_POINT('Origin',(17.6465949479962,1.75,-6.58908321647055));
#7223=CARTESIAN_POINT('',(17.75,0.,-6.92702185883321));
#7224=CARTESIAN_POINT('Origin',(17.6465949479962,0.,-6.58908321647055));
#7225=CARTESIAN_POINT('Origin',(17.6465949479962,1.75,-6.58908321647055));
#7226=CARTESIAN_POINT('Origin',(17.6465949479962,-1.75,-6.58908321647055));
#7227=CARTESIAN_POINT('Origin',(17.75,0.,-0.25));
#7228=CARTESIAN_POINT('',(15.4703555339484,-3.9331412374445,-0.25));
#7229=CARTESIAN_POINT('Origin',(17.75,0.,-8.18235261859873));
#7230=CARTESIAN_POINT('',(17.75,1.75,-7.07816656928674));
#7231=CARTESIAN_POINT('',(17.75,0.566790982905782,-8.18235261859873));
#7232=CARTESIAN_POINT('',(17.75,0.415314403287537,-8.32371253353813));
#7233=CARTESIAN_POINT('',(17.75,-0.566790982905782,-8.18235261859873));
#7234=CARTESIAN_POINT('',(17.75,-0.283395491452891,-8.18235261859873));
#7235=CARTESIAN_POINT('',(17.75,-1.75,-7.07816656928674));
#7236=CARTESIAN_POINT('',(17.75,-1.00691891183465,-7.77161950888213));
#7237=CARTESIAN_POINT('',(17.75,-1.75,-5.1333185458199));
#7238=CARTESIAN_POINT('',(17.75,1.75,-7.63025959394273));
#7239=CARTESIAN_POINT('Origin',(0.,-0.566790982905782,-8.18235261859873));
#7240=CARTESIAN_POINT('',(0.,0.566790982905782,-8.18235261859873));
#7241=CARTESIAN_POINT('',(0.,-0.566790982905782,-8.18235261859873));
#7242=CARTESIAN_POINT('Origin',(0.,-1.75,-7.07816656928674));
#7243=CARTESIAN_POINT('',(0.,-1.75,-7.07816656928674));
#7244=CARTESIAN_POINT('Origin',(0.,-1.75,-2.08428447304108));
#7245=CARTESIAN_POINT('',(0.,-1.75,-2.08428447304108));
#7246=CARTESIAN_POINT('Origin',(0.,-2.19999995082617,-1.19999997317791));
#7247=CARTESIAN_POINT('Origin',(15.4703555339484,-7.86628247488901,0.));
#7248=CARTESIAN_POINT('',(15.4703555339484,-3.9331412374445,-0.2));
#7249=CARTESIAN_POINT('Origin',(0.,1.75,-2.08428447304108));
#7250=CARTESIAN_POINT('',(0.,1.75,-2.08428447304108));
#7251=CARTESIAN_POINT('Origin',(0.,1.75,-7.07816656928674));
#7252=CARTESIAN_POINT('',(0.,1.75,-7.07816656928674));
#7253=CARTESIAN_POINT('Origin',(0.,0.566790982905782,-8.18235261859873));
#7254=CARTESIAN_POINT('Origin',(0.,0.,-0.2));
#7255=CARTESIAN_POINT('',(-5.9,17.,-0.2));
#7256=CARTESIAN_POINT('',(-5.90000000000002,8.5,-0.2));
#7257=CARTESIAN_POINT('',(-5.5,17.4,-0.2));
#7258=CARTESIAN_POINT('Origin',(-5.5,17.,-0.2));
#7259=CARTESIAN_POINT('',(5.5,17.4,-0.2));
#7260=CARTESIAN_POINT('',(2.75,17.4,-0.2));
#7261=CARTESIAN_POINT('',(5.9,17.,-0.2));
#7262=CARTESIAN_POINT('Origin',(5.5,17.,-0.2));
#7263=CARTESIAN_POINT('',(5.89999999999999,16.3691783544563,-0.2));
#7264=CARTESIAN_POINT('',(5.89999999999985,8.18458917722809,-0.2));
#7265=CARTESIAN_POINT('Origin',(-4.44089209850063E-15,1.11022302462516E-15,
-0.2));
#7266=CARTESIAN_POINT('',(5.9,-16.3691783544563,-0.2));
#7267=CARTESIAN_POINT('Origin',(-4.44089209850063E-15,1.11022302462516E-15,
-0.2));
#7268=CARTESIAN_POINT('',(5.9,-17.,-0.2));
#7269=CARTESIAN_POINT('',(5.9,-8.5,-0.2));
#7270=CARTESIAN_POINT('',(5.5,-17.4,-0.2));
#7271=CARTESIAN_POINT('Origin',(5.5,-17.,-0.2));
#7272=CARTESIAN_POINT('',(-5.5,-17.4,-0.2));
#7273=CARTESIAN_POINT('',(-2.75,-17.4,-0.2));
#7274=CARTESIAN_POINT('',(-5.9,-17.,-0.2));
#7275=CARTESIAN_POINT('Origin',(-5.5,-17.,-0.2));
#7276=CARTESIAN_POINT('',(-5.90000000000012,-8.18458917722818,-0.2));
#7277=CARTESIAN_POINT('',(8.07683648599042,11.1894911581615,-0.2));
#7278=CARTESIAN_POINT('',(5.65196535539399,12.5894911581615,-0.2));
#7279=CARTESIAN_POINT('Origin',(0.,0.,-0.2));
#7280=CARTESIAN_POINT('',(6.00369220518922,13.198699932393,-0.2));
#7281=CARTESIAN_POINT('',(2.39562831994548,6.9493499661965,-0.2));
#7282=CARTESIAN_POINT('',(-14.4322555409749,1.4,-0.2));
#7283=CARTESIAN_POINT('Origin',(0.,0.,-0.2));
#7284=CARTESIAN_POINT('',(-13.7288018413844,1.4,-0.2));
#7285=CARTESIAN_POINT('',(-6.86440092069221,1.40000000000001,-0.2));
#7286=CARTESIAN_POINT('',(-13.7288018413844,-1.4,-0.2));
#7287=CARTESIAN_POINT('Origin',(0.,0.,-0.2));
#7288=CARTESIAN_POINT('',(-14.4322555409749,-1.4,-0.2));
#7289=CARTESIAN_POINT('',(-7.21612777048744,-1.40000000000003,-0.2));
#7290=CARTESIAN_POINT('',(6.00369220518922,-13.198699932393,-0.2));
#7291=CARTESIAN_POINT('Origin',(0.,0.,-0.2));
#7292=CARTESIAN_POINT('',(5.65196535539399,-12.5894911581615,-0.2));
#7293=CARTESIAN_POINT('',(2.21976489504791,-6.64474557908072,-0.2));
#7294=CARTESIAN_POINT('',(8.07683648599042,-11.1894911581615,-0.2));
#7295=CARTESIAN_POINT('Origin',(0.,0.,-0.2));
#7296=CARTESIAN_POINT('',(8.42856333578565,-11.798699932393,-0.2));
#7297=CARTESIAN_POINT('',(4.82049945054195,-5.54934996619648,-0.2));
#7298=CARTESIAN_POINT('',(8.42856333578564,11.798699932393,-0.2));
#7299=CARTESIAN_POINT('Origin',(0.,0.,-0.2));
#7300=CARTESIAN_POINT('',(4.64463602564441,5.2447455790807,-0.2));
#7301=CARTESIAN_POINT('Origin',(-4.44089209850063E-15,1.11022302462516E-15,
-1.11022302462516E-15));
#7302=CARTESIAN_POINT('',(5.9,-16.3691783544563,-1.11022302462516E-15));
#7303=CARTESIAN_POINT('Origin',(0.,0.,-1.11022302462516E-15));
#7304=CARTESIAN_POINT('',(-14.4322555409749,-1.4,-1.11022302462516E-15));
#7305=CARTESIAN_POINT('',(6.00369220518922,-13.198699932393,-1.11022302462516E-15));
#7306=CARTESIAN_POINT('Origin',(5.65196535539399,-12.5894911581615,-1.11022302462516E-15));
#7307=CARTESIAN_POINT('',(5.65196535539399,-12.5894911581615,-1.11022302462516E-15));
#7308=CARTESIAN_POINT('Origin',(0.,0.,-1.11022302462516E-15));
#7309=CARTESIAN_POINT('',(8.07683648599042,-11.1894911581615,-1.11022302462516E-15));
#7310=CARTESIAN_POINT('Origin',(8.42856333578565,-11.798699932393,-1.11022302462516E-15));
#7311=CARTESIAN_POINT('',(8.42856333578565,-11.798699932393,-1.11022302462516E-15));
#7312=CARTESIAN_POINT('Origin',(0.,0.,-1.11022302462516E-15));
#7313=CARTESIAN_POINT('',(8.42856333578564,11.798699932393,-1.11022302462516E-15));
#7314=CARTESIAN_POINT('Origin',(8.07683648599042,11.1894911581615,-1.11022302462516E-15));
#7315=CARTESIAN_POINT('',(8.07683648599042,11.1894911581615,-1.11022302462516E-15));
#7316=CARTESIAN_POINT('Origin',(0.,0.,-1.11022302462516E-15));
#7317=CARTESIAN_POINT('',(5.65196535539399,12.5894911581615,-1.11022302462516E-15));
#7318=CARTESIAN_POINT('Origin',(6.00369220518922,13.198699932393,-1.11022302462516E-15));
#7319=CARTESIAN_POINT('',(6.00369220518922,13.198699932393,-1.11022302462516E-15));
#7320=CARTESIAN_POINT('Origin',(0.,0.,-1.11022302462516E-15));
#7321=CARTESIAN_POINT('',(-14.4322555409749,1.4,-1.11022302462516E-15));
#7322=CARTESIAN_POINT('Origin',(-13.7288018413844,1.4,-1.11022302462516E-15));
#7323=CARTESIAN_POINT('',(-13.7288018413844,1.4,-1.11022302462516E-15));
#7324=CARTESIAN_POINT('Origin',(0.,0.,-1.11022302462516E-15));
#7325=CARTESIAN_POINT('',(-13.7288018413844,-1.4,-1.11022302462516E-15));
#7326=CARTESIAN_POINT('Origin',(-14.4322555409749,-1.4,-1.11022302462516E-15));
#7327=CARTESIAN_POINT('Origin',(-5.9,17.,-1.11022302462516E-15));
#7328=CARTESIAN_POINT('',(-5.9,17.,-1.11022302462516E-15));
#7329=CARTESIAN_POINT('Origin',(-5.5,17.,-1.11022302462516E-15));
#7330=CARTESIAN_POINT('',(-5.5,17.4,-1.11022302462516E-15));
#7331=CARTESIAN_POINT('Origin',(5.5,17.4,-1.11022302462516E-15));
#7332=CARTESIAN_POINT('',(5.5,17.4,-1.11022302462516E-15));
#7333=CARTESIAN_POINT('Origin',(5.5,17.,-1.11022302462516E-15));
#7334=CARTESIAN_POINT('',(5.9,17.,-1.11022302462516E-15));
#7335=CARTESIAN_POINT('Origin',(5.89999999999999,16.3691783544563,-1.11022302462516E-15));
#7336=CARTESIAN_POINT('',(5.89999999999999,16.3691783544563,-1.11022302462516E-15));
#7337=CARTESIAN_POINT('Origin',(-4.44089209850063E-15,1.11022302462516E-15,
-1.11022302462516E-15));
#7338=CARTESIAN_POINT('Origin',(5.9,-17.,-1.11022302462516E-15));
#7339=CARTESIAN_POINT('',(5.9,-17.,-1.11022302462516E-15));
#7340=CARTESIAN_POINT('Origin',(5.5,-17.,-1.11022302462516E-15));
#7341=CARTESIAN_POINT('',(5.5,-17.4,-1.11022302462516E-15));
#7342=CARTESIAN_POINT('Origin',(-5.5,-17.4,-1.11022302462516E-15));
#7343=CARTESIAN_POINT('',(-5.5,-17.4,-1.11022302462516E-15));
#7344=CARTESIAN_POINT('Origin',(-5.5,-17.,-1.11022302462516E-15));
#7345=CARTESIAN_POINT('',(-5.9,-17.,-1.11022302462516E-15));
#7346=CARTESIAN_POINT('Origin',(-5.90000000000001,-16.3691783544563,-1.11022302462516E-15));
#7347=CARTESIAN_POINT('Origin',(-2.05,-18.75,-7.95));
#7348=CARTESIAN_POINT('',(-2.1,-18.65,-8.));
#7349=CARTESIAN_POINT('',(-2.1,-18.35,-8.));
#7350=CARTESIAN_POINT('',(-2.1,-18.75,-8.));
#7351=CARTESIAN_POINT('',(-2.,-18.25,-7.9));
#7352=CARTESIAN_POINT('',(-2.1,-18.35,-8.));
#7353=CARTESIAN_POINT('',(-2.,-18.7500000046724,-7.9));
#7354=CARTESIAN_POINT('',(-2.,-18.75,-7.9));
#7355=CARTESIAN_POINT('',(-2.,-18.7500000046724,-7.9));
#7356=CARTESIAN_POINT('Origin',(0.,-18.3,-7.95));
#7357=CARTESIAN_POINT('',(-2.9,-18.35,-8.));
#7358=CARTESIAN_POINT('',(0.,-18.35,-8.));
#7359=CARTESIAN_POINT('',(-3.,-18.25,-7.9));
#7360=CARTESIAN_POINT('',(-2.9,-18.35,-8.));
#7361=CARTESIAN_POINT('',(0.,-18.25,-7.9));
#7362=CARTESIAN_POINT('Origin',(0.,-18.7000000023362,-7.95));
#7363=CARTESIAN_POINT('',(-3.,-18.7500000046724,-7.9));
#7364=CARTESIAN_POINT('',(0.,-18.7500000046724,-7.9));
#7365=CARTESIAN_POINT('',(-2.9,-18.65,-8.));
#7366=CARTESIAN_POINT('',(-3.,-18.7500000046724,-7.9));
#7367=CARTESIAN_POINT('',(0.,-18.65,-8.));
#7368=CARTESIAN_POINT('Origin',(-2.95,-18.7500000934479,-7.95));
#7369=CARTESIAN_POINT('',(-2.9,-18.7500000934479,-8.));
#7370=CARTESIAN_POINT('',(-3.,-18.7500000934479,-7.9));
#7371=CARTESIAN_POINT('Origin',(0.,-18.7500002756715,-2.1));
#7372=CARTESIAN_POINT('',(-2.,-18.7500001868958,-4.00000163250234));
#7373=CARTESIAN_POINT('',(-2.,-18.7500001378357,-5.05));
#7374=CARTESIAN_POINT('',(-1.5,-18.7500001868958,-4.00000163250234));
#7375=CARTESIAN_POINT('',(-1.,-18.7500001868958,-4.00000163250234));
#7376=CARTESIAN_POINT('',(-1.5,-18.7500002523095,-2.60000002336199));
#7377=CARTESIAN_POINT('',(-1.5,-18.7500002312837,-3.05000081625117));
#7378=CARTESIAN_POINT('',(-3.50000001490116,-18.7500002523095,-2.60000002336199));
#7379=CARTESIAN_POINT('',(0.,-18.7500002523095,-2.60000002336199));
#7380=CARTESIAN_POINT('',(-3.50000001490116,-18.7500001868958,-4.00000163250234));
#7381=CARTESIAN_POINT('',(-3.50000001490116,-18.7500002756715,-2.1));
#7382=CARTESIAN_POINT('',(-3.,-18.7500001868958,-4.00000163250234));
#7383=CARTESIAN_POINT('',(-1.75000000745058,-18.7500001868958,-4.00000163250234));
#7384=CARTESIAN_POINT('',(-3.,-18.7500002312837,-3.05000081625117));
#7385=CARTESIAN_POINT('Origin',(-2.,-18.75,-8.));
#7386=CARTESIAN_POINT('',(-2.,-18.25,-4.00000160914034));
#7387=CARTESIAN_POINT('',(-2.,-18.25,-8.));
#7388=CARTESIAN_POINT('',(-2.,-18.7500001868958,-4.00000163250234));
#7389=CARTESIAN_POINT('Origin',(0.,-18.75,-8.));
#7390=CARTESIAN_POINT('Origin',(0.,-18.15,-2.70000000000002));
#7391=CARTESIAN_POINT('',(-1.5,-18.15,-2.60000000000002));
#7392=CARTESIAN_POINT('',(-1.5,-18.25,-2.70000000000002));
#7393=CARTESIAN_POINT('Origin',(-1.5,-18.15,-2.70000000000002));
#7394=CARTESIAN_POINT('',(-3.50000001490116,-18.25,-2.70000000000002));
#7395=CARTESIAN_POINT('',(0.,-18.25,-2.70000000000002));
#7396=CARTESIAN_POINT('',(-3.50000001490116,-18.15,-2.60000000000002));
#7397=CARTESIAN_POINT('Origin',(-3.50000001490116,-18.15,-2.70000000000002));
#7398=CARTESIAN_POINT('',(0.,-18.15,-2.60000000000002));
#7399=CARTESIAN_POINT('Origin',(0.,-18.25,-8.));
#7400=CARTESIAN_POINT('',(-3.,-18.25,-4.00000160914034));
#7401=CARTESIAN_POINT('',(-3.,-18.25,-6.00000081625117));
#7402=CARTESIAN_POINT('',(-3.50000001490116,-18.25,-4.00000160914034));
#7403=CARTESIAN_POINT('',(-1.75000000745058,-18.25,-4.00000160914034));
#7404=CARTESIAN_POINT('',(-3.50000001490116,-18.25,-5.05));
#7405=CARTESIAN_POINT('',(-1.5,-18.25,-4.00000160914034));
#7406=CARTESIAN_POINT('',(-1.5,-18.25,-6.00000081625117));
#7407=CARTESIAN_POINT('',(-1.,-18.25,-4.00000160914034));
#7408=CARTESIAN_POINT('Origin',(0.,-18.2500002523095,-2.6));
#7409=CARTESIAN_POINT('',(-1.5,-18.2500002523095,-2.1));
#7410=CARTESIAN_POINT('Origin',(-1.5,-18.2500002523095,-2.6));
#7411=CARTESIAN_POINT('',(-3.50000001490116,-18.2500002523095,-2.1));
#7412=CARTESIAN_POINT('',(0.,-18.2500002523095,-2.1));
#7413=CARTESIAN_POINT('Origin',(-3.50000001490116,-18.2500002523095,-2.6));
#7414=CARTESIAN_POINT('Origin',(-3.50000001490116,-18.7500002756715,-2.1));
#7415=CARTESIAN_POINT('',(-3.50000001490116,-16.2271763705293,-2.1));
#7416=CARTESIAN_POINT('',(-3.50000001490116,-0.249999999999998,-2.10000000000001));
#7417=CARTESIAN_POINT('',(-3.50000001490116,-16.2271763705293,-2.60000000000002));
#7418=CARTESIAN_POINT('',(-3.50000001490116,-16.2271763705293,-2.1));
#7419=CARTESIAN_POINT('',(-3.50000001490116,-18.5000001378357,-2.60000000000002));
#7420=CARTESIAN_POINT('',(-3.50000001490116,-18.7500001868958,-4.00000163250234));
#7421=CARTESIAN_POINT('Origin',(9.45888048930106,-16.2271763705293,-2.1));
#7422=CARTESIAN_POINT('',(-1.5,-16.2271763705293,-2.1));
#7423=CARTESIAN_POINT('',(4.72944024465053,-16.2271763705293,-2.1));
#7424=CARTESIAN_POINT('',(-1.5,-16.2271763705293,-2.60000000000002));
#7425=CARTESIAN_POINT('',(-1.5,-16.2271763705293,-3.05000081625117));
#7426=CARTESIAN_POINT('',(4.72944024465053,-16.2271763705293,-2.60000000000002));
#7427=CARTESIAN_POINT('Origin',(0.,-18.25,-2.60000000000002));
#7428=CARTESIAN_POINT('',(-1.5,-18.5000000934479,-2.60000000000002));
#7429=CARTESIAN_POINT('Origin',(-1.5,-18.7500001868958,-4.00000163250234));
#7430=CARTESIAN_POINT('',(-1.5,-18.7500001868958,-4.00000163250234));
#7431=CARTESIAN_POINT('',(-1.5,-0.249999955612178,-2.10000000000001));
#7432=CARTESIAN_POINT('Origin',(-3.50000001490116,-18.7500001868958,-4.00000163250234));
#7433=CARTESIAN_POINT('',(-3.,-18.7500001868958,-4.00000163250234));
#7434=CARTESIAN_POINT('Origin',(-3.,-18.7500001868958,-4.00000163250234));
#7435=CARTESIAN_POINT('Origin',(-2.,-18.7500001868958,-4.00000163250234));
#7436=CARTESIAN_POINT('Origin',(0.,18.2500002756715,-2.10000000000002));
#7437=CARTESIAN_POINT('Origin',(2.95,-18.75,-7.95));
#7438=CARTESIAN_POINT('',(2.9,-18.65,-8.));
#7439=CARTESIAN_POINT('',(2.9,-18.35,-8.));
#7440=CARTESIAN_POINT('',(2.9,-18.75,-8.));
#7441=CARTESIAN_POINT('',(3.,-18.25,-7.9));
#7442=CARTESIAN_POINT('',(2.9,-18.35,-8.));
#7443=CARTESIAN_POINT('',(3.,-18.7500000046724,-7.9));
#7444=CARTESIAN_POINT('',(3.,-18.75,-7.9));
#7445=CARTESIAN_POINT('',(3.,-18.7500000046724,-7.9));
#7446=CARTESIAN_POINT('Origin',(0.,-18.3,-7.95));
#7447=CARTESIAN_POINT('',(2.1,-18.35,-8.));
#7448=CARTESIAN_POINT('',(0.,-18.35,-8.));
#7449=CARTESIAN_POINT('',(2.,-18.25,-7.9));
#7450=CARTESIAN_POINT('',(2.1,-18.35,-8.));
#7451=CARTESIAN_POINT('',(0.,-18.25,-7.9));
#7452=CARTESIAN_POINT('Origin',(0.,-18.7000000023362,-7.95));
#7453=CARTESIAN_POINT('',(2.,-18.7500000046724,-7.9));
#7454=CARTESIAN_POINT('',(0.,-18.7500000046724,-7.9));
#7455=CARTESIAN_POINT('',(2.1,-18.65,-8.));
#7456=CARTESIAN_POINT('',(2.,-18.7500000046724,-7.9));
#7457=CARTESIAN_POINT('',(0.,-18.65,-8.));
#7458=CARTESIAN_POINT('Origin',(2.05,-18.7500000934479,-7.95));
#7459=CARTESIAN_POINT('',(2.1,-18.7500000934479,-8.));
#7460=CARTESIAN_POINT('',(2.,-18.7500000934479,-7.9));
#7461=CARTESIAN_POINT('Origin',(0.,-18.7500002756715,-2.1));
#7462=CARTESIAN_POINT('',(3.,-18.7500001868958,-4.00000163250234));
#7463=CARTESIAN_POINT('',(3.,-18.7500001378357,-5.05));
#7464=CARTESIAN_POINT('',(3.5,-18.7500001868958,-4.00000163250234));
#7465=CARTESIAN_POINT('',(1.5,-18.7500001868958,-4.00000163250234));
#7466=CARTESIAN_POINT('',(3.5,-18.7500002523095,-2.60000002336199));
#7467=CARTESIAN_POINT('',(3.5,-18.7500002312837,-3.05000081625117));
#7468=CARTESIAN_POINT('',(1.5,-18.7500002523095,-2.60000002336199));
#7469=CARTESIAN_POINT('',(0.,-18.7500002523095,-2.60000002336199));
#7470=CARTESIAN_POINT('',(1.5,-18.7500001868958,-4.00000163250234));
#7471=CARTESIAN_POINT('',(1.5,-18.7500002756715,-2.1));
#7472=CARTESIAN_POINT('',(2.,-18.7500001868958,-4.00000163250234));
#7473=CARTESIAN_POINT('',(0.75,-18.7500001868958,-4.00000163250234));
#7474=CARTESIAN_POINT('',(2.,-18.7500002312837,-3.05000081625117));
#7475=CARTESIAN_POINT('Origin',(3.,-18.75,-8.));
#7476=CARTESIAN_POINT('',(3.,-18.25,-4.00000160914034));
#7477=CARTESIAN_POINT('',(3.,-18.25,-8.));
#7478=CARTESIAN_POINT('',(3.,-18.7500001868958,-4.00000163250234));
#7479=CARTESIAN_POINT('Origin',(0.,-18.75,-8.));
#7480=CARTESIAN_POINT('Origin',(0.,-18.15,-2.70000000000002));
#7481=CARTESIAN_POINT('',(3.5,-18.15,-2.60000000000002));
#7482=CARTESIAN_POINT('',(3.5,-18.25,-2.70000000000002));
#7483=CARTESIAN_POINT('Origin',(3.5,-18.15,-2.70000000000002));
#7484=CARTESIAN_POINT('',(1.5,-18.25,-2.70000000000002));
#7485=CARTESIAN_POINT('',(0.,-18.25,-2.70000000000002));
#7486=CARTESIAN_POINT('',(1.5,-18.15,-2.60000000000002));
#7487=CARTESIAN_POINT('Origin',(1.5,-18.15,-2.70000000000002));
#7488=CARTESIAN_POINT('',(0.,-18.15,-2.60000000000002));
#7489=CARTESIAN_POINT('Origin',(0.,-18.25,-8.));
#7490=CARTESIAN_POINT('',(2.,-18.25,-4.00000160914034));
#7491=CARTESIAN_POINT('',(2.,-18.25,-6.00000081625117));
#7492=CARTESIAN_POINT('',(1.5,-18.25,-4.00000160914034));
#7493=CARTESIAN_POINT('',(0.75,-18.25,-4.00000160914034));
#7494=CARTESIAN_POINT('',(1.5,-18.25,-5.05));
#7495=CARTESIAN_POINT('',(3.5,-18.25,-4.00000160914034));
#7496=CARTESIAN_POINT('',(3.5,-18.25,-6.00000081625117));
#7497=CARTESIAN_POINT('',(1.5,-18.25,-4.00000160914034));
#7498=CARTESIAN_POINT('Origin',(0.,-18.2500002523095,-2.6));
#7499=CARTESIAN_POINT('',(3.5,-18.2500002523095,-2.1));
#7500=CARTESIAN_POINT('Origin',(3.5,-18.2500002523095,-2.6));
#7501=CARTESIAN_POINT('',(1.5,-18.2500002523095,-2.1));
#7502=CARTESIAN_POINT('',(0.,-18.2500002523095,-2.1));
#7503=CARTESIAN_POINT('Origin',(1.5,-18.2500002523095,-2.6));
#7504=CARTESIAN_POINT('Origin',(0.,18.2500002756715,-2.10000000000002));
#7505=CARTESIAN_POINT('',(3.5,-16.2271763705293,-2.1));
#7506=CARTESIAN_POINT('',(3.5,-0.249999955612178,-2.10000000000001));
#7507=CARTESIAN_POINT('',(1.5,-16.2271763705293,-2.1));
#7508=CARTESIAN_POINT('',(4.72944024465053,-16.2271763705293,-2.1));
#7509=CARTESIAN_POINT('',(1.5,-0.249999999999998,-2.10000000000001));
#7510=CARTESIAN_POINT('Origin',(3.5,-18.7500001868958,-4.00000163250234));
#7511=CARTESIAN_POINT('',(3.5,-18.7500001868958,-4.00000163250234));
#7512=CARTESIAN_POINT('',(3.5,-16.2271763705293,-2.60000000000002));
#7513=CARTESIAN_POINT('',(3.5,-18.5000000934479,-2.60000000000002));
#7514=CARTESIAN_POINT('',(3.5,-16.2271763705293,-3.05000081625117));
#7515=CARTESIAN_POINT('Origin',(9.45888048930106,-16.2271763705293,-2.1));
#7516=CARTESIAN_POINT('',(1.5,-16.2271763705293,-2.60000000000002));
#7517=CARTESIAN_POINT('',(1.5,-16.2271763705293,-2.1));
#7518=CARTESIAN_POINT('',(4.72944024465053,-16.2271763705293,-2.60000000000002));
#7519=CARTESIAN_POINT('Origin',(0.,-18.25,-2.60000000000002));
#7520=CARTESIAN_POINT('',(1.5,-18.5000001378357,-2.60000000000002));
#7521=CARTESIAN_POINT('Origin',(3.,-18.7500001868958,-4.00000163250234));
#7522=CARTESIAN_POINT('Origin',(1.5,-18.7500001868958,-4.00000163250234));
#7523=CARTESIAN_POINT('',(2.,-18.7500001868958,-4.00000163250234));
#7524=CARTESIAN_POINT('',(1.5,-18.7500001868958,-4.00000163250234));
#7525=CARTESIAN_POINT('Origin',(2.,-18.7500001868958,-4.00000163250234));
#7526=CARTESIAN_POINT('Origin',(1.5,-18.7500002756715,-2.1));
#7527=CARTESIAN_POINT('Origin',(2.5,18.15,-2.7));
#7528=CARTESIAN_POINT('',(-1.00000001490116,18.15,-2.6));
#7529=CARTESIAN_POINT('',(-1.00000001490116,18.25,-2.7));
#7530=CARTESIAN_POINT('Origin',(-1.00000001490116,18.15,-2.7));
#7531=CARTESIAN_POINT('',(1.,18.25,-2.7));
#7532=CARTESIAN_POINT('',(2.5,18.25,-2.7));
#7533=CARTESIAN_POINT('',(1.,18.15,-2.6));
#7534=CARTESIAN_POINT('Origin',(1.,18.15,-2.7));
#7535=CARTESIAN_POINT('',(2.5,18.15,-2.6));
#7536=CARTESIAN_POINT('Origin',(2.5,18.25,-2.60000000000002));
#7537=CARTESIAN_POINT('',(-1.00000001490116,18.25,-3.99999992707705));
#7538=CARTESIAN_POINT('',(-1.00000001490116,18.25,-2.35000000000001));
#7539=CARTESIAN_POINT('',(-0.5,18.25,-3.99999992707705));
#7540=CARTESIAN_POINT('',(0.749999992549419,18.25,-3.99999992707705));
#7541=CARTESIAN_POINT('',(-0.5,18.25,-7.9));
#7542=CARTESIAN_POINT('',(-0.5,18.25,-3.30000081625118));
#7543=CARTESIAN_POINT('',(0.5,18.25,-7.9));
#7544=CARTESIAN_POINT('',(2.5,18.25,-7.9));
#7545=CARTESIAN_POINT('',(0.5,18.25,-3.99999992707705));
#7546=CARTESIAN_POINT('',(0.5,18.25,-5.30000000000001));
#7547=CARTESIAN_POINT('',(1.,18.25,-3.99999992707705));
#7548=CARTESIAN_POINT('',(1.5,18.25,-3.99999992707705));
#7549=CARTESIAN_POINT('',(1.,18.25,-3.30000081625118));
#7550=CARTESIAN_POINT('Origin',(2.5,18.2500002523095,-2.60000000000002));
#7551=CARTESIAN_POINT('',(1.,18.2500002523095,-2.10000000000002));
#7552=CARTESIAN_POINT('',(1.,18.7500002523095,-2.60000002336201));
#7553=CARTESIAN_POINT('Origin',(1.,18.2500002523095,-2.60000000000002));
#7554=CARTESIAN_POINT('',(-1.00000001490116,18.7500002523095,-2.60000002336201));
#7555=CARTESIAN_POINT('',(2.5,18.7500002523095,-2.60000002336201));
#7556=CARTESIAN_POINT('',(-1.00000001490116,18.2500002523095,-2.10000000000002));
#7557=CARTESIAN_POINT('Origin',(-1.00000001490116,18.2500002523095,-2.60000000000002));
#7558=CARTESIAN_POINT('',(2.5,18.2500002523095,-2.10000000000002));
#7559=CARTESIAN_POINT('Origin',(-1.00000001490116,-18.2500002756715,-2.1));
#7560=CARTESIAN_POINT('',(-1.00000001490116,18.7500001868959,-3.99999990371505));
#7561=CARTESIAN_POINT('',(-1.00000001490116,18.7500001378357,-5.05000086439365));
#7562=CARTESIAN_POINT('',(-1.00000001490116,-18.2500001868958,-4.00000163250234));
#7563=CARTESIAN_POINT('',(-1.00000001490116,16.2271763705293,-2.6));
#7564=CARTESIAN_POINT('',(-1.00000001490116,-18.0000001378357,-2.60000000000002));
#7565=CARTESIAN_POINT('',(-1.00000001490116,16.2271763705293,-2.10000000000002));
#7566=CARTESIAN_POINT('',(-1.00000001490116,16.2271763705293,-2.10000000000002));
#7567=CARTESIAN_POINT('',(-1.00000001490116,0.25,-2.10000000000001));
#7568=CARTESIAN_POINT('Origin',(2.5,18.75,-8.));
#7569=CARTESIAN_POINT('',(1.,18.7500001868959,-3.99999990371505));
#7570=CARTESIAN_POINT('',(1.,18.7500000934479,-6.00000168064481));
#7571=CARTESIAN_POINT('',(0.5,18.7500001868959,-3.99999990371505));
#7572=CARTESIAN_POINT('',(1.5,18.7500001868959,-3.99999990371505));
#7573=CARTESIAN_POINT('',(0.5,18.7500000046724,-7.9));
#7574=CARTESIAN_POINT('',(0.5,18.75,-8.00000086439363));
#7575=CARTESIAN_POINT('',(-0.5,18.7500000046724,-7.9));
#7576=CARTESIAN_POINT('',(2.5,18.7500000046724,-7.9));
#7577=CARTESIAN_POINT('',(-0.5,18.7500001868959,-3.99999990371505));
#7578=CARTESIAN_POINT('',(-0.5,18.7500000934479,-6.00000168064481));
#7579=CARTESIAN_POINT('',(0.749999992549419,18.7500001868959,-3.99999990371505));
#7580=CARTESIAN_POINT('Origin',(0.45,0.,-7.95));
#7581=CARTESIAN_POINT('',(0.4,18.35,-8.));
#7582=CARTESIAN_POINT('',(0.4,18.65,-8.));
#7583=CARTESIAN_POINT('',(0.4,0.,-8.));
#7584=CARTESIAN_POINT('',(0.4,18.65,-8.));
#7585=CARTESIAN_POINT('',(0.5,0.,-7.9));
#7586=CARTESIAN_POINT('',(0.4,18.35,-8.));
#7587=CARTESIAN_POINT('Origin',(2.5,18.7000000023362,-7.95));
#7588=CARTESIAN_POINT('',(-0.4,18.65,-8.));
#7589=CARTESIAN_POINT('',(2.5,18.65,-8.));
#7590=CARTESIAN_POINT('',(-0.4,18.65,-8.));
#7591=CARTESIAN_POINT('Origin',(2.5,18.3,-7.95));
#7592=CARTESIAN_POINT('',(-0.4,18.35,-8.));
#7593=CARTESIAN_POINT('',(-0.5,18.25,-7.9));
#7594=CARTESIAN_POINT('',(2.5,18.35,-8.));
#7595=CARTESIAN_POINT('Origin',(-0.45,-9.34479227332474E-8,-7.95));
#7596=CARTESIAN_POINT('',(-0.4,-9.34479227332474E-8,-8.));
#7597=CARTESIAN_POINT('',(-0.5,-9.34479227332474E-8,-7.9));
#7598=CARTESIAN_POINT('Origin',(0.5,-18.25,-8.));
#7599=CARTESIAN_POINT('',(0.5,-18.2500001868958,-4.00000163250234));
#7600=CARTESIAN_POINT('Origin',(2.5,18.25,-8.));
#7601=CARTESIAN_POINT('Origin',(0.5,-18.2500001868958,-4.00000163250234));
#7602=CARTESIAN_POINT('',(1.,-18.2500001868958,-4.00000163250234));
#7603=CARTESIAN_POINT('Origin',(-0.5,-18.2500001868958,-4.00000163250234));
#7604=CARTESIAN_POINT('',(-0.5,-18.2500001868958,-4.00000163250234));
#7605=CARTESIAN_POINT('Origin',(-1.00000001490116,-18.2500001868958,-4.00000163250234));
#7606=CARTESIAN_POINT('Origin',(1.,-18.2500001868958,-4.00000163250234));
#7607=CARTESIAN_POINT('',(1.,16.2271763705293,-2.10000000000002));
#7608=CARTESIAN_POINT('',(1.,0.25000004438782,-2.10000000000001));
#7609=CARTESIAN_POINT('',(1.,16.2271763705293,-2.6));
#7610=CARTESIAN_POINT('',(1.,16.2271763705293,-3.05000081625119));
#7611=CARTESIAN_POINT('',(1.,-18.0000000934479,-2.60000000000002));
#7612=CARTESIAN_POINT('Origin',(2.5,18.7500002756715,-2.10000000000002));
#7613=CARTESIAN_POINT('',(-2.22944024465053,16.2271763705293,-2.10000000000002));
#7614=CARTESIAN_POINT('Origin',(2.5,-17.75,-2.60000000000002));
#7615=CARTESIAN_POINT('',(-2.22944024465053,16.2271763705293,-2.6));
#7616=CARTESIAN_POINT('Origin',(-6.95888048930106,16.2271763705293,-2.10000000000002));
#7617=CARTESIAN_POINT('Origin',(5.5,18.15,-2.7));
#7618=CARTESIAN_POINT('',(1.99999998509884,18.15,-2.6));
#7619=CARTESIAN_POINT('',(1.99999998509884,18.25,-2.7));
#7620=CARTESIAN_POINT('Origin',(1.99999998509884,18.15,-2.7));
#7621=CARTESIAN_POINT('',(4.,18.25,-2.7));
#7622=CARTESIAN_POINT('',(5.5,18.25,-2.7));
#7623=CARTESIAN_POINT('',(4.,18.15,-2.6));
#7624=CARTESIAN_POINT('Origin',(4.,18.15,-2.7));
#7625=CARTESIAN_POINT('',(5.5,18.15,-2.6));
#7626=CARTESIAN_POINT('Origin',(5.5,18.25,-2.60000000000002));
#7627=CARTESIAN_POINT('',(1.99999998509884,18.25,-3.99999992707705));
#7628=CARTESIAN_POINT('',(1.99999998509884,18.25,-2.35000000000001));
#7629=CARTESIAN_POINT('',(2.5,18.25,-3.99999992707705));
#7630=CARTESIAN_POINT('',(3.74999999254942,18.25,-3.99999992707705));
#7631=CARTESIAN_POINT('',(2.5,18.25,-7.9));
#7632=CARTESIAN_POINT('',(2.5,18.25,-3.30000081625118));
#7633=CARTESIAN_POINT('',(3.5,18.25,-7.9));
#7634=CARTESIAN_POINT('',(5.5,18.25,-7.9));
#7635=CARTESIAN_POINT('',(3.5,18.25,-3.99999992707705));
#7636=CARTESIAN_POINT('',(3.5,18.25,-5.30000000000001));
#7637=CARTESIAN_POINT('',(4.,18.25,-3.99999992707705));
#7638=CARTESIAN_POINT('',(4.5,18.25,-3.99999992707705));
#7639=CARTESIAN_POINT('',(4.,18.25,-3.30000081625118));
#7640=CARTESIAN_POINT('Origin',(5.5,18.2500002523095,-2.60000000000002));
#7641=CARTESIAN_POINT('',(4.,18.2500002523095,-2.10000000000002));
#7642=CARTESIAN_POINT('',(4.,18.7500002523095,-2.60000002336201));
#7643=CARTESIAN_POINT('Origin',(4.,18.2500002523095,-2.60000000000002));
#7644=CARTESIAN_POINT('',(1.99999998509884,18.7500002523095,-2.60000002336201));
#7645=CARTESIAN_POINT('',(5.5,18.7500002523095,-2.60000002336201));
#7646=CARTESIAN_POINT('',(1.99999998509884,18.2500002523095,-2.10000000000002));
#7647=CARTESIAN_POINT('Origin',(1.99999998509884,18.2500002523095,-2.60000000000002));
#7648=CARTESIAN_POINT('',(5.5,18.2500002523095,-2.10000000000002));
#7649=CARTESIAN_POINT('Origin',(1.99999998509884,-18.2500002756715,-2.1));
#7650=CARTESIAN_POINT('',(1.99999998509884,18.7500001868959,-3.99999990371505));
#7651=CARTESIAN_POINT('',(1.99999998509884,18.7500001378357,-5.05000086439365));
#7652=CARTESIAN_POINT('',(1.99999998509884,-18.2500001868958,-4.00000163250234));
#7653=CARTESIAN_POINT('',(1.99999998509884,16.2271763705293,-2.6));
#7654=CARTESIAN_POINT('',(1.99999998509884,-18.0000001378357,-2.60000000000002));
#7655=CARTESIAN_POINT('',(1.99999998509884,16.2271763705293,-2.10000000000002));
#7656=CARTESIAN_POINT('',(1.99999998509884,16.2271763705293,-2.10000000000002));
#7657=CARTESIAN_POINT('',(1.99999998509884,0.25,-2.10000000000001));
#7658=CARTESIAN_POINT('Origin',(5.5,18.75,-8.));
#7659=CARTESIAN_POINT('',(4.,18.7500001868959,-3.99999990371505));
#7660=CARTESIAN_POINT('',(4.,18.7500000934479,-6.00000168064481));
#7661=CARTESIAN_POINT('',(3.5,18.7500001868959,-3.99999990371505));
#7662=CARTESIAN_POINT('',(4.5,18.7500001868959,-3.99999990371505));
#7663=CARTESIAN_POINT('',(3.5,18.7500000046724,-7.9));
#7664=CARTESIAN_POINT('',(3.5,18.75,-8.00000086439363));
#7665=CARTESIAN_POINT('',(2.5,18.7500000046724,-7.9));
#7666=CARTESIAN_POINT('',(5.5,18.7500000046724,-7.9));
#7667=CARTESIAN_POINT('',(2.5,18.7500001868959,-3.99999990371505));
#7668=CARTESIAN_POINT('',(2.5,18.7500000934479,-6.00000168064481));
#7669=CARTESIAN_POINT('',(3.74999999254942,18.7500001868959,-3.99999990371505));
#7670=CARTESIAN_POINT('Origin',(3.45,0.,-7.95));
#7671=CARTESIAN_POINT('',(3.4,18.35,-8.));
#7672=CARTESIAN_POINT('',(3.4,18.65,-8.));
#7673=CARTESIAN_POINT('',(3.4,0.,-8.));
#7674=CARTESIAN_POINT('',(3.4,18.65,-8.));
#7675=CARTESIAN_POINT('',(3.5,0.,-7.9));
#7676=CARTESIAN_POINT('',(3.4,18.35,-8.));
#7677=CARTESIAN_POINT('Origin',(5.5,18.7000000023362,-7.95));
#7678=CARTESIAN_POINT('',(2.6,18.65,-8.));
#7679=CARTESIAN_POINT('',(5.5,18.65,-8.));
#7680=CARTESIAN_POINT('',(2.6,18.65,-8.));
#7681=CARTESIAN_POINT('Origin',(5.5,18.3,-7.95));
#7682=CARTESIAN_POINT('',(2.6,18.35,-8.));
#7683=CARTESIAN_POINT('',(2.5,18.25,-7.9));
#7684=CARTESIAN_POINT('',(5.5,18.35,-8.));
#7685=CARTESIAN_POINT('Origin',(2.55,-9.34479227332474E-8,-7.95));
#7686=CARTESIAN_POINT('',(2.6,-9.34479227332474E-8,-8.));
#7687=CARTESIAN_POINT('',(2.5,-9.34479227332474E-8,-7.9));
#7688=CARTESIAN_POINT('Origin',(3.5,-18.25,-8.));
#7689=CARTESIAN_POINT('',(3.5,-18.2500001868958,-4.00000163250234));
#7690=CARTESIAN_POINT('Origin',(5.5,18.25,-8.));
#7691=CARTESIAN_POINT('Origin',(3.5,-18.2500001868958,-4.00000163250234));
#7692=CARTESIAN_POINT('',(4.,-18.2500001868958,-4.00000163250234));
#7693=CARTESIAN_POINT('Origin',(2.5,-18.2500001868958,-4.00000163250234));
#7694=CARTESIAN_POINT('',(2.5,-18.2500001868958,-4.00000163250234));
#7695=CARTESIAN_POINT('Origin',(1.99999998509884,-18.2500001868958,-4.00000163250234));
#7696=CARTESIAN_POINT('Origin',(4.,-18.2500001868958,-4.00000163250234));
#7697=CARTESIAN_POINT('',(4.,16.2271763705293,-2.10000000000002));
#7698=CARTESIAN_POINT('',(4.,0.25000004438782,-2.10000000000001));
#7699=CARTESIAN_POINT('',(4.,16.2271763705293,-2.6));
#7700=CARTESIAN_POINT('',(4.,16.2271763705293,-3.05000081625119));
#7701=CARTESIAN_POINT('',(4.,-18.0000000934479,-2.60000000000002));
#7702=CARTESIAN_POINT('Origin',(5.5,18.7500002756715,-2.10000000000002));
#7703=CARTESIAN_POINT('',(0.770559755349469,16.2271763705293,-2.10000000000002));
#7704=CARTESIAN_POINT('Origin',(5.5,-17.75,-2.60000000000002));
#7705=CARTESIAN_POINT('',(0.770559755349469,16.2271763705293,-2.6));
#7706=CARTESIAN_POINT('Origin',(-3.95888048930106,16.2271763705293,-2.10000000000002));
#7707=UNCERTAINTY_MEASURE_WITH_UNIT(LENGTH_MEASURE(0.01),#7711,
'DISTANCE_ACCURACY_VALUE',
'Maximum model space distance between geometric entities at asserted c
onnectivities');
#7708=UNCERTAINTY_MEASURE_WITH_UNIT(LENGTH_MEASURE(0.01),#7711,
'DISTANCE_ACCURACY_VALUE',
'Maximum model space distance between geometric entities at asserted c
onnectivities');
#7709=(
GEOMETRIC_REPRESENTATION_CONTEXT(3)
GLOBAL_UNCERTAINTY_ASSIGNED_CONTEXT((#7707))
GLOBAL_UNIT_ASSIGNED_CONTEXT((#7711,#7713,#7714))
REPRESENTATION_CONTEXT('','3D')
);
#7710=(
GEOMETRIC_REPRESENTATION_CONTEXT(3)
GLOBAL_UNCERTAINTY_ASSIGNED_CONTEXT((#7708))
GLOBAL_UNIT_ASSIGNED_CONTEXT((#7711,#7713,#7714))
REPRESENTATION_CONTEXT('','3D')
);
#7711=(
LENGTH_UNIT()
NAMED_UNIT(*)
SI_UNIT(.MILLI.,.METRE.)
);
#7712=(
LENGTH_UNIT()
NAMED_UNIT(*)
SI_UNIT($,.METRE.)
);
#7713=(
NAMED_UNIT(*)
PLANE_ANGLE_UNIT()
SI_UNIT($,.RADIAN.)
);
#7714=(
NAMED_UNIT(*)
SI_UNIT($,.STERADIAN.)
SOLID_ANGLE_UNIT()
);
#7715=SHAPE_DEFINITION_REPRESENTATION(#7716,#7717);
#7716=PRODUCT_DEFINITION_SHAPE('',$,#7719);
#7717=SHAPE_REPRESENTATION('',(#4623),#7709);
#7718=PRODUCT_DEFINITION_CONTEXT('part definition',#7723,'design');
#7719=PRODUCT_DEFINITION('PER351-P115-N0010','PER351-P115-N0010 v8',#7720,
#7718);
#7720=PRODUCT_DEFINITION_FORMATION('',$,#7725);
#7721=PRODUCT_RELATED_PRODUCT_CATEGORY('PER351-P115-N0010 v8',
'PER351-P115-N0010 v8',(#7725));
#7722=APPLICATION_PROTOCOL_DEFINITION('international standard',
'automotive_design',2009,#7723);
#7723=APPLICATION_CONTEXT(
'Core Data for Automotive Mechanical Design Process');
#7724=PRODUCT_CONTEXT('part definition',#7723,'mechanical');
#7725=PRODUCT('PER351-P115-N0010','PER351-P115-N0010 v8',$,(#7724));
#7726=PRESENTATION_STYLE_ASSIGNMENT((#7729));
#7727=PRESENTATION_STYLE_ASSIGNMENT((#7730));
#7728=PRESENTATION_STYLE_ASSIGNMENT((#7731));
#7729=SURFACE_STYLE_USAGE(.BOTH.,#7732);
#7730=SURFACE_STYLE_USAGE(.BOTH.,#7733);
#7731=SURFACE_STYLE_USAGE(.BOTH.,#7734);
#7732=SURFACE_SIDE_STYLE('',(#7735));
#7733=SURFACE_SIDE_STYLE('',(#7736));
#7734=SURFACE_SIDE_STYLE('',(#7737));
#7735=SURFACE_STYLE_FILL_AREA(#7738);
#7736=SURFACE_STYLE_FILL_AREA(#7739);
#7737=SURFACE_STYLE_FILL_AREA(#7740);
#7738=FILL_AREA_STYLE('Steel - Satin',(#7741));
#7739=FILL_AREA_STYLE('Opaque(255,255,255)',(#7742));
#7740=FILL_AREA_STYLE('Nickel - Polished',(#7743));
#7741=FILL_AREA_STYLE_COLOUR('Steel - Satin',#7744);
#7742=FILL_AREA_STYLE_COLOUR('Opaque(255,255,255)',#7745);
#7743=FILL_AREA_STYLE_COLOUR('Nickel - Polished',#7746);
#7744=COLOUR_RGB('Steel - Satin',0.627450980392157,0.627450980392157,0.627450980392157);
#7745=COLOUR_RGB('Opaque(255,255,255)',0.286274509803922,0.282352941176471,
0.282352941176471);
#7746=COLOUR_RGB('Nickel - Polished',0.819607843137255,0.8,0.752941176470588);
ENDSEC;
END-ISO-10303-21;
