/*******************************************************************************
 * Size: 72 px
 * Bpp: 4
 * Opts: --bpp 4 --size 72 --font FONTS/Roboto_Mono/static/RobotoMono-Bold.ttf -r 0x20-0x7F --format lvgl -o lv_font_roboto_mono_72.c --force-fast-kern-format
 ******************************************************************************/

#ifdef LV_LVGL_H_INCLUDE_SIMPLE
#include "lvgl.h"
#else
#include "lvgl/lvgl.h"
#endif

#ifndef LV_FONT_ROBOTO_MONO_72
#define LV_FONT_ROBOTO_MONO_72 1
#endif

#if LV_FONT_ROBOTO_MONO_72

/*-----------------
 *    BITMAPS
 *----------------*/

/*Store the image of the glyphs*/
static LV_ATTRIBUTE_LARGE_CONST const uint8_t glyph_bitmap[] = {
    /* U+0020 " " */

    /* U+0021 "!" */
    0x6, 0xff, 0xfe, 0x90, 0xf, 0xfe, 0x19, 0x80,
    0x7f, 0xf2, 0x84, 0x3, 0xff, 0xa0, 0x20, 0x1f,
    0xfc, 0xaf, 0x0, 0xff, 0xe1, 0xb8, 0x7, 0xff,
    0x28, 0x40, 0x3f, 0xfa, 0x2, 0x1, 0xff, 0xca,
    0x30, 0xf, 0xfe, 0x81, 0x80, 0x7f, 0xf2, 0x84,
    0x3, 0xff, 0xa0, 0x20, 0x1f, 0xce, 0x1, 0xff,
    0xe7, 0x10, 0xf, 0xfe, 0x88, 0x80, 0x7f, 0xf2,
    0x4c, 0x3, 0xff, 0xa2, 0x60, 0x1f, 0xfc, 0xb,
    0x77, 0xfc, 0x20, 0x13, 0x44, 0x7e, 0x0, 0xff,
    0xff, 0x80, 0x7f, 0x8d, 0xc, 0x3, 0xf4, 0x7e,
    0x5e, 0x7d, 0x8, 0x6, 0xc7, 0x0, 0xe5, 0xc1,
    0x0, 0x39, 0x80, 0x7c, 0x56, 0x0, 0x90, 0xf,
    0xe5, 0x11, 0x80, 0x3f, 0xc4, 0x1, 0xff, 0xc0,
    0x71, 0x0, 0xff, 0x94, 0x18, 0x3, 0xf8, 0xc4,
    0x20, 0x40, 0x3f, 0x70, 0x0, 0x70, 0xc0, 0x38,
    0xb0, 0x80, 0x22, 0xcc, 0x4c, 0x43, 0x34, 0xc0,
    0x0,

    /* U+0022 "\"" */
    0x1a, 0xaf, 0x84, 0x3, 0xcd, 0x55, 0xe6, 0x35,
    0x5f, 0x8c, 0x3, 0xd8, 0xab, 0xef, 0x0, 0xff,
    0xf5, 0x18, 0x7, 0xff, 0x4, 0x40, 0x3f, 0x8,
    0x7, 0xff, 0x7, 0xc0, 0x3f, 0xf9, 0x42, 0x1,
    0xf0, 0x80, 0x7f, 0xf0, 0x8c, 0x3, 0xe3, 0x0,
    0xff, 0xe1, 0x8, 0x7, 0xc2, 0x1, 0xff, 0xc2,
    0x70, 0xf, 0x9c, 0x3, 0xff, 0x84, 0x20, 0x1f,
    0x10, 0x7, 0xff, 0x8, 0xc0, 0x3e, 0x10, 0xf,
    0xfe, 0x10, 0x80, 0x7d, 0xe0, 0x1f, 0xfc, 0xa1,
    0x0, 0xff, 0xe0, 0x88, 0x7, 0xe3, 0x0, 0xff,
    0xe0, 0x98, 0x7, 0xe1, 0x0, 0xff, 0xe0, 0x88,
    0x7, 0xe7, 0x0, 0xff, 0xe0, 0xb8, 0x7, 0xe1,
    0x0, 0xff, 0xe0, 0x88, 0x0,

    /* U+0023 "#" */
    0x0, 0xff, 0xe1, 0xff, 0xf8, 0xc0, 0x3d, 0x7f,
    0xfd, 0x20, 0x1f, 0xfc, 0x73, 0x0, 0xf1, 0x80,
    0x79, 0x40, 0x3b, 0xc0, 0x3f, 0xf8, 0xea, 0x1,
    0xc4, 0x1, 0xe1, 0x10, 0x7, 0x28, 0x7, 0xff,
    0x1f, 0xc0, 0x39, 0x80, 0x3c, 0xa0, 0x1e, 0x20,
    0xf, 0xfe, 0x3a, 0x80, 0x71, 0x80, 0x78, 0x80,
    0x38, 0x44, 0x1, 0xff, 0xc7, 0x30, 0xe, 0xd0,
    0xf, 0x78, 0x7, 0x28, 0x7, 0xff, 0x1c, 0x40,
    0x3c, 0xe0, 0x1e, 0x50, 0xe, 0x30, 0xf, 0xfe,
    0x3a, 0x80, 0x78, 0x80, 0x3c, 0x60, 0x1d, 0xa0,
    0x1f, 0xfc, 0x73, 0x0, 0xe2, 0x0, 0xf0, 0x80,
    0x79, 0x80, 0x3f, 0xf8, 0xfa, 0x1, 0xce, 0x1,
    0xe5, 0x0, 0xf1, 0x80, 0x7f, 0xf1, 0xdc, 0x3,
    0xb4, 0x3, 0xc6, 0x1, 0xc4, 0x1, 0xff, 0xc8,
    0x20, 0xe, 0x30, 0xf, 0x68, 0x7, 0x38, 0x7,
    0xff, 0x1c, 0x80, 0x3c, 0xa0, 0x1e, 0x70, 0xe,
    0xd0, 0xf, 0xfe, 0x3b, 0x80, 0x78, 0x40, 0x3c,
    0x40, 0x1c, 0x60, 0x1f, 0xfc, 0x7d, 0x0, 0xe3,
    0x0, 0xf1, 0x0, 0x79, 0x80, 0x3f, 0xdd, 0xff,
    0xf9, 0xc0, 0x38, 0xff, 0xfd, 0xa0, 0x1e, 0xdf,
    0xff, 0x50, 0x7, 0xff, 0xfc, 0x3, 0xff, 0xfe,
    0x1, 0xff, 0xe9, 0xef, 0xff, 0x8c, 0x3, 0x9f,
    0xff, 0xd2, 0x1, 0xc3, 0xff, 0xfa, 0x80, 0x3f,
    0xe2, 0x0, 0xed, 0x0, 0xf7, 0x80, 0x71, 0x0,
    0x7f, 0xf1, 0xc4, 0x40, 0x1c, 0xc0, 0x1e, 0x20,
    0xe, 0x50, 0xf, 0xfe, 0x39, 0x0, 0x78, 0xc0,
    0x3c, 0xa0, 0x1d, 0xe0, 0x1f, 0xfc, 0x75, 0x0,
    0xe2, 0x0, 0xf8, 0x40, 0x38, 0x80, 0x3f, 0xf8,
    0xfe, 0x1, 0xcc, 0x1, 0xe3, 0x0, 0xf2, 0x80,
    0x7f, 0xf1, 0xc8, 0x3, 0x8c, 0x3, 0xca, 0x1,
    0xc2, 0x20, 0xf, 0xfe, 0x3a, 0x80, 0x77, 0x0,
    0x7b, 0x80, 0x38, 0x80, 0x3f, 0xf8, 0xe2, 0x20,
    0xe, 0x50, 0xf, 0x18, 0x7, 0x28, 0x7, 0xff,
    0x1c, 0x80, 0x3c, 0x60, 0x1e, 0x50, 0xe, 0xf0,
    0xf, 0xfe, 0x3a, 0x80, 0x70, 0x80, 0x7c, 0x20,
    0x1c, 0x40, 0x1f, 0xe9, 0xff, 0xfd, 0x20, 0x1c,
    0x3f, 0xff, 0x0, 0x7a, 0xff, 0xfe, 0x0, 0xff,
    0xff, 0x80, 0x7f, 0xff, 0xc0, 0x3f, 0xf8, 0x22,
    0x1, 0xff, 0xdb, 0x8f, 0xff, 0x94, 0x3, 0x97,
    0xff, 0xd6, 0x1, 0xef, 0xff, 0xe0, 0xf, 0xf9,
    0xc0, 0x3b, 0x40, 0x3c, 0x60, 0x1c, 0x40, 0x1f,
    0xfc, 0x82, 0x0, 0xe3, 0x0, 0xf6, 0x80, 0x73,
    0x80, 0x7f, 0xf1, 0xcc, 0x3, 0xca, 0x1, 0xe7,
    0x0, 0xed, 0x0, 0xff, 0xe3, 0xb0, 0x7, 0x8,
    0x80, 0x3c, 0x40, 0x1c, 0x60, 0x1f, 0xfc, 0x7d,
    0x0, 0xe5, 0x0, 0xf1, 0x80, 0x79, 0x40, 0x3f,
    0xf8, 0xe6, 0x1, 0xc6, 0x1, 0xe5, 0x0, 0xe1,
    0x10, 0x7, 0xff, 0x1d, 0x40, 0x3b, 0x80, 0x3d,
    0xc0, 0x1c, 0xa0, 0x1f, 0xfc, 0x71, 0x10, 0x7,
    0x28, 0x7, 0x8c, 0x3, 0x8c, 0x3, 0xff, 0x8e,
    0xa0, 0x1e, 0x30, 0xf, 0x28, 0x7, 0x68, 0x7,
    0xff, 0x1c, 0xc0, 0x38, 0x80, 0x3c, 0x22, 0x0,
    0xe6, 0x0, 0xff, 0xe3, 0xe8, 0x7, 0x38, 0x7,
    0x94, 0x3, 0xc6, 0x1, 0xff, 0xc7, 0x70, 0xe,
    0xd0, 0xf, 0x18, 0x7, 0x10, 0x7, 0xff, 0x20,
    0x80, 0x38, 0xc0, 0x3d, 0xa0, 0x1c, 0xe0, 0x1f,
    0xfc, 0x20,

    /* U+0024 "$" */
    0x0, 0xff, 0xe2, 0x13, 0xbf, 0x10, 0x7, 0xff,
    0x49, 0xa2, 0x39, 0xc0, 0x3f, 0xff, 0xe0, 0x1f,
    0xff, 0xf0, 0xf, 0xff, 0xf8, 0x7, 0xff, 0x31,
    0x22, 0xa4, 0x3, 0xa2, 0x54, 0x40, 0x3f, 0xf9,
    0x27, 0x5f, 0x6e, 0xa4, 0x1, 0xc4, 0xd5, 0xd6,
    0x80, 0x1f, 0xfc, 0x52, 0xbc, 0x50, 0xf, 0xfe,
    0x12, 0x5e, 0x10, 0x7, 0xff, 0x9, 0xb5, 0x0,
    0x3f, 0xf8, 0xc7, 0xac, 0x1, 0xff, 0xc0, 0x89,
    0x0, 0xff, 0xe5, 0x4c, 0x0, 0x7f, 0x9d, 0xc0,
    0x1f, 0xfc, 0xc7, 0x70, 0x7, 0xe3, 0x80, 0xf,
    0xfe, 0x74, 0x18, 0x7, 0xdc, 0x1, 0xff, 0xd0,
    0xf0, 0xf, 0x29, 0x0, 0x7f, 0x92, 0xbb, 0xfd,
    0xd4, 0x60, 0x1f, 0xe3, 0x50, 0xe, 0xe0, 0xf,
    0xf5, 0xd9, 0x44, 0x0, 0x2b, 0x92, 0x1, 0xfe,
    0x90, 0xc, 0x28, 0x1, 0xfd, 0x68, 0x1, 0xf9,
    0xa0, 0x3, 0xf8, 0xc4, 0x2, 0x50, 0xf, 0xe4,
    0x40, 0x7, 0xf9, 0xc8, 0x3, 0xf9, 0xc0, 0x23,
    0x0, 0xfe, 0xd0, 0xf, 0xfe, 0x5, 0x80, 0x7f,
    0x60, 0x5, 0xe0, 0x1f, 0xca, 0x1, 0xff, 0xc0,
    0x70, 0xf, 0xe7, 0x0, 0x84, 0x3, 0xf8, 0x40,
    0x3f, 0xf8, 0x2, 0x20, 0xf, 0xc6, 0x1, 0x8,
    0x7, 0xf3, 0x0, 0x7f, 0xf0, 0x48, 0x3, 0xf0,
    0x80, 0x5e, 0x1, 0xfc, 0x60, 0x1f, 0xfc, 0x14,
    0x33, 0xfe, 0x0, 0x8c, 0x3, 0xfa, 0x80, 0x3f,
    0xf8, 0x31, 0x99, 0xfc, 0x1, 0x28, 0x7, 0xf1,
    0x48, 0x7, 0xff, 0x34, 0x4c, 0x3, 0xf9, 0xa8,
    0x3, 0xff, 0x9b, 0x40, 0x1f, 0xe5, 0xe5, 0x0,
    0xff, 0xe5, 0xb1, 0x0, 0x7f, 0x86, 0xb5, 0x80,
    0x3f, 0xf9, 0x52, 0x1, 0xff, 0xc0, 0x29, 0xf9,
    0x30, 0xf, 0xfe, 0x3a, 0x40, 0x7, 0xff, 0x9,
    0xb3, 0x58, 0x3, 0xff, 0x8c, 0xee, 0x0, 0xff,
    0xe1, 0x94, 0xf4, 0x8, 0x7, 0xff, 0x12, 0x20,
    0x1, 0xff, 0xc4, 0x17, 0xe8, 0x0, 0xff, 0xe2,
    0x3e, 0x10, 0x7, 0xff, 0x15, 0xf9, 0x40, 0x3f,
    0xf8, 0x67, 0xb0, 0x1, 0xff, 0xc5, 0x1a, 0x90,
    0xf, 0xfe, 0x23, 0xf4, 0x8, 0x7, 0xff, 0x11,
    0xb0, 0x3, 0xff, 0x88, 0x2f, 0xd2, 0x60, 0x1f,
    0xfc, 0x33, 0xc0, 0xf, 0xfe, 0x33, 0x66, 0x18,
    0x40, 0x3f, 0xf8, 0x27, 0x20, 0x1f, 0xfc, 0x73,
    0x9e, 0xa4, 0x0, 0xff, 0xe0, 0x31, 0x80, 0x7f,
    0xf2, 0x56, 0xf5, 0x0, 0x3f, 0xef, 0x0, 0xff,
    0xe5, 0x95, 0xd0, 0x7, 0xf8, 0xcc, 0x1, 0xff,
    0xcc, 0x5c, 0x0, 0xff, 0x58, 0x7, 0xff, 0x34,
    0xe0, 0x3, 0xf9, 0x1, 0x66, 0x7f, 0x88, 0x3,
    0xff, 0x84, 0xe0, 0x1f, 0xc4, 0x1a, 0xcd, 0xfc,
    0xe0, 0x1f, 0xfc, 0x33, 0x0, 0xfc, 0x21, 0xe0,
    0x1f, 0xc4, 0x1, 0xff, 0xc3, 0x60, 0xf, 0xe1,
    0x20, 0xf, 0xed, 0x0, 0xff, 0xe1, 0x88, 0x7,
    0xf9, 0xc0, 0x3f, 0x90, 0x3, 0xff, 0x86, 0xc0,
    0x1f, 0xc2, 0x40, 0x1f, 0xc2, 0xc0, 0x1f, 0xfc,
    0x12, 0x20, 0x7, 0xe2, 0x0, 0x28, 0x7, 0xf4,
    0x90, 0x7, 0xff, 0x2, 0x40, 0x3f, 0x9c, 0x1,
    0xc0, 0x1f, 0xec, 0x30, 0xf, 0xf4, 0xa0, 0x7,
    0xf6, 0x0, 0x10, 0x80, 0x3f, 0x87, 0x24, 0xc0,
    0x3c, 0xba, 0xc0, 0x1f, 0xe7, 0x0, 0xa0, 0x3,
    0xfe, 0x6c, 0xec, 0xbb, 0x6f, 0xd1, 0x0, 0x7f,
    0x98, 0x40, 0x25, 0x50, 0x7, 0xff, 0x0, 0x4d,
    0x10, 0x40, 0x1f, 0xfc, 0x1, 0x80, 0xe, 0xb2,
    0x0, 0xff, 0xe8, 0x50, 0x80, 0x70, 0xe1, 0x0,
    0x7f, 0xf3, 0xa5, 0x0, 0x3e, 0x1c, 0x40, 0xf,
    0xfe, 0x65, 0x30, 0x7, 0xf0, 0xdc, 0x88, 0x7,
    0xff, 0x21, 0x35, 0x40, 0x3f, 0xf8, 0xd, 0xd0,
    0x40, 0x1f, 0xfc, 0x45, 0xcb, 0x20, 0xf, 0xfe,
    0x1b, 0xee, 0xa1, 0x48, 0x3, 0xf1, 0xb5, 0x75,
    0x18, 0x7, 0xff, 0x1c, 0x9e, 0xb7, 0xc0, 0x39,
    0xbf, 0x25, 0x44, 0x3, 0xff, 0xfe, 0x1, 0xff,
    0xff, 0x0, 0xff, 0xff, 0x80, 0x7c,

    /* U+0025 "%" */
    0x0, 0xf8, 0xd9, 0xdc, 0xc8, 0x20, 0x1f, 0xfd,
    0x31, 0x8e, 0xc9, 0x88, 0x4d, 0xf6, 0x20, 0x7,
    0xff, 0x41, 0x3d, 0xc4, 0x3, 0xe3, 0xba, 0x0,
    0xff, 0xe7, 0x2d, 0x88, 0x7, 0xfc, 0xb8, 0x1,
    0xff, 0xcc, 0x2a, 0x0, 0xff, 0xe1, 0x1c, 0x80,
    0x7f, 0xf2, 0xe4, 0x3, 0xff, 0x88, 0xc4, 0x1,
    0xff, 0xc9, 0x14, 0x0, 0xf2, 0x55, 0xc0, 0x7,
    0xd6, 0x1, 0xff, 0xc9, 0x70, 0xf, 0x2d, 0xaa,
    0x3e, 0x80, 0x79, 0xc0, 0x3f, 0x4b, 0x80, 0x7f,
    0xde, 0x1, 0xe8, 0x0, 0xc4, 0xa0, 0x1c, 0x22,
    0x0, 0xf1, 0xb4, 0x74, 0x8, 0x7, 0xe2, 0x0,
    0xe1, 0x20, 0xe, 0xc0, 0xf, 0x10, 0x7, 0xbc,
    0x0, 0x2f, 0xc2, 0x1, 0xf3, 0x80, 0x71, 0x80,
    0x78, 0xc0, 0x3f, 0xf8, 0xa, 0x60, 0x19, 0x4,
    0x3, 0xff, 0xab, 0x0, 0x1d, 0x20, 0x1f, 0xfd,
    0x56, 0x20, 0xc, 0xc4, 0x1, 0xff, 0xd5, 0x80,
    0xe, 0x80, 0xf, 0xe6, 0x0, 0xe2, 0x0, 0xf1,
    0x0, 0x78, 0x40, 0x27, 0x10, 0xc, 0xe2, 0x1,
    0xfc, 0x40, 0x1e, 0x50, 0xe, 0xb0, 0xf, 0x10,
    0x0, 0x60, 0x3, 0xc, 0x80, 0x7f, 0xb0, 0x3,
    0xd6, 0x40, 0x14, 0x18, 0x7, 0x18, 0x5, 0x0,
    0x1d, 0x22, 0x1, 0xfe, 0x41, 0x0, 0xe1, 0xdc,
    0xbe, 0x70, 0xf, 0x50, 0x0, 0x98, 0x3, 0xb,
    0x80, 0x7f, 0xf0, 0x20, 0x3, 0xe3, 0x41, 0x0,
    0xf1, 0x30, 0x2, 0x0, 0x3a, 0xc0, 0x3f, 0xf8,
    0x2c, 0x80, 0x1f, 0xfc, 0x39, 0x0, 0x1a, 0x80,
    0x62, 0x50, 0xf, 0xfe, 0x15, 0xa0, 0x7, 0xff,
    0x6, 0x90, 0x1, 0x0, 0x1d, 0x20, 0x1f, 0xfc,
    0x4b, 0x70, 0xf, 0xf1, 0xe2, 0x80, 0x11, 0x0,
    0x19, 0x10, 0x1, 0xff, 0xc5, 0x8e, 0x84, 0x10,
    0x8, 0x9a, 0xf0, 0xc0, 0x28, 0x0, 0xe8, 0x0,
    0xff, 0xe3, 0x8b, 0xdf, 0x7f, 0xdb, 0x28, 0x1,
    0x94, 0xc0, 0x32, 0x98, 0x7, 0xff, 0x56, 0xc0,
    0x3a, 0x0, 0x3f, 0xfa, 0xae, 0x20, 0x19, 0x88,
    0x3, 0xff, 0xab, 0x20, 0x1d, 0x0, 0x1f, 0xfd,
    0x58, 0x10, 0xc, 0xe2, 0x1, 0xff, 0xd4, 0x17,
    0x0, 0xc3, 0x0, 0x1f, 0xfd, 0x58, 0x0, 0xe8,
    0x0, 0xff, 0xea, 0x93, 0x0, 0x62, 0x60, 0xf,
    0xfe, 0xac, 0x80, 0x74, 0x0, 0x63, 0x8c, 0xef,
    0xf7, 0x64, 0x10, 0x7, 0xff, 0x1c, 0xd0, 0x3,
    0x1a, 0x80, 0xa, 0xf1, 0xcc, 0x40, 0x2, 0x6f,
    0xb4, 0x20, 0x1f, 0xfc, 0x5f, 0x0, 0xe8, 0x0,
    0x1e, 0x20, 0x7, 0xf9, 0x7c, 0x80, 0x3f, 0xf8,
    0x6a, 0x60, 0x19, 0x10, 0x5, 0xa2, 0x1, 0xff,
    0xc0, 0x1c, 0x10, 0xf, 0xfe, 0x14, 0x0, 0x74,
    0x80, 0x24, 0x40, 0x3f, 0xf8, 0x43, 0x0, 0x1f,
    0xfc, 0x16, 0x20, 0xc, 0xa4, 0x6, 0x80, 0x1f,
    0x19, 0x0, 0x7c, 0xc2, 0x1, 0xff, 0xc0, 0x80,
    0xe, 0xb0, 0x5, 0x0, 0x79, 0x3b, 0x37, 0x44,
    0x1, 0xe6, 0x0, 0xff, 0x9c, 0x40, 0x33, 0x88,
    0x1, 0x0, 0x3d, 0x62, 0x0, 0x2f, 0x0, 0xf6,
    0x0, 0x7f, 0x86, 0x0, 0x3a, 0x40, 0x22, 0x0,
    0xe5, 0x0, 0xe2, 0x20, 0x7, 0x30, 0x7, 0xfa,
    0x0, 0x3a, 0x4, 0x0, 0x20, 0x1e, 0x20, 0xf,
    0x30, 0x7, 0x18, 0x7, 0xf1, 0x30, 0x6, 0x17,
    0x0, 0xff, 0xe2, 0x88, 0x7, 0x8, 0x7, 0xf4,
    0x0, 0x74, 0x0, 0x7f, 0xf5, 0x9c, 0x3, 0x13,
    0x0, 0x7f, 0xf3, 0x4, 0x3, 0xfb, 0x68, 0xc0,
    0x12, 0x1, 0xc2, 0x1, 0xe1, 0x0, 0xf0, 0x80,
    0x7f, 0xf1, 0x17, 0x2d, 0x90, 0x3, 0xff, 0x80,
    0x80, 0x1e, 0x60, 0xe, 0x20, 0xf, 0xfe, 0x2,
    0x48, 0x7, 0xc8, 0x1, 0xc4, 0xc0, 0x18, 0xc8,
    0x3, 0x94, 0x3, 0xff, 0x93, 0xa0, 0x1e, 0x98,
    0x33, 0x3e, 0x80, 0x7b, 0x0, 0x3f, 0xf9, 0x2e,
    0x1, 0xf3, 0xe6, 0x20, 0x40, 0x38, 0x54, 0x3,
    0xff, 0x92, 0x32, 0x1, 0xff, 0xc4, 0xb0, 0xf,
    0xfe, 0x5b, 0x28, 0x7, 0xff, 0x9, 0x94, 0x3,
    0xff, 0x99, 0x4e, 0x1, 0xff, 0xc0, 0x79, 0x0,
    0xff, 0xe7, 0x46, 0x20, 0x7, 0xe5, 0xd8, 0x0,
    0xff, 0xe8, 0x1d, 0xfd, 0xcc, 0x42, 0x6f, 0xe8,
    0x80, 0x30,

    /* U+0026 "&" */
    0x0, 0xff, 0xe1, 0x92, 0xb3, 0xb9, 0x90, 0x3,
    0xff, 0xa8, 0x53, 0xdb, 0x53, 0x10, 0x9b, 0xfa,
    0x30, 0xf, 0xfe, 0x78, 0xd6, 0xb0, 0x80, 0x7e,
    0x5c, 0xa1, 0x0, 0xff, 0xe6, 0x1f, 0xa8, 0x7,
    0xff, 0x5, 0x70, 0x80, 0x3f, 0xf9, 0x49, 0x82,
    0x1, 0xff, 0xc3, 0x2c, 0x10, 0xf, 0xfe, 0x40,
    0xd0, 0x7, 0xff, 0x18, 0x68, 0x3, 0xff, 0x91,
    0x42, 0x1, 0xff, 0xc7, 0x44, 0x0, 0x7f, 0xf1,
    0x91, 0x0, 0x1f, 0xfc, 0x98, 0x0, 0xff, 0xe3,
    0x70, 0x7, 0xf9, 0x1d, 0xc4, 0x1, 0xf8, 0xc8,
    0x3, 0xff, 0x8a, 0xa0, 0x1f, 0x8b, 0x6e, 0x21,
    0xaa, 0x1, 0xf9, 0x0, 0x3f, 0xf8, 0x88, 0x1,
    0xfd, 0xe4, 0x1, 0xac, 0x3, 0xf6, 0x0, 0x7f,
    0xf1, 0x8, 0x3, 0xf2, 0x90, 0x7, 0xb, 0x0,
    0x7c, 0x20, 0x1f, 0xfc, 0x4e, 0x0, 0xfd, 0x80,
    0x1f, 0x78, 0x7, 0xce, 0x1, 0xff, 0xc4, 0x10,
    0xf, 0xc4, 0x1, 0xff, 0xc3, 0x70, 0xf, 0xfe,
    0xa8, 0x80, 0x7c, 0x40, 0x1f, 0xfc, 0x41, 0x0,
    0xfc, 0x40, 0x1f, 0x58, 0x7, 0xd8, 0x1, 0xff,
    0xc4, 0xe0, 0xf, 0xda, 0x1, 0xe5, 0x30, 0xf,
    0x90, 0x3, 0xff, 0x88, 0xa0, 0x1f, 0x90, 0x40,
    0x32, 0x50, 0x7, 0xce, 0x20, 0x1f, 0xfc, 0x43,
    0x10, 0xf, 0xd2, 0x1, 0x45, 0x80, 0x7c, 0x32,
    0x1, 0xff, 0xc6, 0x70, 0xf, 0xce, 0x22, 0xc7,
    0x0, 0xfd, 0x42, 0x1, 0xff, 0xc6, 0xa0, 0xf,
    0xea, 0xf3, 0x0, 0xfd, 0x8, 0x1, 0xff, 0xc7,
    0x33, 0x0, 0x7e, 0x41, 0x0, 0xfc, 0xee, 0x0,
    0xff, 0xe4, 0xf8, 0x7, 0xff, 0x16, 0x60, 0x3,
    0xff, 0x94, 0x68, 0x1, 0xff, 0xc2, 0x1b, 0x60,
    0xf, 0xfe, 0x64, 0x80, 0x7f, 0xf0, 0x4b, 0xd0,
    0x3, 0xff, 0x9a, 0x50, 0x1, 0xff, 0x2e, 0x88,
    0x7, 0xff, 0x38, 0xe4, 0x3, 0xfc, 0x34, 0x1,
    0xff, 0xcf, 0x7c, 0x10, 0xf, 0xf0, 0xd0, 0x7,
    0xff, 0x3a, 0x60, 0x3, 0xff, 0x82, 0xac, 0x1,
    0xf8, 0xff, 0xff, 0x10, 0x7, 0xad, 0x80, 0x3f,
    0xf8, 0x72, 0x60, 0x1f, 0x38, 0x7, 0xe3, 0x0,
    0xea, 0x40, 0xf, 0xfe, 0x2e, 0x88, 0x7, 0x84,
    0x3, 0xff, 0x82, 0xea, 0x1, 0xff, 0xc6, 0x1a,
    0x0, 0xf1, 0x0, 0x7e, 0x10, 0x8, 0xe0, 0x3,
    0xfa, 0x20, 0x1, 0xfc, 0x8e, 0x1, 0xda, 0x1,
    0xf1, 0x0, 0x6f, 0x0, 0xfe, 0x67, 0x72, 0x0,
    0x7f, 0x42, 0x0, 0x64, 0x0, 0xf9, 0x80, 0x24,
    0x30, 0xf, 0xc5, 0x20, 0xa, 0x20, 0xf, 0xea,
    0x10, 0x1, 0x88, 0x7, 0xc6, 0x1, 0x70, 0x7,
    0xf4, 0x0, 0x43, 0xc0, 0x1f, 0xc3, 0xa0, 0xa,
    0x0, 0xfd, 0x80, 0x12, 0x0, 0x7e, 0x15, 0x0,
    0xc7, 0x20, 0x1f, 0xc7, 0x0, 0xc0, 0x1f, 0x94,
    0x0, 0x42, 0x1, 0xf9, 0x0, 0x3c, 0xca, 0x1,
    0xfc, 0xf6, 0x1, 0xf8, 0xc4, 0x0, 0xc0, 0x1f,
    0xc4, 0x1, 0xf5, 0x10, 0x7, 0xf2, 0x0, 0x7e,
    0xa0, 0x8, 0x40, 0x3f, 0xbc, 0x3, 0xf7, 0x0,
    0x7f, 0xf1, 0x98, 0x3, 0xff, 0x83, 0xe0, 0x1f,
    0x8e, 0x40, 0x3f, 0xf8, 0x8e, 0x1, 0x84, 0x3,
    0xf8, 0xc0, 0x3f, 0x99, 0x40, 0x3f, 0xf8, 0x72,
    0x1, 0x98, 0x3, 0xf9, 0x4, 0x3, 0xfa, 0x88,
    0x3, 0xff, 0x83, 0x2, 0x1, 0x88, 0x3, 0xfd,
    0x20, 0x1f, 0xee, 0x0, 0xff, 0xe0, 0x1b, 0x80,
    0x79, 0x0, 0x3f, 0x9d, 0x80, 0x3f, 0x94, 0x40,
    0x3f, 0xed, 0x0, 0xfb, 0x80, 0x3f, 0xd3, 0x46,
    0x1, 0xa, 0x47, 0x48, 0x80, 0x7f, 0xcc, 0x1,
    0xf2, 0x88, 0x7, 0xf9, 0x73, 0xfb, 0xfa, 0xdc,
    0x40, 0x3f, 0xf8, 0x30, 0x80, 0x1f, 0x58, 0x7,
    0xff, 0x4, 0x40, 0x3f, 0xf8, 0xf4, 0x20, 0x1e,
    0x55, 0x0, 0x7f, 0xf5, 0x7, 0x40, 0x3e, 0xa3,
    0x0, 0xff, 0xea, 0x1d, 0x0, 0x7d, 0x88, 0x1,
    0xff, 0xc9, 0x84, 0x0, 0xfe, 0x57, 0x0, 0xfa,
    0xe4, 0x3, 0xff, 0x8c, 0x9a, 0xf4, 0x40, 0x1f,
    0xd0, 0x80, 0x1f, 0x37, 0x38, 0x80, 0x7f, 0xf0,
    0x57, 0x2c, 0x80, 0x7c, 0x3, 0xfd, 0x44, 0x1,
    0xf0, 0xc7, 0x5b, 0xa1, 0x0, 0x62, 0x47, 0xbf,
    0xa3, 0x0, 0xc5, 0xff, 0xfe, 0xe2,

    /* U+0027 "'" */
    0x33, 0xf8, 0x73, 0x3e, 0x80, 0xf, 0xfe, 0xd8,
    0x80, 0x7d, 0xe0, 0x1f, 0x8, 0x7, 0xc6, 0x1,
    0xf0, 0x80, 0x7c, 0xe0, 0x1f, 0x8, 0x7, 0xc4,
    0x1, 0xff, 0xc2, 0x10, 0xf, 0x8c, 0x3, 0xe1,
    0x0, 0xf9, 0xc0, 0x3e, 0x10,

    /* U+0028 "(" */
    0x0, 0xff, 0xe2, 0x88, 0x7, 0xff, 0x14, 0xaf,
    0xc0, 0x3f, 0xf8, 0x8d, 0xa8, 0x28, 0x1, 0xff,
    0xc2, 0xa9, 0x0, 0xb4, 0x3, 0xff, 0x83, 0x6a,
    0x1, 0x98, 0x3, 0xff, 0x81, 0x68, 0x1, 0xe5,
    0x0, 0xff, 0x52, 0x0, 0x78, 0x9c, 0x3, 0xfa,
    0x14, 0x3, 0xc5, 0x84, 0x1, 0xf9, 0x1c, 0x3,
    0xc5, 0x82, 0x1, 0xf8, 0x68, 0x3, 0xef, 0x10,
    0xf, 0xeb, 0x10, 0xf, 0x51, 0x0, 0x7f, 0x22,
    0x80, 0x79, 0x14, 0x3, 0xfd, 0x20, 0x1f, 0x50,
    0x7, 0xf9, 0xc8, 0x3, 0xce, 0x20, 0x1f, 0xe9,
    0x0, 0xfa, 0x40, 0x3f, 0xcc, 0x20, 0x1e, 0x71,
    0x0, 0xff, 0x58, 0x7, 0xd2, 0x1, 0xfe, 0x42,
    0x0, 0xf2, 0x8, 0x7, 0xfb, 0xc0, 0x3e, 0xe0,
    0xf, 0xf0, 0xa0, 0x7, 0xca, 0x1, 0xfe, 0x70,
    0xf, 0x94, 0x3, 0xfe, 0xd0, 0xf, 0xb0, 0x3,
    0xfe, 0x40, 0xf, 0x90, 0x3, 0xfc, 0x60, 0x1f,
    0x9, 0x0, 0x7f, 0x90, 0x3, 0xe5, 0x0, 0xff,
    0xb0, 0x3, 0xe3, 0x0, 0xff, 0x94, 0x3, 0xed,
    0x0, 0xff, 0x8, 0x80, 0x3e, 0x60, 0xf, 0xf1,
    0x0, 0x7e, 0x30, 0xf, 0xf2, 0x80, 0x7c, 0x20,
    0x1f, 0xf7, 0x0, 0x7c, 0x60, 0x1f, 0xf0, 0x80,
    0x7c, 0xc0, 0x1f, 0xf1, 0x0, 0x7c, 0x20, 0x1f,
    0xf3, 0x80, 0x7c, 0x60, 0x1f, 0xf0, 0x80, 0x7f,
    0xf3, 0xc4, 0x3, 0xff, 0xa6, 0x60, 0x1f, 0xfc,
    0x73, 0x0, 0xff, 0xf1, 0x88, 0x7, 0xfc, 0x20,
    0x1f, 0xfc, 0x77, 0x0, 0xf8, 0xc0, 0x3f, 0xe2,
    0x0, 0xf9, 0x80, 0x3f, 0xe1, 0x0, 0xf8, 0x40,
    0x3f, 0xee, 0x0, 0xf8, 0x80, 0x3f, 0xe5, 0x0,
    0xfc, 0x20, 0x1f, 0xe2, 0x0, 0xfc, 0x40, 0x1f,
    0xe1, 0x10, 0x7, 0xcc, 0x1, 0xff, 0x20, 0x7,
    0xda, 0x1, 0xff, 0x68, 0x7, 0xc6, 0x1, 0xff,
    0x20, 0x7, 0xca, 0x1, 0xff, 0x18, 0x80, 0x78,
    0x48, 0x3, 0xfe, 0x40, 0xf, 0x90, 0x3, 0xfe,
    0xf0, 0xf, 0xb4, 0x3, 0xfe, 0x50, 0xf, 0x90,
    0x3, 0xff, 0x80, 0xa0, 0x1f, 0x28, 0x7, 0xfd,
    0x20, 0x1f, 0x70, 0x7, 0xfc, 0x64, 0x1, 0xe4,
    0x20, 0xf, 0xfa, 0xc0, 0x3e, 0xa0, 0xf, 0xf9,
    0x84, 0x3, 0xce, 0x20, 0x1f, 0xf4, 0x0, 0x7d,
    0x20, 0x1f, 0xf3, 0x10, 0x7, 0x9c, 0x80, 0x3f,
    0xee, 0x0, 0xfa, 0x40, 0x3f, 0xe3, 0x60, 0xf,
    0x23, 0x0, 0x7f, 0xd2, 0x40, 0x1e, 0x93, 0x0,
    0xff, 0xb8, 0x3, 0xed, 0x20, 0xf, 0xf1, 0xc8,
    0x7, 0x87, 0x8, 0x3, 0xfc, 0xcc, 0x0, 0xf0,
    0xe1, 0x0, 0x7f, 0xa5, 0x40, 0x3c, 0x2c, 0x1,
    0xff, 0x53, 0x0, 0x70, 0xa0, 0x7, 0xff, 0x2,
    0x60, 0x3, 0x38, 0x7, 0xff, 0x9, 0xec, 0x40,
    0x14, 0x1, 0xff, 0xc3, 0x4f, 0x62, 0x30, 0xf,
    0xfe, 0x20, 0xce, 0x80, 0x0,

    /* U+0029 ")" */
    0x0, 0x8, 0x7, 0xff, 0x19, 0x39, 0xc0, 0x3f,
    0xf8, 0xbc, 0x11, 0xa6, 0x1, 0xff, 0xc3, 0x50,
    0x1, 0x62, 0x80, 0x7f, 0xf0, 0x54, 0x3, 0xa9,
    0xc0, 0x3f, 0xf8, 0x1c, 0x1, 0xe8, 0x70, 0xf,
    0xfb, 0x80, 0x3e, 0x86, 0x0, 0xff, 0x2e, 0x0,
    0x7d, 0x28, 0x1, 0xfe, 0x3b, 0x0, 0xfa, 0x88,
    0x3, 0xfc, 0x90, 0x1, 0xe1, 0xe0, 0xf, 0xf9,
    0xd0, 0x3, 0xc6, 0xe0, 0x1f, 0xf5, 0x0, 0x7d,
    0x4, 0x1, 0xfe, 0x18, 0x0, 0xfa, 0x40, 0x3f,
    0xe7, 0x10, 0xf, 0x22, 0x0, 0x3f, 0xe8, 0x0,
    0xfa, 0x40, 0x3f, 0xe6, 0x10, 0xf, 0x12, 0x0,
    0x7f, 0xd2, 0x1, 0xf4, 0x0, 0x7f, 0xcc, 0x1,
    0xf1, 0x98, 0x3, 0xfc, 0x28, 0x1, 0xf5, 0x0,
    0x7f, 0xda, 0x1, 0xf3, 0x0, 0x7f, 0xce, 0x1,
    0xf9, 0x40, 0x3f, 0xc2, 0x60, 0x1f, 0x78, 0x7,
    0xfc, 0x80, 0x1f, 0x28, 0x7, 0xfd, 0x80, 0x1f,
    0x8c, 0x3, 0xfc, 0xa0, 0x1f, 0x90, 0x3, 0xfc,
    0x22, 0x0, 0xfb, 0x0, 0x3f, 0xe5, 0x0, 0xf9,
    0x40, 0x3f, 0xe2, 0x0, 0xf8, 0x44, 0x1, 0xfe,
    0xf0, 0xf, 0xca, 0x1, 0xfe, 0x20, 0xf, 0xc6,
    0x1, 0xfe, 0x70, 0xf, 0xdc, 0x1, 0xfe, 0x20,
    0xf, 0xc6, 0x1, 0xfe, 0x10, 0xf, 0xcc, 0x1,
    0xff, 0xc7, 0x10, 0xf, 0xfe, 0x39, 0x80, 0x7f,
    0xc2, 0x1, 0xff, 0xcf, 0x10, 0xf, 0xff, 0x78,
    0x80, 0x7f, 0xc2, 0x1, 0xff, 0xcf, 0x30, 0xf,
    0xfe, 0x38, 0x80, 0x7f, 0x84, 0x3, 0xf3, 0x0,
    0x7f, 0x88, 0x3, 0xf1, 0x80, 0x7f, 0x9c, 0x3,
    0xf7, 0x80, 0x7f, 0x88, 0x3, 0xf1, 0x0, 0x7f,
    0xb8, 0x3, 0xf2, 0x80, 0x7f, 0x8c, 0x3, 0xe1,
    0x10, 0x7, 0xf9, 0x80, 0x3e, 0x50, 0xf, 0xf8,
    0x80, 0x3e, 0xc0, 0xf, 0xf2, 0x0, 0x7e, 0x40,
    0xf, 0xf1, 0x80, 0x7c, 0x26, 0x1, 0xfe, 0xb0,
    0xf, 0x9c, 0x3, 0xfc, 0x26, 0x1, 0xf6, 0x80,
    0x7f, 0x90, 0x3, 0xe1, 0x40, 0xf, 0xf7, 0x0,
    0x7c, 0xe0, 0x1f, 0xe1, 0x40, 0xf, 0xac, 0x3,
    0xfc, 0xc0, 0x1f, 0x21, 0x0, 0x7f, 0xa4, 0x3,
    0xe8, 0x0, 0xff, 0x30, 0x80, 0x78, 0xcc, 0x1,
    0xfe, 0x80, 0xf, 0xbc, 0x3, 0xfc, 0xe2, 0x1,
    0xe5, 0x30, 0xf, 0xe2, 0x80, 0xf, 0xac, 0x3,
    0xfd, 0xc0, 0x1f, 0x48, 0x80, 0x7f, 0x41, 0x80,
    0x79, 0x18, 0x3, 0xf9, 0x5c, 0x3, 0xc3, 0x40,
    0x1f, 0xcb, 0x40, 0x1f, 0x68, 0x80, 0x7e, 0x7a,
    0x0, 0xfa, 0xcc, 0x3, 0xfb, 0x40, 0x3e, 0x94,
    0x0, 0xff, 0x78, 0x7, 0xa9, 0x80, 0x3f, 0xe5,
    0x0, 0xc3, 0x6a, 0x1, 0xff, 0xc1, 0x60, 0x2,
    0x7a, 0x0, 0x7f, 0xf0, 0xb4, 0x66, 0xc4, 0x3,
    0xff, 0x86, 0x9c, 0xc0, 0x1f, 0xfc, 0x40,

    /* U+002A "*" */
    0x0, 0xff, 0xe1, 0x27, 0xff, 0xca, 0x1, 0xff,
    0xd0, 0x70, 0xf, 0x98, 0x3, 0xff, 0xa0, 0x20,
    0x1f, 0x8, 0x7, 0xff, 0x40, 0x80, 0x3e, 0x20,
    0xf, 0xff, 0xb0, 0x80, 0x71, 0x0, 0x7f, 0xf4,
    0x88, 0x3, 0x84, 0x3, 0xff, 0xa4, 0xe0, 0x1c,
    0xe0, 0x1f, 0xfd, 0x21, 0x0, 0xe2, 0x0, 0xff,
    0xe2, 0x9a, 0x0, 0x7f, 0xc4, 0x1, 0xc2, 0x1,
    0xff, 0x8, 0x7, 0x4d, 0xeb, 0x0, 0x7f, 0x78,
    0x7, 0x70, 0x7, 0xf1, 0x4f, 0x20, 0x6, 0x40,
    0x29, 0xe8, 0x10, 0xf, 0x8, 0x7, 0x18, 0x7,
    0xc9, 0x7a, 0xc1, 0xa0, 0x12, 0x8, 0x4, 0x2f,
    0xd2, 0x40, 0x18, 0x80, 0x38, 0x40, 0x39, 0x72,
    0xd0, 0x2, 0x70, 0xb, 0x40, 0x3e, 0x6d, 0xb4,
    0x0, 0x38, 0x7, 0x30, 0x0, 0x5f, 0xa8, 0xc0,
    0x38, 0x4c, 0x0, 0xe0, 0x1f, 0xc9, 0x7a, 0xc2,
    0x1, 0xc6, 0x53, 0xd0, 0x20, 0x1f, 0xac, 0xc,
    0x40, 0x3f, 0xe2, 0x9c, 0x0, 0xea, 0xd6, 0x0,
    0xff, 0x94, 0x18, 0x40, 0x3f, 0xf8, 0x22, 0x1,
    0xc8, 0x1, 0xff, 0xc1, 0x22, 0x2f, 0x6c, 0xa8,
    0x80, 0x7f, 0xf3, 0xcd, 0xe8, 0xc0, 0x4, 0xd5,
    0xdb, 0x2a, 0x20, 0x1f, 0xfc, 0x61, 0x48, 0xcf,
    0xc8, 0x51, 0x0, 0xf1, 0x35, 0x77, 0x29, 0x88,
    0x3, 0xfc, 0x4b, 0x3b, 0xd6, 0xe6, 0x1, 0xff,
    0xc3, 0x15, 0x9e, 0x0, 0xfc, 0x9d, 0xb4, 0xc4,
    0x1, 0xff, 0xc9, 0x2d, 0x0, 0xfc, 0x88, 0x0,
    0xff, 0xe6, 0xf8, 0x80, 0x7f, 0x51, 0x80, 0x7f,
    0xf2, 0xec, 0x80, 0x30, 0xa0, 0x7, 0x68, 0x80,
    0x7f, 0xf2, 0x65, 0x0, 0x3a, 0xe4, 0x3, 0x87,
    0x40, 0x3f, 0xf9, 0xc, 0xc0, 0xe, 0x35, 0x27,
    0x0, 0xe3, 0xa0, 0xf, 0xfe, 0x32, 0x48, 0x7,
    0xbc, 0x1, 0x22, 0x1, 0xca, 0xe0, 0x1f, 0xfc,
    0x42, 0xb0, 0xf, 0x29, 0x80, 0x6, 0x0, 0x3d,
    0x8, 0x1, 0xff, 0xc2, 0x1c, 0x0, 0xfa, 0xc0,
    0x33, 0x10, 0x7, 0xac, 0x80, 0x3f, 0xf8, 0x3a,
    0x20, 0x1e, 0x81, 0x0, 0xe9, 0x0, 0xfb, 0xc4,
    0x3, 0xfe, 0xa3, 0x0, 0xf1, 0x38, 0x7, 0x91,
    0x0, 0x1e, 0x2d, 0x0, 0xff, 0x22, 0x80, 0x7d,
    0x20, 0x1f, 0xa0, 0x3, 0xe3, 0x80, 0xf, 0xe4,
    0xa1, 0x0, 0xe4, 0x40, 0x7, 0xe3, 0x60, 0xf,
    0x24, 0x80, 0x7f, 0x97, 0xd0, 0x3, 0x48, 0x7,
    0xfa, 0x0, 0x3a, 0x2c, 0x40, 0x3f, 0xe1, 0xb9,
    0x0, 0x31, 0x0, 0x7f, 0x86, 0x0, 0x5, 0x8e,
    0x1, 0xff, 0xc3, 0x6d, 0x48, 0x0, 0xff, 0xe0,
    0x38, 0xae, 0x98, 0x7, 0xff, 0x14, 0xac, 0x40,
    0x3f, 0xf8, 0x3f, 0x40, 0x1f, 0xe0,

    /* U+002B "+" */
    0x0, 0xff, 0xe0, 0xa4, 0x47, 0xe5, 0x0, 0xff,
    0xe7, 0x6b, 0xbf, 0xee, 0x0, 0xff, 0xff, 0x80,
    0x7f, 0xff, 0xc0, 0x3f, 0xff, 0xe0, 0x1f, 0xff,
    0xf0, 0xf, 0xff, 0xf8, 0x7, 0xff, 0xea, 0x3f,
    0xff, 0xf8, 0xc, 0x1, 0xf9, 0x3f, 0xff, 0xf8,
    0x10, 0x1, 0xff, 0xd7, 0x10, 0xf, 0xff, 0xf8,
    0x7, 0xff, 0xfc, 0x3, 0xff, 0xfe, 0x1, 0xff,
    0xcf, 0x8f, 0xff, 0xfe, 0x3, 0x0, 0x7e, 0x4f,
    0xff, 0xfe, 0x4, 0x80, 0x7f, 0xff, 0xc0, 0x3f,
    0xff, 0xe0, 0x1f, 0xff, 0xf0, 0xf, 0xff, 0xf8,
    0x7, 0xff, 0xfc, 0x3, 0xff, 0xfe, 0x1, 0xff,
    0xea,

    /* U+002C "," */
    0x0, 0x8b, 0xff, 0xf8, 0x3, 0xff, 0xfe, 0x1,
    0xff, 0xd4, 0x10, 0xf, 0xc2, 0x1, 0x38, 0x7,
    0xe5, 0x0, 0x84, 0x3, 0xf1, 0x80, 0x5a, 0x1,
    0xfb, 0x0, 0x23, 0x0, 0xfc, 0x80, 0x12, 0x0,
    0x7c, 0xc0, 0x12, 0x0, 0x7e, 0xa0, 0xb, 0x80,
    0x3e, 0x43, 0x0, 0xa, 0x80, 0x7d, 0x0, 0x13,
    0x0, 0x7c, 0xc6, 0x1, 0x48, 0x7, 0x8a, 0x40,
    0x21, 0x50, 0xf, 0x78, 0x6, 0x1b, 0xc4, 0x0,
    0xac, 0x80, 0x3c, 0x77, 0x63, 0xa4, 0x0, 0xe0,

    /* U+002D "-" */
    0x1f, 0xff, 0xfe, 0x89, 0x80, 0x7f, 0xff, 0xc0,
    0x3f, 0xff, 0xe0, 0x1f, 0xff, 0x70,

    /* U+002E "." */
    0x0, 0xe2, 0x56, 0x53, 0x0, 0xfc, 0x99, 0xb5,
    0x35, 0x9c, 0xc0, 0x1c, 0xb6, 0x60, 0x1c, 0x33,
    0x20, 0x8, 0xa8, 0x3, 0xf9, 0x98, 0x0, 0x80,
    0xf, 0xfa, 0x0, 0xa, 0x1, 0xff, 0x9, 0x90,
    0x7, 0xff, 0x5, 0x40, 0x3f, 0xf8, 0x64, 0x1,
    0xff, 0xc1, 0x20, 0x40, 0xf, 0xfe, 0x2, 0x4,
    0x0, 0x7f, 0xd0, 0x0, 0x38, 0x0, 0xfe, 0x47,
    0x0, 0x9e, 0x84, 0x3, 0xcf, 0x60, 0x1c, 0xbd,
    0x93, 0x10, 0xbf, 0x80, 0x8,

    /* U+002F "/" */
    0x0, 0xff, 0xe3, 0xa7, 0xff, 0xed, 0x0, 0xff,
    0xe3, 0xf0, 0x7, 0xea, 0x0, 0xff, 0xe3, 0xa8,
    0x7, 0xe5, 0x0, 0xff, 0xe3, 0x20, 0x7, 0xe3,
    0x20, 0xf, 0xfe, 0x37, 0x0, 0x7e, 0xb0, 0xf,
    0xfe, 0x3a, 0x80, 0x7e, 0x60, 0xf, 0xfe, 0x32,
    0x80, 0x7e, 0x31, 0x0, 0xff, 0xe3, 0x78, 0x7,
    0xea, 0x0, 0xff, 0xe3, 0xa8, 0x7, 0xe7, 0x0,
    0xff, 0xe3, 0x28, 0x7, 0xe3, 0x10, 0xf, 0xfe,
    0x37, 0x0, 0x7e, 0xa0, 0xf, 0xfe, 0x30, 0xa0,
    0x7, 0xe7, 0x0, 0xff, 0xe3, 0x38, 0x7, 0xe4,
    0x10, 0xf, 0xfe, 0x36, 0x80, 0x7e, 0xd0, 0xf,
    0xfe, 0x30, 0xa0, 0x7, 0xe7, 0x0, 0xff, 0xe3,
    0x38, 0x7, 0xe4, 0x10, 0xf, 0xfe, 0x35, 0x0,
    0x7e, 0xe0, 0xf, 0xfe, 0x30, 0x98, 0x7, 0xe5,
    0x0, 0xff, 0xe3, 0x30, 0x7, 0xe5, 0x0, 0xff,
    0xe3, 0xd8, 0x7, 0xef, 0x0, 0xff, 0xe3, 0x11,
    0x80, 0x7e, 0x50, 0xf, 0xfe, 0x32, 0x80, 0x7e,
    0x50, 0xf, 0xfe, 0x3d, 0x80, 0x7e, 0xe0, 0xf,
    0xfe, 0x31, 0x18, 0x7, 0xc2, 0x80, 0x1f, 0xfc,
    0x65, 0x0, 0xfc, 0xe0, 0x1f, 0xfc, 0x7a, 0x0,
    0xfd, 0xa0, 0x1f, 0xfc, 0x62, 0x20, 0x7, 0xc2,
    0x80, 0x1f, 0xfc, 0x6a, 0x0, 0xfc, 0xe0, 0x1f,
    0xfc, 0x75, 0x0, 0xfd, 0xa0, 0x1f, 0xfc, 0x63,
    0x20, 0xf, 0x85, 0x0, 0x3f, 0xf8, 0xd6, 0x1,
    0xf9, 0xc0, 0x3f, 0xf8, 0xec, 0x1, 0xfa, 0x80,
    0x3f, 0xf8, 0xc6, 0x20, 0x1f, 0x9, 0x80, 0x7f,
    0xf1, 0xa8, 0x3, 0xf3, 0x0, 0x7f, 0xf1, 0xdc,
    0x3, 0xf5, 0x80, 0x7f, 0xf1, 0x90, 0x40, 0x3e,
    0x23, 0x0, 0xff, 0xe3, 0x68, 0x7, 0xe5, 0x0,
    0xff, 0xe3, 0xb8, 0x7, 0xea, 0x0, 0xff, 0xe3,
    0x20, 0x80, 0x7c, 0x44, 0x0, 0xff, 0xe3, 0x68,
    0x7, 0xea, 0x0, 0xff, 0xe3, 0xb0, 0x7, 0xe5,
    0x0, 0xff, 0xe3, 0x20, 0x7, 0xe3, 0x20, 0xf,
    0xfe, 0x37, 0x0, 0x7e, 0xb0, 0xf, 0xfe, 0x3a,
    0x80, 0x7e, 0x60, 0xf, 0xfe, 0x32, 0x80, 0x7e,
    0x31, 0x0, 0xff, 0xe3, 0x78, 0x7, 0xea, 0x0,
    0xff, 0xe3, 0xa8, 0x7, 0xe7, 0x0, 0xff, 0xe3,
    0x28, 0x7, 0xe3, 0x10, 0xf, 0xfe, 0x37, 0x0,
    0x7e, 0xa0, 0xf, 0xfe, 0x30, 0xa0, 0x7, 0xe7,
    0x0, 0xff, 0xe3, 0x38, 0x7, 0xe4, 0x10, 0xf,
    0xfe, 0x36, 0x80, 0x7e, 0xd0, 0xf, 0xfe, 0x30,
    0xa0, 0x7, 0xe7, 0x0, 0xff, 0xe3, 0x38, 0x7,
    0xe4, 0x10, 0xf, 0xfe, 0x35, 0x0, 0x7e, 0xe0,
    0xf, 0xfe, 0x30, 0x98, 0x7, 0xe5, 0x0, 0xff,
    0xe3, 0x0,

    /* U+0030 "0" */
    0x0, 0xff, 0xe0, 0x8a, 0x33, 0xbc, 0xc8, 0x20,
    0x1f, 0xfc, 0xb1, 0x7d, 0xeb, 0x98, 0x8a, 0x6f,
    0xb9, 0x26, 0x1, 0xff, 0xc6, 0x19, 0xe8, 0x20,
    0xf, 0xe1, 0x6c, 0xb2, 0x0, 0xff, 0xe1, 0xa7,
    0xb0, 0x7, 0xff, 0xd, 0x35, 0xc0, 0x3f, 0xf8,
    0x2d, 0x62, 0x1, 0xff, 0xc6, 0x8a, 0x0, 0xff,
    0x96, 0x40, 0x3f, 0xf9, 0x2b, 0x20, 0x1f, 0xc5,
    0x40, 0x1f, 0xfc, 0xb6, 0x60, 0x7, 0xee, 0x0,
    0xff, 0xe6, 0xc8, 0x80, 0x79, 0x8c, 0x3, 0xfc,
    0x6f, 0xe, 0x80, 0x1f, 0xf5, 0x80, 0x7a, 0xc0,
    0x3f, 0x8b, 0x31, 0xf, 0x17, 0xc8, 0x1, 0xfc,
    0xa4, 0x1, 0x90, 0x80, 0x3f, 0xe, 0x18, 0x7,
    0xd, 0xa0, 0x7, 0xf5, 0x0, 0x6e, 0x0, 0xfe,
    0xa1, 0x0, 0xfd, 0x40, 0x1f, 0xcc, 0x1, 0x94,
    0x3, 0xf1, 0x20, 0x7, 0xf0, 0xb0, 0x7, 0xe1,
    0x30, 0x1, 0x80, 0x7f, 0x50, 0x7, 0xfd, 0xa0,
    0x1f, 0xc8, 0x0, 0x40, 0xf, 0xe4, 0x0, 0xff,
    0x90, 0x3, 0xfb, 0x0, 0x1a, 0x1, 0xfc, 0x60,
    0x1f, 0xfc, 0x2, 0x0, 0xfc, 0xc0, 0x6, 0x0,
    0xff, 0xe5, 0x30, 0x7, 0xe2, 0x0, 0x10, 0x7,
    0xe2, 0x0, 0xff, 0xe0, 0x88, 0x7, 0xf0, 0x80,
    0x80, 0x7f, 0xf2, 0x8c, 0x3, 0xf8, 0x80, 0x3f,
    0xc2, 0x1, 0xff, 0xc0, 0x76, 0x0, 0xfe, 0x70,
    0xf, 0xfe, 0x48, 0xdc, 0x0, 0x7f, 0xf4, 0xcf,
    0x10, 0x3, 0xff, 0xa6, 0xd8, 0x40, 0x1f, 0xfd,
    0x3a, 0x90, 0xf, 0xfe, 0x99, 0x6a, 0x80, 0x7f,
    0xf4, 0xdb, 0x48, 0x3, 0xc2, 0x1, 0xff, 0xcc,
    0xa9, 0x0, 0xf0, 0xdb, 0x80, 0x7f, 0xf2, 0x8b,
    0x54, 0x3, 0xc7, 0x88, 0x1, 0xff, 0xca, 0x5d,
    0x20, 0xf, 0x36, 0x10, 0x7, 0xff, 0x28, 0xe8,
    0x3, 0xea, 0x90, 0xf, 0xfe, 0x99, 0x6a, 0x80,
    0x7f, 0xf4, 0xdb, 0x48, 0x3, 0xff, 0xa7, 0x52,
    0x1, 0xff, 0xd3, 0x2d, 0x50, 0xf, 0xfe, 0x9a,
    0xe9, 0x0, 0x7f, 0xf4, 0xe6, 0x80, 0x3f, 0xf9,
    0x2e, 0x2, 0x1, 0xf8, 0x98, 0x3, 0xff, 0x94,
    0x20, 0x60, 0x1f, 0x8c, 0x3, 0xff, 0x82, 0x60,
    0x1f, 0xc6, 0xc, 0x1, 0xf8, 0x40, 0x3f, 0xf8,
    0x2c, 0x1, 0xfc, 0x20, 0x60, 0x1f, 0xc4, 0x1,
    0xff, 0xc0, 0x20, 0xf, 0xc6, 0x0, 0xd0, 0xf,
    0xe4, 0x0, 0xff, 0x84, 0x40, 0x1f, 0x94, 0x0,
    0x80, 0x1f, 0xd8, 0x1, 0xff, 0x38, 0x7, 0xf6,
    0x0, 0x4, 0x80, 0x3f, 0x28, 0x80, 0x7f, 0xa8,
    0x3, 0xf9, 0x0, 0x2a, 0x0, 0xfe, 0xb0, 0xf,
    0xe5, 0x30, 0xf, 0xc6, 0x20, 0x13, 0x0, 0x7f,
    0x2b, 0x80, 0x7c, 0x76, 0x1, 0xfd, 0x20, 0x18,
    0x58, 0x3, 0xfa, 0x2d, 0x0, 0x22, 0x8c, 0x10,
    0xf, 0xc2, 0xa0, 0x1d, 0x0, 0x1f, 0xe4, 0xbf,
    0xfb, 0x5c, 0x3, 0xfd, 0x0, 0x1e, 0x18, 0x0,
    0xff, 0xe6, 0x9b, 0x0, 0x7c, 0xe8, 0x1, 0xff,
    0xcb, 0x1e, 0x0, 0xfe, 0xb3, 0x0, 0xff, 0xe5,
    0x69, 0x0, 0x7f, 0xb1, 0x0, 0x3f, 0xf8, 0xe3,
    0x86, 0x1, 0xff, 0xc0, 0xb8, 0x0, 0xff, 0xe2,
    0xa7, 0x98, 0x7, 0xff, 0x9, 0xf9, 0xc0, 0x3f,
    0xf8, 0x29, 0x76, 0x10, 0xf, 0xfe, 0x20, 0xc7,
    0xdb, 0x98, 0x80, 0x42, 0x6b, 0x3d, 0x68, 0x1,
    0xfc,

    /* U+0031 "1" */
    0x0, 0xff, 0xe4, 0x9b, 0x80, 0x7f, 0xf1, 0x85,
    0xf7, 0x24, 0x3, 0xff, 0x88, 0xd7, 0xd0, 0x40,
    0x1f, 0xfc, 0x34, 0xaf, 0x94, 0x0, 0xff, 0xe1,
    0x9c, 0xf5, 0xa8, 0x7, 0xff, 0xc, 0x5f, 0x71,
    0x84, 0x3, 0xff, 0x86, 0xd9, 0xd0, 0x40, 0x1f,
    0xfc, 0x34, 0xaf, 0x93, 0x0, 0xff, 0xe2, 0x47,
    0x5a, 0x80, 0x7f, 0xf1, 0xd8, 0x40, 0x3f, 0xff,
    0xe0, 0x19, 0x40, 0x3f, 0xf8, 0xe7, 0x3d, 0x40,
    0x1f, 0xfc, 0x42, 0x8e, 0xc6, 0x10, 0xf, 0xfe,
    0x10, 0xbe, 0x6b, 0x88, 0x7, 0xff, 0x8, 0xd6,
    0xfa, 0xc, 0x3, 0xff, 0x8b, 0xb4, 0x80, 0x1f,
    0xff, 0xf0, 0xf, 0xff, 0xf8, 0x7, 0xff, 0xfc,
    0x3, 0xff, 0xfe, 0x1, 0xff, 0xff, 0x0, 0xff,
    0xff, 0x80, 0x7f, 0xff, 0xc0, 0x3f, 0xff, 0xe0,
    0x1f, 0xff, 0xf0, 0xf, 0xff, 0xf8, 0x7, 0xff,
    0xa0,

    /* U+0032 "2" */
    0x0, 0xff, 0xe1, 0xa, 0x33, 0xbc, 0xca, 0x40,
    0x1f, 0xfc, 0xd4, 0xae, 0xe5, 0xcc, 0x45, 0x35,
    0xbf, 0x6c, 0x1, 0xff, 0xc8, 0x6d, 0xb5, 0x10,
    0xf, 0xf2, 0x4f, 0xb8, 0x7, 0xff, 0x10, 0xf6,
    0x48, 0x3, 0xff, 0x89, 0x1a, 0x60, 0x1f, 0xfc,
    0x17, 0xc2, 0x0, 0xff, 0xe3, 0x96, 0x28, 0x7,
    0xfd, 0x10, 0x0, 0xff, 0xe5, 0xd2, 0x0, 0x7f,
    0x43, 0x80, 0x7f, 0xf3, 0x68, 0x40, 0x3e, 0x57,
    0x0, 0xff, 0xe7, 0xd, 0x80, 0x78, 0x6c, 0x3,
    0xff, 0x80, 0x48, 0x83, 0x0, 0xff, 0xe0, 0x29,
    0x80, 0x74, 0x8, 0x7, 0xf0, 0xcf, 0x6d, 0xdb,
    0x3e, 0x44, 0x3, 0xfd, 0x40, 0x18, 0x58, 0x3,
    0xf9, 0x39, 0x84, 0x3, 0x9b, 0xc8, 0x3, 0xf9,
    0x80, 0x33, 0x0, 0x7f, 0x15, 0x80, 0x7f, 0xf,
    0x80, 0x7f, 0x8c, 0x2, 0xa0, 0xf, 0xe9, 0x0,
    0xff, 0x89, 0x80, 0x3f, 0x94, 0x0, 0x24, 0x1,
    0xf8, 0x90, 0x3, 0xff, 0x81, 0xa0, 0x1f, 0xdc,
    0x0, 0x50, 0xf, 0xe4, 0x0, 0xff, 0xe0, 0xa0,
    0x7, 0xf1, 0x0, 0x8, 0x3, 0xfb, 0xc0, 0x3f,
    0xf9, 0xdc, 0x1, 0xfc, 0x40, 0x1f, 0xfc, 0xeb,
    0xaa, 0xfe, 0x50, 0xf, 0xfe, 0x8, 0x80, 0x7f,
    0x10, 0x0, 0xd5, 0x7f, 0x84, 0x3, 0xff, 0x82,
    0x80, 0x1f, 0xdc, 0x1, 0xff, 0xce, 0xf0, 0xf,
    0xe4, 0x0, 0xff, 0xe6, 0x92, 0x80, 0x7e, 0x12,
    0x0, 0xff, 0xe6, 0xc0, 0x7, 0xf3, 0x0, 0x7f,
    0xf3, 0x55, 0x40, 0x1f, 0xd2, 0x1, 0xff, 0xcc,
    0x1b, 0x0, 0xfe, 0x61, 0x0, 0xff, 0xe6, 0x68,
    0x80, 0x7f, 0x40, 0x7, 0xff, 0x32, 0x4c, 0x3,
    0xfa, 0x44, 0x3, 0xff, 0x96, 0xcc, 0x0, 0xfe,
    0x46, 0x0, 0xff, 0xe5, 0xa4, 0x80, 0x7f, 0xd,
    0x0, 0x7f, 0xf2, 0xce, 0xc0, 0x3f, 0xda, 0x20,
    0x1f, 0xfc, 0xa2, 0xd0, 0xf, 0xf4, 0x98, 0x7,
    0xff, 0x28, 0x70, 0x40, 0x3f, 0x9d, 0x80, 0x3f,
    0xf9, 0x43, 0x82, 0x1, 0xfc, 0xb0, 0x1, 0xff,
    0xcb, 0xd2, 0x0, 0xfe, 0x4a, 0x0, 0xff, 0xe5,
    0xd9, 0x80, 0x7f, 0x1d, 0x80, 0x7f, 0xf2, 0xe9,
    0x0, 0x3f, 0x8f, 0x0, 0x3f, 0xf9, 0x72, 0xa0,
    0x1f, 0xc5, 0xa0, 0x1f, 0xfc, 0xb8, 0x60, 0xf,
    0xe1, 0xc1, 0x0, 0xff, 0xe5, 0x33, 0x80, 0x7f,
    0xe, 0x8, 0x7, 0xff, 0x29, 0x64, 0x3, 0xfd,
    0xa4, 0x1, 0xff, 0xca, 0x4a, 0x0, 0xff, 0x61,
    0x80, 0x7f, 0xf2, 0x8e, 0xc0, 0x3f, 0xd6, 0x60,
    0x1f, 0xfc, 0xa2, 0xd0, 0xf, 0xf5, 0x20, 0x7,
    0xff, 0x28, 0x70, 0x40, 0x3f, 0xa5, 0x40, 0x3f,
    0xf9, 0x43, 0x82, 0x1, 0xfd, 0xc, 0x1, 0xff,
    0xcb, 0xd2, 0x0, 0xfe, 0x77, 0x0, 0x7f, 0xf2,
    0xec, 0xc0, 0x3f, 0xcd, 0xdd, 0xff, 0xc9, 0x60,
    0x74, 0x0, 0xff, 0x84, 0x7f, 0xf9, 0x40, 0x1f,
    0xff, 0xf0, 0xf, 0xff, 0xf8, 0x7, 0xff, 0xf4,

    /* U+0033 "3" */
    0x0, 0xff, 0xe0, 0x8a, 0x33, 0xbc, 0xca, 0x60,
    0x1f, 0xfc, 0xc3, 0x9e, 0xe5, 0xcc, 0x45, 0x35,
    0x9f, 0xb2, 0x60, 0x1f, 0xfc, 0x65, 0xdc, 0x61,
    0x0, 0xff, 0x13, 0x66, 0xa8, 0x7, 0xff, 0x8,
    0xb2, 0x88, 0x3, 0xff, 0x88, 0x55, 0x84, 0x1,
    0xff, 0x26, 0x98, 0x7, 0xff, 0x20, 0xf5, 0x0,
    0x3f, 0x96, 0xc0, 0x3f, 0xf9, 0x96, 0x80, 0x1f,
    0x1d, 0x0, 0x7f, 0xf3, 0xac, 0x80, 0x3d, 0xc0,
    0x1f, 0xfd, 0xe, 0x0, 0xe7, 0x20, 0xf, 0xf8,
    0xda, 0x20, 0xc4, 0x1, 0xff, 0x1a, 0x0, 0x68,
    0x0, 0xff, 0x2e, 0xe4, 0xbb, 0xa7, 0x70, 0xc0,
    0x3f, 0xde, 0x1, 0x30, 0x7, 0xfa, 0x28, 0x80,
    0x3c, 0x78, 0xa0, 0x1f, 0xc8, 0x20, 0xc, 0x0,
    0xfe, 0x57, 0x0, 0xff, 0x50, 0x80, 0x7f, 0x20,
    0x1, 0xc0, 0x3f, 0xa0, 0x3, 0xff, 0x80, 0xc0,
    0x1f, 0xda, 0x0, 0x20, 0xf, 0xc2, 0x40, 0x1f,
    0xfc, 0xb, 0x0, 0xfe, 0x20, 0x2, 0x27, 0xf3,
    0x80, 0x7f, 0xf0, 0x48, 0x3, 0xf8, 0x40, 0x17,
    0x7f, 0xd2, 0x1, 0xff, 0xc1, 0x10, 0xf, 0xe7,
    0x0, 0xff, 0xe6, 0x88, 0x7, 0xf3, 0x80, 0x7f,
    0xf3, 0x48, 0x3, 0xf8, 0xc0, 0x3f, 0xf9, 0xa8,
    0x1, 0xfd, 0xa0, 0x1f, 0xfc, 0xd9, 0x0, 0xfe,
    0x50, 0xf, 0xfe, 0x64, 0x88, 0x7, 0xe7, 0x0,
    0xff, 0xe6, 0x4b, 0x0, 0x7e, 0x19, 0x0, 0xff,
    0xe4, 0x9, 0xc7, 0x30, 0x7, 0xf5, 0x88, 0x7,
    0xff, 0x4, 0xff, 0xfd, 0xd8, 0xe2, 0x1, 0xfc,
    0xea, 0x1, 0xff, 0xd5, 0x88, 0x0, 0x7f, 0xf5,
    0x6, 0xdc, 0x3, 0xff, 0xa8, 0x9c, 0x80, 0x1f,
    0xfd, 0x54, 0xd5, 0x0, 0xff, 0xeb, 0x15, 0x58,
    0x80, 0x7f, 0xf5, 0x93, 0x4, 0x3, 0xff, 0x84,
    0x2a, 0xbe, 0x42, 0x0, 0xff, 0x8b, 0x0, 0x3f,
    0xf8, 0x45, 0x55, 0xeb, 0xde, 0xa2, 0x0, 0xfe,
    0x2a, 0x0, 0xff, 0xe5, 0xa, 0xeb, 0x80, 0x7f,
    0x29, 0x80, 0x7f, 0xf3, 0x21, 0x80, 0x3f, 0xa4,
    0x3, 0xff, 0x9b, 0x22, 0x1, 0xf9, 0x40, 0x3f,
    0xf9, 0xce, 0x1, 0xfc, 0x60, 0x1f, 0xfc, 0xdc,
    0x0, 0xfe, 0x50, 0xf, 0xfe, 0x6b, 0x0, 0x7f,
    0x8, 0x8, 0xff, 0x0, 0x7f, 0xf3, 0x7e, 0x7b,
    0xbf, 0x8c, 0x3, 0xff, 0x84, 0xe0, 0x1f, 0xe1,
    0x0, 0xfe, 0x60, 0xf, 0xfe, 0x11, 0x80, 0x7f,
    0x77, 0x0, 0x3f, 0xb8, 0x3, 0xff, 0x85, 0x60,
    0x1f, 0xc4, 0xa0, 0x1f, 0xc8, 0x80, 0xf, 0xfe,
    0x2, 0x98, 0x7, 0xf2, 0x18, 0x80, 0x7f, 0x51,
    0x80, 0x7f, 0x8e, 0x80, 0x3f, 0x90, 0x0, 0xe0,
    0x1f, 0xc3, 0x8e, 0x1, 0xf9, 0xf0, 0x3, 0xfd,
    0xc0, 0x8, 0x0, 0xff, 0xa3, 0xe9, 0xd9, 0x91,
    0x7f, 0x0, 0x1f, 0xe2, 0x50, 0x0, 0xc0, 0x7,
    0xff, 0x1, 0x62, 0x64, 0xe8, 0x1, 0xff, 0xc0,
    0xe0, 0xc, 0xe8, 0x1, 0xff, 0xd0, 0x73, 0x0,
    0xeb, 0x30, 0xf, 0xfe, 0x73, 0x40, 0x7, 0xd8,
    0x80, 0x1f, 0xfc, 0xc7, 0x90, 0xf, 0xeb, 0x90,
    0xf, 0xfe, 0x49, 0x5c, 0x0, 0x7f, 0xcd, 0xce,
    0x1, 0xff, 0xc5, 0x29, 0xd4, 0x0, 0xff, 0xe0,
    0x8c, 0x7d, 0x28, 0x80, 0x7f, 0x89, 0xf3, 0x58,
    0x3, 0xff, 0x8c, 0xb5, 0xdc, 0xb9, 0x88, 0xa6,
    0xb3, 0xf6, 0xc, 0x3, 0xfc,

    /* U+0034 "4" */
    0x0, 0xff, 0xe4, 0xdf, 0xff, 0xf4, 0x0, 0x7f,
    0xf3, 0x95, 0x0, 0x3f, 0xfb, 0x16, 0x1, 0xff,
    0xd8, 0x91, 0x0, 0xff, 0xeb, 0x9b, 0x0, 0x7f,
    0xf6, 0x3c, 0x3, 0xff, 0xb0, 0xc6, 0x1, 0xff,
    0xd7, 0x19, 0x0, 0xff, 0xec, 0x58, 0x7, 0xff,
    0x61, 0x14, 0x3, 0xff, 0xb1, 0x20, 0x1f, 0xfd,
    0x88, 0x20, 0xf, 0xfe, 0xb9, 0x38, 0x7, 0xff,
    0x62, 0x40, 0x3e, 0x10, 0xf, 0xfe, 0x83, 0x20,
    0x7, 0xd2, 0x1, 0xff, 0xcf, 0x18, 0x0, 0xf9,
    0x8c, 0x3, 0xff, 0x9f, 0x2, 0x1, 0xe1, 0x80,
    0xf, 0xfe, 0x79, 0xb0, 0x7, 0xd6, 0x20, 0x1f,
    0xfc, 0xfe, 0x0, 0xf9, 0x14, 0x3, 0xff, 0x9e,
    0xe4, 0x1, 0xf4, 0x80, 0x7f, 0xf3, 0xc6, 0x0,
    0x3e, 0x82, 0x0, 0xff, 0xe7, 0xd0, 0x7, 0xc4,
    0xe0, 0x1f, 0xfc, 0xf5, 0x40, 0xf, 0xb8, 0x3,
    0xff, 0xa1, 0x60, 0x1f, 0x31, 0x80, 0x7f, 0xf3,
    0xe0, 0x40, 0x3c, 0x30, 0x1, 0xff, 0xcf, 0x37,
    0x0, 0xfa, 0xc4, 0x3, 0xff, 0x9f, 0xe0, 0x1f,
    0x22, 0x80, 0x7f, 0xf3, 0xd8, 0xc0, 0x3e, 0x90,
    0xf, 0xfe, 0x78, 0xc8, 0x7, 0xd0, 0x40, 0x1f,
    0xfc, 0xfb, 0x0, 0xf8, 0x9c, 0x3, 0xff, 0x9e,
    0x8a, 0x1, 0xf7, 0x0, 0x7f, 0xf4, 0x24, 0x3,
    0xe6, 0x30, 0xf, 0xfe, 0x7c, 0x10, 0x7, 0x86,
    0x0, 0x3f, 0xf9, 0xe4, 0xe0, 0x1f, 0xf, 0x7f,
    0xff, 0xac, 0x3, 0xf9, 0xff, 0xf9, 0xe4, 0x3,
    0xff, 0xb2, 0xa0, 0x1f, 0xfd, 0x93, 0x0, 0xff,
    0xec, 0x88, 0x7, 0xff, 0x65, 0x80, 0x3f, 0xfb,
    0x26, 0x1, 0xff, 0xd9, 0x10, 0xf, 0xfe, 0xc0,
    0xc7, 0xff, 0xff, 0x22, 0xc0, 0x3f, 0x9f, 0xff,
    0x98, 0x3, 0xff, 0xfe, 0x1, 0xff, 0xff, 0x0,
    0xff, 0xff, 0x80, 0x7f, 0xff, 0xc0, 0x3f, 0xff,
    0xe0, 0x1c,

    /* U+0035 "5" */
    0x0, 0xd5, 0xff, 0xff, 0xcf, 0xc0, 0xf, 0x30,
    0x7, 0xff, 0x58, 0x80, 0x3f, 0xfa, 0xc2, 0x1,
    0xff, 0xd5, 0x20, 0xf, 0xfe, 0xb0, 0x80, 0x7f,
    0xf5, 0x98, 0x3, 0xff, 0xac, 0x40, 0x1f, 0xfd,
    0x6e, 0x0, 0xfc, 0xd5, 0x5f, 0xfc, 0x78, 0x0,
    0xe3, 0x0, 0xfd, 0xaa, 0xbf, 0xfc, 0x74, 0x0,
    0xe6, 0x0, 0xfc, 0xe0, 0x1f, 0xfc, 0xd2, 0x0,
    0xfc, 0x40, 0x1f, 0xfc, 0xd1, 0x0, 0xfc, 0x20,
    0x1f, 0xfc, 0xc1, 0x0, 0xfc, 0x20, 0x1f, 0xfc,
    0xd2, 0x0, 0xfc, 0x40, 0x1f, 0xfc, 0xd6, 0x0,
    0xfc, 0xc0, 0x1f, 0xfc, 0xd2, 0x0, 0xfc, 0x40,
    0x1f, 0xfc, 0xde, 0x0, 0xfd, 0xe0, 0x1f, 0xfc,
    0xd3, 0x0, 0xfc, 0x40, 0x2d, 0x5b, 0xff, 0x76,
    0xd3, 0x90, 0x7, 0xff, 0x1, 0x80, 0x3f, 0x1d,
    0x74, 0xa9, 0x0, 0x42, 0x4b, 0x1b, 0x8a, 0x1,
    0xfe, 0x20, 0xf, 0xd2, 0xa0, 0x1f, 0xfc, 0x3,
    0xac, 0x20, 0xf, 0xc2, 0x1, 0xff, 0xcc, 0x3d,
    0x40, 0xf, 0x8, 0x7, 0xff, 0x3e, 0xd0, 0x3,
    0x88, 0x3, 0xff, 0xa1, 0x64, 0x1, 0x98, 0x3,
    0xff, 0xa3, 0xc0, 0x18, 0x80, 0x3f, 0xe2, 0x57,
    0x73, 0x18, 0x7, 0xff, 0x0, 0xd4, 0x2, 0x34,
    0x10, 0xf, 0x97, 0x75, 0x51, 0x9, 0xce, 0x80,
    0xf, 0xfa, 0x0, 0x24, 0xbe, 0xc8, 0x40, 0xa,
    0xe8, 0x80, 0x3c, 0x2f, 0xa2, 0x1, 0xfc, 0x46,
    0x1, 0xc6, 0xf7, 0xf9, 0xa8, 0x1, 0xfe, 0x2c,
    0x0, 0xff, 0x58, 0x7, 0xf1, 0x90, 0x7, 0xff,
    0x0, 0xa0, 0x3, 0xf9, 0x40, 0x3f, 0xf9, 0x8e,
    0x1, 0xfc, 0x40, 0x1f, 0xfc, 0xd4, 0x0, 0xfe,
    0x30, 0xf, 0xfe, 0x61, 0x80, 0x7f, 0x30, 0x7,
    0xff, 0x33, 0x80, 0x3f, 0x8c, 0x3, 0xff, 0x98,
    0x60, 0x1f, 0xc2, 0x1, 0xff, 0xef, 0x30, 0xf,
    0xe1, 0x56, 0x6f, 0xca, 0x1, 0xff, 0xc2, 0xe0,
    0xf, 0xe3, 0x89, 0x9f, 0xd6, 0x1, 0xff, 0xc2,
    0x20, 0xf, 0xe6, 0x60, 0x7, 0xe1, 0x20, 0xf,
    0xfe, 0xa, 0x0, 0x7f, 0x11, 0x80, 0x7f, 0x50,
    0x7, 0xff, 0x1, 0x4, 0x3, 0xf1, 0xe, 0x0,
    0x7f, 0x38, 0x80, 0x7f, 0xd0, 0x1, 0xfc, 0x80,
    0x82, 0x1, 0xfd, 0xa2, 0x1, 0xfd, 0x6, 0x1,
    0xfd, 0x40, 0x6, 0x0, 0xfe, 0x3f, 0x40, 0xf,
    0xc, 0xb8, 0x7, 0xf1, 0x98, 0x1, 0x2, 0x1,
    0xfc, 0x37, 0xb2, 0xec, 0xf5, 0xcc, 0x1, 0xfe,
    0x90, 0xd, 0x60, 0x1f, 0xf1, 0x34, 0x4c, 0x28,
    0x7, 0xfc, 0x8a, 0x1, 0x95, 0xc0, 0x3f, 0xf9,
    0xc3, 0x40, 0x1e, 0x86, 0x0, 0xff, 0xe6, 0xe8,
    0x80, 0x7d, 0x2e, 0x1, 0xff, 0xca, 0x1c, 0x30,
    0xf, 0xe8, 0xb2, 0x0, 0xff, 0xe3, 0x9e, 0x18,
    0x7, 0xfc, 0x9b, 0x2, 0x1, 0xff, 0xc3, 0x19,
    0xc2, 0x0, 0xff, 0xe1, 0x3f, 0x5a, 0x88, 0x7,
    0xf9, 0x6b, 0x98, 0x3, 0xff, 0x8c, 0x95, 0xdc,
    0xb9, 0x88, 0xa6, 0xb7, 0xe9, 0x40, 0x3f, 0xc0,

    /* U+0036 "6" */
    0x0, 0xff, 0xe4, 0x8a, 0x2b, 0x3b, 0xc0, 0x1f,
    0xfc, 0xd2, 0x7b, 0xee, 0x5d, 0x4c, 0x42, 0x40,
    0x3f, 0xf9, 0x6d, 0x9b, 0x8, 0x20, 0x1f, 0xfd,
    0x6, 0xe9, 0x30, 0xf, 0xfe, 0x91, 0xe4, 0x88,
    0x7, 0xff, 0x4d, 0xf0, 0xc0, 0x3f, 0xfa, 0x93,
    0x0, 0x1f, 0xfd, 0x5a, 0x60, 0xf, 0xfe, 0xac,
    0xa8, 0x7, 0xff, 0xc, 0x91, 0xe, 0x1, 0xff,
    0xc2, 0x66, 0x0, 0x7f, 0xf0, 0x12, 0x77, 0xf6,
    0xed, 0x20, 0x1f, 0xfc, 0x13, 0x90, 0xf, 0xf9,
    0xfa, 0xd8, 0x80, 0x3f, 0xf8, 0xde, 0x1, 0xfe,
    0x3d, 0x81, 0x0, 0xff, 0xe4, 0x31, 0x80, 0x7f,
    0x36, 0x10, 0x7, 0xff, 0x2a, 0x0, 0x3f, 0x9e,
    0x40, 0x3f, 0xf9, 0x6c, 0x20, 0x1f, 0x92, 0x0,
    0x3f, 0xf9, 0x96, 0x1, 0xf8, 0x68, 0x3, 0xff,
    0x98, 0x64, 0x1, 0xfa, 0x44, 0x3, 0xff, 0x99,
    0x40, 0x1f, 0x85, 0xc0, 0x3f, 0xf9, 0xae, 0x1,
    0xf9, 0xc0, 0x30, 0xb5, 0x67, 0x73, 0x6e, 0x10,
    0x3, 0xfe, 0x21, 0x0, 0xfd, 0xa0, 0x2, 0xae,
    0x95, 0x31, 0x11, 0x23, 0xdf, 0x30, 0x7, 0xf2,
    0x0, 0x7f, 0x20, 0x46, 0xa8, 0x7, 0xf8, 0x67,
    0x48, 0x3, 0xef, 0x0, 0xfc, 0x63, 0x8e, 0x1,
    0xff, 0xc2, 0x2d, 0x40, 0xf, 0x28, 0x7, 0xf6,
    0x18, 0x7, 0xff, 0x16, 0xd0, 0x3, 0x8c, 0x3,
    0xf1, 0x90, 0x7, 0xff, 0x1e, 0xc8, 0x3, 0xff,
    0xaf, 0xc0, 0x11, 0x0, 0x7f, 0xf4, 0xcd, 0x40,
    0x2, 0x1, 0xff, 0xc1, 0x28, 0xdf, 0xf7, 0x51,
    0x80, 0x7f, 0xd0, 0x0, 0x70, 0xf, 0xfe, 0x4,
    0x6b, 0x90, 0x0, 0x57, 0x24, 0x3, 0xfc, 0x46,
    0x1, 0xff, 0xc1, 0xa7, 0x0, 0xfc, 0xd2, 0x1,
    0xfe, 0xa0, 0x10, 0xf, 0xf4, 0x28, 0x7, 0xf9,
    0x94, 0x3, 0xf9, 0x0, 0x3f, 0xe2, 0x70, 0xf,
    0xfe, 0x4, 0x0, 0x7f, 0x10, 0x80, 0x7f, 0x94,
    0x3, 0xff, 0x82, 0x46, 0x1, 0xfc, 0xa0, 0x1f,
    0xfc, 0xdb, 0x0, 0xfe, 0x21, 0x0, 0xff, 0xe6,
    0x18, 0x7, 0xf7, 0x0, 0x7f, 0xf3, 0x58, 0x3,
    0xf8, 0x5c, 0x3, 0xff, 0x98, 0x60, 0x1f, 0xe2,
    0x0, 0xfe, 0x10, 0xf, 0xfe, 0x68, 0x80, 0x7f,
    0x10, 0x7, 0xff, 0x8, 0x80, 0x3f, 0x84, 0xc,
    0x3, 0xf2, 0x80, 0x7f, 0xf0, 0x98, 0x3, 0xfb,
    0x81, 0x0, 0x3f, 0x9, 0x80, 0x7f, 0xf0, 0x70,
    0x3, 0xf8, 0x83, 0x0, 0x3f, 0xac, 0x3, 0xff,
    0x82, 0xe0, 0x1f, 0xca, 0x8, 0x20, 0x1f, 0x98,
    0x3, 0xff, 0x80, 0xa2, 0x1, 0xf8, 0x84, 0x0,
    0xe0, 0x1f, 0x86, 0x40, 0x3f, 0xeb, 0x0, 0xfe,
    0xa0, 0xa, 0xc0, 0x3f, 0x99, 0x80, 0x1f, 0xd6,
    0x20, 0x1f, 0xcc, 0x1, 0x12, 0x80, 0x7f, 0x4c,
    0x84, 0x3, 0x8f, 0x10, 0x3, 0xf9, 0x44, 0x3,
    0x58, 0x7, 0xf9, 0xba, 0x9d, 0xd1, 0x98, 0x30,
    0xf, 0xf4, 0x0, 0x70, 0xc8, 0x7, 0xfc, 0xb1,
    0x7, 0x30, 0xf, 0xfa, 0x8, 0x3, 0xcc, 0xc0,
    0xf, 0xfe, 0x6a, 0x38, 0x7, 0xe9, 0x40, 0xf,
    0xfe, 0x59, 0xd8, 0x7, 0xfa, 0xd4, 0x3, 0xff,
    0x92, 0x9a, 0x1, 0xff, 0xc0, 0xa9, 0x0, 0xff,
    0xe3, 0xbd, 0x88, 0x7, 0xff, 0x5, 0xb5, 0x40,
    0x3f, 0xf8, 0x69, 0xb0, 0x1, 0xff, 0xc4, 0x2a,
    0xd7, 0x20, 0xf, 0xe2, 0x7d, 0xb2, 0x0, 0xff,
    0xe3, 0x94, 0x6f, 0x5c, 0xc4, 0x53, 0x7d, 0xb0,
    0x40, 0x1f, 0xe0,

    /* U+0037 "7" */
    0x9f, 0xff, 0xfe, 0xbb, 0x0, 0x7f, 0xff, 0xc0,
    0x3f, 0xff, 0xe0, 0x1f, 0xfd, 0x63, 0x0, 0xff,
    0xeb, 0x8a, 0x80, 0x7f, 0xf5, 0xd8, 0x27, 0xff,
    0xff, 0x99, 0xa0, 0x1f, 0xd2, 0x1, 0xff, 0xce,
    0xa0, 0xf, 0xca, 0x20, 0x1f, 0xfc, 0xe7, 0x0,
    0xfd, 0x20, 0x1f, 0xfc, 0xe7, 0x0, 0xfc, 0x66,
    0x0, 0xff, 0xe7, 0x48, 0x7, 0xea, 0x0, 0xff,
    0xe7, 0x28, 0x80, 0x7c, 0x2c, 0x1, 0xff, 0xce,
    0x90, 0xf, 0xcc, 0x1, 0xff, 0xce, 0x43, 0x0,
    0xfd, 0x20, 0x1f, 0xfc, 0xef, 0x0, 0xfc, 0xa2,
    0x1, 0xff, 0xcd, 0x24, 0x0, 0xfd, 0x20, 0x1f,
    0xfc, 0xe8, 0x0, 0xfc, 0x66, 0x0, 0xff, 0xe6,
    0x8a, 0x80, 0x7e, 0xa0, 0xf, 0xfe, 0x74, 0x80,
    0x7e, 0x16, 0x0, 0xff, 0xe7, 0x38, 0x7, 0xe6,
    0x0, 0xff, 0xe7, 0x38, 0x7, 0xf4, 0x80, 0x7f,
    0xf3, 0xa4, 0x3, 0xf2, 0x88, 0x7, 0xff, 0x35,
    0x44, 0x3, 0xf4, 0x80, 0x7f, 0xf3, 0xa4, 0x3,
    0xf1, 0x98, 0x3, 0xff, 0x9a, 0x86, 0x1, 0xfa,
    0x80, 0x3f, 0xf9, 0xde, 0x1, 0xf8, 0x58, 0x3,
    0xff, 0x9a, 0x48, 0x1, 0xf9, 0x80, 0x3f, 0xf9,
    0xd0, 0x1, 0xfd, 0x20, 0x1f, 0xfc, 0xd1, 0x50,
    0xf, 0xca, 0x20, 0x1f, 0xfc, 0xd9, 0x0, 0xfe,
    0x90, 0xf, 0xfe, 0x73, 0x80, 0x7e, 0x33, 0x0,
    0x7f, 0xf3, 0x5c, 0x3, 0xfa, 0x80, 0x3f, 0xf9,
    0xd2, 0x1, 0xf8, 0x58, 0x3, 0xff, 0x9a, 0xa2,
    0x1, 0xf9, 0x80, 0x3f, 0xf9, 0xd2, 0x1, 0xfd,
    0x20, 0x1f, 0xfc, 0xd4, 0x30, 0xf, 0xca, 0x20,
    0x1f, 0xfc, 0xdf, 0x0, 0xfe, 0x90, 0xf, 0xfe,
    0x69, 0x20, 0x7, 0xe3, 0x30, 0x7, 0xff, 0x36,
    0xc0, 0x3f, 0xa8, 0x3, 0xff, 0x9a, 0x2c, 0x1,
    0xf8, 0x58, 0x3, 0xff, 0x9b, 0x20, 0x1f, 0xcc,
    0x1, 0xff, 0xce, 0x60, 0xf, 0xe9, 0x0, 0xff,
    0xe6, 0xb8, 0x80, 0x7e, 0x51, 0x0, 0xff, 0xe6,
    0xc8, 0x7, 0xf4, 0x80, 0x7f, 0xf3, 0x54, 0x40,
    0x3f, 0x19, 0x80, 0x3f, 0xf9, 0xb2, 0x1, 0xfd,
    0x40, 0x1f, 0xfc, 0xd4, 0x30, 0xf, 0xc2, 0xc0,
    0x1f, 0xfc, 0xdf, 0x0, 0xfe, 0x60, 0xf, 0xfe,
    0x69, 0x20, 0x7, 0xf4, 0x80, 0x7f, 0xf3, 0x6c,
    0x3, 0xf9, 0x44, 0x3, 0xff, 0x8e,

    /* U+0038 "8" */
    0x0, 0xff, 0xe1, 0x1a, 0xbb, 0xe5, 0x30, 0xf,
    0xfe, 0x61, 0xc6, 0xfe, 0x54, 0x46, 0xac, 0xfc,
    0x82, 0x0, 0xff, 0xe3, 0x1e, 0x61, 0xc8, 0x3,
    0xfc, 0x6f, 0xb6, 0x60, 0x1f, 0xfc, 0x39, 0xc3,
    0x0, 0xff, 0xe2, 0x26, 0x48, 0x7, 0xff, 0x0,
    0x71, 0x80, 0x3f, 0xf9, 0xd, 0x82, 0x1, 0xfe,
    0xd3, 0x0, 0xff, 0xe5, 0x1e, 0x80, 0x7f, 0x49,
    0x80, 0x7f, 0xf3, 0xe, 0x80, 0x3e, 0x46, 0x0,
    0xff, 0xe7, 0x2a, 0x0, 0x7a, 0x0, 0x3f, 0xe2,
    0x68, 0x83, 0x8, 0x7, 0xfd, 0x0, 0x1c, 0x66,
    0x0, 0xfe, 0x1a, 0xd9, 0x77, 0x4f, 0x48, 0x7,
    0xf8, 0xcc, 0x1, 0xac, 0x3, 0xfd, 0xaa, 0x1,
    0xe6, 0xc0, 0xf, 0xf5, 0x80, 0x64, 0x0, 0xfe,
    0x73, 0x0, 0xfc, 0x6e, 0x1, 0xfc, 0x80, 0x18,
    0x80, 0x3f, 0xa4, 0x3, 0xfd, 0x20, 0x1f, 0xc6,
    0x1, 0x84, 0x3, 0xf0, 0x88, 0x3, 0xfc, 0x24,
    0x1, 0xff, 0xca, 0x20, 0xf, 0xfe, 0x3, 0x80,
    0x7f, 0x8, 0x7, 0xff, 0x1, 0xc0, 0x3f, 0xf9,
    0xc2, 0x1, 0xf9, 0x80, 0x3f, 0xf8, 0x2, 0x1,
    0xfc, 0x20, 0x12, 0x80, 0x7e, 0x20, 0xf, 0xfe,
    0x2, 0x80, 0x7e, 0x30, 0xd, 0x80, 0x1f, 0xca,
    0x1, 0xfe, 0x41, 0x0, 0xfc, 0x80, 0x19, 0x80,
    0x3f, 0xa0, 0x3, 0xfd, 0x0, 0x1f, 0xd4, 0x1,
    0x85, 0x40, 0x3f, 0x15, 0x80, 0x7e, 0xa3, 0x0,
    0xfc, 0xa4, 0x1, 0xd6, 0x1, 0xfc, 0x9c, 0xc2,
    0x0, 0x15, 0xd5, 0x0, 0xfe, 0x80, 0xf, 0xd,
    0x0, 0x7f, 0xc, 0xf7, 0xfb, 0xa8, 0x80, 0x3f,
    0xa4, 0x80, 0x3e, 0x59, 0x0, 0xff, 0xe6, 0x43,
    0x0, 0x7f, 0x35, 0x88, 0x7, 0xff, 0x26, 0x9c,
    0x3, 0xfe, 0x4f, 0x50, 0xf, 0xfe, 0x32, 0x6a,
    0x80, 0x7f, 0xf0, 0x51, 0xc0, 0x3f, 0xf8, 0xcc,
    0xc0, 0xf, 0xfe, 0xd, 0x50, 0x80, 0x3f, 0xf8,
    0xc5, 0x72, 0x1, 0xfe, 0x1c, 0x50, 0xf, 0xfe,
    0x53, 0x60, 0x80, 0x7e, 0xd3, 0x0, 0xff, 0xe6,
    0x1e, 0x80, 0x7d, 0x46, 0x1, 0xfc, 0x75, 0xbf,
    0xed, 0x93, 0x0, 0xfe, 0x3a, 0x0, 0xe4, 0x50,
    0xf, 0xea, 0xc5, 0x20, 0x1, 0x36, 0x50, 0x7,
    0xf2, 0xa0, 0x6, 0x90, 0xf, 0xea, 0x50, 0xf,
    0xcb, 0x40, 0x1f, 0xd2, 0x1, 0x21, 0x0, 0x7e,
    0x55, 0x0, 0x7f, 0x95, 0x40, 0x1f, 0x89, 0x0,
    0x1a, 0x1, 0xfd, 0x20, 0x1f, 0xfc, 0x9, 0x0,
    0xfe, 0xd0, 0x2, 0x0, 0x7e, 0x13, 0x0, 0xff,
    0xe0, 0x18, 0x80, 0x7e, 0x40, 0x1, 0x0, 0x7e,
    0x50, 0xf, 0xfe, 0x12, 0x80, 0x7e, 0x20, 0x20,
    0xf, 0xe1, 0x0, 0xff, 0xe1, 0x8, 0x7, 0xf1,
    0x0, 0x7f, 0xf8, 0x98, 0x3, 0xff, 0x84, 0xc0,
    0x1f, 0xe3, 0x0, 0xfe, 0x30, 0xf, 0xfe, 0x11,
    0x80, 0x7f, 0x18, 0x88, 0x3, 0xf9, 0x40, 0x3f,
    0xf8, 0xa, 0x1, 0xfe, 0x10, 0x50, 0xf, 0xe8,
    0x0, 0xff, 0xe0, 0x40, 0x7, 0xf2, 0x0, 0x30,
    0x3, 0xf8, 0xa4, 0x3, 0xfd, 0x44, 0x1, 0xfd,
    0x80, 0x6, 0x0, 0xff, 0x35, 0x90, 0x7, 0x8a,
    0xd4, 0x3, 0xfc, 0xc0, 0x1, 0x60, 0xf, 0xf2,
    0x6d, 0xc3, 0x32, 0x33, 0x50, 0x3, 0xfc, 0xc2,
    0x1, 0x40, 0x80, 0x7f, 0xc8, 0xf3, 0x27, 0x30,
    0xf, 0xf8, 0x60, 0x3, 0xd, 0x0, 0x7f, 0xf4,
    0x2c, 0x40, 0x39, 0x20, 0x3, 0xff, 0x9d, 0xa,
    0x1, 0xf3, 0xc8, 0x7, 0xff, 0x32, 0x1c, 0x3,
    0xf9, 0xb0, 0x80, 0x3f, 0xf9, 0x5, 0x8e, 0x1,
    0xff, 0x1e, 0xc9, 0x0, 0x7f, 0xf1, 0x6, 0x34,
    0xc0, 0x3f, 0xf8, 0x4d, 0xb6, 0xc4, 0x1, 0xfe,
    0x16, 0xbe, 0x70, 0xf, 0xfe, 0x32, 0x4e, 0xf6,
    0x54, 0x46, 0xab, 0xee, 0x4a, 0x0, 0x7f, 0x80,

    /* U+0039 "9" */
    0x0, 0xff, 0xe0, 0x8a, 0x33, 0xbc, 0xc6, 0x1,
    0xff, 0xcc, 0x28, 0xde, 0xb9, 0x88, 0xa7, 0x3f,
    0x18, 0x3, 0xff, 0x8e, 0x33, 0xae, 0x40, 0x1f,
    0xc7, 0x3e, 0xe0, 0x1f, 0xfc, 0x45, 0xe6, 0x0,
    0xff, 0xe1, 0xc6, 0x90, 0x7, 0xff, 0x6, 0x68,
    0x3, 0xff, 0x8c, 0x5a, 0x80, 0x1f, 0xf4, 0xb0,
    0x7, 0xff, 0x26, 0xd0, 0x3, 0xf9, 0xd8, 0x3,
    0xff, 0x97, 0x64, 0x1, 0xf1, 0xc0, 0x7, 0xff,
    0x37, 0xc0, 0x3e, 0xe0, 0xf, 0xf8, 0xde, 0x1c,
    0x80, 0x3f, 0xc4, 0xe0, 0x1c, 0xc4, 0x1, 0xfc,
    0x59, 0x88, 0x78, 0xdb, 0x10, 0xf, 0xe8, 0x10,
    0xd, 0x0, 0x1f, 0xc5, 0x86, 0x1, 0xc9, 0xe2,
    0x1, 0xfc, 0xc0, 0x12, 0x8, 0x7, 0xf7, 0x88,
    0x7, 0xc3, 0xa0, 0x1f, 0xd2, 0x1, 0x70, 0x7,
    0xf3, 0x90, 0x7, 0xf1, 0xb0, 0x7, 0xe1, 0x40,
    0x2, 0x0, 0x7f, 0x48, 0x7, 0xfd, 0x60, 0x1f,
    0xda, 0x4, 0x20, 0x1f, 0x8c, 0x40, 0x3f, 0xe2,
    0x20, 0x7, 0xe4, 0x7, 0x0, 0xfe, 0x40, 0xf,
    0xfe, 0xa, 0x80, 0x7e, 0x21, 0x20, 0xf, 0xed,
    0x0, 0xff, 0xe0, 0xe8, 0x7, 0xf2, 0xf8, 0x7,
    0xf3, 0x0, 0x7f, 0xf0, 0x58, 0x3, 0xf8, 0x84,
    0x3, 0xf8, 0x40, 0x3f, 0xf8, 0x22, 0x1, 0xfd,
    0xc0, 0x1f, 0xfc, 0xc3, 0x0, 0xfe, 0x11, 0x0,
    0x7f, 0x8, 0x7, 0xff, 0x2c, 0xfc, 0x3, 0xf9,
    0x80, 0x3f, 0xf9, 0x84, 0x1, 0xfd, 0x80, 0x1f,
    0xfc, 0xc7, 0x0, 0xfe, 0x40, 0xf, 0xfe, 0x61,
    0x0, 0x7f, 0x11, 0x80, 0x7f, 0xf0, 0x1c, 0x3,
    0xfe, 0x40, 0xf, 0xe8, 0x0, 0xff, 0x86, 0x0,
    0x3f, 0xed, 0x0, 0xfe, 0x46, 0x0, 0xff, 0x50,
    0x80, 0x7f, 0xce, 0x1, 0xfe, 0x96, 0x0, 0xf8,
    0x71, 0x0, 0x3f, 0xc6, 0x2, 0xc0, 0x1f, 0xe9,
    0xb5, 0x10, 0x1, 0xc7, 0x18, 0x7, 0xfc, 0x20,
    0x8, 0x0, 0xff, 0x92, 0xbb, 0xfd, 0x8e, 0x1,
    0xff, 0xc1, 0xf0, 0x0, 0xc0, 0x7, 0xff, 0x48,
    0x80, 0x27, 0x40, 0xf, 0xfe, 0x8b, 0x0, 0x6a,
    0x30, 0xf, 0xfe, 0x81, 0x80, 0x61, 0xc4, 0x0,
    0xff, 0xe2, 0xb, 0x0, 0x7e, 0x20, 0xf, 0xae,
    0x0, 0x3f, 0xf8, 0x49, 0x9c, 0x1, 0xf9, 0xc0,
    0x3f, 0x3f, 0x38, 0x80, 0x7f, 0x25, 0xd8, 0xb0,
    0x3, 0xf6, 0x0, 0x7f, 0xc, 0x76, 0xcb, 0xb3,
    0x51, 0x7d, 0x68, 0x0, 0x40, 0xf, 0xc8, 0x1,
    0xff, 0xc0, 0x26, 0x89, 0x99, 0xd0, 0x40, 0x25,
    0x0, 0xfc, 0x44, 0x0, 0xff, 0xe6, 0x40, 0x7,
    0xea, 0x0, 0xff, 0xe6, 0x31, 0x0, 0x7e, 0x60,
    0xf, 0xfe, 0x59, 0xc8, 0x7, 0xe6, 0x10, 0xf,
    0xfe, 0x51, 0xe8, 0x7, 0xf5, 0x80, 0x7f, 0xf2,
    0x9b, 0x4, 0x3, 0xf3, 0x90, 0x7, 0xff, 0x21,
    0x32, 0x40, 0x3f, 0x8a, 0x0, 0x3f, 0xf8, 0xa2,
    0xb3, 0xd6, 0x60, 0x1f, 0xee, 0x0, 0xff, 0xe0,
    0xdd, 0xb3, 0x7f, 0xa9, 0x84, 0x3, 0xfe, 0x93,
    0x0, 0xff, 0xe0, 0xa2, 0xc, 0x80, 0x3f, 0xf8,
    0x6e, 0xc0, 0x1f, 0xfd, 0x48, 0x80, 0x7, 0xff,
    0x52, 0x9c, 0x3, 0xff, 0xa6, 0x7a, 0xa0, 0x1f,
    0xfd, 0x22, 0xac, 0x20, 0xf, 0xfe, 0x8a, 0x56,
    0xa8, 0x7, 0xff, 0x3c, 0x56, 0x7a, 0xd4, 0x3,
    0xff, 0x94, 0xf1, 0x9, 0xac, 0xfe, 0xa6, 0x10,
    0xf, 0xfe, 0x20,

    /* U+003A ":" */
    0x0, 0x86, 0x33, 0xb9, 0x92, 0x60, 0x1c, 0xbc,
    0xe6, 0x22, 0x36, 0xc8, 0x0, 0x96, 0x80, 0x3f,
    0x3c, 0x0, 0x2c, 0x3, 0xfc, 0xe6, 0xa2, 0x1,
    0xff, 0x56, 0x0, 0x7f, 0xf0, 0x10, 0xc0, 0x3f,
    0xf8, 0x6, 0x60, 0xf, 0xfe, 0x1, 0xf8, 0x7,
    0xff, 0x1, 0xdc, 0x1, 0xff, 0xc0, 0xe1, 0x90,
    0xf, 0xf2, 0xa0, 0x34, 0x0, 0x7e, 0x5a, 0x0,
    0x9f, 0x58, 0x80, 0x2, 0xb7, 0x40, 0x1c, 0x53,
    0xbf, 0xee, 0xa4, 0x0, 0xff, 0xff, 0x80, 0x7f,
    0xff, 0xc0, 0x3f, 0xff, 0x8, 0xcc, 0x41, 0x0,
    0xfa, 0x3e, 0xe6, 0x57, 0xd4, 0x40, 0x10, 0xe3,
    0x80, 0x79, 0x70, 0x80, 0x16, 0x60, 0x1f, 0x87,
    0xc0, 0x94, 0x3, 0xfc, 0x4c, 0xa0, 0x1f, 0xfc,
    0xd, 0xd0, 0x7, 0xff, 0x1, 0x40, 0x3f, 0xf8,
    0x44, 0x1, 0xff, 0xc0, 0x2b, 0x0, 0xff, 0xe0,
    0x59, 0x98, 0x3, 0xfc, 0x2c, 0x1a, 0x40, 0x1f,
    0xd4, 0x20, 0x38, 0xa0, 0x1e, 0x3d, 0x40, 0x8,
    0x6b, 0xaa, 0x21, 0x3b, 0x84, 0x0,

    /* U+003B ";" */
    0x0, 0xe6, 0xbd, 0xed, 0xb5, 0x0, 0xf8, 0xb6,
    0x50, 0x84, 0x92, 0xb4, 0x40, 0x30, 0xf9, 0x0,
    0x7c, 0x58, 0x1, 0xa0, 0x80, 0x3f, 0x8a, 0x0,
    0x26, 0x0, 0xff, 0x9c, 0x0, 0x60, 0x1f, 0xfc,
    0x12, 0x7, 0x0, 0xff, 0xe0, 0xb0, 0x38, 0x7,
    0xff, 0x5, 0xc0, 0xc0, 0x3f, 0xf8, 0x26, 0x0,
    0x50, 0xf, 0xf9, 0x80, 0x2b, 0x10, 0xf, 0xe1,
    0x80, 0x8, 0x74, 0x40, 0x3e, 0x2c, 0x10, 0xc,
    0x7d, 0x6, 0x0, 0x13, 0x8d, 0x20, 0xf, 0x9f,
    0x3f, 0xdd, 0x8e, 0x1, 0xff, 0xff, 0x0, 0xff,
    0xff, 0x80, 0x7f, 0xff, 0xc0, 0x3f, 0xff, 0xe0,
    0x1f, 0xf4, 0x7f, 0xfe, 0xa0, 0xf, 0xff, 0xf8,
    0x7, 0xff, 0xa0, 0xc0, 0x3f, 0xf8, 0x62, 0x1,
    0xe1, 0x0, 0xfd, 0xc0, 0x1e, 0x20, 0xf, 0xca,
    0x1, 0xe6, 0x0, 0xfc, 0x60, 0x1e, 0x20, 0xf,
    0x94, 0x3, 0xc8, 0x1, 0xfb, 0x80, 0x3d, 0xa0,
    0x1f, 0x12, 0x0, 0x79, 0x80, 0x3e, 0xb0, 0xf,
    0x30, 0x7, 0xc4, 0xc0, 0x1e, 0xa0, 0xf, 0xa4,
    0x3, 0xc8, 0x60, 0x1e, 0x64, 0x0, 0xf8, 0x80,
    0x38, 0xe4, 0x3, 0xe4, 0xd9, 0x10, 0x1, 0x68,
    0x7, 0xf9, 0xba, 0xf, 0x4, 0x3, 0xf0,

    /* U+003C "<" */
    0x0, 0xff, 0xf8, 0x94, 0xc0, 0x7, 0xff, 0x3d,
    0x6f, 0x58, 0x40, 0x3f, 0xf9, 0x82, 0xfd, 0x48,
    0x1, 0xff, 0xcd, 0x3a, 0xe8, 0x10, 0xf, 0xfe,
    0x6b, 0x6e, 0x28, 0x7, 0xff, 0x34, 0xa7, 0xe4,
    0x80, 0x3f, 0xf9, 0xa9, 0x7a, 0xc0, 0x1f, 0xfc,
    0xd1, 0x7e, 0xb4, 0x0, 0xff, 0xe6, 0x9d, 0x74,
    0x8, 0x7, 0xff, 0x35, 0xb3, 0xa, 0x1, 0xff,
    0xc6, 0x1f, 0x0, 0xe2, 0x8e, 0x93, 0x0, 0xff,
    0xe2, 0x8b, 0x5f, 0x30, 0x4, 0x97, 0xae, 0x20,
    0x1f, 0xfc, 0x41, 0x6b, 0xe9, 0x40, 0x0, 0xbe,
    0xda, 0x0, 0x7f, 0xf1, 0x56, 0xfa, 0x50, 0x3,
    0xa6, 0x8, 0x3, 0xff, 0x88, 0xb5, 0xf4, 0x80,
    0x1f, 0xfc, 0xc5, 0xaf, 0xa5, 0x0, 0xff, 0xe6,
    0x25, 0x7d, 0x28, 0x7, 0xff, 0x30, 0xe7, 0xad,
    0x40, 0x3f, 0xf9, 0xe2, 0x20, 0xf, 0xfe, 0x91,
    0x47, 0x63, 0x8, 0x7, 0xff, 0x44, 0xe7, 0xb1,
    0x84, 0x3, 0xff, 0xa2, 0x73, 0xd8, 0xc2, 0x1,
    0xfe, 0x8a, 0x30, 0xf, 0xfe, 0x21, 0xcf, 0x5b,
    0x8, 0x7, 0xe5, 0xcd, 0x60, 0xf, 0xfe, 0x2a,
    0x4f, 0x5b, 0x8, 0x7, 0xc5, 0x3f, 0x24, 0x1,
    0xff, 0xc5, 0x49, 0xeb, 0x61, 0x0, 0xf9, 0xb6,
    0xd0, 0x3, 0xff, 0x8c, 0x93, 0xce, 0x1, 0xf9,
    0x2f, 0x9c, 0x40, 0x3f, 0xf8, 0xdc, 0x1, 0xfe,
    0x18, 0xea, 0x30, 0xf, 0xfe, 0x92, 0xe6, 0x18,
    0x3, 0xff, 0xa4, 0x73, 0xd0, 0x40, 0x1f, 0xfd,
    0x11, 0x7d, 0xb4, 0x0, 0xff, 0xe9, 0x25, 0xeb,
    0x88, 0x7, 0xff, 0x44, 0xa3, 0xa8, 0xc0, 0x3f,
    0xfa, 0x4b, 0x98, 0x60, 0xf, 0xfe, 0x91, 0xcf,
    0x47, 0x0,

    /* U+003D "=" */
    0x1, 0x1f, 0xfe, 0xa0, 0x3f, 0x77, 0xff, 0x53,
    0x40, 0x3f, 0xff, 0xe0, 0x1f, 0xff, 0xf0, 0xf,
    0xff, 0xf8, 0x7, 0xff, 0x5, 0xff, 0xff, 0xfa,
    0x9a, 0x1, 0xff, 0xff, 0x0, 0xff, 0xff, 0x80,
    0x7f, 0xfa, 0x9f, 0xff, 0xff, 0xa9, 0xa0, 0x1f,
    0xff, 0xf0, 0xf, 0xff, 0xf8, 0x7, 0xff, 0xfc,
    0x3, 0xff, 0x82,

    /* U+003E ">" */
    0x0, 0xff, 0xea, 0xad, 0xa0, 0x7, 0xff, 0x4d,
    0x2f, 0x5c, 0x40, 0x3f, 0xfa, 0x45, 0x1d, 0x46,
    0x1, 0xff, 0xd3, 0x5c, 0xd6, 0x0, 0xff, 0xe9,
    0x94, 0xfc, 0x90, 0x7, 0xff, 0x4d, 0xb7, 0x14,
    0x3, 0xff, 0xa6, 0x75, 0xd0, 0x40, 0x1f, 0xfd,
    0x21, 0x7d, 0xb5, 0x0, 0xff, 0xe9, 0xa5, 0x74,
    0x8, 0x7, 0xf9, 0x8c, 0x3, 0xff, 0x8c, 0x2f,
    0xd4, 0x80, 0x1f, 0x8f, 0x3a, 0x4c, 0x3, 0xff,
    0x8c, 0xb7, 0xae, 0x20, 0x1f, 0xb, 0x67, 0x49,
    0x80, 0x7f, 0xf1, 0x4a, 0x3a, 0x8c, 0x3, 0xf0,
    0xb6, 0x74, 0xa0, 0x7, 0xff, 0x15, 0x73, 0x58,
    0x3, 0xf8, 0x5a, 0xfa, 0x50, 0x3, 0xff, 0x88,
    0x52, 0x80, 0x1f, 0xf0, 0xb5, 0xf4, 0xa0, 0x7,
    0xff, 0x48, 0x5a, 0xfa, 0x50, 0x3, 0xff, 0xa4,
    0x2d, 0x7d, 0x26, 0x1, 0xff, 0xd2, 0x5c, 0x30,
    0xf, 0xfe, 0x7a, 0x57, 0xda, 0x80, 0x7f, 0xf3,
    0x52, 0x7a, 0xd4, 0x3, 0xff, 0x9a, 0x93, 0xd6,
    0xc2, 0x1, 0xff, 0xcc, 0x49, 0xeb, 0x61, 0x0,
    0xff, 0xe2, 0x25, 0xa0, 0x7, 0x1c, 0xf5, 0xb0,
    0x80, 0x7f, 0xf1, 0x5, 0xfa, 0xd0, 0x2, 0x39,
    0xec, 0x61, 0x0, 0xff, 0xe2, 0xa5, 0x74, 0x8,
    0x4, 0x7d, 0x8c, 0x20, 0x1f, 0xfc, 0x51, 0x6d,
    0xb5, 0x0, 0xf3, 0x8, 0x7, 0xff, 0x18, 0xe7,
    0xa4, 0x80, 0x3f, 0xf9, 0xcd, 0x98, 0x60, 0xf,
    0xfe, 0x71, 0x47, 0x49, 0x80, 0x7f, 0xf3, 0x96,
    0xf5, 0xc4, 0x3, 0xff, 0x9a, 0x31, 0xd4, 0x80,
    0x1f, 0xfc, 0xe4, 0xbe, 0x71, 0x0, 0xff, 0xe6,
    0x8b, 0xed, 0xa0, 0x7, 0xff, 0x38, 0xeb, 0xa0,
    0x80, 0x3f, 0xf9, 0xa2, 0xdb, 0x8a, 0x1, 0xff,
    0xd0,

    /* U+003F "?" */
    0x0, 0xff, 0xe0, 0x9, 0xab, 0xbe, 0x64, 0x20,
    0xf, 0xfe, 0x49, 0xce, 0xf6, 0x54, 0x46, 0x9b,
    0xdf, 0xc7, 0x20, 0xf, 0xfe, 0x1a, 0x66, 0x18,
    0x80, 0x3f, 0xe3, 0x8d, 0xb3, 0x0, 0xff, 0x86,
    0xec, 0x60, 0x1f, 0xfc, 0x54, 0xc9, 0x0, 0xfe,
    0x2f, 0x40, 0xf, 0xfe, 0x4b, 0x60, 0x80, 0x78,
    0xb0, 0x40, 0x3f, 0xf9, 0x67, 0xa0, 0x1e, 0xf1,
    0x0, 0xff, 0xe6, 0x9c, 0x80, 0x67, 0x20, 0xf,
    0xfe, 0x7b, 0x10, 0x0, 0x60, 0x3, 0xff, 0x80,
    0x6a, 0xc8, 0x40, 0x1f, 0xfc, 0x8, 0x0, 0x30,
    0x7, 0xfd, 0x1f, 0x95, 0x37, 0xba, 0x60, 0xf,
    0xf2, 0x80, 0x2c, 0x3, 0xf8, 0x75, 0xc0, 0x3c,
    0x53, 0x0, 0x1f, 0xe4, 0x3, 0x0, 0xfe, 0xb2,
    0x0, 0xfe, 0x73, 0x0, 0xfe, 0xc3, 0x0, 0xfe,
    0x25, 0x0, 0xff, 0xa8, 0x3, 0xf8, 0x98, 0x3,
    0xf9, 0x0, 0x3f, 0xf8, 0xa, 0x1, 0xfc, 0x22,
    0x33, 0xfe, 0xc0, 0xf, 0xfe, 0x1, 0x0, 0x7f,
    0x93, 0x33, 0xf9, 0x40, 0x3f, 0xf8, 0x6, 0x1,
    0xff, 0xd5, 0x70, 0xf, 0xe2, 0x0, 0xff, 0xe5,
    0xf8, 0x7, 0xf7, 0x80, 0x7f, 0xf2, 0x89, 0x40,
    0x3f, 0x9c, 0x3, 0xff, 0x95, 0xc0, 0x1f, 0xc8,
    0x20, 0x1f, 0xfc, 0x97, 0x30, 0xf, 0xe8, 0x0,
    0xff, 0xe4, 0xa4, 0x0, 0x7f, 0x29, 0x80, 0x7f,
    0xf2, 0xe, 0xc0, 0x3f, 0x86, 0xc0, 0x3f, 0xf9,
    0x7, 0x80, 0x1f, 0xea, 0x10, 0xf, 0xfe, 0x39,
    0xe0, 0x7, 0xfa, 0x10, 0x3, 0xff, 0x8e, 0xb8,
    0x1, 0xfe, 0x77, 0x0, 0x7f, 0xf1, 0xda, 0x80,
    0x3f, 0xcf, 0x0, 0x1f, 0xfc, 0x74, 0x90, 0xf,
    0xf4, 0x40, 0x3, 0xff, 0x8e, 0x34, 0x1, 0xfe,
    0x97, 0x0, 0xff, 0xe4, 0x48, 0x80, 0x7f, 0x5b,
    0x0, 0x7f, 0xf2, 0x54, 0x3, 0xfa, 0x90, 0x3,
    0xff, 0x92, 0x24, 0x1, 0xf9, 0xd4, 0x3, 0xff,
    0x94, 0xa0, 0x1f, 0x86, 0x0, 0x3f, 0xf9, 0x62,
    0x1, 0xf9, 0x0, 0x3f, 0xf9, 0x86, 0x1, 0xfb,
    0x40, 0x3f, 0xfa, 0xa4, 0x1, 0xff, 0xcc, 0x10,
    0xf, 0xfe, 0xaa, 0xcc, 0xfe, 0x70, 0xf, 0xfe,
    0x61, 0x33, 0x7e, 0x20, 0xf, 0xff, 0xf8, 0x7,
    0xff, 0xa8, 0xd5, 0x4, 0x3, 0xff, 0xa0, 0xfd,
    0x95, 0x7d, 0x86, 0x1, 0xff, 0xcd, 0x98, 0x10,
    0xc, 0x78, 0x60, 0x1f, 0xfc, 0xb4, 0x60, 0xf,
    0xdc, 0x1, 0xff, 0xcb, 0xe0, 0xf, 0xe2, 0x40,
    0xf, 0xfe, 0x53, 0x80, 0x7f, 0x8c, 0x3, 0xff,
    0xab, 0xe0, 0x1f, 0xfc, 0xa6, 0x0, 0xff, 0x68,
    0x7, 0xff, 0x2b, 0x40, 0x3f, 0xc8, 0x1, 0xff,
    0xca, 0x63, 0x0, 0xfd, 0x42, 0x1, 0xff, 0xcb,
    0xc5, 0x0, 0xe1, 0xa5, 0x0, 0xff, 0xe6, 0xd6,
    0xcc, 0x42, 0xf9, 0x40, 0x3f, 0xf8, 0x20,

    /* U+0040 "@" */
    0x0, 0xff, 0xe3, 0x92, 0x33, 0x48, 0x40, 0x1f,
    0xfd, 0x21, 0x7c, 0xfd, 0xb9, 0x9a, 0xf7, 0xf1,
    0x84, 0x3, 0xff, 0x98, 0x55, 0xd0, 0x60, 0x1f,
    0xc7, 0x3d, 0x22, 0x1, 0xff, 0xc9, 0x9d, 0x50,
    0xf, 0xfe, 0x1b, 0x7a, 0x80, 0x7f, 0xf1, 0x8f,
    0x58, 0x3, 0xff, 0x8c, 0x35, 0x20, 0x1f, 0xfc,
    0x45, 0xc2, 0x0, 0xff, 0xe4, 0xb5, 0x0, 0x7f,
    0xf0, 0x96, 0x80, 0x3e, 0x38, 0xbe, 0xff, 0xb6,
    0x98, 0x40, 0x3c, 0xb0, 0x1, 0xff, 0xc0, 0x4a,
    0x0, 0xf1, 0xe6, 0x1d, 0x4, 0x2, 0x25, 0x9e,
    0xa1, 0x0, 0xe7, 0x40, 0xf, 0xf1, 0x58, 0x7,
    0xa7, 0xc, 0x3, 0xfe, 0x5e, 0x40, 0xe, 0xa0,
    0xf, 0xf7, 0x80, 0x70, 0xe3, 0x0, 0x7f, 0xf0,
    0xed, 0x40, 0x30, 0xb8, 0x7, 0xe8, 0x20, 0xe,
    0xd3, 0x0, 0xff, 0xe2, 0xd1, 0x0, 0x69, 0x0,
    0xf8, 0x9c, 0x3, 0xac, 0xc0, 0x3e, 0x14, 0x66,
    0x29, 0x80, 0x7a, 0x40, 0x30, 0xb0, 0x7, 0xa4,
    0x3, 0x99, 0x0, 0x3c, 0xdb, 0xd7, 0x32, 0xac,
    0xf9, 0x20, 0x9, 0xc, 0x3, 0x50, 0x7, 0x1a,
    0x0, 0x61, 0x90, 0xe, 0x2d, 0x92, 0x0, 0xf9,
    0xb5, 0xc0, 0x29, 0x0, 0xc6, 0x20, 0x1a, 0x40,
    0x3a, 0x0, 0x39, 0x34, 0x80, 0x3f, 0xe8, 0x50,
    0x2, 0x0, 0x72, 0x0, 0x42, 0xa0, 0x18, 0x58,
    0x3, 0x15, 0x80, 0x7f, 0xf0, 0x84, 0x0, 0x26,
    0x1, 0xb0, 0x2, 0x60, 0xe, 0x90, 0xe, 0xf0,
    0xf, 0xfe, 0x1b, 0x80, 0x4a, 0x1, 0x94, 0x2,
    0xb0, 0xe, 0x60, 0xd, 0x4, 0x1, 0xc5, 0x3d,
    0xf2, 0x1, 0xc2, 0x1, 0x70, 0x6, 0x20, 0x0,
    0x98, 0x6, 0x31, 0x0, 0x85, 0xc0, 0x38, 0xf5,
    0x84, 0x4, 0x3, 0x88, 0x2, 0x20, 0xc, 0x20,
    0x7, 0x0, 0xeb, 0x0, 0xd2, 0x1, 0xc3, 0xa0,
    0x1b, 0xc0, 0x3f, 0x98, 0x3, 0x84, 0x30, 0x3,
    0x90, 0x3, 0x30, 0x7, 0x40, 0x80, 0x61, 0x0,
    0xc2, 0x1, 0xfe, 0x30, 0x70, 0xe, 0x30, 0x8,
    0xc4, 0x3, 0xb, 0x0, 0x71, 0x0, 0x62, 0x0,
    0xff, 0xe0, 0x10, 0x6, 0x20, 0xd, 0x60, 0x1c,
    0xe0, 0x1e, 0x70, 0xc, 0xe0, 0x1f, 0xf1, 0x0,
    0x73, 0x0, 0x64, 0x0, 0xed, 0x0, 0xf0, 0x80,
    0x61, 0x0, 0xff, 0x1b, 0x0, 0x71, 0x80, 0x63,
    0x0, 0xe5, 0x0, 0xf1, 0x0, 0x63, 0x0, 0xff,
    0x9, 0x0, 0x77, 0x80, 0x44, 0x1, 0xc2, 0x20,
    0xf, 0xfb, 0x80, 0x33, 0x80, 0x78, 0x40, 0x38,
    0x40, 0x27, 0x0, 0xe2, 0x0, 0xf1, 0x0, 0x70,
    0x80, 0x61, 0x0, 0xc4, 0x1e, 0x1, 0xc6, 0x1,
    0x10, 0x7, 0x30, 0x7, 0x84, 0x3, 0x8c, 0x3,
    0x10, 0x6, 0x70, 0xf, 0xfb, 0xc0, 0x38, 0xc0,
    0x3c, 0xe0, 0x1c, 0x20, 0x1b, 0x80, 0x31, 0x0,
    0x7f, 0xf3, 0x8, 0x3, 0x98, 0x3, 0x10, 0x6,
    0xd0, 0xf, 0xfe, 0x29, 0x80, 0x78, 0x40, 0x38,
    0xc0, 0x32, 0x80, 0x64, 0xf, 0x0, 0xe3, 0x0,
    0xbc, 0x3, 0x98, 0x3, 0xde, 0x1, 0xc2, 0x1,
    0x10, 0x80, 0x44, 0x20, 0x20, 0x1c, 0x20, 0x10,
    0x80, 0x71, 0x80, 0x78, 0x80, 0x30, 0x80, 0x65,
    0x0, 0xc8, 0x0, 0x30, 0xe, 0xe0, 0x9, 0x40,
    0x3c, 0x80, 0x1c, 0xc0, 0x18, 0xc0, 0x35, 0x0,
    0x6a, 0x0, 0x30, 0x7, 0x10, 0x4, 0x60, 0x1e,
    0x90, 0xd, 0x26, 0x1, 0x8c, 0x2, 0x72, 0x0,
    0x8c, 0xc0, 0x3, 0x0, 0xe5, 0x0, 0xc8, 0x1,
    0xc5, 0xae, 0xed, 0x60, 0xe, 0x18, 0x37, 0x80,
    0xd, 0x20, 0x18, 0x80, 0x30, 0x90, 0x5, 0xc0,
    0x1e, 0x28, 0x81, 0x0, 0x7c, 0xf9, 0x0, 0x18,
    0xd4, 0x3, 0x38, 0x7, 0x28, 0x4, 0xa4, 0x1,
    0xff, 0x8, 0x7, 0xfd, 0xc0, 0x1d, 0x80, 0x1d,
    0x60, 0x1b, 0x80, 0x3f, 0xd3, 0x40, 0x1f, 0xeb,
    0x20, 0xe, 0x70, 0xe, 0x33, 0x0, 0x47, 0x82,
    0x1, 0xf5, 0x32, 0x50, 0x7, 0xc3, 0x68, 0x1,
    0xe1, 0x30, 0xe, 0x80, 0xc, 0x7f, 0x6, 0x0,
    0x26, 0xe5, 0x0, 0x2e, 0xa8, 0x80, 0xe, 0x3d,
    0x0, 0x3f, 0x48, 0x7, 0x22, 0x80, 0x61, 0x7c,
    0xff, 0x6c, 0x88, 0x6, 0x2a, 0xef, 0xf6, 0x38,
    0x80, 0x7f, 0x29, 0x0, 0x75, 0x18, 0x7, 0xff,
    0x56, 0x0, 0x3d, 0xa6, 0x1, 0xff, 0xd4, 0x54,
    0x0, 0xe1, 0xc7, 0x0, 0xff, 0xe1, 0x90, 0x7,
    0xff, 0x12, 0x84, 0x3, 0xd1, 0xac, 0x20, 0x1f,
    0xc9, 0x3d, 0x20, 0x1f, 0xfc, 0x41, 0xd0, 0xf,
    0x8a, 0x7b, 0x6a, 0x1e, 0x21, 0x59, 0xf6, 0xc2,
    0x80, 0x1f, 0xfc, 0x53, 0xc1, 0x0, 0xfc, 0x4a,
    0xf0, 0xee, 0x53, 0x0, 0xe3, 0x0, 0xff, 0xe2,
    0x9e, 0x18, 0x7, 0xff, 0x21, 0x40, 0x3f, 0xf8,
    0xc5, 0x90, 0x1, 0xff, 0xc7, 0x30, 0xf, 0xfe,
    0x43, 0xf4, 0x10, 0x7, 0xff, 0x4, 0x5f, 0x94,
    0x3, 0xff, 0x92, 0x2f, 0xba, 0x95, 0x31, 0x0,
    0x84, 0x96, 0x33, 0xa0, 0x40, 0x3f, 0xf8, 0x0,

    /* U+0041 "A" */
    0x0, 0xff, 0xe2, 0xb7, 0xff, 0xee, 0x0, 0xff,
    0xeb, 0x68, 0x7, 0xe1, 0x30, 0xf, 0xfe, 0xa0,
    0xa0, 0x7, 0xf5, 0x80, 0x7f, 0xf5, 0x1c, 0x3,
    0xfc, 0xa0, 0x1f, 0xfd, 0x4d, 0x0, 0xff, 0x11,
    0x0, 0x3f, 0xfa, 0x68, 0x1, 0xff, 0x28, 0x7,
    0xff, 0x49, 0x40, 0x3f, 0xf8, 0x16, 0x1, 0xff,
    0xd2, 0xf0, 0xf, 0xfe, 0x1, 0x88, 0x7, 0xff,
    0x45, 0x40, 0x3f, 0xf8, 0x2e, 0x1, 0xff, 0xd0,
    0x50, 0xf, 0xfe, 0x16, 0x80, 0x7f, 0xf4, 0x3c,
    0x3, 0xff, 0x84, 0x82, 0x1, 0xff, 0xcf, 0x50,
    0xf, 0xfe, 0x1a, 0x0, 0x7f, 0xf3, 0x90, 0x3,
    0xff, 0x89, 0xe0, 0x1f, 0xfc, 0xed, 0x0, 0xff,
    0xe2, 0x28, 0x7, 0xff, 0x39, 0xc0, 0x3f, 0x30,
    0x7, 0xe4, 0x0, 0xff, 0xe6, 0x18, 0x80, 0x7c,
    0x9a, 0x1, 0xfb, 0x40, 0x3f, 0xf9, 0x94, 0x1,
    0xfb, 0x50, 0x3, 0xf3, 0x80, 0x7f, 0xf3, 0x1c,
    0x3, 0xf2, 0x2, 0x0, 0x7c, 0x28, 0x1, 0xff,
    0xca, 0x31, 0x0, 0xf8, 0x88, 0x18, 0x1, 0xfb,
    0x40, 0x3f, 0xf9, 0x56, 0x1, 0xf9, 0x0, 0x8,
    0x1, 0xf9, 0xc0, 0x3f, 0xf9, 0x4a, 0x1, 0xfb,
    0x0, 0x6, 0x20, 0x1f, 0x9, 0x80, 0x7f, 0xf2,
    0x8, 0x80, 0x1f, 0x94, 0x2, 0x40, 0xf, 0xd6,
    0x1, 0xff, 0xc8, 0xa0, 0xf, 0xc6, 0x1, 0xb0,
    0x3, 0xf2, 0x80, 0x7f, 0xf2, 0x14, 0x3, 0xf5,
    0x80, 0x67, 0x0, 0xfc, 0x44, 0x0, 0xff, 0xe3,
    0x11, 0x0, 0x3f, 0x20, 0x6, 0x12, 0x0, 0xfc,
    0xa0, 0x1f, 0xfc, 0x65, 0x0, 0xfc, 0x26, 0x1,
    0xc8, 0x1, 0xfa, 0xc0, 0x3f, 0xf8, 0xd6, 0x1,
    0xf9, 0x0, 0x3d, 0xa0, 0x1f, 0x8c, 0x40, 0x3f,
    0xf8, 0x82, 0x60, 0x1f, 0xbc, 0x3, 0xc8, 0x1,
    0xfc, 0xe0, 0x1f, 0xfc, 0x46, 0x0, 0xfe, 0x40,
    0xf, 0x8c, 0x3, 0xf6, 0x80, 0x7f, 0xf1, 0x2c,
    0x3, 0xf1, 0x8, 0x7, 0xd6, 0x1, 0xf9, 0x4,
    0x3, 0xff, 0x84, 0x26, 0x1, 0xf9, 0x40, 0x3f,
    0x20, 0x7, 0xf2, 0x0, 0x7f, 0xf0, 0x9c, 0x3,
    0xfb, 0x0, 0x3f, 0x18, 0x7, 0xf7, 0x80, 0x7f,
    0xf0, 0xb4, 0x3, 0xf9, 0x0, 0x3f, 0x94, 0x3,
    0xf2, 0x80, 0x7f, 0xf0, 0x45, 0x0, 0x3f, 0xbf,
    0xff, 0xca, 0x1, 0xfc, 0xa0, 0x1f, 0xfc, 0x4,
    0x0, 0xff, 0xe9, 0x78, 0x7, 0xff, 0x3, 0x80,
    0x3f, 0xfa, 0x48, 0x1, 0xff, 0xc0, 0x40, 0xf,
    0xfe, 0x90, 0xa0, 0x7, 0xf9, 0x40, 0x3f, 0xfa,
    0x9a, 0x1, 0xfe, 0xf0, 0xf, 0xfe, 0xa3, 0x80,
    0x7f, 0x94, 0x3, 0xff, 0xa8, 0x26, 0x1, 0xf9,
    0x0, 0x3f, 0xfa, 0xd6, 0x1, 0xfb, 0x80, 0x3f,
    0x96, 0x23, 0xff, 0x84, 0xe0, 0x1f, 0xca, 0x1,
    0xf9, 0x0, 0x3f, 0xa1, 0xdf, 0xff, 0x85, 0x2,
    0x1, 0xf8, 0x88, 0x1, 0xe4, 0x10, 0xf, 0xc4,
    0x40, 0xf, 0xfe, 0x1a, 0x0, 0x7f, 0x28, 0x7,
    0xb4, 0x3, 0xf9, 0x40, 0x3f, 0xf8, 0x9e, 0x1,
    0xfd, 0x60, 0x1e, 0x70, 0xf, 0xec, 0x0, 0xff,
    0xe2, 0x20, 0x7, 0xf1, 0x88, 0x6, 0x31, 0x0,
    0xfe, 0x40, 0xf, 0xfe, 0x20, 0x98, 0x7, 0xf3,
    0x80, 0x6a, 0x0, 0xfe, 0x40, 0xf, 0xfe, 0x32,
    0x0, 0x7f, 0x68, 0x6, 0x70, 0xf, 0xed, 0x0,
    0xff, 0xe3, 0x58, 0x7, 0xf2, 0x8, 0x0, 0xc4,
    0x3, 0xf9, 0xc0, 0x3f, 0xf8, 0xc6, 0x20, 0x1f,
    0xce, 0x0, 0xb0, 0xf, 0xe2, 0x10, 0xf, 0xfe,
    0x3a, 0x0, 0x7f, 0x68, 0x1, 0x40, 0x3f, 0x94,
    0x3, 0xff, 0x91, 0x80, 0x1f, 0xc8, 0x0,

    /* U+0042 "B" */
    0x7f, 0xff, 0xfe, 0x3f, 0x65, 0x42, 0x88, 0x7,
    0xff, 0x50, 0x4d, 0x5e, 0xbb, 0x1c, 0x40, 0x3f,
    0xfa, 0xe7, 0x1d, 0x2, 0x1, 0xff, 0xd8, 0x7f,
    0x40, 0xf, 0xfe, 0xc0, 0xdb, 0x0, 0x7f, 0xf6,
    0x65, 0x40, 0x3f, 0xfb, 0x34, 0x40, 0x1f, 0xfd,
    0x99, 0x0, 0xff, 0xe0, 0xbe, 0xef, 0xec, 0xa7,
    0x20, 0xf, 0xf9, 0x8, 0x3, 0xff, 0x81, 0xe4,
    0x5f, 0x8d, 0x63, 0x68, 0x40, 0x3f, 0xd4, 0x1,
    0xff, 0xcd, 0x5c, 0x10, 0xf, 0xe5, 0x0, 0xff,
    0xe7, 0x14, 0x0, 0x7f, 0x10, 0x7, 0xff, 0x3d,
    0x80, 0x3f, 0xc4, 0x1, 0xff, 0xcf, 0x30, 0xf,
    0xe1, 0x0, 0xff, 0xe7, 0xb0, 0x7, 0xff, 0x8c,
    0x40, 0x3f, 0xf9, 0xe2, 0x1, 0xfc, 0x40, 0x1f,
    0xfc, 0xf4, 0x0, 0xfc, 0x40, 0x1f, 0xfc, 0xf6,
    0x0, 0xfe, 0x50, 0xf, 0xfe, 0x71, 0x48, 0x7,
    0xf5, 0x0, 0x7f, 0xf3, 0x53, 0x0, 0x3f, 0x98,
    0x80, 0x3f, 0xf9, 0x22, 0x6f, 0x96, 0x20, 0x1f,
    0x8a, 0x40, 0x3f, 0xf8, 0x31, 0xff, 0xfb, 0xb2,
    0xc, 0x3, 0xf8, 0x7c, 0x3, 0xff, 0xae, 0x7e,
    0x40, 0x1f, 0xfd, 0x51, 0x8c, 0x10, 0xf, 0xfe,
    0xb3, 0x28, 0x7, 0xff, 0x61, 0xf6, 0xc8, 0x3,
    0xff, 0xb0, 0x9a, 0xa0, 0x1f, 0xfd, 0x9a, 0x60,
    0xf, 0xfe, 0xb, 0x66, 0x7f, 0x5d, 0x39, 0x0,
    0x7f, 0xa4, 0xc0, 0x3f, 0xf8, 0x1c, 0x67, 0xfc,
    0x8b, 0x1b, 0x42, 0x1, 0xfd, 0xc0, 0x1f, 0xfc,
    0xe5, 0xc0, 0xf, 0xe2, 0x50, 0xf, 0xfe, 0x71,
    0x48, 0x7, 0xf7, 0x0, 0x7f, 0xf3, 0xd8, 0x3,
    0xf9, 0x0, 0x3f, 0xfa, 0x8, 0x1, 0xfc, 0x60,
    0x1f, 0xfc, 0xf3, 0x0, 0xfe, 0x60, 0xf, 0xfe,
    0x7f, 0x80, 0x7f, 0x18, 0x7, 0xff, 0x3f, 0xc0,
    0x3f, 0xfb, 0x24, 0x1, 0xfc, 0x60, 0x1f, 0xfc,
    0xf4, 0x0, 0xfe, 0x60, 0xf, 0xfe, 0x73, 0x8,
    0x7, 0xf1, 0x0, 0x7f, 0xf3, 0x4e, 0x40, 0x3f,
    0x88, 0x40, 0x3f, 0xf9, 0x8b, 0x80, 0x1f, 0xe5,
    0x0, 0xff, 0xe4, 0x89, 0xbe, 0xd0, 0x7, 0xfd,
    0x40, 0x1f, 0xf4, 0x7f, 0xff, 0x76, 0x41, 0x0,
    0x7f, 0xcc, 0x40, 0x1f, 0xfd, 0x71, 0x80, 0xf,
    0xfe, 0xc6, 0x88, 0x7, 0xff, 0x5e, 0xcc, 0x3,
    0xff, 0xac, 0x58, 0x80, 0x1f, 0xfd, 0x67, 0xd3,
    0x0, 0xff, 0xea, 0x14, 0x74, 0x0, 0x7f, 0xf4,
    0x4, 0x91, 0xeb, 0xb5, 0xc4, 0x3, 0xf0,

    /* U+0043 "C" */
    0x0, 0xff, 0xe2, 0x1a, 0xbb, 0xe5, 0x30, 0xf,
    0xfe, 0x78, 0xbe, 0x7e, 0x54, 0x46, 0xac, 0xfd,
    0x82, 0x0, 0xff, 0xe4, 0x8c, 0xf4, 0x18, 0x7,
    0xf8, 0x9f, 0x71, 0x0, 0x3f, 0xf8, 0xcd, 0xcc,
    0x1, 0xff, 0xc4, 0x3b, 0xa1, 0x0, 0xff, 0xe1,
    0xcc, 0x80, 0x3f, 0xf9, 0xb, 0xe6, 0x1, 0xff,
    0xc1, 0xb6, 0x0, 0xff, 0xe5, 0xe, 0x18, 0x7,
    0xfd, 0x48, 0x1, 0xff, 0xcd, 0xd1, 0x0, 0xfe,
    0x75, 0x0, 0xff, 0xe7, 0xe, 0x80, 0x7e, 0x38,
    0x0, 0xff, 0x85, 0x19, 0x50, 0x40, 0x3f, 0xe3,
    0x60, 0xf, 0xbc, 0x3, 0xfc, 0x79, 0xd7, 0x35,
    0x7d, 0x88, 0x1, 0xfe, 0x80, 0xf, 0x29, 0x80,
    0x7f, 0x36, 0x18, 0x7, 0x8e, 0xe4, 0x3, 0xf8,
    0x58, 0x3, 0xa0, 0x3, 0xf9, 0x24, 0x3, 0xfc,
    0xd0, 0x1, 0xfd, 0x40, 0x18, 0xc8, 0x3, 0xfa,
    0x80, 0x3f, 0xf8, 0xe, 0x20, 0x1f, 0x8c, 0x80,
    0x2a, 0x0, 0xfe, 0x71, 0x0, 0xff, 0xe0, 0xc8,
    0x7, 0xf2, 0x0, 0x4e, 0x1, 0xfd, 0x20, 0x1f,
    0xfc, 0x25, 0x0, 0xfe, 0xc0, 0x1, 0x88, 0x7,
    0xe3, 0x10, 0xf, 0xfe, 0x11, 0x0, 0x7f, 0x38,
    0x1, 0x0, 0x3f, 0xac, 0x3, 0xff, 0x88, 0x60,
    0x1f, 0x88, 0x1, 0xa0, 0x1f, 0xc6, 0x1, 0xff,
    0xc4, 0x60, 0xf, 0xe1, 0x7, 0x0, 0xfe, 0x60,
    0xf, 0xfe, 0x25, 0x7f, 0xff, 0x8, 0x10, 0x7,
    0xf1, 0x0, 0x7f, 0xf3, 0xc4, 0x3, 0xf8, 0x40,
    0x3f, 0xfa, 0x6, 0x1, 0xfc, 0x60, 0x1f, 0xfd,
    0x1, 0x0, 0xff, 0xf2, 0x8, 0x7, 0xff, 0xfc,
    0x3, 0xff, 0xfe, 0x1, 0xff, 0xff, 0x0, 0xff,
    0xff, 0x80, 0x7f, 0xf7, 0x4, 0x3, 0xf8, 0x40,
    0x3f, 0xfa, 0x6, 0x1, 0xff, 0xda, 0x10, 0xf,
    0xe2, 0x0, 0xff, 0xe8, 0x88, 0x7, 0xff, 0x68,
    0x80, 0x3f, 0x88, 0x3, 0xff, 0xa0, 0xa0, 0x1f,
    0xce, 0x1, 0xff, 0xc4, 0xcf, 0xff, 0xe1, 0xf,
    0x0, 0xfe, 0xd0, 0xf, 0xfe, 0x21, 0x0, 0x7f,
    0x8, 0x20, 0x7, 0xf2, 0x0, 0x7f, 0xf0, 0xc4,
    0x40, 0x1f, 0x88, 0x0, 0x44, 0x0, 0xfc, 0x64,
    0x1, 0xff, 0xc2, 0x40, 0xf, 0xe7, 0x0, 0x94,
    0x3, 0xfa, 0x80, 0x3f, 0xf8, 0x5c, 0x1, 0xfd,
    0x80, 0x15, 0x0, 0x7f, 0x39, 0x0, 0x7f, 0xf0,
    0xd, 0x0, 0x3f, 0x9c, 0x2, 0x24, 0x0, 0xfe,
    0xe0, 0xf, 0xf8, 0x78, 0x3, 0xf9, 0x4, 0x3,
    0x40, 0x7, 0xf1, 0xe1, 0x0, 0x7e, 0x3c, 0x20,
    0xf, 0xef, 0x0, 0xe3, 0x50, 0xf, 0xe3, 0xda,
    0x52, 0x12, 0x37, 0xcc, 0x10, 0x7, 0xf2, 0x20,
    0x3, 0xd6, 0x20, 0x1f, 0xe5, 0xad, 0xed, 0xc8,
    0x30, 0xf, 0xfa, 0x40, 0x3e, 0x1a, 0x0, 0xff,
    0xe8, 0x49, 0x0, 0x7e, 0x48, 0x0, 0xff, 0xe7,
    0x3b, 0x0, 0x7f, 0x9e, 0x0, 0x3f, 0xf9, 0x8f,
    0x0, 0x1f, 0xfc, 0x7, 0xa0, 0xf, 0xfe, 0x55,
    0x40, 0x7, 0xff, 0x9, 0x75, 0x0, 0x3f, 0xf8,
    0xcb, 0xca, 0x1, 0xff, 0xc4, 0x2b, 0xc5, 0x0,
    0xff, 0xe1, 0x36, 0xd0, 0x80, 0x7f, 0xf1, 0xce,
    0xba, 0x98, 0xc4, 0x2, 0x12, 0x47, 0xbf, 0x92,
    0x0, 0xff, 0x0,

    /* U+0044 "D" */
    0x9f, 0xff, 0xfe, 0x17, 0x6d, 0xc2, 0x88, 0x7,
    0xff, 0x4c, 0x49, 0x1e, 0xba, 0xd4, 0x3, 0xff,
    0xae, 0x95, 0xce, 0x1, 0xff, 0xd7, 0x18, 0xd4,
    0x0, 0xff, 0xeb, 0x95, 0xc8, 0x7, 0xff, 0x61,
    0xac, 0x3, 0xff, 0xb0, 0x96, 0x1, 0xff, 0xd8,
    0x4a, 0x0, 0xff, 0xe2, 0x4f, 0x76, 0xca, 0x50,
    0xf, 0xfe, 0x2, 0xb0, 0x7, 0xff, 0xc, 0xc4,
    0x71, 0xad, 0x7c, 0x0, 0x7f, 0xd2, 0x40, 0x1f,
    0xfc, 0xb7, 0xd2, 0x0, 0xff, 0x70, 0x7, 0xff,
    0x30, 0xb0, 0x80, 0x3f, 0x8d, 0x0, 0x3f, 0xf9,
    0x83, 0xe0, 0x1f, 0xe8, 0x0, 0xff, 0xe6, 0x94,
    0x0, 0x7f, 0x19, 0x80, 0x3f, 0xf9, 0xae, 0x20,
    0x1f, 0xd6, 0x1, 0xff, 0xce, 0x90, 0xf, 0xe6,
    0x0, 0xff, 0xe7, 0x30, 0x7, 0xf0, 0x90, 0x7,
    0xff, 0x34, 0x4c, 0x3, 0xf9, 0x0, 0x3f, 0xf9,
    0xc8, 0x1, 0xfd, 0xe0, 0x1f, 0xfc, 0xed, 0x0,
    0xfe, 0x50, 0xf, 0xfe, 0x73, 0x0, 0x7f, 0x10,
    0x7, 0xff, 0x38, 0x80, 0x3f, 0x84, 0x3, 0xff,
    0x9c, 0x20, 0x1f, 0xfe, 0x31, 0x0, 0xff, 0xff,
    0x80, 0x7f, 0xff, 0xc0, 0x3f, 0xff, 0x62, 0x1,
    0xff, 0xcd, 0x10, 0xf, 0xfe, 0xc1, 0x0, 0x7f,
    0x8, 0x7, 0xff, 0x39, 0x80, 0x3f, 0x88, 0x3,
    0xff, 0x9d, 0xa0, 0x1f, 0xca, 0x1, 0xff, 0xce,
    0x30, 0xf, 0xef, 0x0, 0xff, 0xe7, 0x20, 0x7,
    0xf2, 0x0, 0x7f, 0xf3, 0x54, 0x3, 0xf8, 0x48,
    0x3, 0xff, 0x9b, 0x20, 0x1f, 0xce, 0x1, 0xff,
    0xcd, 0x53, 0x0, 0xfe, 0xa0, 0xf, 0xfe, 0x60,
    0xd8, 0x7, 0xf1, 0x98, 0x3, 0xff, 0x99, 0x42,
    0x1, 0xfd, 0x20, 0x1f, 0xfc, 0xcb, 0x40, 0xf,
    0xe3, 0x50, 0xf, 0xfe, 0x52, 0x6a, 0x0, 0x7f,
    0xb8, 0x3, 0xff, 0x8e, 0x26, 0xf9, 0x64, 0x1,
    0xfe, 0x82, 0x0, 0xff, 0xe1, 0x57, 0xfe, 0xec,
    0x83, 0x0, 0xff, 0x95, 0xc0, 0x3f, 0xfa, 0xc7,
    0x40, 0x1f, 0xfd, 0x63, 0xc0, 0xf, 0xfe, 0xb2,
    0xe0, 0x7, 0xff, 0x54, 0x6a, 0x80, 0x1f, 0xfd,
    0x56, 0xf5, 0x0, 0xff, 0xe9, 0x94, 0x74, 0x88,
    0x7, 0xff, 0x3c, 0x4d, 0xa7, 0x74, 0xe2, 0x1,
    0xff, 0xc1,

    /* U+0045 "E" */
    0xdf, 0xff, 0xfe, 0xac, 0x0, 0x7f, 0xff, 0xc0,
    0x3f, 0xff, 0xe0, 0x1f, 0xff, 0xf0, 0xf, 0xfe,
    0x96, 0xf7, 0x7f, 0xf2, 0xe0, 0x3, 0xfc, 0x62,
    0x3f, 0xfc, 0xb0, 0xf, 0xff, 0xf8, 0x7, 0xff,
    0xfc, 0x3, 0xff, 0xfe, 0x1, 0xff, 0xff, 0x0,
    0xff, 0xff, 0x80, 0x7f, 0xfb, 0x3b, 0xff, 0xff,
    0x90, 0x20, 0x1f, 0xff, 0xf0, 0xf, 0xff, 0xf8,
    0x7, 0xff, 0xf4, 0x8b, 0xff, 0x92, 0x1, 0xff,
    0xc2, 0xcd, 0xdf, 0xfe, 0x40, 0x80, 0x7f, 0xff,
    0xc0, 0x3f, 0xff, 0xe0, 0x1f, 0xff, 0xf0, 0xf,
    0xff, 0xf8, 0x7, 0xff, 0xfc, 0x3, 0xff, 0xfe,
    0x1, 0xff, 0xc6, 0xef, 0xff, 0xfe, 0x5d, 0x0,
    0x7f, 0xff, 0xc0, 0x3f, 0xff, 0xe0, 0x1f, 0xff,
    0xf0, 0xf, 0xfe, 0x40,

    /* U+0046 "F" */
    0xcf, 0xff, 0xfe, 0xae, 0x80, 0x7f, 0xff, 0xc0,
    0x3f, 0xff, 0xe0, 0x1f, 0xff, 0xf0, 0xf, 0xfe,
    0x96, 0x77, 0x7f, 0xf2, 0xf0, 0x3, 0xfc, 0x23,
    0xff, 0xcd, 0x0, 0xff, 0xff, 0x80, 0x7f, 0xff,
    0xc0, 0x3f, 0xff, 0xe0, 0x1f, 0xff, 0xf0, 0xf,
    0xff, 0xf8, 0x7, 0xff, 0xac, 0x47, 0xff, 0x94,
    0x1, 0xff, 0xc1, 0xce, 0xef, 0xfe, 0x48, 0x80,
    0x7f, 0xff, 0xc0, 0x3f, 0xff, 0xe0, 0x1f, 0xff,
    0xf0, 0xf, 0xfe, 0xa6, 0xff, 0xff, 0xf2, 0x44,
    0x3, 0xff, 0xfe, 0x1, 0xff, 0xff, 0x0, 0xff,
    0xff, 0x80, 0x7f, 0xff, 0xc0, 0x3f, 0xff, 0xe0,
    0x1f, 0xff, 0xf0, 0xf, 0xff, 0xf8, 0x7, 0xff,
    0xfc, 0x3, 0xff, 0xfe, 0x1, 0xff, 0xcf,

    /* U+0047 "G" */
    0x0, 0xff, 0xe1, 0x9a, 0xbb, 0xe5, 0x41, 0x0,
    0xff, 0xe6, 0xb, 0x67, 0xe5, 0x44, 0x6a, 0xbe,
    0xe5, 0x20, 0x7, 0xff, 0x1c, 0x63, 0xa4, 0xc0,
    0x3f, 0xc2, 0xb7, 0xcc, 0x1, 0xff, 0xc4, 0x4f,
    0x70, 0xf, 0xfe, 0x20, 0xce, 0x98, 0x7, 0xff,
    0x5, 0xec, 0x40, 0x3f, 0xf8, 0xe5, 0x8c, 0x1,
    0xff, 0x44, 0x0, 0x3f, 0xf9, 0x72, 0xc0, 0x1f,
    0xce, 0xe0, 0xf, 0xfe, 0x6c, 0x98, 0x7, 0xc9,
    0x0, 0x1f, 0xfc, 0xfe, 0x0, 0xf0, 0xd0, 0x7,
    0xff, 0x1, 0x1d, 0xca, 0x60, 0x1f, 0xf1, 0x38,
    0x7, 0x40, 0x80, 0x7f, 0xa3, 0xee, 0x21, 0x59,
    0xcc, 0x1, 0xfe, 0x90, 0xc, 0x4c, 0x1, 0xfc,
    0x38, 0xe0, 0x1e, 0x19, 0xb0, 0xf, 0xe1, 0x50,
    0xa, 0x0, 0x3f, 0xda, 0x60, 0x1f, 0xc9, 0x0,
    0x1f, 0xdc, 0x0, 0x15, 0x0, 0xfe, 0x73, 0x0,
    0xff, 0x9c, 0x40, 0x3f, 0x20, 0x1, 0xc0, 0x3f,
    0x86, 0x0, 0x3f, 0xf8, 0x2c, 0x1, 0xfc, 0x81,
    0xa0, 0x1f, 0xcc, 0x1, 0xff, 0xc2, 0xc0, 0xf,
    0xe3, 0x4, 0x0, 0xfe, 0xa0, 0xf, 0xfe, 0x12,
    0x0, 0x7f, 0x71, 0x80, 0x7f, 0x11, 0x0, 0x3f,
    0xf8, 0x6e, 0xcd, 0xfb, 0xd4, 0x3, 0xf9, 0x0,
    0x3f, 0xf8, 0x91, 0x33, 0xf9, 0xbc, 0x3, 0xfb,
    0xc0, 0x3f, 0xf9, 0xc4, 0x1, 0xfc, 0x40, 0x1f,
    0xfc, 0xe7, 0x0, 0xfe, 0x60, 0xf, 0xfe, 0x71,
    0x0, 0x7f, 0x18, 0x7, 0xff, 0x60, 0x40, 0x3f,
    0xfe, 0x62, 0x1, 0xff, 0xff, 0x0, 0xff, 0xe2,
    0x1b, 0xbf, 0xff, 0x15, 0x40, 0x3f, 0xf8, 0xd7,
    0x11, 0xff, 0xc5, 0x90, 0xf, 0xff, 0xf8, 0x7,
    0xff, 0x60, 0x40, 0x3f, 0xfc, 0x42, 0x1, 0xff,
    0xce, 0x30, 0xf, 0xe3, 0x0, 0xff, 0xe7, 0x30,
    0x7, 0xf0, 0x80, 0x7d, 0x1f, 0xff, 0x70, 0x7,
    0xf8, 0x80, 0x3f, 0x98, 0x3, 0xff, 0x9d, 0xc0,
    0x1f, 0xda, 0x1, 0xff, 0xce, 0x30, 0xf, 0xe3,
    0x0, 0xff, 0xe7, 0x28, 0x7, 0xf2, 0x0, 0x7f,
    0xf3, 0x84, 0xc0, 0x3f, 0x94, 0x3, 0xff, 0x9c,
    0x80, 0x1f, 0xd2, 0x1, 0xff, 0xce, 0xa0, 0xf,
    0xe3, 0x40, 0xf, 0xfe, 0x69, 0x20, 0x7, 0xf5,
    0x8, 0x7, 0xff, 0x37, 0xc0, 0x3f, 0x87, 0x4,
    0x3, 0xfe, 0x70, 0xf, 0xfe, 0x2, 0x18, 0x7,
    0xf1, 0x7b, 0x0, 0x7e, 0x5c, 0x90, 0xf, 0xfe,
    0xf, 0x80, 0x7f, 0x86, 0x7e, 0xe1, 0xe2, 0x73,
    0xe8, 0xc0, 0x3f, 0xf8, 0x47, 0x0, 0x1f, 0xfc,
    0x4, 0x78, 0x76, 0x30, 0xf, 0xfe, 0x33, 0xa8,
    0x7, 0xff, 0x44, 0x7c, 0x3, 0xa9, 0x0, 0x3f,
    0xf9, 0xe5, 0x86, 0x1, 0xeb, 0x50, 0xf, 0xfe,
    0x6b, 0x69, 0x0, 0x7e, 0xa9, 0x0, 0xff, 0xe5,
    0x1e, 0x48, 0x7, 0xfc, 0xdc, 0xc0, 0x1f, 0xfc,
    0x65, 0xcc, 0x18, 0x7, 0xff, 0x4, 0x67, 0xa5,
    0x0, 0x3f, 0xe2, 0x6a, 0xfa, 0x30, 0xf, 0xfe,
    0x28, 0xb5, 0xfe, 0x54, 0x46, 0x9a, 0xcf, 0xd9,
    0x50, 0xf, 0xe0,

    /* U+0048 "H" */
    0xaf, 0xff, 0xe2, 0x0, 0xff, 0xe0, 0xb7, 0xff,
    0xf3, 0x0, 0x7f, 0xff, 0xc0, 0x3f, 0xff, 0xe0,
    0x1f, 0xff, 0xf0, 0xf, 0xff, 0xf8, 0x7, 0xff,
    0xfc, 0x3, 0xff, 0xfe, 0x1, 0xff, 0xff, 0x0,
    0xff, 0xff, 0x80, 0x7f, 0xff, 0xc0, 0x3f, 0xfa,
    0xe2, 0x3f, 0xfc, 0x20, 0xf, 0xfe, 0x4e, 0x77,
    0x7f, 0xf0, 0x64, 0x3, 0xff, 0xfe, 0x1, 0xff,
    0xff, 0x0, 0xff, 0xff, 0x80, 0x7f, 0xf7, 0x37,
    0xff, 0xff, 0x83, 0x20, 0x1f, 0xff, 0xf0, 0xf,
    0xff, 0xf8, 0x7, 0xff, 0xfc, 0x3, 0xff, 0xfe,
    0x1, 0xff, 0xff, 0x0, 0xff, 0xff, 0x80, 0x7f,
    0xff, 0xc0, 0x3f, 0xff, 0xe0, 0x1f, 0xff, 0xf0,
    0xf, 0xff, 0xd0,

    /* U+0049 "I" */
    0x3f, 0xff, 0xfe, 0x8b, 0x0, 0x7f, 0xff, 0xc0,
    0x3f, 0xff, 0xe0, 0x1f, 0xff, 0x73, 0xff, 0xfe,
    0x80, 0xf, 0xe9, 0xff, 0xfe, 0x60, 0xf, 0xff,
    0xf8, 0x7, 0xff, 0xfc, 0x3, 0xff, 0xfe, 0x1,
    0xff, 0xff, 0x0, 0xff, 0xff, 0x80, 0x7f, 0xff,
    0xc0, 0x3f, 0xff, 0xe0, 0x1f, 0xff, 0xf0, 0xf,
    0xff, 0xf8, 0x7, 0xff, 0xfc, 0x3, 0xff, 0xfe,
    0x1, 0xff, 0xff, 0x0, 0xff, 0xff, 0x80, 0x7f,
    0xff, 0xc0, 0x3f, 0xfa, 0xe7, 0xff, 0xfd, 0x0,
    0x1f, 0xd3, 0xff, 0xfc, 0xc0, 0x1f, 0xff, 0xf0,
    0xf, 0xff, 0xf8, 0x7, 0xff, 0xdc,

    /* U+004A "J" */
    0x0, 0xff, 0xe6, 0x9f, 0xff, 0xf5, 0x0, 0x7f,
    0xff, 0xc0, 0x3f, 0xff, 0xe0, 0x1f, 0xff, 0xf0,
    0xf, 0xff, 0xf8, 0x7, 0xff, 0xfc, 0x3, 0xff,
    0xfe, 0x1, 0xff, 0xff, 0x0, 0xff, 0xff, 0x80,
    0x7f, 0xff, 0xc0, 0x3f, 0xff, 0xe0, 0x1f, 0xff,
    0xf0, 0xf, 0xff, 0xf8, 0x7, 0xff, 0xfc, 0x3,
    0xff, 0xfe, 0x1, 0xff, 0xff, 0x0, 0xff, 0xff,
    0x80, 0x7f, 0xfc, 0x59, 0xbf, 0x94, 0x3, 0xff,
    0x84, 0xe0, 0x1f, 0xe1, 0x99, 0xfe, 0x80, 0xf,
    0xfe, 0x10, 0x80, 0x7f, 0x18, 0x80, 0x7f, 0x18,
    0x7, 0xff, 0xb, 0x40, 0x3f, 0xb8, 0x4, 0x3,
    0xf0, 0x88, 0x3, 0xff, 0x82, 0xa0, 0x1f, 0xc6,
    0xa, 0x1, 0xfc, 0x80, 0x1f, 0xfc, 0x4, 0x20,
    0xf, 0xe4, 0x3, 0x0, 0xfe, 0x90, 0xf, 0xfe,
    0x4, 0x80, 0x7f, 0x20, 0x2, 0xc0, 0x3f, 0x8e,
    0x0, 0x3f, 0xd6, 0x40, 0x1f, 0xdc, 0x0, 0x32,
    0x0, 0xfe, 0x7a, 0x20, 0xf, 0x26, 0xa0, 0x7,
    0xf1, 0x28, 0x5, 0x60, 0x1f, 0xe5, 0xdc, 0x98,
    0x84, 0xed, 0x90, 0x7, 0xfa, 0x40, 0x33, 0x18,
    0x7, 0xfc, 0x6c, 0xee, 0x62, 0x0, 0xff, 0x95,
    0x0, 0x3b, 0x80, 0x3f, 0xf9, 0xe5, 0x40, 0x1e,
    0x2a, 0x0, 0xff, 0xe6, 0x96, 0x0, 0x7e, 0x5a,
    0x0, 0xff, 0xe5, 0x9e, 0x8, 0x7, 0xf2, 0xe9,
    0x80, 0x7f, 0xf2, 0x23, 0x4, 0x3, 0xfe, 0x2c,
    0x92, 0x0, 0xff, 0xe2, 0x2e, 0xb8, 0x7, 0xff,
    0xd, 0xb6, 0xd8, 0x80, 0x3f, 0xc7, 0x1d, 0x44,
    0x1, 0xff, 0xc6, 0x49, 0xde, 0xca, 0x88, 0xd5,
    0x9f, 0x8e, 0x20, 0x1f, 0xe0,

    /* U+004B "K" */
    0x7f, 0xff, 0xe7, 0x0, 0xff, 0xe2, 0x67, 0xff,
    0xfc, 0x80, 0x1f, 0xfc, 0xf8, 0x30, 0xf, 0xf3,
    0xa0, 0x7, 0xff, 0x39, 0x1c, 0x3, 0xfc, 0x90,
    0x1, 0xff, 0xce, 0x1a, 0x0, 0xff, 0xd, 0x0,
    0x7f, 0xf3, 0xec, 0x40, 0x3f, 0xd4, 0x20, 0x1f,
    0xfc, 0xe6, 0x50, 0xf, 0xf3, 0xa0, 0x7, 0xff,
    0x38, 0xa4, 0x3, 0xfc, 0x70, 0x1, 0xff, 0xcf,
    0xe0, 0xf, 0xf0, 0xe8, 0x7, 0xff, 0x3e, 0xc,
    0x3, 0xfd, 0x42, 0x1, 0xff, 0xce, 0x37, 0x0,
    0xff, 0x3a, 0x0, 0x7f, 0xf3, 0x87, 0x40, 0x3f,
    0xc7, 0x0, 0x1f, 0xfc, 0xfb, 0x10, 0xf, 0xe1,
    0xd0, 0xf, 0xfe, 0x7a, 0xa8, 0x3, 0xfd, 0x42,
    0x1, 0xff, 0xce, 0x2a, 0x0, 0xff, 0x3a, 0x0,
    0x7f, 0xf3, 0xf8, 0x3, 0xfc, 0x70, 0x1, 0xff,
    0xcf, 0x83, 0x0, 0xfe, 0x1d, 0x0, 0xff, 0xe7,
    0x9b, 0x80, 0x7f, 0xa8, 0x40, 0x3f, 0xf9, 0xfc,
    0x1, 0xfe, 0x74, 0x0, 0xff, 0xe7, 0xd1, 0x0,
    0x7f, 0x1c, 0x0, 0x7f, 0xf3, 0xd9, 0x40, 0x3f,
    0x87, 0x40, 0x3f, 0xf9, 0xe5, 0x20, 0x1f, 0xea,
    0x10, 0xf, 0xfe, 0x7f, 0x80, 0x7f, 0x9d, 0x0,
    0x3f, 0xf9, 0xf2, 0x40, 0x1f, 0xc7, 0x0, 0x1f,
    0xfc, 0xfb, 0x60, 0xf, 0xf3, 0x80, 0x7f, 0xf4,
    0xc, 0x3, 0xfe, 0x45, 0x0, 0xff, 0xee, 0x58,
    0x7, 0xff, 0x70, 0x64, 0x3, 0xff, 0xb8, 0xc6,
    0x1, 0xff, 0xdc, 0xf0, 0xf, 0xfe, 0xe1, 0xb0,
    0x7, 0xff, 0x44, 0x40, 0x3f, 0xd2, 0x20, 0x1f,
    0xfd, 0xc, 0x50, 0xf, 0xf5, 0x80, 0x7f, 0xf3,
    0xec, 0xac, 0x3, 0xfc, 0xa8, 0x1, 0xff, 0xcd,
    0xa4, 0x1, 0x80, 0xf, 0xf4, 0x80, 0x7f, 0xf3,
    0x25, 0x40, 0x27, 0x20, 0xf, 0xe2, 0x70, 0xf,
    0xfe, 0x53, 0xb0, 0x7, 0x48, 0x7, 0xfa, 0x8,
    0x3, 0xff, 0x90, 0xb0, 0x1, 0xe4, 0x40, 0x7,
    0xfa, 0x40, 0x3f, 0xf9, 0x1a, 0x1, 0xfa, 0x40,
    0x3f, 0xc8, 0xa0, 0x1f, 0xfd, 0x2, 0x70, 0xf,
    0xf5, 0x80, 0x7f, 0xf4, 0x60, 0x80, 0x3f, 0x86,
    0x40, 0x3f, 0xfa, 0x30, 0x1, 0xfe, 0x63, 0x0,
    0xff, 0xe8, 0x2a, 0x0, 0x7f, 0xbc, 0x3, 0xff,
    0xa3, 0x20, 0x1f, 0xe3, 0x60, 0xf, 0xfe, 0x81,
    0x38, 0x7, 0xfa, 0x44, 0x3, 0xff, 0xa1, 0x2,
    0x1, 0xfe, 0xb0, 0xf, 0xfe, 0x8d, 0x80, 0x7f,
    0x95, 0x0, 0x3f, 0xfa, 0xa, 0x60, 0x1f, 0xe9,
    0x0, 0xff, 0xe8, 0xf0, 0x7, 0xf8, 0xa0, 0x3,
    0xff, 0xa0, 0x4c, 0x1, 0xfe, 0x72, 0x0, 0xff,
    0xe8, 0x48, 0x80, 0x7f, 0xa4, 0x3, 0xff, 0xa3,
    0x0, 0x1f, 0xe4, 0x50, 0xf, 0xfe, 0x83, 0x18,
    0x7, 0xfa, 0xc0,

    /* U+004C "L" */
    0xbf, 0xff, 0xe3, 0x0, 0xff, 0xff, 0x80, 0x7f,
    0xff, 0xc0, 0x3f, 0xff, 0xe0, 0x1f, 0xff, 0xf0,
    0xf, 0xff, 0xf8, 0x7, 0xff, 0xfc, 0x3, 0xff,
    0xfe, 0x1, 0xff, 0xff, 0x0, 0xff, 0xff, 0x80,
    0x7f, 0xff, 0xc0, 0x3f, 0xff, 0xe0, 0x1f, 0xff,
    0xf0, 0xf, 0xff, 0xf8, 0x7, 0xff, 0xfc, 0x3,
    0xff, 0xfe, 0x1, 0xff, 0xff, 0x0, 0xff, 0xff,
    0x80, 0x7f, 0xff, 0xc0, 0x3f, 0xff, 0xe0, 0x1f,
    0xff, 0xf0, 0xf, 0xfe, 0xde, 0x7f, 0xff, 0xf2,
    0xc8, 0x3, 0xff, 0xfe, 0x1, 0xff, 0xff, 0x0,
    0xff, 0xff, 0x80, 0x7f, 0xf2, 0x0,

    /* U+004D "M" */
    0x8f, 0xff, 0xfb, 0x40, 0x3f, 0xdf, 0xff, 0xfc,
    0x6, 0x0, 0xff, 0xe0, 0x10, 0x80, 0x7e, 0x50,
    0xf, 0xfe, 0x72, 0x0, 0x7e, 0xc0, 0xf, 0xfe,
    0x76, 0x0, 0x7e, 0x70, 0xf, 0xfe, 0x72, 0x0,
    0x7c, 0x42, 0x1, 0xff, 0xce, 0x21, 0x0, 0xf2,
    0x80, 0x7f, 0xf4, 0x10, 0x3, 0xd8, 0x1, 0xff,
    0xd0, 0xc0, 0xf, 0x20, 0x7, 0xff, 0x41, 0x0,
    0x39, 0x0, 0x3f, 0xfa, 0x24, 0x20, 0x1b, 0x40,
    0x3f, 0xfa, 0x48, 0x1, 0x90, 0x3, 0xff, 0xa5,
    0x80, 0x11, 0x10, 0x3, 0xff, 0xa4, 0x80, 0x12,
    0x0, 0x78, 0x40, 0x3f, 0xf8, 0xc2, 0x1, 0xc4,
    0x20, 0xd, 0x0, 0xf2, 0x0, 0x7f, 0xf1, 0x90,
    0x3, 0xc8, 0x0, 0x40, 0xf, 0x60, 0x7, 0xff,
    0x1b, 0x0, 0x3d, 0x80, 0x80, 0x1e, 0x33, 0x0,
    0x7f, 0xf1, 0x94, 0x3, 0xc8, 0x18, 0x1, 0xeb,
    0x0, 0xff, 0xe3, 0x8a, 0x0, 0x71, 0xa, 0x80,
    0x79, 0x40, 0x3f, 0xf8, 0xe3, 0xa0, 0x1e, 0x62,
    0x0, 0xe1, 0x20, 0xf, 0xfe, 0x42, 0x0, 0x7a,
    0x40, 0x3c, 0xe0, 0x60, 0x1f, 0xfc, 0x72, 0x20,
    0x7, 0x8, 0x7, 0xb4, 0x3, 0xff, 0x90, 0xe0,
    0x80, 0x1f, 0xfc, 0x4, 0x0, 0xff, 0xe5, 0x60,
    0x7, 0xfc, 0x80, 0x1, 0x0, 0xff, 0xe4, 0x28,
    0x7, 0xfd, 0xa0, 0x1f, 0xfc, 0x91, 0x0, 0x18,
    0x7, 0xf9, 0xc0, 0x3f, 0xf9, 0x96, 0x1, 0xfc,
    0x62, 0x1, 0xff, 0xcc, 0x40, 0xf, 0xe4, 0x0,
    0xbc, 0x3, 0xff, 0x92, 0x62, 0x1, 0xfa, 0xc0,
    0x3f, 0xf9, 0x46, 0x1, 0x20, 0x7, 0xc2, 0x60,
    0x1f, 0xfc, 0xef, 0x0, 0xf9, 0xc0, 0x30, 0x80,
    0x7f, 0xf2, 0x90, 0x3, 0xec, 0x0, 0xff, 0xe5,
    0x88, 0x4, 0x24, 0x1, 0xe5, 0x0, 0xff, 0xe8,
    0x28, 0x7, 0x20, 0x7, 0xff, 0x47, 0x0, 0x3b,
    0x40, 0x38, 0xc0, 0x3f, 0xf9, 0x68, 0x45, 0xce,
    0x1, 0xff, 0xcc, 0xf0, 0xe, 0xdd, 0xe1, 0x0,
    0xff, 0xff, 0x80, 0x4, 0x3, 0xff, 0xfe, 0x1,
    0xff, 0xff, 0x0, 0xff, 0xff, 0x80, 0x7f, 0xff,
    0xc0, 0x3f, 0xff, 0xe0, 0x1f, 0xff, 0xf0, 0xf,
    0xff, 0x98,

    /* U+004E "N" */
    0xaf, 0xff, 0xe7, 0x0, 0xff, 0xe0, 0xcf, 0xff,
    0xf2, 0x80, 0x7f, 0xa4, 0x3, 0xff, 0xac, 0x2a,
    0x1, 0xff, 0xd6, 0x90, 0xf, 0xfe, 0xb1, 0x90,
    0x7, 0xff, 0x5a, 0xc0, 0x3f, 0xfa, 0xcc, 0x20,
    0x1f, 0xfd, 0x66, 0x0, 0xff, 0xeb, 0x50, 0x7,
    0xff, 0x58, 0x90, 0x3, 0xff, 0xad, 0xe0, 0x1f,
    0xfd, 0x64, 0x20, 0xf, 0xfe, 0xb5, 0x80, 0x7f,
    0xf5, 0x98, 0x3, 0xff, 0xae, 0xc0, 0x1f, 0xfd,
    0x6b, 0x0, 0xff, 0xeb, 0x12, 0x0, 0x7f, 0xf5,
    0xb8, 0x3, 0xff, 0xac, 0xa2, 0x1, 0xff, 0xce,
    0x70, 0xf, 0xa4, 0x3, 0xff, 0x9d, 0x84, 0x1,
    0xe6, 0x0, 0xff, 0xe7, 0xd8, 0x7, 0x85, 0x80,
    0x3f, 0xf9, 0xcc, 0x1, 0xf5, 0x0, 0x7f, 0xf3,
    0xd8, 0x3, 0xc6, 0x60, 0xf, 0xfe, 0x75, 0x80,
    0x7d, 0x20, 0x1f, 0xfc, 0xe2, 0x40, 0xf, 0x28,
    0x80, 0x7f, 0xf3, 0xbc, 0x3, 0xe6, 0x0, 0xff,
    0xe7, 0x21, 0x0, 0x7a, 0x40, 0x3f, 0xf9, 0xf4,
    0x1, 0xe1, 0x50, 0xf, 0xfe, 0x73, 0x0, 0x7d,
    0x20, 0x1f, 0xfc, 0xe1, 0x60, 0xf, 0x19, 0x0,
    0x7f, 0xf3, 0xa8, 0x3, 0xeb, 0x0, 0xff, 0xe7,
    0x19, 0x80, 0x3c, 0xc6, 0x1, 0xff, 0xce, 0x90,
    0xf, 0x94, 0x3, 0xff, 0x9c, 0xa2, 0x1, 0xff,
    0xd6, 0x90, 0xf, 0xfe, 0xb3, 0x0, 0x7f, 0xf5,
    0x85, 0x40, 0x3f, 0xfa, 0xd2, 0x1, 0xff, 0xd6,
    0x33, 0x0, 0x7f, 0xf5, 0xa4, 0x3, 0xff, 0xac,
    0xa2, 0x1, 0xff, 0xd6, 0x60, 0xf, 0xfe, 0xb4,
    0x80, 0x7f, 0xf5, 0x85, 0x40, 0x3f, 0xfa, 0xd2,
    0x1, 0xff, 0xd6, 0x32, 0x0, 0xff, 0xeb, 0x58,
    0x7, 0xff, 0x59, 0x84, 0x3, 0xff, 0xac, 0xc0,
    0x1f, 0xfd, 0x6a, 0x0, 0xff, 0xeb, 0x12, 0x0,
    0x7f, 0x80,

    /* U+004F "O" */
    0x0, 0xff, 0xe1, 0x92, 0xb3, 0xbc, 0xa6, 0x20,
    0x1f, 0xfc, 0xf4, 0xae, 0xda, 0x98, 0x8a, 0xb3,
    0xb6, 0x8, 0x3, 0xff, 0x94, 0xbb, 0x6a, 0x20,
    0x1f, 0xc4, 0xfb, 0x64, 0x1, 0xff, 0xc6, 0x1b,
    0xa2, 0x0, 0xff, 0xe1, 0xa6, 0xc0, 0x7, 0xff,
    0x10, 0xfd, 0x0, 0x3f, 0xf8, 0xef, 0x82, 0x1,
    0xff, 0xc1, 0x3c, 0x10, 0xf, 0xfe, 0x49, 0xf9,
    0x0, 0x7f, 0xc3, 0xa0, 0x1f, 0xfc, 0xc1, 0xf1,
    0x0, 0xff, 0x68, 0x80, 0x7f, 0xf3, 0x4a, 0x80,
    0x3f, 0x9c, 0xc0, 0x3f, 0xe1, 0x34, 0x20, 0xf,
    0xfe, 0x2, 0x30, 0x7, 0xc3, 0x0, 0x1f, 0xe5,
    0xce, 0xcb, 0xdf, 0xa2, 0x0, 0xff, 0x48, 0x80,
    0x7a, 0x0, 0x3f, 0xd3, 0x46, 0x1, 0xcb, 0xaa,
    0x1, 0xfe, 0x80, 0xe, 0x16, 0x0, 0xfe, 0x76,
    0x0, 0xfe, 0xa4, 0x0, 0xfe, 0x61, 0x0, 0xce,
    0x1, 0xfc, 0x50, 0x1, 0xff, 0x50, 0x7, 0xf9,
    0x80, 0x35, 0x0, 0x7f, 0x40, 0x7, 0xff, 0x0,
    0x60, 0x3, 0xfa, 0x80, 0x21, 0x30, 0xf, 0xc2,
    0xa0, 0x1f, 0xfc, 0x16, 0x0, 0xfe, 0x22, 0x0,
    0x10, 0x3, 0xf9, 0x0, 0x3f, 0xf8, 0x42, 0x80,
    0x1f, 0xc8, 0x0, 0xd0, 0xf, 0xec, 0x0, 0xff,
    0xe1, 0xe8, 0x7, 0xf6, 0x0, 0xc, 0x3, 0xf9,
    0x40, 0x3f, 0xf8, 0x68, 0x1, 0xfc, 0xe0, 0x5,
    0x0, 0xfe, 0x20, 0xf, 0xfe, 0x19, 0x0, 0x7f,
    0x10, 0x0, 0x40, 0x3f, 0x84, 0x3, 0xff, 0x88,
    0x20, 0x1f, 0xc4, 0x20, 0x1f, 0xc2, 0x1, 0xff,
    0xc5, 0x20, 0xf, 0xe1, 0x30, 0xf, 0xe3, 0x0,
    0xff, 0xe2, 0xb8, 0x7, 0xf3, 0x80, 0x7f, 0xf6,
    0xc4, 0x3, 0xff, 0xb2, 0x20, 0x1f, 0xff, 0xf0,
    0xf, 0xff, 0xf8, 0x7, 0xff, 0xfc, 0x3, 0xff,
    0xc8, 0x20, 0x1f, 0xfd, 0x91, 0x0, 0xff, 0xed,
    0x98, 0x7, 0xf1, 0x80, 0x7f, 0xf1, 0x5c, 0x3,
    0xf9, 0xc4, 0x3, 0xf8, 0x40, 0x3f, 0xf8, 0xa4,
    0x1, 0xfc, 0x20, 0x20, 0x1f, 0xc2, 0x1, 0xff,
    0xc4, 0x10, 0xf, 0xe2, 0x5, 0x0, 0xfe, 0x20,
    0xf, 0xfe, 0x19, 0x80, 0x7f, 0x10, 0x0, 0xc0,
    0x3f, 0x90, 0x3, 0xff, 0x86, 0xa0, 0x1f, 0xce,
    0x0, 0xd0, 0xf, 0xed, 0x0, 0xff, 0xe1, 0xe0,
    0x7, 0xf6, 0x0, 0x10, 0x3, 0xf9, 0x40, 0x3f,
    0xf8, 0x6a, 0x1, 0xfc, 0x80, 0x1, 0x30, 0xf,
    0xe5, 0x0, 0xff, 0xe0, 0xb8, 0x7, 0xf1, 0x10,
    0x2, 0xb0, 0xf, 0xe8, 0x0, 0xff, 0xe0, 0xc,
    0x80, 0x7f, 0x50, 0x6, 0x60, 0xf, 0xe2, 0x70,
    0xf, 0xfa, 0xc4, 0x3, 0xf9, 0x80, 0x30, 0xb0,
    0x7, 0xf4, 0x28, 0x7, 0xf4, 0xa8, 0x7, 0xf3,
    0x8, 0x7, 0x40, 0x7, 0xfa, 0xa8, 0x40, 0x1c,
    0x98, 0xc0, 0x1f, 0xe8, 0x0, 0xf0, 0xc0, 0x7,
    0xf9, 0x77, 0x57, 0x59, 0xf6, 0x60, 0x1f, 0xe9,
    0x10, 0xf, 0x9c, 0xc0, 0x3f, 0xe2, 0x45, 0x30,
    0xf, 0xfe, 0x2, 0x30, 0x7, 0xf6, 0x88, 0x7,
    0xff, 0x34, 0xa8, 0x3, 0xfc, 0x3a, 0x20, 0x1f,
    0xfc, 0xb2, 0xc1, 0x0, 0xff, 0x8f, 0x4, 0x3,
    0xff, 0x92, 0x78, 0x20, 0x1f, 0xfc, 0x12, 0xf4,
    0x0, 0xff, 0xe3, 0xb6, 0x8, 0x7, 0xff, 0xc,
    0x6e, 0x88, 0x3, 0xff, 0x86, 0x99, 0x20, 0x1f,
    0xfc, 0x75, 0xdb, 0x51, 0x0, 0xfe, 0x27, 0xdb,
    0x30, 0xf, 0xfe, 0x52, 0x57, 0x6d, 0xcc, 0x45,
    0x37, 0xdb, 0x4, 0x1, 0xff, 0xc0,

    /* U+0050 "P" */
    0xcf, 0xff, 0xfe, 0x3e, 0xdc, 0x28, 0x7, 0xff,
    0x50, 0x91, 0xeb, 0xe9, 0x0, 0x3f, 0xfa, 0xcb,
    0x78, 0x60, 0x1f, 0xfd, 0x63, 0xc9, 0x0, 0xff,
    0xeb, 0xb6, 0x8, 0x7, 0xff, 0x58, 0xf0, 0x40,
    0x3f, 0xfa, 0xc5, 0x40, 0x1f, 0xfd, 0x74, 0x60,
    0xf, 0xfe, 0x6, 0xf7, 0x7e, 0xc9, 0x30, 0xf,
    0xfa, 0x4, 0x3, 0xff, 0x80, 0x23, 0xf8, 0xdb,
    0x28, 0x3, 0xfc, 0x32, 0x1, 0xff, 0xcb, 0x5c,
    0x0, 0xff, 0x30, 0x7, 0xff, 0x30, 0xe4, 0x3,
    0xf8, 0x50, 0x3, 0xff, 0x98, 0xc4, 0x1, 0xfd,
    0x80, 0x1f, 0xfc, 0xda, 0x0, 0xfe, 0x30, 0xf,
    0xfe, 0x6a, 0x0, 0x7f, 0x30, 0x7, 0xff, 0x34,
    0xc0, 0x3f, 0x88, 0x3, 0xff, 0xfe, 0x1, 0xff,
    0xca, 0x10, 0xf, 0xe1, 0x0, 0xff, 0xe6, 0xa0,
    0x7, 0xf1, 0x0, 0x7f, 0xf3, 0x7c, 0x3, 0xf9,
    0x40, 0x3f, 0xf9, 0x86, 0xa0, 0x1f, 0xd8, 0x1,
    0xff, 0xcb, 0x1e, 0x0, 0xff, 0x28, 0x7, 0xff,
    0x28, 0xf0, 0x80, 0x3f, 0x94, 0x3, 0xff, 0x90,
    0x4b, 0x78, 0x40, 0x1f, 0xe8, 0x0, 0xff, 0xb7,
    0xff, 0xf6, 0xd2, 0x0, 0x7f, 0xce, 0x40, 0x1f,
    0xfd, 0x52, 0x80, 0xf, 0xfe, 0xa8, 0xe0, 0x7,
    0xff, 0x54, 0xb0, 0x40, 0x3f, 0xfa, 0x89, 0x84,
    0x1, 0xff, 0xd3, 0x2a, 0xb1, 0x0, 0xff, 0xe9,
    0x1d, 0x6a, 0x80, 0x7f, 0xf3, 0xc4, 0xd6, 0x77,
    0x14, 0x3, 0xff, 0x8f, 0x9d, 0xdf, 0xbf, 0xb2,
    0x98, 0x80, 0x3f, 0xf9, 0x22, 0x3f, 0xc0, 0x1f,
    0xff, 0xf0, 0xf, 0xff, 0xf8, 0x7, 0xff, 0xfc,
    0x3, 0xff, 0xfe, 0x1, 0xff, 0xff, 0x0, 0xff,
    0xff, 0x80, 0x7f, 0xff, 0xc0, 0x3f, 0xff, 0xe0,
    0x1f, 0xfd, 0x10,

    /* U+0051 "Q" */
    0x0, 0xff, 0xe1, 0x8a, 0x33, 0xbc, 0xc8, 0x20,
    0x1f, 0xfd, 0x12, 0x8d, 0xeb, 0x98, 0x8a, 0x6f,
    0xb6, 0x4c, 0x3, 0xff, 0x98, 0x57, 0xae, 0x40,
    0x1f, 0xc4, 0xd9, 0x84, 0x0, 0xff, 0xe4, 0xc6,
    0xa0, 0x7, 0xff, 0xc, 0xee, 0x84, 0x3, 0xff,
    0x8a, 0x38, 0xe0, 0x1f, 0xfc, 0x75, 0xf3, 0x0,
    0xff, 0xe1, 0x8e, 0x18, 0x7, 0xff, 0x24, 0x70,
    0xc0, 0x3f, 0xf8, 0x5a, 0x40, 0x1f, 0xfc, 0xcc,
    0x20, 0xf, 0xfe, 0x4, 0x98, 0x7, 0xff, 0x3b,
    0xc4, 0x3, 0xfc, 0x8c, 0x1, 0xff, 0xc0, 0x34,
    0x30, 0xf, 0xfe, 0x1, 0x58, 0x7, 0xfa, 0x40,
    0x3f, 0xc7, 0x7f, 0x97, 0x9f, 0x68, 0x1, 0xfe,
    0x54, 0x0, 0xfc, 0xa4, 0x1, 0xfc, 0xd8, 0x80,
    0x1c, 0x97, 0x20, 0x1f, 0xe9, 0x0, 0xfd, 0x20,
    0x1f, 0xcb, 0x20, 0x1f, 0xcd, 0x20, 0x1f, 0xc4,
    0x80, 0x1e, 0x33, 0x0, 0x7f, 0x58, 0x7, 0xfc,
    0xc8, 0x1, 0xfd, 0xe0, 0x1e, 0xb0, 0xf, 0xe7,
    0x10, 0xf, 0xfe, 0x4, 0x80, 0x7f, 0x20, 0x80,
    0x72, 0x80, 0x7f, 0x50, 0x7, 0xff, 0x4, 0x90,
    0x3, 0xf9, 0xc0, 0x30, 0x90, 0x7, 0xe2, 0x20,
    0x7, 0xff, 0xb, 0x40, 0x3f, 0xb4, 0x3, 0x20,
    0x7, 0xf2, 0x0, 0x7f, 0xf0, 0xdc, 0x3, 0xf9,
    0x40, 0x36, 0x80, 0x7f, 0x70, 0x7, 0xff, 0xc,
    0x44, 0x1, 0xf8, 0x48, 0x2, 0x20, 0xf, 0xe3,
    0x0, 0xff, 0xe2, 0x28, 0x7, 0xf3, 0x0, 0x4c,
    0x1, 0xfc, 0xe0, 0x1f, 0xfc, 0x42, 0x0, 0xfe,
    0x20, 0x8, 0x80, 0x3f, 0x88, 0x3, 0xff, 0x89,
    0xc0, 0x1f, 0xdc, 0x1, 0x8, 0x7, 0xf0, 0x80,
    0x7f, 0xf1, 0x4, 0x3, 0xf8, 0x40, 0x3f, 0xff,
    0xe0, 0x1e, 0x30, 0xf, 0xff, 0xf8, 0x7, 0xff,
    0xfc, 0x3, 0xff, 0xfe, 0x1, 0xff, 0xff, 0x0,
    0xff, 0xff, 0x80, 0x7f, 0xf5, 0x8c, 0x2, 0x10,
    0xf, 0xe1, 0x0, 0xff, 0xe2, 0x8, 0x7, 0xf0,
    0x80, 0x46, 0x1, 0xfc, 0x40, 0x1f, 0xfc, 0x4e,
    0x0, 0xfe, 0xe0, 0x9, 0x80, 0x3f, 0x98, 0x3,
    0xff, 0x88, 0xa0, 0x1f, 0xc4, 0x1, 0x18, 0x7,
    0xf6, 0x80, 0x7f, 0xf1, 0xc, 0x3, 0xf9, 0x40,
    0x2c, 0x0, 0xfe, 0x40, 0xf, 0xfe, 0x1a, 0x0,
    0x7f, 0x8, 0x80, 0x24, 0x0, 0xfe, 0x31, 0x0,
    0xff, 0xe1, 0x70, 0x7, 0xf3, 0x80, 0x72, 0x0,
    0x7f, 0x30, 0x7, 0xff, 0x4, 0x54, 0x3, 0xfb,
    0x40, 0x3b, 0x40, 0x3f, 0xa4, 0x40, 0x3f, 0xf8,
    0x16, 0x1, 0xfc, 0x28, 0x1, 0xcc, 0x20, 0x1f,
    0x86, 0xc0, 0x3f, 0xe5, 0x50, 0x7, 0xf4, 0x80,
    0x7c, 0xc0, 0x1f, 0xcb, 0x20, 0x1f, 0xcb, 0x40,
    0x1f, 0xe6, 0x0, 0xfa, 0x4, 0x3, 0xf9, 0xb1,
    0x0, 0x38, 0xea, 0x80, 0x1f, 0xe8, 0x10, 0xf,
    0xd6, 0x1, 0xfe, 0x3b, 0xeb, 0xab, 0xec, 0x50,
    0xf, 0xf1, 0xb8, 0x7, 0xf2, 0xa8, 0x3, 0xfe,
    0x14, 0x54, 0x10, 0xf, 0xfe, 0x7, 0x0, 0x7f,
    0xd4, 0x40, 0x1f, 0xfc, 0xeb, 0x20, 0xf, 0xfe,
    0x6, 0x10, 0x7, 0xff, 0x31, 0x90, 0x3, 0xff,
    0x82, 0x38, 0x60, 0x1f, 0xfc, 0xb6, 0x70, 0xf,
    0xfe, 0x10, 0xe3, 0x80, 0x7f, 0xf2, 0xe2, 0x0,
    0x1f, 0xfc, 0x38, 0xd4, 0x0, 0xff, 0xe5, 0x3c,
    0x80, 0x7f, 0xf0, 0xca, 0xf5, 0xc8, 0x3, 0xf8,
    0x40, 0x3f, 0xcd, 0x60, 0x1f, 0xfc, 0x42, 0x8d,
    0xeb, 0x98, 0x8a, 0x6f, 0xb8, 0xc0, 0x1f, 0xe4,
    0xc1, 0x0, 0xff, 0xe2, 0x8a, 0x33, 0xbc, 0xc8,
    0x21, 0x2e, 0x1, 0xfe, 0x3c, 0x10, 0xf, 0xfe,
    0x7c, 0x40, 0x3, 0xfc, 0x5e, 0x40, 0x1f, 0xfc,
    0xf7, 0x90, 0xf, 0xf0, 0xa0, 0x7, 0xff, 0x41,
    0xa8, 0x3, 0xfa, 0x98, 0x3, 0xff, 0xa2, 0xb6,
    0x1, 0xf5, 0xa8, 0x7, 0xff, 0x4d, 0x30, 0x40,
    0x21, 0xc4, 0x0, 0xff, 0xea, 0x9e, 0x8, 0x16,
    0x18, 0x7, 0xff, 0x5c, 0xb1, 0x70, 0x80, 0x30,

    /* U+0052 "R" */
    0x6f, 0xff, 0xfe, 0x3f, 0x65, 0x39, 0x80, 0x7f,
    0xf5, 0x84, 0xd6, 0x33, 0xa4, 0xc0, 0x3f, 0xfb,
    0x2, 0xd9, 0x83, 0x0, 0xff, 0xec, 0x9e, 0x48,
    0x7, 0xff, 0x69, 0xb0, 0x40, 0x3f, 0xfb, 0x27,
    0x80, 0x1f, 0xfd, 0xa2, 0xa0, 0xf, 0xfe, 0xd2,
    0xa8, 0x3, 0xff, 0x84, 0xfd, 0xdf, 0xb6, 0x94,
    0x3, 0xff, 0x81, 0x0, 0x1f, 0xfc, 0x2f, 0x11,
    0xfc, 0x4b, 0x5c, 0xa0, 0x1f, 0xe2, 0x40, 0xf,
    0xfe, 0x68, 0xd3, 0x80, 0x7f, 0xb8, 0x3, 0xff,
    0x9f, 0x8, 0x1, 0xfc, 0x80, 0x1f, 0xfd, 0x8,
    0x0, 0xfe, 0x12, 0x0, 0xff, 0xe7, 0x98, 0x80,
    0x7f, 0x30, 0x7, 0xff, 0x41, 0x0, 0x3f, 0x88,
    0x3, 0xff, 0xa0, 0x40, 0x1f, 0xfd, 0xaf, 0x0,
    0xff, 0xed, 0x78, 0x7, 0xff, 0x68, 0x80, 0x3f,
    0x88, 0x3, 0xff, 0xa0, 0x80, 0x1f, 0xcc, 0x1,
    0xff, 0xcf, 0x41, 0x0, 0xfc, 0x24, 0x1, 0xff,
    0xcf, 0x80, 0xf, 0xe7, 0x0, 0xff, 0xe7, 0xc1,
    0x80, 0x7f, 0x68, 0x7, 0xff, 0x34, 0x69, 0xc0,
    0x3f, 0x89, 0x0, 0x3f, 0xf8, 0x3e, 0x23, 0xf8,
    0x96, 0xb9, 0x40, 0x3f, 0xd2, 0x1, 0xff, 0xc2,
    0x7e, 0xef, 0xdb, 0x4a, 0x1, 0xff, 0x32, 0x0,
    0x7f, 0xf6, 0xe, 0x40, 0x3f, 0xfb, 0x7, 0x80,
    0x1f, 0xfd, 0x86, 0xc0, 0xf, 0xfe, 0xb9, 0x5c,
    0x80, 0x7f, 0xf5, 0xdf, 0x50, 0x3, 0xff, 0xb0,
    0x60, 0x1f, 0xfd, 0xa4, 0x30, 0xf, 0xfe, 0x44,
    0x7f, 0xfc, 0x60, 0x1f, 0xd0, 0x1, 0xff, 0xd0,
    0x80, 0xf, 0xe4, 0x40, 0x7, 0xff, 0x3d, 0xc,
    0x3, 0xfa, 0x0, 0x3f, 0xfa, 0x10, 0x1, 0xfc,
    0x68, 0x1, 0xff, 0xcf, 0x43, 0x0, 0xfe, 0x90,
    0xf, 0xfe, 0x87, 0x80, 0x7f, 0x12, 0x80, 0x7f,
    0xf3, 0xcd, 0x0, 0x3f, 0xa0, 0x3, 0xff, 0xa1,
    0x0, 0x1f, 0xc4, 0xc0, 0x1f, 0xfc, 0xf3, 0x40,
    0xf, 0xe8, 0x0, 0xff, 0xe8, 0x40, 0x7, 0xf0,
    0xb8, 0x7, 0xff, 0x3c, 0xd0, 0x3, 0xfa, 0x40,
    0x3f, 0xfa, 0x10, 0x1, 0xfc, 0x2e, 0x1, 0xff,
    0xcf, 0x34, 0x0, 0xfe, 0x81, 0x0, 0xff, 0xe7,
    0xc0, 0x7, 0xfa, 0x40, 0x3f, 0xf9, 0xe6, 0xa0,
    0x1f, 0xce, 0x20, 0x1f, 0xfc, 0xf8, 0x0, 0xff,
    0x40, 0x7, 0xff, 0x3c, 0x94, 0x3, 0xf9, 0x88,
    0x3, 0xff, 0x9f, 0x0, 0x1f, 0xe8, 0x0, 0xff,
    0xe7, 0x92, 0x80, 0x7f, 0x28, 0x80,

    /* U+0053 "S" */
    0x0, 0xff, 0xe1, 0x92, 0x33, 0xbc, 0xca, 0x60,
    0x1f, 0xfc, 0xd1, 0x7b, 0xfd, 0xb9, 0x88, 0xa6,
    0xb3, 0xf2, 0x8, 0x3, 0xff, 0x8e, 0x97, 0xd0,
    0x80, 0x1f, 0xf1, 0xbe, 0xe2, 0x0, 0x7f, 0xf0,
    0xc6, 0xec, 0x80, 0x1f, 0xfc, 0x53, 0xbb, 0x10,
    0x7, 0xff, 0x1, 0x79, 0x0, 0x3f, 0xf9, 0x29,
    0xaa, 0x1, 0xfe, 0x6a, 0x0, 0xff, 0xe6, 0xd3,
    0x0, 0x7e, 0x59, 0x0, 0xff, 0xe7, 0xca, 0x80,
    0x78, 0xa8, 0x3, 0xff, 0xa3, 0x44, 0x1, 0xd2,
    0x1, 0xff, 0xc0, 0x36, 0x89, 0x86, 0x30, 0xf,
    0xfe, 0x4, 0x80, 0x63, 0x40, 0xf, 0xf3, 0x76,
    0x4b, 0xb3, 0xce, 0x73, 0x80, 0x7f, 0x91, 0x0,
    0x15, 0x0, 0x7f, 0xae, 0x44, 0x3, 0xe1, 0x8c,
    0x10, 0xf, 0xe8, 0x0, 0x9c, 0x3, 0xfa, 0x90,
    0x3, 0xfe, 0x3a, 0x0, 0xfe, 0x31, 0x2, 0x10,
    0xf, 0xc4, 0xa0, 0x1f, 0xfc, 0x14, 0x50, 0xf,
    0xe7, 0x6, 0x0, 0xfe, 0x50, 0xf, 0xfe, 0x1f,
    0x0, 0x7f, 0x78, 0x8, 0x7, 0xf6, 0x80, 0x7f,
    0xf0, 0xd0, 0x3, 0xf9, 0x40, 0x3f, 0xe3, 0x0,
    0xff, 0xe2, 0x10, 0x7, 0xe1, 0x6, 0x0, 0xfe,
    0xf0, 0xf, 0xfe, 0x24, 0xd5, 0x7e, 0x90, 0x20,
    0xf, 0xe6, 0x20, 0xf, 0xfe, 0x1a, 0x2a, 0xfe,
    0x40, 0x12, 0x0, 0xfe, 0xe1, 0x0, 0xff, 0xe7,
    0x28, 0x7, 0xf1, 0xe1, 0x80, 0x7f, 0xf3, 0x64,
    0x3, 0xfc, 0x59, 0x22, 0x1, 0xff, 0xcb, 0x16,
    0x0, 0xff, 0x9b, 0xa9, 0x0, 0x3f, 0xf9, 0x52,
    0x40, 0x1f, 0xfc, 0x5, 0xbe, 0x95, 0x0, 0xff,
    0xe4, 0x70, 0x7, 0xff, 0x8, 0x5a, 0xbe, 0xd8,
    0x3, 0xff, 0x8a, 0x76, 0x1, 0xff, 0xc5, 0x49,
    0xf9, 0x20, 0xf, 0xfe, 0x1a, 0x60, 0x80, 0x7f,
    0xf1, 0x9b, 0x68, 0x80, 0x3f, 0xf8, 0x47, 0xea,
    0x1, 0xff, 0xc7, 0x5d, 0x70, 0xf, 0xfe, 0x10,
    0xd5, 0x90, 0x7, 0xff, 0x1e, 0x30, 0x40, 0x3f,
    0xf8, 0x49, 0xb2, 0x40, 0x1f, 0xfc, 0x63, 0xf2,
    0x0, 0xff, 0xe1, 0xb6, 0xda, 0x0, 0x7f, 0xf1,
    0x47, 0x8, 0x3, 0xff, 0x88, 0x97, 0xd2, 0x80,
    0x1f, 0xfc, 0x31, 0xf0, 0xf, 0xfe, 0x30, 0xb5,
    0xfd, 0xb0, 0x80, 0x7f, 0xf0, 0xa, 0x40, 0x3f,
    0xf9, 0x29, 0x3d, 0x46, 0x1, 0xff, 0x31, 0x80,
    0x7f, 0xf2, 0xd7, 0x28, 0x40, 0x3f, 0xd0, 0x1,
    0xff, 0xcd, 0x5f, 0x20, 0xf, 0xe4, 0x20, 0xf,
    0xfe, 0x68, 0xe0, 0x80, 0x7f, 0x29, 0x19, 0xfe,
    0x20, 0xf, 0xfe, 0x20, 0xc0, 0x7, 0xf6, 0xfe,
    0x67, 0xf0, 0x7, 0xff, 0x15, 0xc0, 0x3f, 0x9c,
    0x40, 0x3f, 0x8, 0x7, 0xff, 0x14, 0x44, 0x1,
    0xf8, 0xd8, 0x3, 0xf8, 0xc0, 0x3f, 0xf8, 0xa6,
    0x1, 0xfd, 0xa0, 0x1f, 0xd6, 0x1, 0xff, 0xc5,
    0x30, 0xf, 0xc6, 0x80, 0x1f, 0xcc, 0x20, 0x1f,
    0xfc, 0x33, 0x10, 0xf, 0xc2, 0x62, 0x1, 0xf8,
    0x6c, 0x3, 0xff, 0x87, 0x0, 0x1f, 0xca, 0x12,
    0x1, 0xfc, 0xb4, 0x1, 0xff, 0xc1, 0x94, 0x0,
    0xfe, 0xd0, 0x71, 0x0, 0xfe, 0x5d, 0x50, 0xf,
    0xe4, 0xc6, 0x0, 0xfe, 0x14, 0x0, 0x58, 0x7,
    0xf8, 0xab, 0xee, 0x1d, 0x98, 0xf5, 0xd6, 0x60,
    0x1f, 0xe9, 0x0, 0x95, 0x80, 0x3f, 0xf8, 0x8,
    0xf1, 0x32, 0x85, 0x10, 0xf, 0xf8, 0x9c, 0x3,
    0x4a, 0x0, 0x7f, 0xf4, 0xb8, 0x3, 0xd6, 0xa0,
    0x1f, 0xfd, 0xb, 0x30, 0xf, 0xaa, 0x0, 0x3f,
    0xf9, 0xa3, 0x88, 0x1, 0xfc, 0xfa, 0x80, 0x1f,
    0xfc, 0xa5, 0xf3, 0x0, 0xff, 0x8a, 0xf1, 0x0,
    0x3f, 0xf8, 0xc9, 0x94, 0x20, 0x1f, 0xfc, 0x23,
    0xbe, 0x95, 0x10, 0xf, 0xf9, 0x23, 0xac, 0xc0,
    0x3f, 0xf8, 0xc2, 0xd5, 0xdc, 0xb9, 0x88, 0xd3,
    0x7b, 0xf6, 0xe2, 0x1, 0xfc,

    /* U+0054 "T" */
    0xf, 0xff, 0xfe, 0xe9, 0x80, 0x7f, 0xff, 0xc0,
    0x3f, 0xff, 0xe0, 0x1f, 0xff, 0xf0, 0xf, 0xff,
    0xf8, 0x3, 0xbb, 0xff, 0x86, 0xe0, 0x1f, 0xd1,
    0xdd, 0xff, 0xc3, 0x30, 0x11, 0xff, 0xe1, 0xf8,
    0x7, 0xf8, 0x47, 0xff, 0x86, 0x1, 0xff, 0xff,
    0x0, 0xff, 0xff, 0x80, 0x7f, 0xff, 0xc0, 0x3f,
    0xff, 0xe0, 0x1f, 0xff, 0xf0, 0xf, 0xff, 0xf8,
    0x7, 0xff, 0xfc, 0x3, 0xff, 0xfe, 0x1, 0xff,
    0xff, 0x0, 0xff, 0xff, 0x80, 0x7f, 0xff, 0xc0,
    0x3f, 0xff, 0xe0, 0x1f, 0xff, 0xf0, 0xf, 0xff,
    0xf8, 0x7, 0xff, 0xfc, 0x3, 0xff, 0xfe, 0x1,
    0xff, 0xff, 0x0, 0xff, 0xff, 0x80, 0x7f, 0xff,
    0xc0, 0x3f, 0xff, 0xe0, 0x1f, 0xff, 0xf0, 0xf,
    0xff, 0xf8, 0x7, 0xff, 0xfc, 0x3, 0xff, 0xfe,
    0x1, 0xf0,

    /* U+0055 "U" */
    0x8f, 0xff, 0xe5, 0x0, 0xff, 0xe0, 0x8f, 0xff,
    0xf5, 0x80, 0x7f, 0xff, 0xc0, 0x3f, 0xff, 0xe0,
    0x1f, 0xff, 0xf0, 0xf, 0xff, 0xf8, 0x7, 0xff,
    0xfc, 0x3, 0xff, 0xfe, 0x1, 0xff, 0xff, 0x0,
    0xff, 0xf7, 0x98, 0x7, 0xff, 0xfc, 0x3, 0xff,
    0xfe, 0x1, 0xff, 0xff, 0x0, 0xff, 0xfa, 0x88,
    0x7, 0xff, 0x80, 0xc0, 0x3f, 0xff, 0xe0, 0x1f,
    0xfe, 0x97, 0x0, 0xff, 0xff, 0x80, 0x7f, 0xf4,
    0x84, 0x3, 0xff, 0xaa, 0xe0, 0x1f, 0xfc, 0xc1,
    0x0, 0xff, 0x78, 0x7, 0xf7, 0x0, 0x7f, 0xf0,
    0x5c, 0x3, 0xf8, 0x44, 0x1, 0xfc, 0x40, 0x1f,
    0xfc, 0x12, 0x0, 0xfe, 0x35, 0x0, 0xfe, 0x60,
    0xf, 0xfe, 0xf, 0x80, 0x7f, 0x71, 0x0, 0x7f,
    0x18, 0x80, 0x7f, 0xf0, 0x1c, 0x3, 0xf8, 0xc4,
    0x80, 0x3f, 0x9c, 0x3, 0xfe, 0x41, 0x0, 0xfe,
    0x40, 0x50, 0xf, 0xeb, 0x0, 0xff, 0xa0, 0x3,
    0xf9, 0x0, 0x16, 0x1, 0xfc, 0x52, 0x1, 0xfd,
    0x26, 0x1, 0xfd, 0xa0, 0x3, 0x30, 0x7, 0xf3,
    0x50, 0x80, 0x70, 0xd3, 0x0, 0x7f, 0x98, 0x2,
    0x80, 0xf, 0xf2, 0xf5, 0xc3, 0xce, 0x72, 0x80,
    0x7f, 0xa0, 0x3, 0x22, 0x0, 0x3f, 0xe4, 0x78,
    0x63, 0x0, 0xff, 0x85, 0xc0, 0x3a, 0x84, 0x3,
    0xff, 0x9d, 0xa0, 0x1e, 0x1d, 0x0, 0xff, 0xe6,
    0xc9, 0x80, 0x7c, 0x78, 0x20, 0x1f, 0xfc, 0xa9,
    0x60, 0xf, 0xe3, 0xc3, 0x0, 0xff, 0xe3, 0x96,
    0x30, 0x7, 0xfc, 0x59, 0x22, 0x1, 0xff, 0xc3,
    0x18, 0xd3, 0x0, 0xff, 0xe1, 0x37, 0x52, 0x88,
    0x7, 0xf9, 0x2b, 0x9c, 0x3, 0xff, 0x8c, 0xb5,
    0xdb, 0x53, 0x11, 0x4d, 0xef, 0xda, 0x80, 0x7f,
    0x80,

    /* U+0056 "V" */
    0xcf, 0xff, 0xf0, 0x80, 0x7f, 0xf1, 0xbb, 0xff,
    0xfc, 0x16, 0x1, 0xfe, 0x40, 0xf, 0xfe, 0x29,
    0x8, 0x7, 0xf2, 0x82, 0x80, 0x7f, 0xbc, 0x3,
    0xff, 0x8a, 0x80, 0x1f, 0xec, 0x2, 0x20, 0x7,
    0xf2, 0x0, 0x7f, 0xf1, 0x70, 0x3, 0xfc, 0xe0,
    0x4, 0x0, 0xfe, 0x12, 0x0, 0xff, 0xe2, 0x20,
    0x7, 0xf1, 0x88, 0x3, 0x40, 0x3f, 0xc8, 0x1,
    0xff, 0xc3, 0x31, 0x0, 0xfe, 0xb0, 0x9, 0x0,
    0x3f, 0xd8, 0x1, 0xff, 0xc3, 0x40, 0xf, 0xf2,
    0x80, 0x65, 0x0, 0xfe, 0x40, 0xf, 0xfe, 0x1e,
    0x0, 0x7f, 0x9, 0x0, 0x6c, 0x0, 0xfe, 0x12,
    0x0, 0xff, 0xe1, 0x20, 0x7, 0xf3, 0x80, 0x73,
    0x80, 0x7f, 0x90, 0x3, 0xff, 0x82, 0x60, 0x1f,
    0xed, 0x0, 0xe1, 0x30, 0xf, 0xec, 0x0, 0xff,
    0xe0, 0xa0, 0x7, 0xf9, 0x0, 0x3d, 0x60, 0x1f,
    0xc8, 0x1, 0xff, 0xc1, 0xc0, 0xf, 0xe4, 0x0,
    0xf9, 0x0, 0x3f, 0x84, 0x80, 0x3f, 0xf8, 0x8,
    0x1, 0xfd, 0xa0, 0x1f, 0x18, 0x80, 0x7f, 0x28,
    0x7, 0xfc, 0x80, 0x1f, 0xe7, 0x0, 0xfc, 0xe0,
    0x1f, 0xd8, 0x1, 0xff, 0x60, 0x7, 0xf1, 0x88,
    0x7, 0xed, 0x0, 0xfe, 0x40, 0xf, 0xf9, 0x0,
    0x3f, 0x90, 0x3, 0xf9, 0x0, 0x3f, 0xc6, 0x1,
    0xfe, 0x30, 0xf, 0xeb, 0x0, 0xff, 0x20, 0x7,
    0xf2, 0x0, 0x7f, 0x20, 0x7, 0xf0, 0x98, 0x7,
    0xfb, 0x40, 0x3f, 0xb0, 0x3, 0xfb, 0x0, 0x3f,
    0x9c, 0x3, 0xfe, 0x70, 0xf, 0xe4, 0x0, 0xfe,
    0x40, 0xf, 0xed, 0x0, 0xff, 0x84, 0xc0, 0x3f,
    0x8c, 0x3, 0xf1, 0x80, 0x7f, 0x20, 0x7, 0xff,
    0x1, 0x0, 0x3f, 0x90, 0x3, 0xe4, 0x0, 0xfe,
    0x40, 0xf, 0xfe, 0xd, 0x80, 0x7f, 0x60, 0x7,
    0xda, 0x1, 0xfd, 0xa0, 0x1f, 0xfc, 0x13, 0x10,
    0xf, 0xc8, 0x1, 0xf2, 0x0, 0x7f, 0x38, 0x7,
    0xff, 0x9, 0xc0, 0x3f, 0x90, 0x3, 0x84, 0x80,
    0x3f, 0x10, 0x80, 0x7f, 0xf0, 0xb0, 0x3, 0xfb,
    0x0, 0x39, 0x0, 0x3f, 0x94, 0x3, 0xff, 0x86,
    0xa0, 0x1f, 0xc8, 0x1, 0xd8, 0x1, 0xfd, 0x60,
    0x1f, 0xfc, 0x44, 0x0, 0xfc, 0x60, 0x1c, 0x80,
    0x1f, 0x84, 0xc0, 0x3f, 0xf8, 0x9a, 0x1, 0xfc,
    0x80, 0x10, 0x90, 0x7, 0xe7, 0x0, 0xff, 0xe2,
    0xa0, 0x7, 0xf6, 0x0, 0x48, 0x1, 0xfd, 0x80,
    0x1f, 0xfc, 0x52, 0x20, 0x7, 0xe4, 0x0, 0xb0,
    0x3, 0xf9, 0x40, 0x3f, 0xf8, 0xca, 0x1, 0xf8,
    0xc0, 0x27, 0x0, 0xfc, 0x80, 0x1f, 0xfc, 0x7b,
    0x0, 0xfe, 0x40, 0x21, 0x0, 0xfd, 0xa0, 0x1f,
    0xfc, 0x73, 0x10, 0xf, 0xd8, 0x8, 0x1, 0xfc,
    0x80, 0x1f, 0xfc, 0x84, 0x0, 0xfc, 0x81, 0x80,
    0x1f, 0x88, 0x80, 0x1f, 0xfc, 0x8f, 0x0, 0xfc,
    0x62, 0x80, 0x1f, 0x94, 0x3, 0xff, 0x92, 0x80,
    0x1f, 0xcc, 0x20, 0x1f, 0xac, 0x3, 0xff, 0x92,
    0x26, 0x1, 0xfa, 0x0, 0x3f, 0x9, 0x80, 0x7f,
    0xf2, 0xac, 0x3, 0xff, 0x8a, 0x80, 0x1f, 0xfc,
    0xb5, 0x0, 0xff, 0xe2, 0xf8, 0x7, 0xff, 0x2c,
    0x88, 0x1, 0xff, 0xc4, 0x40, 0xf, 0xfe, 0x62,
    0x0, 0x7f, 0xf0, 0xd0, 0x40, 0x3f, 0xf9, 0x9a,
    0x1, 0xff, 0xc3, 0xc0, 0xf, 0xfe, 0x6a, 0x0,
    0x7f, 0xf0, 0xd4, 0x3, 0xff, 0x9c, 0xa0, 0x1f,
    0xfc, 0x12, 0x20, 0x7, 0xff, 0x3b, 0xc0, 0x3f,
    0xf8, 0x2a, 0x1, 0xff, 0xcf, 0x40, 0xf, 0xfe,
    0xe, 0x0, 0x7f, 0xf3, 0xc4, 0xc0, 0x3f, 0xe1,
    0x40, 0xf, 0xfe, 0x85, 0x80, 0x7f, 0xc8, 0x1,
    0xff, 0xd1, 0x50, 0xf, 0xfb, 0xc0, 0x3f, 0xfa,
    0x24, 0x20, 0x1f, 0xe4, 0x0, 0xff, 0xe9, 0x38,
    0x7, 0xf1, 0x88, 0x7, 0xff, 0xc,

    /* U+0057 "W" */
    0xf, 0xff, 0xe0, 0xf, 0x87, 0xff, 0xe1, 0x0,
    0xfa, 0xff, 0xff, 0x28, 0x8, 0x7, 0xe2, 0x0,
    0xf1, 0x0, 0x7c, 0xa0, 0x1f, 0x30, 0x7, 0xe6,
    0x5, 0x0, 0xfc, 0x20, 0x1e, 0x50, 0xf, 0x88,
    0x3, 0xe2, 0x0, 0xfc, 0x40, 0x40, 0x1f, 0x98,
    0x3, 0xdc, 0x1, 0xf7, 0x0, 0x78, 0x40, 0x3f,
    0x84, 0x38, 0x3, 0xf1, 0x0, 0x78, 0x80, 0x3e,
    0x30, 0xf, 0x18, 0x7, 0xe2, 0x0, 0x10, 0x7,
    0xee, 0x0, 0xf3, 0x0, 0x7c, 0xc0, 0x1e, 0x60,
    0xf, 0xcc, 0x0, 0x60, 0xf, 0xc4, 0x1, 0xe3,
    0x0, 0xf8, 0x80, 0x3c, 0x40, 0x1f, 0x8c, 0x0,
    0x40, 0x1f, 0x98, 0x3, 0x84, 0x3, 0xf8, 0x80,
    0x3b, 0x80, 0x3f, 0x70, 0x0, 0x44, 0x1, 0xf1,
    0x0, 0x71, 0x0, 0x7f, 0x30, 0x7, 0x10, 0x7,
    0xe2, 0x0, 0x88, 0x3, 0xf0, 0x80, 0x66, 0x0,
    0xfe, 0x20, 0xe, 0x60, 0xf, 0xcc, 0x1, 0x30,
    0x7, 0xe3, 0x0, 0xda, 0x1, 0xfd, 0xe0, 0x1c,
    0x40, 0x1f, 0x88, 0x2, 0x20, 0xf, 0xcc, 0x1,
    0x88, 0x3, 0xf8, 0x80, 0x38, 0x40, 0x3e, 0x20,
    0xd, 0xc0, 0x1f, 0x88, 0x3, 0x30, 0x7, 0xf3,
    0x0, 0x62, 0x0, 0xfc, 0xc0, 0x18, 0x80, 0x3f,
    0x70, 0x6, 0x20, 0xf, 0xe2, 0x0, 0xcc, 0x1,
    0xf8, 0x80, 0x32, 0x80, 0x7e, 0x20, 0xc, 0x20,
    0x1f, 0xe2, 0x0, 0x84, 0x3, 0xf7, 0x0, 0x61,
    0x0, 0xfc, 0xc0, 0x11, 0x80, 0x7f, 0xce, 0x1,
    0x10, 0x7, 0xe2, 0x0, 0xe2, 0x0, 0xf8, 0x80,
    0x26, 0x0, 0xff, 0x88, 0x2, 0xe0, 0xf, 0xce,
    0x1, 0xcc, 0x1, 0xf0, 0x80, 0x44, 0x1, 0xff,
    0x70, 0x4, 0x40, 0x1f, 0x88, 0x3, 0x88, 0x3,
    0xf0, 0x80, 0x38, 0x3, 0xfe, 0x50, 0x9, 0x80,
    0x3e, 0x10, 0xf, 0x70, 0x7, 0xe2, 0x0, 0x28,
    0x7, 0xfc, 0x40, 0x11, 0x0, 0x7c, 0x40, 0x1e,
    0x30, 0xf, 0xcc, 0x0, 0x20, 0xf, 0xf8, 0x40,
    0x2, 0x1, 0xf9, 0x80, 0x3c, 0xc0, 0x1f, 0x88,
    0x0, 0x20, 0x1c, 0x20, 0x1e, 0x30, 0x20, 0xf,
    0xc4, 0x1, 0xe2, 0x0, 0xfd, 0xc0, 0x40, 0x1e,
    0x40, 0xf, 0x30, 0x30, 0x7, 0xed, 0x0, 0xf8,
    0x40, 0x3e, 0x20, 0x70, 0xf, 0x78, 0x7, 0x88,
    0x8, 0x3, 0xf3, 0x0, 0x7c, 0x40, 0x1f, 0x30,
    0x10, 0x7, 0x90, 0x3, 0xda, 0x1e, 0x1, 0xf8,
    0x80, 0x3e, 0x60, 0xf, 0x88, 0x38, 0x3, 0x84,
    0x44, 0x1, 0xcc, 0x4, 0x1, 0xf8, 0x40, 0x3e,
    0xd0, 0xf, 0xe2, 0x0, 0xe2, 0x7, 0x0, 0xe2,
    0x6, 0x0, 0xf8, 0x80, 0x3f, 0x10, 0x7, 0xe2,
    0x50, 0xe, 0x60, 0xd0, 0xe, 0x11, 0x10, 0x7,
    0xce, 0x1, 0xf9, 0x80, 0x3f, 0x38, 0x80, 0x76,
    0x81, 0x0, 0x79, 0x44, 0x3, 0xe2, 0x0, 0xfc,
    0x40, 0x1f, 0xb4, 0x3, 0xc4, 0xe, 0x1, 0xec,
    0x0, 0xfd, 0xc0, 0x1f, 0x84, 0x3, 0xf2, 0x80,
    0x79, 0xc0, 0x80, 0x3c, 0x80, 0x1f, 0x88, 0x3,
    0xf8, 0x80, 0x3e, 0x20, 0xf, 0x10, 0x0, 0x80,
    0x38, 0xc0, 0x3f, 0x30, 0x7, 0xf3, 0x0, 0x7f,
    0xf0, 0x48, 0x2, 0x60, 0xf, 0xfe, 0x11, 0x0,
    0x7f, 0x18, 0x7, 0xff, 0x5, 0x80, 0x23, 0x0,
    0xff, 0xe0, 0x90, 0x7, 0xfb, 0x80, 0x3f, 0xf8,
    0x26, 0x1, 0x70, 0x7, 0xff, 0x5, 0x80, 0x3f,
    0xc4, 0x1, 0xff, 0xc1, 0xe0, 0x9, 0x40, 0x3f,
    0xf8, 0x24, 0x1, 0xfe, 0x60, 0xf, 0xfe, 0xa,
    0x80, 0x44, 0x1, 0xff, 0xc1, 0xe0, 0xf, 0xf1,
    0x0, 0x7f, 0xf0, 0x48, 0x2, 0x11, 0x0, 0x7f,
    0xf0, 0x8, 0x3, 0xfe, 0x10, 0xf, 0xfe, 0x0,
    0x80, 0x65, 0x0, 0xff, 0xe0, 0x38, 0x7, 0xfc,
    0xa0, 0x1f, 0xf1, 0x80, 0x71, 0x0, 0x7f, 0xf0,
    0x8, 0x3, 0xfe, 0x20, 0xf, 0xf9, 0x80, 0x3b,
    0xc0, 0x3f, 0xe1, 0x0, 0xff, 0xe0, 0x70, 0x7,
    0xfd, 0xa0, 0x1c, 0x40, 0x1f, 0xf1, 0x0, 0x7f,
    0xf0, 0x8, 0x3, 0xfe, 0x20, 0xe, 0x50, 0xf,
    0xf9, 0x80, 0x3f, 0xf8, 0xc, 0x1, 0xff, 0x38,
    0x7, 0x8, 0x7, 0xfd, 0xa0, 0x1f, 0xfc, 0x2,
    0x0, 0xff, 0x88, 0x3, 0xc6, 0x1, 0xfe, 0x20,
    0xf, 0xfe, 0x0, 0x88, 0x3, 0xf8, 0x80, 0x3e,
    0x60, 0xf, 0xf3, 0x0, 0x7f, 0xf0, 0x48, 0x3,
    0xf9, 0x80, 0x3e, 0xd0, 0xf, 0xf1, 0x0, 0x7f,
    0xf0, 0x58, 0x3, 0xf8, 0x80, 0x3e, 0x20, 0xf,
    0xf0, 0x80, 0x7f, 0xf0, 0x48, 0x3, 0xfb, 0xc0,
    0x3e, 0x70, 0xf, 0xe3, 0x0, 0xff, 0xe1, 0x70,
    0x7, 0xf1, 0x0, 0x7c, 0x40, 0x1f, 0xcc, 0x1,
    0xff, 0xc2, 0x20, 0xf, 0xe5, 0x0, 0xfc, 0x40,
    0x1f, 0x88, 0x3, 0xff, 0x84, 0xa0, 0x1f, 0xc2,
    0x1, 0xf9, 0xc0, 0x3f, 0x70, 0x7, 0xc0,

    /* U+0058 "X" */
    0x4f, 0xff, 0xf8, 0xc0, 0x3f, 0xf8, 0x87, 0xff,
    0xff, 0x2a, 0x20, 0x3, 0xfd, 0x0, 0x1f, 0xfc,
    0x48, 0x0, 0xff, 0x1a, 0x84, 0x80, 0x7f, 0x90,
    0xc0, 0x3f, 0xf8, 0x46, 0x80, 0x1f, 0xef, 0x0,
    0x13, 0x0, 0x7f, 0xa4, 0x3, 0xff, 0x85, 0x20,
    0x1f, 0xe5, 0x30, 0xa, 0x0, 0x3f, 0xca, 0x40,
    0x1f, 0xfc, 0x2, 0x50, 0xf, 0xf4, 0x0, 0x61,
    0x80, 0xf, 0xf4, 0x0, 0x7f, 0xf0, 0x20, 0x3,
    0xfc, 0xc4, 0x1, 0xce, 0x20, 0x1f, 0xca, 0x40,
    0x1f, 0xe2, 0x50, 0xf, 0xe1, 0x80, 0xf, 0xa0,
    0x3, 0xfd, 0x60, 0x1f, 0xe8, 0x0, 0xff, 0x48,
    0x80, 0x7c, 0xc4, 0x1, 0xfc, 0xc2, 0x1, 0xf8,
    0x94, 0x3, 0xf8, 0x9c, 0x3, 0xfa, 0x40, 0x3f,
    0xd0, 0x1, 0xfa, 0x0, 0x3f, 0xd0, 0x1, 0xfe,
    0x44, 0x0, 0x7f, 0x30, 0x80, 0x78, 0x94, 0x3,
    0xf8, 0xd4, 0x3, 0xfe, 0x90, 0xf, 0xf4, 0x80,
    0x7a, 0x0, 0x3f, 0xde, 0x1, 0xff, 0xc0, 0x26,
    0x0, 0xfe, 0x71, 0x0, 0xc4, 0xa0, 0x1f, 0xca,
    0x60, 0x1f, 0xfc, 0x18, 0x0, 0xff, 0x48, 0x6,
    0xb0, 0xf, 0xf4, 0x0, 0x7f, 0xf0, 0x86, 0x0,
    0x3f, 0x9c, 0x40, 0x4, 0xc0, 0x1f, 0xce, 0x40,
    0x1f, 0xfc, 0x37, 0x10, 0xf, 0xe6, 0x0, 0x58,
    0x7, 0xf0, 0xc0, 0x7, 0xff, 0x16, 0xc0, 0x3f,
    0xa4, 0x5, 0x80, 0x3f, 0xa0, 0x3, 0xff, 0x8c,
    0xa6, 0x1, 0xf8, 0x5e, 0x0, 0x3f, 0x89, 0x80,
    0x3f, 0xf8, 0xfe, 0x1, 0xfd, 0x2c, 0x1, 0xfd,
    0x20, 0x1f, 0xfc, 0x83, 0x50, 0xf, 0xc2, 0x1,
    0xfc, 0x88, 0x0, 0xff, 0xe4, 0xc0, 0x7, 0xff,
    0x1a, 0x0, 0x3f, 0xf9, 0x44, 0xc0, 0x1f, 0xfc,
    0x45, 0x30, 0xf, 0xfe, 0x5c, 0x8, 0x7, 0xff,
    0xe, 0xc0, 0x3f, 0xf9, 0x83, 0x20, 0x1f, 0xfc,
    0x27, 0x10, 0xf, 0xfe, 0x6b, 0x90, 0x7, 0xff,
    0x0, 0x60, 0x3, 0xff, 0x9f, 0x0, 0x1f, 0xfc,
    0x8, 0x0, 0xff, 0xe8, 0x60, 0x7, 0xff, 0x3,
    0x0, 0x3f, 0xf9, 0xe4, 0xc0, 0x1f, 0xfc, 0x5,
    0x30, 0xf, 0xfe, 0x74, 0x80, 0x7f, 0xf0, 0xbc,
    0x3, 0xff, 0x9a, 0x88, 0x0, 0xff, 0xe1, 0x1a,
    0x80, 0x7f, 0xf3, 0x24, 0x3, 0xff, 0x89, 0x0,
    0x1f, 0xfc, 0xb6, 0x20, 0xf, 0xfe, 0x21, 0x38,
    0x7, 0xff, 0x2a, 0x0, 0x3f, 0xf8, 0xd0, 0x20,
    0x1f, 0xfc, 0x88, 0x10, 0xf, 0xc4, 0x80, 0x1f,
    0xd0, 0x1, 0xff, 0xc7, 0x17, 0x0, 0xfe, 0xb8,
    0x0, 0xfe, 0x62, 0x0, 0xff, 0xe3, 0x58, 0x7,
    0xf1, 0x31, 0xa0, 0x7, 0xf4, 0x80, 0x7f, 0xf1,
    0x4d, 0x40, 0x3f, 0xac, 0x1, 0x0, 0x1f, 0xc8,
    0x80, 0xf, 0xfe, 0x27, 0x80, 0x7f, 0x13, 0x0,
    0xd, 0x0, 0x3f, 0xa4, 0x3, 0xff, 0x86, 0xa6,
    0x1, 0xfd, 0x60, 0x1a, 0x0, 0x3f, 0x89, 0x80,
    0x3f, 0xf8, 0x50, 0x1, 0xfc, 0x2c, 0x1, 0x8d,
    0x0, 0x3f, 0xa0, 0x3, 0xff, 0x82, 0xe4, 0x1,
    0xfd, 0x0, 0x1e, 0x80, 0xf, 0xe1, 0x80, 0xf,
    0xf8, 0x60, 0x3, 0xf8, 0x58, 0x3, 0xc6, 0x80,
    0x1f, 0xce, 0x20, 0x1f, 0xe8, 0x0, 0xff, 0x40,
    0x7, 0xef, 0x0, 0xff, 0x58, 0x7, 0xf1, 0x30,
    0x7, 0xf0, 0xb0, 0x7, 0xe4, 0x30, 0xf, 0xe5,
    0x30, 0xf, 0xd2, 0x1, 0xfe, 0x90, 0xf, 0xf4,
    0x0, 0x7f, 0xbc, 0x3, 0xe4, 0x40, 0x7, 0xf0,
    0xb8, 0x7, 0xf9, 0xc, 0x3, 0xf8, 0xd4, 0x3,
    0xd2, 0x1, 0xfe, 0x90, 0xf, 0xfe, 0x4, 0x0,
    0x7f, 0xa0, 0x3, 0x98, 0x80, 0x3f, 0x85, 0xc0,
    0x3f, 0xf8, 0x8, 0x60, 0x1f, 0xc4, 0xe0, 0x1a,
    0x0, 0x3f, 0xd2, 0x1, 0xff, 0xc2, 0x80, 0xf,
    0xf4, 0x8, 0x2, 0x4, 0x3, 0xf8, 0x5c, 0x3,
    0xff, 0x84, 0x86, 0x1, 0xfe, 0x80, 0x27, 0x0,
    0xff, 0x48, 0x7, 0xff, 0x12, 0x0, 0x3f, 0xcc,
    0x50, 0x1, 0xfe, 0x17, 0x0, 0xff, 0xe2, 0x21,
    0x80, 0x7f, 0xa4,

    /* U+0059 "Y" */
    0x9f, 0xff, 0xf1, 0x80, 0x7f, 0xf1, 0x87, 0xff,
    0xfd, 0x81, 0x60, 0x1f, 0xea, 0x0, 0xff, 0xe3,
    0x30, 0x7, 0xfa, 0x40, 0x94, 0x3, 0xf9, 0x84,
    0x3, 0xff, 0x8b, 0x20, 0x1f, 0xc4, 0xa0, 0x9,
    0x0, 0xff, 0x30, 0x7, 0xff, 0x11, 0x44, 0x3,
    0xfa, 0xc0, 0x23, 0x40, 0xf, 0xe9, 0x0, 0xff,
    0xe2, 0x70, 0x7, 0xf0, 0xb0, 0x6, 0x80, 0xf,
    0xe1, 0x50, 0xf, 0xfe, 0x11, 0x20, 0x7, 0xf4,
    0x0, 0x71, 0x98, 0x3, 0xfb, 0x80, 0x3f, 0xf8,
    0x56, 0x1, 0xfc, 0x2c, 0x1, 0xe8, 0x0, 0xfe,
    0x42, 0x0, 0xff, 0xe0, 0xb, 0x0, 0x7f, 0x48,
    0x7, 0xc8, 0x40, 0x1f, 0xd6, 0x1, 0xff, 0xc0,
    0x60, 0xf, 0xf3, 0x0, 0x7e, 0x80, 0xf, 0xe6,
    0x10, 0xf, 0xfa, 0x80, 0x3f, 0x9c, 0x40, 0x3f,
    0x29, 0x0, 0x7f, 0x30, 0x7, 0xf9, 0x8, 0x3,
    0xfa, 0x40, 0x3f, 0xd6, 0x1, 0xfd, 0x40, 0x1f,
    0xef, 0x0, 0xfe, 0x61, 0x0, 0xff, 0x30, 0x80,
    0x7e, 0x24, 0x0, 0xfc, 0x48, 0x1, 0xfd, 0x60,
    0x1f, 0xfc, 0x9, 0x0, 0xfe, 0xf0, 0xf, 0xd6,
    0x1, 0xfc, 0xa4, 0x1, 0xff, 0xc0, 0x70, 0xf,
    0xe4, 0x20, 0xf, 0x98, 0x3, 0xfa, 0x0, 0x3f,
    0xf8, 0x4e, 0x1, 0xfd, 0x60, 0x1e, 0x60, 0xf,
    0xe4, 0x20, 0xf, 0xfe, 0x14, 0x80, 0x7f, 0x30,
    0x7, 0xac, 0x3, 0xfa, 0x0, 0x3f, 0xf8, 0x62,
    0xc0, 0x1f, 0xcc, 0x1, 0x90, 0x80, 0x3f, 0x21,
    0x80, 0x7f, 0xf1, 0x2c, 0x3, 0xfa, 0xc0, 0x37,
    0x80, 0x7f, 0x78, 0x7, 0xff, 0x14, 0x94, 0x3,
    0xf1, 0x20, 0x0, 0x90, 0x3, 0xf1, 0xa0, 0x7,
    0xff, 0x1a, 0x0, 0x3f, 0xbc, 0x1, 0x40, 0x1f,
    0xd2, 0x1, 0xff, 0xc7, 0x25, 0x0, 0xfc, 0x84,
    0xc, 0x1, 0xf8, 0x94, 0x3, 0xff, 0x91, 0x20,
    0x1f, 0xd4, 0xc2, 0x1, 0xfa, 0xc0, 0x3f, 0xf9,
    0x26, 0x80, 0x1f, 0x9a, 0xc0, 0x3f, 0xb, 0x0,
    0x7f, 0xf2, 0xbc, 0x3, 0xf0, 0x90, 0x7, 0xe8,
    0x0, 0xff, 0xe5, 0xa1, 0x80, 0x7f, 0xf1, 0x5,
    0x80, 0x3f, 0xf9, 0x92, 0x1, 0xff, 0xc4, 0x90,
    0xf, 0xfe, 0x6a, 0x90, 0x7, 0xff, 0xd, 0x80,
    0x3f, 0xf9, 0xd6, 0x1, 0xff, 0xc2, 0x71, 0x0,
    0xff, 0xe7, 0x30, 0x80, 0x7f, 0xf0, 0x64, 0x3,
    0xff, 0xa1, 0x0, 0x1f, 0xfc, 0x6, 0x10, 0xf,
    0xfe, 0x83, 0x8, 0x7, 0xfd, 0x60, 0x1f, 0xfd,
    0x29, 0x0, 0xff, 0x29, 0x0, 0x7f, 0xf4, 0x98,
    0x3, 0xfd, 0x0, 0x1f, 0xfd, 0x31, 0x0, 0xff,
    0x10, 0x7, 0xff, 0xfc, 0x3, 0xf8, 0x40, 0x3f,
    0xff, 0xe0, 0x1f, 0xff, 0xf0, 0xf, 0xff, 0xf8,
    0x7, 0xff, 0xfc, 0x3, 0xff, 0xfe, 0x1, 0xff,
    0xff, 0x0, 0xff, 0xff, 0x80, 0x7f, 0xff, 0xc0,
    0x3f, 0xfe, 0x40,

    /* U+005A "Z" */
    0xcf, 0xff, 0xfe, 0xbf, 0x0, 0x7f, 0xff, 0xc0,
    0x3f, 0xff, 0xe0, 0x1f, 0xff, 0xf0, 0x3, 0x0,
    0x7f, 0xf6, 0xa, 0x3, 0x7b, 0xbf, 0xf9, 0x72,
    0x1, 0xfe, 0x90, 0x0, 0x8f, 0xff, 0x2c, 0x20,
    0x3, 0xf9, 0x90, 0x3, 0xff, 0x9b, 0x62, 0x1,
    0xf8, 0x64, 0x3, 0xff, 0x9a, 0x8a, 0x1, 0xfd,
    0x40, 0x1f, 0xfc, 0xea, 0x0, 0xfe, 0x54, 0x0,
    0xff, 0xe6, 0xc8, 0x80, 0x7e, 0x1b, 0x0, 0xff,
    0xe6, 0xa3, 0x0, 0x7f, 0x58, 0x80, 0x7f, 0xf3,
    0x64, 0x3, 0xf9, 0x14, 0x3, 0xff, 0x9b, 0x24,
    0x1, 0xfd, 0x40, 0x1f, 0xfc, 0xd3, 0x60, 0xf,
    0xe9, 0x10, 0xf, 0xfe, 0x6f, 0x0, 0x7f, 0x23,
    0x0, 0x7f, 0xf3, 0x60, 0x80, 0x3f, 0xa4, 0x3,
    0xff, 0x9a, 0x6e, 0x1, 0xfd, 0x4, 0x1, 0xff,
    0xcd, 0xe0, 0xf, 0xe3, 0x70, 0xf, 0xfe, 0x6c,
    0x10, 0x7, 0xf7, 0x0, 0x7f, 0xf3, 0x49, 0xc0,
    0x3f, 0xa0, 0x80, 0x3f, 0xf9, 0xbc, 0x1, 0xfc,
    0x4e, 0x1, 0xff, 0xcd, 0x73, 0x0, 0xfe, 0xe0,
    0xf, 0xfe, 0x69, 0x40, 0x7, 0xf3, 0x98, 0x7,
    0xff, 0x37, 0x80, 0x3f, 0x8a, 0x0, 0x3f, 0xf9,
    0xae, 0x60, 0x1f, 0xdc, 0x1, 0xff, 0xcd, 0x28,
    0x0, 0xfe, 0x63, 0x0, 0xff, 0xe6, 0xf0, 0x7,
    0xf0, 0xc8, 0x7, 0xff, 0x35, 0x8c, 0x3, 0xfa,
    0x80, 0x3f, 0xf9, 0xa3, 0x20, 0x1f, 0xcc, 0x80,
    0x1f, 0xfc, 0xda, 0x0, 0xfe, 0x18, 0x0, 0xff,
    0xe6, 0xb2, 0x0, 0x7f, 0x58, 0x80, 0x7f, 0xf3,
    0x6, 0x40, 0x3f, 0x95, 0x40, 0x1f, 0xfc, 0xda,
    0x0, 0xfe, 0x1b, 0x0, 0xff, 0xe6, 0xaa, 0x0,
    0x7f, 0x58, 0x80, 0x7f, 0xf3, 0x6, 0xc0, 0x3f,
    0x91, 0x40, 0x3f, 0xf9, 0xb6, 0x20, 0x1f, 0xd4,
    0x1, 0xff, 0xcd, 0x55, 0x0, 0x7f, 0x48, 0x80,
    0x7f, 0xf3, 0x6, 0xc0, 0x3f, 0x8d, 0x80, 0x3f,
    0xf9, 0xb6, 0x20, 0x1f, 0xdc, 0x1, 0xff, 0xcd,
    0x45, 0x0, 0xfe, 0x82, 0x0, 0xff, 0xe6, 0xd0,
    0x7, 0xfa, 0x3f, 0xff, 0xf9, 0x91, 0x22, 0x1,
    0xff, 0xd8, 0x70, 0xf, 0xff, 0xf8, 0x7, 0xff,
    0xfc, 0x3, 0xff, 0xfe, 0x0,

    /* U+005B "[" */
    0x99, 0xff, 0xe1, 0xbb, 0x37, 0xff, 0xe, 0xc0,
    0x3f, 0xff, 0xe0, 0x1f, 0xfd, 0x23, 0xff, 0xec,
    0x0, 0xff, 0xff, 0x80, 0x7f, 0xff, 0xc0, 0x3f,
    0xff, 0xe0, 0x1f, 0xff, 0xf0, 0xf, 0xff, 0xf8,
    0x7, 0xff, 0xfc, 0x3, 0xff, 0xfe, 0x1, 0xff,
    0xff, 0x0, 0xff, 0xff, 0x80, 0x7f, 0xff, 0xc0,
    0x3f, 0xff, 0xe0, 0x1f, 0xff, 0x42, 0x99, 0xe7,
    0x0, 0xfe, 0x16, 0x6e, 0xb0, 0xf, 0xff, 0xf8,
    0x7, 0xff, 0x24,

    /* U+005C "\\" */
    0x6f, 0xff, 0xd8, 0x1, 0xff, 0xc7, 0x70, 0xf,
    0xc6, 0x20, 0x1f, 0xfc, 0x61, 0x40, 0xf, 0xce,
    0x1, 0xff, 0xc7, 0xe0, 0xf, 0xd4, 0x1, 0xff,
    0xc7, 0x50, 0xf, 0xc6, 0x20, 0x1f, 0xfc, 0x75,
    0x0, 0xfc, 0xc0, 0x1f, 0xfc, 0x7f, 0x0, 0xfd,
    0x60, 0x1f, 0xfc, 0x75, 0x0, 0xfc, 0x64, 0x1,
    0xff, 0xc7, 0x50, 0xf, 0xca, 0x1, 0xff, 0xc7,
    0xf0, 0xf, 0xd4, 0x1, 0xff, 0xc7, 0x50, 0xf,
    0xc4, 0x40, 0xf, 0xfe, 0x3a, 0x80, 0x7e, 0xa0,
    0xf, 0xfe, 0x3f, 0x0, 0x7e, 0x50, 0xf, 0xfe,
    0x3a, 0x8, 0x7, 0xc4, 0x60, 0x1f, 0xfc, 0x77,
    0x0, 0xfd, 0x60, 0x1f, 0xfc, 0x7d, 0x0, 0xfc,
    0xc0, 0x1f, 0xfc, 0x74, 0x10, 0xf, 0x84, 0xc0,
    0x3f, 0xf8, 0xee, 0x1, 0xfa, 0x80, 0x3f, 0xf8,
    0xf4, 0x1, 0xf9, 0xc0, 0x3f, 0xf8, 0xe6, 0x20,
    0x1f, 0xa, 0x0, 0x7f, 0xf1, 0xd8, 0x3, 0xf6,
    0x80, 0x7f, 0xf1, 0xec, 0x3, 0xf3, 0x80, 0x7f,
    0xf1, 0xcc, 0x80, 0x3e, 0x14, 0x0, 0xff, 0xe3,
    0xa8, 0x7, 0xed, 0x0, 0xff, 0xe3, 0xd0, 0x7,
    0xe7, 0x0, 0xff, 0xe3, 0x91, 0x0, 0x3e, 0x14,
    0x0, 0xff, 0xe3, 0xa8, 0x7, 0xee, 0x0, 0xff,
    0xe3, 0xd0, 0x7, 0xe5, 0x0, 0xff, 0xe3, 0x91,
    0x0, 0x3f, 0x28, 0x7, 0xff, 0x1e, 0x80, 0x3f,
    0x78, 0x7, 0xff, 0x1d, 0x40, 0x3f, 0x28, 0x7,
    0xff, 0x1c, 0x8c, 0x3, 0xf2, 0x80, 0x7f, 0xf1,
    0xec, 0x3, 0xf7, 0x0, 0x7f, 0xf1, 0xd8, 0x3,
    0xf2, 0x8, 0x7, 0xff, 0x18, 0x4c, 0x3, 0xf3,
    0x80, 0x7f, 0xf1, 0xe8, 0x3, 0xf6, 0x80, 0x7f,
    0xf1, 0xdc, 0x3, 0xf2, 0x8, 0x7, 0xff, 0x18,
    0x50, 0x3, 0xf3, 0x80, 0x7f, 0xf1, 0xf4, 0x3,
    0xf5, 0x0, 0x7f, 0xf1, 0xdc, 0x3, 0xf1, 0x88,
    0x7, 0xff, 0x18, 0x50, 0x3, 0xf3, 0x80, 0x7f,
    0xf1, 0xf8, 0x3, 0xf5, 0x0, 0x7f, 0xf1, 0xd4,
    0x3, 0xf1, 0x88, 0x7, 0xff, 0x1d, 0x40, 0x3f,
    0x30, 0x7, 0xff, 0x1f, 0xc0, 0x3f, 0x58, 0x7,
    0xff, 0x1d, 0x40, 0x3f, 0x19, 0x0, 0x7f, 0xf1,
    0xd4, 0x3, 0xf2, 0x80, 0x7f, 0xf1, 0xfc, 0x3,
    0xf5, 0x0, 0x7f, 0xf1, 0xd4, 0x3, 0xf1, 0x10,
    0x3, 0xff, 0x8e, 0xa0, 0x1f, 0xa8, 0x3, 0xff,
    0x8f, 0xc0, 0x1f, 0x94, 0x3, 0xff, 0x8e, 0x82,
    0x1, 0xf1, 0x18, 0x7, 0xff, 0x1d, 0xc0, 0x3f,
    0x58, 0x7, 0xff, 0x1f, 0x40, 0x3f, 0x30, 0x7,
    0xff, 0x1d, 0x4, 0x3, 0xe1, 0x30, 0xf, 0xfe,
    0x3b, 0x80, 0x7e, 0xa0,

    /* U+005D "]" */
    0x99, 0xff, 0xe1, 0xbb, 0x37, 0xff, 0xe, 0x80,
    0x3f, 0xff, 0xe0, 0x1f, 0xfc, 0x9f, 0xff, 0x8,
    0x7, 0xff, 0xfc, 0x3, 0xff, 0xfe, 0x1, 0xff,
    0xff, 0x0, 0xff, 0xff, 0x80, 0x7f, 0xff, 0xc0,
    0x3f, 0xff, 0xe0, 0x1f, 0xff, 0xf0, 0xf, 0xff,
    0xf8, 0x7, 0xff, 0xfc, 0x3, 0xff, 0xfe, 0x1,
    0xff, 0xff, 0x0, 0xff, 0xfa, 0x4c, 0xf8, 0x40,
    0x3f, 0x99, 0xbc, 0x1, 0xff, 0xff, 0x0, 0xff,
    0xe9, 0x80,

    /* U+005E "^" */
    0x0, 0xff, 0xa3, 0xff, 0xdc, 0x1, 0xff, 0xca,
    0x60, 0xf, 0xb, 0x0, 0x7f, 0xf2, 0x14, 0x40,
    0x3e, 0xa0, 0xf, 0xfe, 0x44, 0x80, 0x7e, 0x33,
    0x0, 0x7f, 0xf1, 0x88, 0xc0, 0x3f, 0xa4, 0x3,
    0xff, 0x8d, 0x60, 0x1f, 0xe5, 0x10, 0xf, 0xfe,
    0x2b, 0x0, 0x7f, 0xcc, 0x1, 0xff, 0xc4, 0x60,
    0xf, 0xfe, 0x5, 0x0, 0x7f, 0xf1, 0x2c, 0x3,
    0xc6, 0x1, 0xc4, 0x80, 0x1f, 0xfc, 0x23, 0x20,
    0xe, 0x2b, 0x0, 0xf7, 0x80, 0x7f, 0xf0, 0xa4,
    0x3, 0xc8, 0x80, 0xf, 0x21, 0x0, 0x7f, 0xf0,
    0x5, 0x40, 0x3d, 0xa6, 0x20, 0x1e, 0xa0, 0xf,
    0xfe, 0x3, 0x0, 0x78, 0x50, 0x18, 0x3, 0xcc,
    0x1, 0xff, 0xc0, 0x90, 0xf, 0x30, 0x2, 0x80,
    0x3c, 0x2a, 0x1, 0xfe, 0x51, 0x0, 0xf5, 0x0,
    0x9, 0x0, 0x3d, 0x20, 0x1f, 0xee, 0x0, 0xf1,
    0x90, 0x5, 0xc0, 0x1e, 0x33, 0x0, 0x7e, 0x24,
    0x0, 0xf4, 0x80, 0x65, 0x0, 0xfa, 0x80, 0x3f,
    0x58, 0x7, 0xca, 0x1, 0xcc, 0x1, 0xe6, 0x0,
    0xfc, 0xc0, 0x1e, 0x60, 0xf, 0x50, 0x7, 0xcc,
    0x1, 0xe6, 0x0, 0xfa, 0x80, 0x3c, 0x66, 0x0,
    0xf5, 0x80, 0x7a, 0xc0, 0x3c, 0x46, 0x1, 0xf5,
    0x0, 0x78, 0x90, 0x3, 0x19, 0x0, 0x7a, 0x80,
    0x3f, 0x38, 0x7, 0xdc, 0x1, 0xa4, 0x3, 0xe6,
    0x0, 0xfc, 0x2a, 0x1, 0xe5, 0x10, 0x0, 0xa8,
    0x7, 0x90, 0x40, 0x3f, 0xb8, 0x3, 0xe9, 0x0,
    0x30, 0x7, 0xdc, 0x1, 0xfe, 0x42, 0x0, 0xf3,
    0x0, 0x24, 0x3, 0xc2, 0xa0, 0x1f, 0xf5, 0x0,
    0x78, 0x55, 0x4, 0x3, 0xcc, 0x1, 0xff, 0xc0,
    0x60, 0xf, 0xb8,

    /* U+005F "_" */
    0x8a, 0xaf, 0xfe, 0x99, 0x22, 0xaf, 0xff, 0x4d,
    0x80, 0x3f, 0xff, 0xe0, 0x1f, 0xff, 0xf0, 0xf,
    0xff, 0x20,

    /* U+0060 "`" */
    0x2d, 0xee, 0xfe, 0x60, 0xf, 0x14, 0x88, 0xff,
    0x48, 0x80, 0x79, 0x28, 0x3, 0xfa, 0x80, 0x3e,
    0x59, 0x0, 0xfc, 0x8a, 0x1, 0xf3, 0x48, 0x7,
    0xeb, 0x10, 0xf, 0x9a, 0x0, 0x3e, 0x18, 0x0,
    0xfc, 0xee, 0x0, 0xf9, 0x8c, 0x3, 0xf4, 0x30,
    0x7, 0xdc, 0x1, 0xfd, 0x2a, 0x1, 0xe2, 0x70,
    0xf, 0xea, 0x40, 0xf, 0x41, 0x0,

    /* U+0061 "a" */
    0x0, 0xff, 0xe0, 0x12, 0x33, 0xbe, 0x53, 0x10,
    0xf, 0xfe, 0x52, 0xd7, 0x6d, 0xcc, 0x46, 0xac,
    0xed, 0x94, 0x0, 0xff, 0xe2, 0xc, 0x7d, 0x28,
    0x80, 0x7f, 0x89, 0xaf, 0x58, 0x3, 0xff, 0x82,
    0xbe, 0xe0, 0x1f, 0xfc, 0x52, 0x9d, 0x30, 0xf,
    0xf4, 0xd0, 0x80, 0x7f, 0xf2, 0xb, 0x14, 0x3,
    0xf4, 0xb0, 0x7, 0xff, 0x32, 0x90, 0x3, 0xca,
    0xc0, 0x1f, 0xfc, 0xea, 0x10, 0xe, 0xb0, 0xf,
    0xfe, 0x0, 0x90, 0x80, 0x7f, 0xf0, 0x6, 0xc0,
    0x33, 0x8, 0x7, 0xf2, 0x5f, 0xf6, 0xf7, 0xda,
    0x80, 0x7f, 0x94, 0x80, 0x2a, 0x0, 0xfe, 0x7b,
    0x40, 0xe, 0x4a, 0xc0, 0xf, 0xf5, 0x0, 0x46,
    0x1, 0xf8, 0x60, 0x3, 0xf8, 0xe8, 0x3, 0xf9,
    0x0, 0x2, 0x1, 0xfc, 0xa0, 0x1f, 0xf2, 0x88,
    0x7, 0xe3, 0x0, 0xf, 0xff, 0xf5, 0x80, 0x7f,
    0xf0, 0x10, 0x3, 0xf8, 0x40, 0x3f, 0xff, 0x26,
    0x1, 0xff, 0xa, 0xbd, 0x5e, 0x6e, 0xbb, 0xb9,
    0x40, 0x3f, 0xf8, 0xc5, 0x1b, 0xd5, 0xa, 0x86,
    0x44, 0x11, 0xe0, 0xf, 0xfe, 0x29, 0xde, 0xb9,
    0x0, 0x7f, 0xf4, 0x63, 0x10, 0x3, 0xff, 0xa7,
    0x6e, 0x1, 0xff, 0xd4, 0xa4, 0x0, 0xff, 0xea,
    0x2a, 0x80, 0x3f, 0xc7, 0x19, 0xdf, 0xfe, 0x50,
    0xf, 0xfe, 0x4, 0x0, 0x7f, 0xd, 0xe3, 0x98,
    0x80, 0x7f, 0xf1, 0x8c, 0x80, 0x3f, 0xe, 0x20,
    0x7, 0xff, 0x2a, 0xc0, 0x3f, 0xa0, 0x80, 0x3f,
    0xf9, 0x68, 0x1, 0xfc, 0xc0, 0x1f, 0xfc, 0xc2,
    0x0, 0xfc, 0x40, 0x1f, 0xfc, 0xd1, 0x0, 0xff,
    0xeb, 0x8, 0x7, 0xe2, 0x0, 0xff, 0xe0, 0x12,
    0x80, 0x7f, 0xc6, 0x1, 0xfc, 0xc0, 0x1f, 0xe2,
    0xc0, 0xf, 0xfe, 0x3, 0x80, 0x7f, 0x49, 0x80,
    0x7e, 0x7d, 0x10, 0xf, 0xfe, 0x6, 0x0, 0x7f,
    0xb2, 0x94, 0x84, 0x96, 0x7a, 0x0, 0x3f, 0xf8,
    0x4c, 0x1, 0xff, 0x2d, 0x6f, 0x6d, 0x30, 0x80,
    0x7f, 0xf0, 0x44, 0x1, 0x0, 0x1f, 0xfd, 0x37,
    0x0, 0x39, 0x80, 0x7f, 0xf4, 0x88, 0x2, 0xd1,
    0x0, 0xff, 0xe3, 0xa0, 0x7, 0xf6, 0x0, 0x43,
    0xe6, 0x1, 0xff, 0xc5, 0x9a, 0x0, 0xfe, 0x40,
    0xc, 0x39, 0x0, 0x1f, 0xfc, 0x23, 0xc6, 0x12,
    0x0, 0xfc, 0x26, 0x1, 0xcf, 0xd0, 0x60, 0x1f,
    0xcb, 0x78, 0x60, 0xa, 0x0, 0xfe, 0xa0, 0xf,
    0xb, 0xe7, 0x5c, 0xc4, 0x55, 0x9f, 0x48, 0x1,
    0x9f, 0xff, 0xfa, 0x40,

    /* U+0062 "b" */
    0x45, 0x5f, 0xe0, 0xf, 0xfe, 0x6c, 0xd5, 0x7f,
    0x0, 0x7f, 0xff, 0xc0, 0x3f, 0xff, 0xe0, 0x1f,
    0xff, 0xf0, 0xf, 0xff, 0xf8, 0x7, 0xff, 0xfc,
    0x3, 0xff, 0xfe, 0x1, 0xff, 0xff, 0x0, 0xf1,
    0xb3, 0xbc, 0xa6, 0x1, 0xff, 0xcd, 0x3a, 0xfc,
    0x98, 0x8a, 0xb3, 0xe8, 0xc0, 0x3f, 0xf9, 0x33,
    0x8a, 0x1, 0xfc, 0xb9, 0x64, 0x1, 0xff, 0xc5,
    0x1d, 0x60, 0xf, 0xfe, 0xa, 0x6a, 0x0, 0x7f,
    0xf1, 0x30, 0x80, 0x3f, 0xf8, 0x96, 0xa0, 0x1f,
    0xfc, 0x32, 0x0, 0xff, 0xe3, 0x51, 0x80, 0x7f,
    0xf5, 0xb8, 0x3, 0xff, 0xac, 0x50, 0x1, 0xff,
    0xc5, 0x36, 0x77, 0x28, 0x80, 0x7f, 0xce, 0x20,
    0x1f, 0xfc, 0x26, 0xec, 0x98, 0x85, 0x75, 0x8,
    0x7, 0xf9, 0x80, 0x3f, 0xf8, 0x33, 0x21, 0x0,
    0xf2, 0xe0, 0x80, 0x7f, 0x50, 0x7, 0xff, 0x1,
    0x98, 0x1, 0xfc, 0x54, 0x1, 0xfc, 0x44, 0x0,
    0xff, 0xa0, 0x3, 0xfe, 0x43, 0x0, 0xfe, 0x50,
    0xf, 0xf8, 0x40, 0x3f, 0xf8, 0x12, 0x1, 0xfd,
    0xa0, 0x1f, 0xfc, 0xc4, 0x0, 0xfe, 0x70, 0xf,
    0xfe, 0x60, 0x90, 0x7, 0xe2, 0x0, 0xff, 0xe6,
    0xb0, 0x7, 0xf0, 0x80, 0x7f, 0xf3, 0x8, 0x3,
    0xf8, 0xc0, 0x3f, 0xfa, 0xc2, 0x1, 0xff, 0xcc,
    0x10, 0xf, 0xff, 0xf8, 0x7, 0xff, 0x44, 0x40,
    0x3f, 0x84, 0x3, 0xff, 0x98, 0x40, 0x1f, 0xc6,
    0x1, 0xff, 0xcc, 0x60, 0xf, 0xe1, 0x0, 0xff,
    0xe6, 0x10, 0x7, 0xe2, 0x0, 0xff, 0xe6, 0x20,
    0x7, 0xf3, 0x80, 0x7f, 0xf3, 0x38, 0x3, 0xfb,
    0x40, 0x3f, 0xe9, 0x0, 0xff, 0x8d, 0x40, 0x3f,
    0x90, 0x3, 0xfe, 0x66, 0x0, 0x7f, 0xf, 0x0,
    0x7f, 0x9, 0x80, 0x7f, 0xf0, 0x26, 0x42, 0x1,
    0xe4, 0xc2, 0x0, 0xfe, 0x60, 0xf, 0xfe, 0x13,
    0x75, 0xc3, 0xba, 0x76, 0xc8, 0x3, 0xfd, 0x20,
    0x1f, 0xfc, 0x44, 0x78, 0x83, 0x10, 0x7, 0xfc,
    0xc2, 0x1, 0xff, 0xd4, 0x18, 0x0, 0xff, 0xea,
    0xd0, 0x80, 0x7f, 0xf0, 0x20, 0x40, 0x3f, 0xf8,
    0xd2, 0x80, 0x1f, 0xfc, 0x14, 0xc2, 0x0, 0xff,
    0xe2, 0x53, 0x0, 0x7f, 0xf0, 0x88, 0x9a, 0xa0,
    0x1f, 0xfc, 0x13, 0xd5, 0x0, 0xff, 0xe1, 0x88,
    0x2, 0xb1, 0x40, 0x3f, 0x96, 0xf0, 0x80, 0x3e,
    0xdf, 0xff, 0xc0, 0x18, 0xeb, 0xf2, 0x62, 0x2a,
    0xcf, 0xa4, 0x0, 0xfe,

    /* U+0063 "c" */
    0x0, 0xff, 0xe0, 0x89, 0xab, 0xbe, 0x53, 0x0,
    0xff, 0xe5, 0x94, 0x6f, 0x65, 0x44, 0x6a, 0xcf,
    0xb6, 0x0, 0xff, 0xe3, 0x15, 0x6b, 0x90, 0x7,
    0xf9, 0x27, 0xe0, 0x40, 0x3f, 0xf8, 0x4f, 0xaa,
    0x1, 0xff, 0xc4, 0x7f, 0x50, 0xf, 0xfe, 0x5,
    0xc0, 0x7, 0xff, 0x1c, 0x6a, 0x0, 0x3f, 0xd8,
    0x80, 0x1f, 0xfc, 0xa7, 0x80, 0xf, 0xd6, 0x60,
    0x1f, 0xfc, 0xc7, 0x50, 0xf, 0x3a, 0x0, 0x7f,
    0xf3, 0xa8, 0x40, 0x31, 0x40, 0x7, 0xfc, 0x6f,
    0x10, 0x51, 0x0, 0xff, 0xa0, 0x3, 0x40, 0x7,
    0xf9, 0x37, 0x21, 0xdd, 0x5d, 0x22, 0x1, 0xfc,
    0xc2, 0x0, 0x25, 0x0, 0xfe, 0x6b, 0x20, 0xf,
    0x36, 0x8, 0x7, 0xf3, 0x80, 0x28, 0x3, 0xf8,
    0xe4, 0x3, 0xf8, 0xb4, 0x3, 0xfb, 0x0, 0xa,
    0x1, 0xfd, 0xe0, 0x1f, 0xf1, 0xa8, 0x7, 0xe7,
    0x2, 0x20, 0x7, 0xe2, 0x30, 0xf, 0xfe, 0x7,
    0x80, 0x7e, 0x20, 0x70, 0xf, 0xe5, 0x0, 0xff,
    0xe0, 0xb0, 0x7, 0xfb, 0x40, 0x3f, 0xb0, 0x3,
    0xff, 0x82, 0x77, 0x7f, 0xc0, 0x60, 0x1f, 0xca,
    0x1, 0xff, 0xc2, 0x44, 0xfe, 0x7, 0x0, 0xfe,
    0x10, 0xf, 0xfe, 0x60, 0x80, 0x7e, 0x10, 0xf,
    0xfe, 0x69, 0x80, 0x7f, 0xff, 0xc0, 0x3f, 0xfa,
    0x26, 0x1, 0xf8, 0x40, 0x3f, 0xf9, 0xac, 0x1,
    0xff, 0xd6, 0x20, 0xf, 0xe2, 0x0, 0xff, 0xe6,
    0x70, 0x7, 0xf3, 0x80, 0x7f, 0xf3, 0x10, 0x3,
    0xfb, 0x0, 0x3f, 0xf8, 0x25, 0x99, 0xfc, 0x6,
    0x1, 0xfc, 0xe0, 0x1f, 0xfc, 0x16, 0x33, 0xfe,
    0x0, 0x28, 0x7, 0xe1, 0x70, 0xf, 0xfe, 0x6,
    0x80, 0x7e, 0x10, 0x7, 0x0, 0x7f, 0x41, 0x0,
    0x7f, 0x8d, 0x80, 0x3f, 0x20, 0x1, 0x8, 0x3,
    0xfb, 0x8, 0x3, 0xf2, 0x68, 0x7, 0xf7, 0x80,
    0x50, 0x1, 0xfc, 0x3b, 0x6, 0x1, 0x96, 0xec,
    0x20, 0x1f, 0x85, 0x40, 0x25, 0x30, 0xf, 0xf3,
    0xe7, 0xf7, 0x3e, 0x90, 0x3, 0xfd, 0x0, 0x1d,
    0xc2, 0x1, 0xff, 0xc0, 0x11, 0x0, 0x7f, 0xf0,
    0x11, 0x80, 0x38, 0xa8, 0x3, 0xff, 0x9a, 0x54,
    0x1, 0xf2, 0x50, 0x7, 0xff, 0x2c, 0xb0, 0x40,
    0x3f, 0x2e, 0x8, 0x7, 0xff, 0x21, 0x30, 0x40,
    0x3f, 0xc7, 0xec, 0x1, 0xff, 0xc5, 0x1a, 0xb1,
    0x0, 0xff, 0xe0, 0xc, 0xeb, 0x0, 0x7f, 0xf0,
    0x4a, 0x79, 0x40, 0x3f, 0xf8, 0x85, 0x3f, 0x4e,
    0x84, 0x1, 0x89, 0x63, 0x74, 0xc0, 0x1f, 0xc0,

    /* U+0064 "d" */
    0x0, 0xff, 0xe6, 0xa2, 0xaf, 0xf0, 0x7, 0xff,
    0x36, 0x6a, 0xbf, 0x80, 0x3f, 0xff, 0xe0, 0x1f,
    0xff, 0xf0, 0xf, 0xff, 0xf8, 0x7, 0xff, 0xfc,
    0x3, 0xff, 0xfe, 0x1, 0xff, 0xff, 0x0, 0xff,
    0xf4, 0x12, 0xbb, 0xcc, 0x80, 0x1f, 0xfc, 0xd1,
    0x8e, 0xda, 0x88, 0xa6, 0xfe, 0x8c, 0x3, 0xff,
    0x93, 0x1c, 0xe2, 0x1, 0xf9, 0x72, 0x84, 0x3,
    0xff, 0x8a, 0x38, 0xe0, 0x1f, 0xfc, 0x15, 0xc2,
    0x0, 0xff, 0xe1, 0x8e, 0x18, 0x7, 0xff, 0xc,
    0xb0, 0xc0, 0x3f, 0xf8, 0x58, 0x40, 0x1f, 0xfc,
    0x51, 0x10, 0x7, 0xff, 0x6, 0x48, 0x3, 0xff,
    0xa8, 0x6c, 0x1, 0xff, 0xd5, 0xf0, 0xf, 0xfe,
    0x2, 0x3c, 0x3a, 0x0, 0x7f, 0xf1, 0xc, 0xc0,
    0x1f, 0xe6, 0xeb, 0x87, 0x8b, 0xe7, 0x0, 0xff,
    0xe1, 0x50, 0x7, 0xfa, 0x24, 0x40, 0x38, 0x62,
    0x80, 0x3f, 0xf8, 0x2e, 0x1, 0xfc, 0xae, 0x1,
    0xfc, 0xb0, 0x1, 0xff, 0x18, 0x80, 0x7f, 0x58,
    0x7, 0xfc, 0xe2, 0x1, 0xfe, 0x40, 0xf, 0xe5,
    0x10, 0xf, 0xfe, 0x1, 0x80, 0x7f, 0xb4, 0x3,
    0xfb, 0xc0, 0x3f, 0xf9, 0x8c, 0x1, 0xfc, 0x80,
    0x1f, 0xfc, 0xc2, 0x0, 0xfe, 0x10, 0xf, 0xfe,
    0x60, 0x80, 0x7e, 0x20, 0xf, 0xfe, 0xb0, 0x80,
    0x7f, 0xf5, 0x9c, 0x3, 0xff, 0x98, 0x20, 0x1f,
    0xfd, 0x61, 0x0, 0xff, 0xf0, 0x38, 0x7, 0xff,
    0x34, 0x40, 0x3f, 0x10, 0x7, 0xff, 0x34, 0x80,
    0x3f, 0x8, 0x80, 0x3f, 0xf9, 0x8c, 0x1, 0xfc,
    0xa0, 0x1f, 0xfc, 0xcc, 0x0, 0xfe, 0xd0, 0xf,
    0xfe, 0x62, 0x80, 0x7f, 0x30, 0x80, 0x7f, 0xf0,
    0xc, 0x3, 0xfc, 0x62, 0x1, 0xfd, 0x0, 0x1f,
    0xf3, 0x88, 0x7, 0xfc, 0xc0, 0x1f, 0xcc, 0xc0,
    0xf, 0xe5, 0x80, 0xf, 0xfe, 0x5, 0x0, 0x7f,
    0xa6, 0x4, 0x3, 0x86, 0x68, 0x3, 0xff, 0x82,
    0x4a, 0x1, 0xfe, 0x7e, 0xb8, 0x78, 0xbe, 0x60,
    0xf, 0xfe, 0x1c, 0x0, 0x7f, 0xf0, 0x11, 0xe1,
    0xd0, 0x3, 0xff, 0x8a, 0x50, 0x1, 0xff, 0xd6,
    0x74, 0x0, 0xff, 0xeb, 0x51, 0x80, 0x7f, 0xf1,
    0x46, 0x0, 0x3f, 0xf8, 0x43, 0x88, 0x1, 0xff,
    0xc3, 0x1c, 0x50, 0xf, 0xfe, 0x25, 0xc8, 0x7,
    0xff, 0x5, 0x7c, 0x88, 0x1, 0xff, 0xc5, 0x6e,
    0x82, 0x0, 0xfc, 0x99, 0x42, 0x0, 0x10, 0xf,
    0xfe, 0x28, 0xbe, 0xea, 0xa2, 0x29, 0xbf, 0xb3,
    0x0, 0xdd, 0xff, 0xf8,

    /* U+0065 "e" */
    0x0, 0xff, 0xe1, 0x92, 0x33, 0xbc, 0xc8, 0x20,
    0x1f, 0xfc, 0xd4, 0xae, 0xdb, 0x98, 0x8a, 0x6f,
    0xb9, 0x26, 0x1, 0xff, 0xc8, 0x5d, 0xb5, 0x10,
    0xf, 0xe1, 0x6c, 0xc2, 0x0, 0x7f, 0xf1, 0xb,
    0x28, 0x80, 0x3f, 0xf8, 0x67, 0x74, 0x20, 0x1f,
    0xfc, 0x15, 0xd3, 0x0, 0xff, 0xe3, 0xae, 0x10,
    0x7, 0xfc, 0xd4, 0x1, 0xff, 0xca, 0x2c, 0x20,
    0xf, 0xe6, 0x90, 0xf, 0xfe, 0x60, 0xf8, 0x80,
    0x7c, 0x72, 0x1, 0xff, 0xce, 0x2b, 0x0, 0xfb,
    0x80, 0x3f, 0xe1, 0x58, 0x83, 0xa0, 0x7, 0xfc,
    0xa6, 0x1, 0xce, 0x40, 0x1f, 0xc3, 0x5d, 0x4e,
    0xe8, 0xbf, 0x90, 0xf, 0xf7, 0x80, 0x61, 0x80,
    0xf, 0xe3, 0xf5, 0x0, 0xf9, 0xb4, 0x80, 0x3f,
    0x19, 0x0, 0x4c, 0x1, 0xfc, 0x3a, 0x20, 0x1f,
    0xc5, 0xe0, 0x1f, 0xd4, 0x1, 0x50, 0x7, 0xf5,
    0x8, 0x7, 0xfc, 0x4c, 0x1, 0xf9, 0x40, 0x4,
    0x40, 0xf, 0xc6, 0x80, 0x1f, 0xfc, 0x1a, 0x0,
    0xfc, 0x42, 0xa, 0x1, 0xfd, 0x40, 0x1f, 0xfc,
    0x23, 0x0, 0xfe, 0x50, 0xd0, 0xf, 0xe4, 0x0,
    0xff, 0xe6, 0x18, 0x38, 0x7, 0xf6, 0xff, 0xff,
    0xf0, 0xc0, 0x3f, 0xbc, 0x8, 0x3, 0xff, 0xac,
    0x20, 0x1f, 0xfd, 0x83, 0x0, 0xff, 0xec, 0x88,
    0x7, 0xff, 0x60, 0x40, 0x3f, 0xfc, 0x64, 0x5f,
    0xfc, 0xd3, 0x0, 0xff, 0xb7, 0x7f, 0xf9, 0xb2,
    0x6, 0x1, 0xfc, 0x80, 0x1f, 0xfc, 0xe5, 0x0,
    0xfe, 0xe0, 0xf, 0xfe, 0x76, 0x0, 0x7f, 0x28,
    0x80, 0x7f, 0xf3, 0x54, 0x3, 0xfd, 0x40, 0x1f,
    0xfc, 0x54, 0x40, 0x7, 0xca, 0x1, 0xfc, 0x90,
    0x1, 0xff, 0xc3, 0x4b, 0xb1, 0x80, 0x7a, 0x0,
    0x3f, 0xcf, 0x20, 0x1f, 0xfc, 0x17, 0xb0, 0x6,
    0x90, 0x7, 0x12, 0x80, 0x7f, 0x9b, 0x54, 0x3,
    0xf0, 0xbf, 0x40, 0x4, 0x38, 0x40, 0x1d, 0x62,
    0x1, 0xfe, 0x2a, 0xea, 0x86, 0x63, 0xce, 0xf4,
    0x8, 0x7, 0xf, 0x88, 0x6, 0x1a, 0x0, 0xff,
    0xe0, 0xa, 0xbc, 0xca, 0x18, 0x80, 0x3f, 0x8a,
    0xc0, 0x39, 0x24, 0x3, 0xff, 0xa3, 0x0, 0x1e,
    0x69, 0x0, 0xff, 0xe7, 0xe, 0x10, 0x7, 0xcd,
    0x62, 0x1, 0xff, 0xcb, 0x3f, 0x30, 0xf, 0xe4,
    0xf5, 0x0, 0xff, 0xe4, 0xc6, 0x8, 0x7, 0xfc,
    0x35, 0x8a, 0x1, 0xff, 0xc5, 0x6e, 0x70, 0xf,
    0xfe, 0x19, 0xd7, 0x41, 0x80, 0x7f, 0xc9, 0x3d,
    0x22, 0x1, 0xff, 0xc6, 0x17, 0xcf, 0xca, 0x98,
    0x8a, 0x6b, 0x7e, 0xd8, 0x40, 0x3f, 0x0,

    /* U+0066 "f" */
    0x0, 0xff, 0xe4, 0xa4, 0x5e, 0xf7, 0xfd, 0xdb,
    0x72, 0xea, 0x40, 0x1f, 0xfc, 0x73, 0xaf, 0xb7,
    0x42, 0x10, 0x8, 0x49, 0x1a, 0x2b, 0x60, 0x3,
    0xff, 0x88, 0x37, 0x8a, 0x1, 0xff, 0xc4, 0xf0,
    0xf, 0xfe, 0x1a, 0xf2, 0x0, 0x7f, 0xf1, 0x84,
    0x3, 0xff, 0x84, 0xd4, 0x1, 0xff, 0xc8, 0x20,
    0xf, 0xfe, 0xa, 0x48, 0x7, 0xff, 0x25, 0xc0,
    0x3f, 0xf8, 0x3, 0x40, 0x1f, 0xfc, 0xa1, 0x0,
    0xff, 0xe0, 0x58, 0x80, 0x7f, 0xf2, 0x88, 0x3,
    0xfe, 0x25, 0x0, 0xff, 0x92, 0x73, 0xbf, 0xdd,
    0xcc, 0xa8, 0x50, 0xf, 0xfe, 0x5, 0x0, 0x7f,
    0x8b, 0x2d, 0x8c, 0x40, 0x2, 0x23, 0x57, 0xa0,
    0xf, 0xfe, 0x3, 0x0, 0x7f, 0x16, 0x18, 0x7,
    0xff, 0x2c, 0x84, 0x3, 0xfb, 0x84, 0x3, 0xff,
    0x98, 0xe0, 0x1f, 0xc8, 0x60, 0x1f, 0xfc, 0xd2,
    0x0, 0xfe, 0xc0, 0xf, 0xfe, 0x77, 0x80, 0x7f,
    0x18, 0x7, 0xff, 0x38, 0x40, 0x3f, 0x9c, 0x3,
    0xff, 0xfe, 0x1, 0xff, 0xc3, 0x9f, 0xff, 0xe6,
    0x0, 0xfe, 0xcf, 0xff, 0xfe, 0x8, 0x7, 0xff,
    0xfc, 0x3, 0xff, 0xfe, 0x1, 0xff, 0xff, 0xbb,
    0xff, 0x28, 0x7, 0xf4, 0xdd, 0xff, 0xf0, 0x30,
    0x2, 0x24, 0x4f, 0xe3, 0x0, 0xfe, 0x54, 0x4f,
    0xfe, 0x1, 0x80, 0x7f, 0xff, 0xc0, 0x3f, 0xff,
    0xe0, 0x1f, 0xff, 0xf0, 0xf, 0xff, 0xf8, 0x7,
    0xff, 0xfc, 0x3, 0xff, 0xfe, 0x1, 0xff, 0xff,
    0x0, 0xff, 0xff, 0x80, 0x7f, 0xff, 0xc0, 0x3f,
    0xff, 0xe0, 0x1f, 0xff, 0xf0, 0xf, 0xff, 0xf8,
    0x7, 0xff, 0xfc, 0x3, 0xff, 0xfe, 0x1, 0xff,
    0xce,

    /* U+0067 "g" */
    0x0, 0xff, 0xe0, 0x9b, 0x3b, 0xcc, 0x60, 0x1f,
    0xfc, 0xe5, 0xbf, 0xc9, 0x88, 0xa7, 0x3e, 0x8c,
    0x2, 0x7f, 0xff, 0xd0, 0x1, 0xf9, 0x36, 0x90,
    0x3, 0xf9, 0x72, 0x84, 0x3c, 0x3, 0xff, 0x89,
    0x16, 0x40, 0x1f, 0xfc, 0x15, 0xf2, 0x20, 0x7,
    0xff, 0xe, 0x9c, 0x3, 0xff, 0x88, 0x38, 0xe0,
    0x1f, 0xfc, 0x29, 0x50, 0xf, 0xfe, 0x30, 0x90,
    0x7, 0xff, 0x5, 0x98, 0x1, 0xff, 0xd5, 0x19,
    0x0, 0xff, 0xeb, 0x40, 0x7, 0xff, 0x0, 0x99,
    0xdc, 0xc4, 0x1, 0xff, 0xc4, 0x16, 0x0, 0xff,
    0x15, 0xec, 0xc4, 0x27, 0x74, 0x80, 0x1f, 0xfc,
    0x26, 0x0, 0xff, 0x1e, 0x20, 0x7, 0x8a, 0xd8,
    0x3, 0xff, 0x83, 0x40, 0x1f, 0xc3, 0xa2, 0x1,
    0xfd, 0x28, 0x1, 0xff, 0x9, 0x0, 0x7f, 0x58,
    0x80, 0x7f, 0xdc, 0x1, 0xff, 0x20, 0x7, 0xf1,
    0x28, 0x7, 0xff, 0x33, 0x0, 0x3f, 0x94, 0x3,
    0xff, 0x9a, 0x40, 0x1f, 0xd6, 0x1, 0xff, 0xcd,
    0x60, 0xf, 0xe3, 0x0, 0xff, 0xe6, 0x90, 0x7,
    0xe1, 0x0, 0xff, 0xeb, 0x98, 0x7, 0xff, 0x5c,
    0x40, 0x3f, 0xff, 0xe0, 0x1f, 0xfd, 0x42, 0x0,
    0xff, 0xe7, 0x10, 0x7, 0xe1, 0x0, 0xff, 0xe7,
    0x30, 0x7, 0xf1, 0x80, 0x7f, 0xf3, 0x48, 0x3,
    0xf9, 0x0, 0x3f, 0xf9, 0xb8, 0x1, 0xfd, 0x60,
    0x1f, 0xfc, 0xd4, 0x0, 0xfe, 0x34, 0x0, 0xff,
    0xe6, 0x9, 0x80, 0x7f, 0x48, 0x7, 0xff, 0x3,
    0x80, 0x3f, 0xf8, 0x16, 0x1, 0xfc, 0x56, 0x1,
    0xfe, 0x94, 0x0, 0xff, 0xe0, 0x30, 0x7, 0xf9,
    0x30, 0xc0, 0x3c, 0x76, 0xc0, 0x1f, 0xfc, 0x11,
    0x70, 0xf, 0xf1, 0xe6, 0xcc, 0x42, 0xb7, 0x10,
    0x3, 0xff, 0x87, 0x2, 0x1, 0xff, 0x13, 0x3b,
    0x94, 0x80, 0x3f, 0xf8, 0xd4, 0x1, 0xff, 0xd7,
    0x47, 0x0, 0xff, 0xeb, 0xc3, 0x0, 0x7f, 0xf1,
    0x88, 0x3, 0xff, 0x89, 0x30, 0x1, 0xff, 0xc4,
    0x68, 0x0, 0xff, 0xe2, 0xbe, 0x18, 0x7, 0xff,
    0x6, 0x64, 0x1, 0xff, 0xc7, 0x3c, 0xb4, 0x0,
    0xfc, 0x2f, 0xcc, 0x1, 0xff, 0x78, 0x7, 0xf9,
    0x2f, 0xf2, 0x62, 0x2a, 0xde, 0x81, 0x0, 0x10,
    0x7, 0xf0, 0x80, 0x7f, 0xf0, 0x4d, 0x9d, 0xe5,
    0x20, 0xe, 0xd0, 0xf, 0xe3, 0x0, 0xff, 0xe6,
    0xa8, 0x7, 0xf3, 0x80, 0x7d, 0x88, 0x1, 0xff,
    0xc3, 0x70, 0xf, 0xe1, 0x20, 0xf, 0x41, 0xda,
    0x80, 0x7f, 0xf0, 0x4a, 0x0, 0x3f, 0x90, 0x3,
    0xc8, 0xe0, 0xa, 0xa0, 0x80, 0x7f, 0x8f, 0x0,
    0x3f, 0xdc, 0x1, 0xc3, 0x40, 0x19, 0x7a, 0x4c,
    0x3, 0xc7, 0x58, 0x20, 0x1f, 0xc6, 0x80, 0x1d,
    0x42, 0x1, 0xe6, 0xcf, 0xdb, 0xb6, 0xfe, 0x28,
    0x7, 0xfd, 0xe0, 0x1c, 0xc8, 0x1, 0xfe, 0x24,
    0x41, 0x0, 0x7f, 0xf0, 0x58, 0xc0, 0x38, 0x80,
    0x3f, 0xf9, 0xe9, 0x20, 0x1e, 0x4b, 0x0, 0xff,
    0xe6, 0xa5, 0x80, 0x7e, 0x4d, 0x20, 0xf, 0xfe,
    0x53, 0xd8, 0x7, 0xf8, 0xb6, 0x44, 0x3, 0xff,
    0x8c, 0x79, 0x0, 0x1f, 0xfc, 0x16, 0xe9, 0x30,
    0xf, 0xfe, 0x12, 0xde, 0x18, 0x7, 0xff, 0x11,
    0xb3, 0xa9, 0x8c, 0x40, 0x21, 0x24, 0x7b, 0xfa,
    0x40, 0xf, 0xe0,

    /* U+0068 "h" */
    0x5, 0x5f, 0xe4, 0x0, 0xff, 0xe7, 0x55, 0x7f,
    0x78, 0x7, 0xff, 0xfc, 0x3, 0xff, 0xfe, 0x1,
    0xff, 0xff, 0x0, 0xff, 0xff, 0x80, 0x7f, 0xff,
    0xc0, 0x3f, 0xff, 0xe0, 0x1f, 0xff, 0xf0, 0xf,
    0xfe, 0x51, 0x2b, 0xbc, 0xc6, 0x1, 0xff, 0xce,
    0x17, 0xdd, 0x54, 0x45, 0x39, 0xf6, 0xa0, 0x1f,
    0xfc, 0xa6, 0xf8, 0x20, 0xf, 0xc9, 0x5a, 0x80,
    0x1f, 0xfc, 0x7a, 0x91, 0x0, 0xff, 0xe0, 0x15,
    0xc0, 0x7, 0xff, 0x16, 0xd4, 0x3, 0xff, 0x88,
    0xf0, 0x1, 0xff, 0xc3, 0x94, 0x0, 0xff, 0xe3,
    0x3a, 0x0, 0x7f, 0xf0, 0x51, 0x80, 0x3f, 0xf9,
    0x14, 0x1, 0xff, 0xd7, 0x16, 0x0, 0xff, 0xe2,
    0xa, 0xc4, 0xc9, 0xd0, 0x3, 0xff, 0x81, 0x60,
    0x1f, 0xfc, 0x21, 0x9e, 0xa7, 0x66, 0x45, 0xf3,
    0x0, 0x7f, 0x88, 0x80, 0x1f, 0xfc, 0x3, 0xf6,
    0x0, 0xf8, 0x66, 0x0, 0x3f, 0xca, 0x1, 0xff,
    0xe, 0x88, 0x7, 0xf9, 0xd0, 0x3, 0xfb, 0x40,
    0x3f, 0xe5, 0x10, 0xf, 0xfe, 0x7, 0x80, 0x7f,
    0x38, 0x7, 0xff, 0x35, 0x0, 0x3f, 0x8c, 0x3,
    0xff, 0x9c, 0x40, 0x1f, 0x84, 0x3, 0xff, 0x9c,
    0x20, 0x1f, 0xff, 0xf0, 0xf, 0xff, 0xf8, 0x7,
    0xff, 0xfc, 0x3, 0xff, 0xfe, 0x1, 0xff, 0xff,
    0x0, 0xff, 0xff, 0x80, 0x7f, 0xff, 0xc0, 0x3f,
    0xff, 0xe0, 0x1f, 0xff, 0xf0, 0xf, 0xff, 0xf8,
    0x7, 0xff, 0xfc, 0x3, 0xff, 0x82,

    /* U+0069 "i" */
    0x0, 0xff, 0xe1, 0x1b, 0x3b, 0x10, 0x7, 0xff,
    0x35, 0x37, 0x26, 0x27, 0x6c, 0x40, 0x3f, 0xf9,
    0x47, 0x64, 0x1, 0xc9, 0x80, 0x1f, 0xfc, 0xae,
    0x0, 0xfc, 0x50, 0x1, 0xff, 0xc8, 0x22, 0x0,
    0x7f, 0x28, 0x7, 0xff, 0x21, 0x80, 0x3f, 0xc4,
    0x1, 0xff, 0xd3, 0x10, 0xf, 0xfe, 0x42, 0x0,
    0x7f, 0x94, 0x3, 0xff, 0x92, 0xc0, 0x1f, 0xde,
    0x1, 0xff, 0xc9, 0x94, 0x0, 0xfa, 0x10, 0x3,
    0xff, 0x95, 0x72, 0x60, 0x1, 0x5c, 0x70, 0xf,
    0xfe, 0x63, 0x67, 0xfb, 0xa8, 0xc0, 0x3f, 0xff,
    0xe0, 0x1f, 0xff, 0x57, 0xff, 0xff, 0xe4, 0x20,
    0x7, 0xff, 0xfc, 0x3, 0xff, 0xfe, 0x1, 0xff,
    0xff, 0x0, 0xfe, 0x7f, 0xff, 0xf3, 0x0, 0x7f,
    0xff, 0xc0, 0x3f, 0xff, 0xe0, 0x1f, 0xff, 0xf0,
    0xf, 0xff, 0xf8, 0x7, 0xff, 0xfc, 0x3, 0xff,
    0xfe, 0x1, 0xff, 0xff, 0x0, 0xff, 0xff, 0x80,
    0x7f, 0xff, 0xc0, 0x3f, 0xf8, 0xaf, 0xff, 0xfe,
    0x60, 0xf, 0xeb, 0xff, 0xfe, 0x90, 0xf, 0xff,
    0xf8, 0x7, 0xff, 0xfc, 0x3, 0xff, 0xfc,

    /* U+006A "j" */
    0x0, 0xff, 0xe1, 0xb6, 0x7f, 0xba, 0x8c, 0x3,
    0xff, 0x89, 0x72, 0x60, 0x1, 0x5c, 0x70, 0xf,
    0xfe, 0x14, 0x20, 0x7, 0xd0, 0x80, 0x1f, 0xfc,
    0x17, 0x0, 0xfe, 0xf0, 0xf, 0xfe, 0x1, 0x80,
    0x7f, 0x94, 0x3, 0xff, 0x80, 0xe0, 0x1f, 0xe1,
    0x0, 0xff, 0xe0, 0x30, 0x7, 0xf8, 0x80, 0x3f,
    0xf8, 0x4, 0x60, 0x1f, 0xca, 0x1, 0xff, 0xc1,
    0xf0, 0xf, 0xc5, 0x0, 0x1f, 0xfc, 0x13, 0xc2,
    0x0, 0xe4, 0xc0, 0xf, 0xfe, 0x19, 0xed, 0xcc,
    0x4e, 0xd8, 0x80, 0x7f, 0xf1, 0x51, 0x9d, 0x88,
    0x3, 0xff, 0xfe, 0x1, 0x1f, 0xff, 0xff, 0x1d,
    0x0, 0x3f, 0xff, 0xe0, 0x1f, 0xff, 0xf0, 0xf,
    0xfe, 0x49, 0xff, 0xff, 0x30, 0x7, 0xff, 0xfc,
    0x3, 0xff, 0xfe, 0x1, 0xff, 0xff, 0x0, 0xff,
    0xff, 0x80, 0x7f, 0xff, 0xc0, 0x3f, 0xff, 0xe0,
    0x1f, 0xff, 0xf0, 0xf, 0xff, 0xf8, 0x7, 0xff,
    0xfc, 0x3, 0xff, 0xfe, 0x1, 0xff, 0xc5, 0x30,
    0xf, 0xe7, 0x0, 0xff, 0xe0, 0xb8, 0x7, 0xf0,
    0x80, 0x7f, 0xf0, 0x8, 0x80, 0x1f, 0xc4, 0x1,
    0xff, 0xc0, 0x90, 0xf, 0xe1, 0x0, 0xff, 0xe0,
    0x4a, 0x0, 0x7f, 0x20, 0x0, 0xcc, 0x45, 0xc9,
    0x1c, 0xc0, 0x1f, 0xef, 0x0, 0x46, 0x6e, 0xf5,
    0xb8, 0x80, 0x7f, 0x85, 0x40, 0xe, 0x1, 0xff,
    0xc7, 0x80, 0x8, 0x40, 0x3f, 0xf8, 0xc6, 0xc0,
    0x11, 0x80, 0x7f, 0xf1, 0x47, 0x40, 0x30, 0x80,
    0x7f, 0xf1, 0xb, 0xc4, 0x3, 0xff, 0x90, 0xda,
    0x20, 0x18, 0x40, 0x3f, 0xf8, 0x22, 0xdb, 0x20,
    0x1f, 0x31, 0x88, 0x7, 0x9, 0xac, 0x5f, 0x49,
    0x0, 0x7c,

    /* U+006B "k" */
    0x55, 0xfe, 0x40, 0xf, 0xfe, 0x85, 0x57, 0xf4,
    0x80, 0x7f, 0xff, 0xc0, 0x3f, 0xff, 0xe0, 0x1f,
    0xff, 0xf0, 0xf, 0xff, 0xf8, 0x7, 0xff, 0xfc,
    0x3, 0xff, 0xfe, 0x1, 0xff, 0xff, 0x0, 0xff,
    0xff, 0x80, 0x7f, 0xf2, 0xf, 0xff, 0xfe, 0x90,
    0xf, 0xfe, 0x61, 0x68, 0x7, 0xf9, 0x64, 0x3,
    0xff, 0x96, 0x38, 0x20, 0x1f, 0xc7, 0x40, 0x1f,
    0xfc, 0xb1, 0xc1, 0x0, 0xfe, 0x2d, 0x0, 0xff,
    0xe6, 0x69, 0x0, 0x7f, 0x16, 0x8, 0x7, 0xff,
    0x2e, 0xcc, 0x3, 0xf8, 0x7c, 0x40, 0x3f, 0xf9,
    0x72, 0x80, 0x1f, 0xed, 0x20, 0xf, 0xfe, 0x5c,
    0x30, 0x7, 0xfa, 0xcc, 0x3, 0xff, 0x96, 0xee,
    0x0, 0xff, 0x52, 0x0, 0x7f, 0xf2, 0xd6, 0x0,
    0x3f, 0xd0, 0xa0, 0x1f, 0xfc, 0xb4, 0xa0, 0xf,
    0xf3, 0xb8, 0x3, 0xff, 0x96, 0x76, 0x1, 0xfe,
    0x58, 0x0, 0xff, 0xe5, 0x96, 0x80, 0x7f, 0x92,
    0x80, 0x3f, 0xf9, 0x63, 0xe2, 0x1, 0xfc, 0x76,
    0x1, 0xff, 0xcb, 0x3d, 0x20, 0xf, 0xe2, 0xd0,
    0xf, 0xfe, 0x60, 0x98, 0x7, 0xf0, 0xe0, 0x80,
    0x7f, 0xf5, 0xc4, 0x80, 0x3f, 0xfb, 0x3c, 0x1,
    0xff, 0xd9, 0x2a, 0x0, 0xff, 0xec, 0xab, 0x0,
    0x7f, 0xf6, 0x64, 0x80, 0x3f, 0xfb, 0x3e, 0x1,
    0xff, 0xce, 0x25, 0x0, 0xfe, 0x29, 0x0, 0xff,
    0xe6, 0x16, 0x51, 0x0, 0x7f, 0x32, 0x80, 0x7f,
    0xf2, 0x8f, 0x4, 0x38, 0x3, 0xfd, 0x44, 0x1,
    0xff, 0xc8, 0x3c, 0x10, 0x1, 0xb8, 0x7, 0xfb,
    0x80, 0x3f, 0xf8, 0xe3, 0x80, 0x1d, 0x6, 0x1,
    0xfc, 0x72, 0x1, 0xff, 0xc6, 0x30, 0xf, 0xb8,
    0x3, 0xfc, 0xc8, 0x1, 0xff, 0xcd, 0x28, 0x0,
    0xff, 0x50, 0x80, 0x7f, 0xf3, 0x5c, 0xc0, 0x3f,
    0x87, 0x40, 0x3f, 0xf9, 0xdc, 0x1, 0xfe, 0x38,
    0x0, 0xff, 0xe6, 0x94, 0x80, 0x7f, 0x9d, 0x0,
    0x3f, 0xf9, 0xac, 0x80, 0x1f, 0xea, 0x10, 0xf,
    0xfe, 0x6d, 0x8, 0x7, 0xf0, 0xd0, 0x7, 0xff,
    0x34, 0x6c, 0x3, 0xfc, 0x8e, 0x1, 0xff, 0xcd,
    0x55, 0x0, 0x7f, 0xa0, 0xc0, 0x3f, 0xf9, 0xb6,
    0x20, 0x1f, 0xee, 0x10, 0xf, 0xfe, 0x60, 0xd0,
    0x7, 0xf8, 0xac, 0x0,

    /* U+006C "l" */
    0x0, 0xff, 0xea, 0xff, 0xff, 0xf2, 0x50, 0x3,
    0xff, 0xfe, 0x1, 0xff, 0xff, 0x0, 0xff, 0xff,
    0x80, 0x7f, 0xf1, 0x7f, 0xff, 0xe6, 0x0, 0xff,
    0xff, 0x80, 0x7f, 0xff, 0xc0, 0x3f, 0xff, 0xe0,
    0x1f, 0xff, 0xf0, 0xf, 0xff, 0xf8, 0x7, 0xff,
    0xfc, 0x3, 0xff, 0xfe, 0x1, 0xff, 0xff, 0x0,
    0xff, 0xff, 0x80, 0x7f, 0xff, 0xc0, 0x3f, 0xff,
    0xe0, 0x1f, 0xff, 0xf0, 0xf, 0xff, 0xf8, 0x7,
    0xff, 0xfc, 0x3, 0xff, 0xfe, 0x1, 0xff, 0xff,
    0x0, 0xff, 0xef, 0x7f, 0xff, 0xcc, 0x1, 0xfd,
    0x7f, 0xff, 0xe2, 0x0, 0xff, 0xff, 0x80, 0x7f,
    0xff, 0xc0, 0x3f, 0xff, 0xe0, 0x1e,

    /* U+006D "m" */
    0x0, 0xff, 0xe1, 0x13, 0x3b, 0x98, 0x80, 0x3e,
    0x25, 0x77, 0x29, 0x0, 0x79, 0x7f, 0xff, 0x8,
    0x0, 0xf3, 0x66, 0x21, 0x3b, 0x62, 0x1, 0x26,
    0x6d, 0x44, 0x2b, 0x70, 0xc0, 0x3f, 0xf8, 0x26,
    0xf, 0x86, 0x1, 0xe4, 0xc1, 0x7, 0xb3, 0x0,
    0xf1, 0xe2, 0x80, 0x7f, 0xf0, 0x5, 0x60, 0x3,
    0xf8, 0xa1, 0xa0, 0x3, 0xfd, 0x46, 0x1, 0xff,
    0x2d, 0x0, 0x7f, 0xcd, 0x20, 0x1f, 0xfc, 0xf,
    0x0, 0xff, 0xa0, 0x3, 0xff, 0x9c, 0x66, 0x0,
    0xff, 0x8, 0x7, 0xff, 0x3e, 0xc0, 0x3f, 0xfb,
    0x48, 0x1, 0xff, 0xc, 0xdc, 0x8, 0x7, 0xf0,
    0xcd, 0xc8, 0x80, 0x7e, 0x30, 0xf, 0xfb, 0xd9,
    0x1e, 0x80, 0x3f, 0xf, 0xb2, 0x36, 0x0, 0x7f,
    0x8, 0x7, 0xf3, 0x8, 0x4, 0x80, 0x1f, 0x94,
    0x40, 0x22, 0x30, 0xf, 0xc6, 0x1, 0xfc, 0x20,
    0x1c, 0x20, 0x1f, 0xfc, 0x16, 0x0, 0xfc, 0x20,
    0x1f, 0xff, 0xf0, 0xf, 0xff, 0xf8, 0x7, 0xff,
    0xfc, 0x3, 0xff, 0xfe, 0x1, 0xff, 0xff, 0x0,
    0xff, 0xff, 0x80, 0x7f, 0xff, 0xc0, 0x3f, 0xff,
    0xe0, 0x1f, 0xff, 0xf0, 0xf, 0xff, 0xf8, 0x7,
    0xff, 0xfc, 0x3, 0xff, 0xfe, 0x1, 0xff, 0xff,
    0x0, 0xff, 0xff, 0x80, 0x40,

    /* U+006E "n" */
    0x0, 0xff, 0xe3, 0xa, 0xb3, 0xb9, 0x90, 0x40,
    0x3f, 0xdf, 0xff, 0xb4, 0x3, 0x86, 0x37, 0xaa,
    0x62, 0x13, 0x7d, 0xb0, 0x20, 0x1f, 0xfc, 0x32,
    0x0, 0xd1, 0xce, 0x40, 0x1f, 0x89, 0xf9, 0xc0,
    0x3f, 0xf8, 0x62, 0x3, 0x8e, 0x1, 0xff, 0xc2,
    0x8b, 0x0, 0xff, 0xe1, 0x11, 0x3c, 0xc0, 0x3f,
    0xf8, 0x89, 0x60, 0x1f, 0xfc, 0x15, 0xc1, 0x0,
    0xff, 0xe3, 0x23, 0x0, 0x7f, 0xf0, 0x24, 0x40,
    0x3f, 0xf9, 0x12, 0x20, 0x1f, 0xfd, 0x66, 0x0,
    0xff, 0xe1, 0x93, 0xd6, 0x5d, 0x41, 0x80, 0x7f,
    0xd4, 0x1, 0xff, 0xc1, 0x1a, 0xd8, 0x53, 0x45,
    0x7c, 0xb1, 0x0, 0xfe, 0x22, 0x0, 0x7f, 0xc5,
    0xea, 0x1, 0xf9, 0x34, 0x3, 0xfc, 0x80, 0x1f,
    0xf7, 0x88, 0x7, 0xf8, 0xd8, 0x3, 0xfb, 0xc0,
    0x3f, 0xc6, 0x40, 0x1f, 0xfc, 0xa, 0x0, 0xfe,
    0x50, 0xf, 0xfe, 0x61, 0x80, 0x7f, 0x8, 0x7,
    0xff, 0x34, 0x40, 0x3f, 0x18, 0x7, 0xff, 0x34,
    0xc0, 0x3f, 0xff, 0xe0, 0x1f, 0xff, 0xf0, 0xf,
    0xff, 0xf8, 0x7, 0xff, 0xfc, 0x3, 0xff, 0xfe,
    0x1, 0xff, 0xff, 0x0, 0xff, 0xff, 0x80, 0x7f,
    0xff, 0xc0, 0x3f, 0xff, 0xe0, 0x1f, 0xff, 0xf0,
    0xf, 0xff, 0xa0,

    /* U+006F "o" */
    0x0, 0xff, 0xe1, 0xa, 0x33, 0xbc, 0xc8, 0x40,
    0x1f, 0xfc, 0xd3, 0x9e, 0xe5, 0xcc, 0x45, 0x37,
    0xbd, 0x48, 0x1, 0xff, 0xc8, 0x4c, 0xc3, 0x8,
    0x7, 0xf0, 0xad, 0xea, 0x80, 0x7f, 0xf1, 0x6,
    0xac, 0xc0, 0x3f, 0xf8, 0x65, 0x58, 0x40, 0x1f,
    0xfc, 0x13, 0xf5, 0x0, 0xff, 0xe3, 0x9e, 0xa0,
    0x7, 0xfc, 0x78, 0x20, 0x1f, 0xfc, 0xab, 0x50,
    0xf, 0xe2, 0xd0, 0xf, 0xfe, 0x6d, 0x18, 0x7,
    0xee, 0x10, 0xf, 0xfe, 0x76, 0x88, 0x7, 0x9c,
    0xc0, 0x3f, 0xe4, 0x78, 0x75, 0x0, 0xff, 0x86,
    0x0, 0x38, 0x60, 0x3, 0xfc, 0xdd, 0x70, 0xf1,
    0x5e, 0xe0, 0x1f, 0xe6, 0x30, 0xd, 0x20, 0x1f,
    0xe9, 0x90, 0x80, 0x7a, 0x2c, 0x3, 0xfd, 0x20,
    0x19, 0x80, 0x3f, 0x9d, 0x80, 0x3f, 0x92, 0x40,
    0x3f, 0x94, 0x40, 0x8, 0x20, 0x1f, 0x86, 0x0,
    0x3f, 0xe6, 0x30, 0xf, 0xe7, 0x0, 0x68, 0x7,
    0xf4, 0x80, 0x7f, 0xf0, 0x64, 0x3, 0xfb, 0x40,
    0x8, 0x1, 0xfc, 0xa0, 0x1f, 0xfc, 0x15, 0x0,
    0xfe, 0x40, 0x1, 0x0, 0x7e, 0x22, 0x0, 0x7f,
    0xf0, 0x8c, 0x3, 0xf8, 0x88, 0x1, 0xfc, 0xe0,
    0x1f, 0xfc, 0x35, 0x0, 0xfe, 0x66, 0x0, 0x7f,
    0x10, 0x7, 0xff, 0xf, 0xc0, 0x3f, 0x88, 0x40,
    0x3f, 0xbc, 0x3, 0xff, 0x86, 0x60, 0x1f, 0xc2,
    0x1, 0xfe, 0x10, 0xf, 0xfe, 0x18, 0x80, 0x7f,
    0x79, 0x80, 0x7f, 0xf6, 0xc, 0x3, 0xff, 0x9a,
    0x20, 0x1f, 0xde, 0x20, 0x1f, 0xc2, 0x1, 0xff,
    0xc3, 0x30, 0xf, 0xf3, 0x80, 0x7f, 0x70, 0x7,
    0xff, 0xc, 0x40, 0x3f, 0x88, 0x80, 0x1f, 0xc4,
    0x1, 0xff, 0xc3, 0xd0, 0xf, 0xe6, 0x11, 0x0,
    0x7e, 0x40, 0xf, 0xfe, 0x1b, 0x80, 0x7f, 0x18,
    0x28, 0x7, 0xf2, 0x0, 0x7f, 0xf0, 0x48, 0x80,
    0x1f, 0x88, 0x1, 0x80, 0x1f, 0xdc, 0x1, 0xff,
    0xc1, 0xa0, 0xf, 0xe4, 0x0, 0x30, 0x7, 0xf2,
    0x98, 0x7, 0xfc, 0x2e, 0x1, 0xfd, 0xa0, 0x1,
    0x40, 0xf, 0xee, 0x0, 0xff, 0xa8, 0x3, 0xf8,
    0x90, 0x2, 0xf0, 0xf, 0xe2, 0xc1, 0x0, 0xfd,
    0x68, 0x1, 0xfd, 0x60, 0x19, 0xc, 0x3, 0xf8,
    0xf9, 0xc8, 0x2, 0x16, 0xe4, 0x0, 0xfe, 0x16,
    0x0, 0xee, 0x0, 0xff, 0xa3, 0x7f, 0xbf, 0xa4,
    0x40, 0x3f, 0xd6, 0x1, 0xe2, 0x80, 0xf, 0xfe,
    0x8, 0x80, 0x7f, 0xf0, 0x55, 0x40, 0x1f, 0x3a,
    0x80, 0x7f, 0xf3, 0x4e, 0x80, 0x3f, 0xa9, 0x40,
    0x3f, 0xf9, 0x67, 0x80, 0x1f, 0xf5, 0x40, 0x7,
    0xff, 0x25, 0x70, 0x3, 0xff, 0x82, 0xf8, 0x60,
    0x1f, 0xfc, 0x51, 0xaa, 0x0, 0x7f, 0xf0, 0xcf,
    0x29, 0x0, 0x3f, 0xf8, 0x25, 0x3c, 0xa0, 0x1f,
    0xfc, 0x65, 0xbe, 0x96, 0x31, 0x0, 0x84, 0x96,
    0x37, 0x4c, 0x1, 0xfe,

    /* U+0070 "p" */
    0x0, 0xff, 0xe2, 0x23, 0x3b, 0xca, 0x40, 0x1f,
    0xfc, 0xe, 0xff, 0xfc, 0x60, 0x12, 0x5f, 0xdc,
    0xc4, 0x55, 0xbd, 0x26, 0x1, 0xff, 0xc6, 0x70,
    0x2b, 0xb2, 0x0, 0x7e, 0x16, 0xca, 0x10, 0xf,
    0xfe, 0x20, 0xa6, 0xa0, 0x7, 0xff, 0x5, 0x7c,
    0xc0, 0x3f, 0xf8, 0x7f, 0x60, 0x1f, 0xfc, 0x41,
    0xc4, 0x0, 0xff, 0xe1, 0x28, 0x7, 0xff, 0x1e,
    0xc8, 0x3, 0xff, 0xad, 0xc0, 0x1f, 0xfd, 0x63,
    0x60, 0xf, 0xfe, 0x2a, 0x3b, 0xc8, 0x1, 0xff,
    0xc0, 0x80, 0xf, 0xfe, 0x1c, 0x7d, 0xc4, 0x57,
    0xcc, 0x1, 0xfe, 0x15, 0x0, 0xff, 0xe0, 0xe3,
    0x80, 0x78, 0x66, 0x40, 0x1f, 0xee, 0x0, 0xff,
    0xe0, 0x51, 0x80, 0x7f, 0x33, 0x0, 0x3f, 0x90,
    0x40, 0x3f, 0xc2, 0xa0, 0x1f, 0xf4, 0x0, 0x7f,
    0x90, 0x3, 0xff, 0x96, 0x2c, 0x1, 0xfd, 0xa0,
    0x1f, 0xfc, 0xcd, 0x0, 0xfe, 0x30, 0xf, 0xfe,
    0x62, 0x0, 0x7f, 0x28, 0x7, 0xff, 0x34, 0x80,
    0x3f, 0x8, 0x7, 0xff, 0x35, 0x80, 0x3f, 0xfa,
    0xc2, 0x1, 0xfc, 0x20, 0x1f, 0xff, 0xf0, 0xf,
    0xff, 0x50, 0x80, 0x7f, 0x8, 0x7, 0xff, 0x31,
    0x80, 0x3f, 0xfa, 0xc4, 0x1, 0xf8, 0x80, 0x3f,
    0xf9, 0x88, 0x1, 0xfc, 0xc0, 0x1f, 0xfc, 0xcd,
    0x0, 0xfe, 0x30, 0xf, 0xfe, 0x58, 0xb0, 0x7,
    0xf6, 0x0, 0x7f, 0x85, 0x40, 0x3f, 0xe8, 0x0,
    0xff, 0x20, 0x7, 0xfd, 0x64, 0x1, 0xfc, 0xac,
    0x1, 0xfc, 0xa0, 0x1f, 0xfc, 0x1, 0xd6, 0x0,
    0xf9, 0xe8, 0x3, 0xfd, 0xc0, 0x1f, 0xfc, 0x29,
    0xe9, 0x76, 0x79, 0xe8, 0x0, 0xff, 0x12, 0x0,
    0x7f, 0xf0, 0xc5, 0xa2, 0x61, 0x84, 0x3, 0xfe,
    0x90, 0xf, 0xfe, 0xaa, 0xa0, 0x7, 0xff, 0x50,
    0xac, 0x3, 0xff, 0x84, 0x20, 0x1f, 0xfc, 0x51,
    0xf1, 0x0, 0xff, 0xe0, 0x8e, 0x8, 0x7, 0xff,
    0xc, 0xb0, 0x80, 0x3f, 0xf8, 0x65, 0xe8, 0x1,
    0xff, 0xc1, 0x7d, 0x20, 0xf, 0xfe, 0x28, 0xde,
    0x28, 0x7, 0xe1, 0x7d, 0x80, 0xf, 0xfe, 0x49,
    0xd7, 0xe4, 0xc4, 0x55, 0xbd, 0x4, 0x1, 0xff,
    0xcd, 0x36, 0x77, 0x94, 0x80, 0x3f, 0xff, 0xe0,
    0x1f, 0xff, 0xf0, 0xf, 0xff, 0xf8, 0x7, 0xff,
    0xfc, 0x3, 0xff, 0xfe, 0x1, 0xff, 0xff, 0x0,
    0xff, 0xe2, 0x80,

    /* U+0071 "q" */
    0x0, 0xff, 0xe0, 0x12, 0xb3, 0xb9, 0x90, 0x40,
    0x3f, 0xf9, 0x83, 0x1b, 0xaa, 0x98, 0x84, 0xdf,
    0x62, 0x80, 0x6a, 0xff, 0xfc, 0x1, 0xfa, 0x39,
    0xc8, 0x3, 0xf1, 0xd6, 0x98, 0x1, 0xc0, 0x3f,
    0xf8, 0x43, 0x8e, 0x1, 0xff, 0xc1, 0x2c, 0x50,
    0x20, 0xf, 0xfe, 0x9, 0x79, 0x80, 0x7f, 0xf1,
    0x29, 0xc0, 0x3f, 0xf8, 0x5e, 0x20, 0x1f, 0xfc,
    0x68, 0x0, 0xff, 0xe0, 0xd1, 0x0, 0x7f, 0xf5,
    0x11, 0x40, 0x3f, 0xfa, 0xb0, 0x1, 0xff, 0xc0,
    0x47, 0x87, 0x51, 0x0, 0xff, 0xe1, 0x99, 0x80,
    0x3f, 0xcb, 0xd7, 0xf, 0x15, 0xd4, 0x20, 0x1f,
    0xfc, 0x1a, 0x0, 0xff, 0x3d, 0x8, 0x7, 0x97,
    0xc4, 0x3, 0xff, 0x80, 0xe0, 0x1f, 0xc9, 0x0,
    0x1f, 0xc3, 0xa0, 0x1f, 0xf1, 0x88, 0x7, 0xf4,
    0x80, 0x7f, 0xc6, 0x60, 0xf, 0xf2, 0x80, 0x7f,
    0x21, 0x0, 0x7f, 0xf2, 0xfc, 0x3, 0xfb, 0x40,
    0x3f, 0xf9, 0x8a, 0x1, 0xfc, 0x80, 0x1f, 0xfc,
    0xc1, 0x0, 0xfe, 0x20, 0xf, 0xfe, 0x61, 0x0,
    0x7e, 0x20, 0xf, 0xfe, 0xb0, 0x80, 0x7f, 0xff,
    0xc0, 0x3f, 0xfe, 0x82, 0x1, 0xff, 0xcd, 0x20,
    0xf, 0xc4, 0x1, 0xff, 0xcd, 0x10, 0xf, 0xe2,
    0x0, 0xff, 0xe6, 0x28, 0x7, 0xf3, 0x80, 0x7f,
    0xf3, 0x3c, 0x3, 0xfb, 0xc0, 0x3f, 0xf9, 0x88,
    0x1, 0xfc, 0xa2, 0x1, 0xff, 0xcb, 0x22, 0x0,
    0x7f, 0x58, 0x7, 0xfc, 0x66, 0x0, 0xff, 0x94,
    0x3, 0xf9, 0x58, 0x3, 0xf8, 0x74, 0x3, 0xff,
    0x81, 0x40, 0x1f, 0xe9, 0x80, 0xf, 0x97, 0xc4,
    0x3, 0xff, 0x80, 0x4a, 0x1, 0xfe, 0x7e, 0xa7,
    0x67, 0x9e, 0xa1, 0x0, 0xff, 0xe1, 0x40, 0x7,
    0xfc, 0x2b, 0x13, 0xc, 0x20, 0x1f, 0xfc, 0x42,
    0x80, 0xf, 0xfe, 0xb3, 0x98, 0x7, 0xff, 0x5b,
    0x4c, 0x3, 0xff, 0x8c, 0x20, 0x1f, 0xfc, 0x21,
    0xd4, 0x0, 0xff, 0xe2, 0x59, 0x0, 0x7f, 0xf0,
    0xc6, 0xe4, 0x3, 0xff, 0x82, 0x7a, 0x80, 0x1f,
    0xfc, 0x66, 0xe8, 0x20, 0xf, 0xc9, 0x58, 0x40,
    0x1f, 0xfc, 0x81, 0x7d, 0xea, 0x88, 0xa6, 0xfe,
    0xd4, 0x3, 0xff, 0x9a, 0x2a, 0xef, 0x32, 0x0,
    0x7f, 0xff, 0xc0, 0x3f, 0xff, 0xe0, 0x1f, 0xff,
    0xf0, 0xf, 0xff, 0xf8, 0x7, 0xff, 0xfc, 0x3,
    0xff, 0xfe, 0x1, 0xff, 0xc9,

    /* U+0072 "r" */
    0x0, 0xff, 0xe3, 0x9b, 0x3b, 0xcc, 0xa8, 0x20,
    0xe, 0xff, 0xfc, 0x60, 0x1e, 0x4b, 0xfc, 0x98,
    0x8a, 0x6a, 0xfb, 0xd0, 0x3, 0xf9, 0xc0, 0x31,
    0xe5, 0xa0, 0x7, 0xfc, 0xe0, 0x1f, 0xc2, 0x1,
    0x46, 0x18, 0x7, 0xff, 0x4, 0x80, 0x3f, 0x88,
    0x1, 0x6e, 0x1, 0xff, 0xc3, 0x10, 0xf, 0xef,
    0xb, 0x40, 0xf, 0xfe, 0x19, 0x80, 0x7f, 0x86,
    0x90, 0x3, 0xff, 0x88, 0xc0, 0x1f, 0xe7, 0x50,
    0xf, 0xfe, 0x29, 0x0, 0x7f, 0x84, 0x3, 0xff,
    0x8d, 0xa0, 0x1f, 0xfd, 0x16, 0x0, 0xff, 0xe2,
    0xa3, 0xcd, 0x55, 0x2e, 0xa6, 0x20, 0x40, 0x1f,
    0xfc, 0x21, 0x9f, 0xb8, 0x65, 0x59, 0xa2, 0xb3,
    0xb4, 0x40, 0x3f, 0xf8, 0x2b, 0xcc, 0x1, 0xff,
    0xc0, 0x20, 0xf, 0xfe, 0xa, 0xd0, 0x7, 0xff,
    0x3c, 0xa8, 0x3, 0xff, 0xa1, 0x20, 0x1f, 0xfd,
    0x1, 0x40, 0xf, 0xfe, 0x81, 0x80, 0x7f, 0xff,
    0xc0, 0x3f, 0xff, 0xe0, 0x1f, 0xff, 0xf0, 0xf,
    0xff, 0xf8, 0x7, 0xff, 0xfc, 0x3, 0xff, 0xfe,
    0x1, 0xff, 0xff, 0x0, 0xff, 0xff, 0x80, 0x7f,
    0xf9, 0x80,

    /* U+0073 "s" */
    0x0, 0xff, 0xe0, 0x92, 0x33, 0xbe, 0x54, 0x10,
    0xf, 0xfe, 0x53, 0x57, 0xed, 0xcc, 0x46, 0xab,
    0xee, 0x5b, 0x8, 0x7, 0xff, 0xc, 0x67, 0xe5,
    0x40, 0x3f, 0xe1, 0x49, 0xea, 0x20, 0xf, 0xfe,
    0x3, 0x73, 0x0, 0x7f, 0xf1, 0x97, 0x64, 0x3,
    0xfd, 0x52, 0x1, 0xff, 0xca, 0x6d, 0x20, 0xf,
    0xad, 0x40, 0x3f, 0xf9, 0x85, 0x82, 0x1, 0xd0,
    0x80, 0x1f, 0xfc, 0xe1, 0xd0, 0xc, 0x6e, 0x1,
    0xff, 0x1a, 0xb2, 0xa0, 0x80, 0x7f, 0xc6, 0xe0,
    0x14, 0x0, 0x7f, 0xc, 0xfe, 0x54, 0xd5, 0xf6,
    0xb0, 0x7, 0xfa, 0x40, 0x2, 0x80, 0x1f, 0x8b,
    0xd8, 0x3, 0xe2, 0x9b, 0x0, 0xfe, 0x15, 0x4,
    0x0, 0xfe, 0xe1, 0x0, 0xff, 0x23, 0x80, 0x7f,
    0x60, 0x10, 0x7, 0xf1, 0x80, 0x7f, 0xf0, 0x24,
    0x3, 0xf9, 0x40, 0x3f, 0xf9, 0x82, 0x67, 0xfc,
    0xc0, 0x20, 0x1f, 0xca, 0x1, 0xff, 0xc1, 0xcc,
    0xfe, 0xa0, 0x50, 0xf, 0xea, 0x50, 0xf, 0xfe,
    0x59, 0x90, 0x7, 0xf5, 0x63, 0x8, 0x7, 0xff,
    0x26, 0xc0, 0x3f, 0xc7, 0x3d, 0xb4, 0xe8, 0x20,
    0x1f, 0xfc, 0x46, 0x40, 0xf, 0xfe, 0x1, 0x2c,
    0x5f, 0x72, 0xdc, 0x80, 0x3f, 0xf8, 0x36, 0x60,
    0x1f, 0xfc, 0x41, 0x48, 0xde, 0x93, 0x0, 0xff,
    0xb1, 0x40, 0x3f, 0xf8, 0xe2, 0xd9, 0x84, 0x0,
    0xff, 0x55, 0x4, 0x3, 0xff, 0x90, 0x77, 0x40,
    0x1f, 0xe5, 0xe9, 0x20, 0xf, 0xfe, 0x42, 0xe8,
    0x80, 0x7f, 0x9b, 0x6d, 0x84, 0x3, 0xff, 0x8c,
    0x58, 0x20, 0x1f, 0xf2, 0x4f, 0x64, 0x20, 0x80,
    0x7f, 0xf0, 0xca, 0xc0, 0x3f, 0xf8, 0x46, 0xf7,
    0xdc, 0xa7, 0x30, 0xf, 0xfe, 0x2, 0x98, 0x7,
    0xff, 0x14, 0x56, 0x33, 0xa0, 0x80, 0x3f, 0xd4,
    0x1, 0xff, 0xc9, 0x17, 0xd6, 0x0, 0xfe, 0x49,
    0xdd, 0xfd, 0x20, 0x1f, 0xfc, 0x29, 0x30, 0xf,
    0xc4, 0x4, 0x5f, 0x90, 0x3, 0xff, 0x86, 0x80,
    0x1f, 0xde, 0x1, 0xf8, 0x90, 0x3, 0xff, 0x84,
    0x20, 0x1f, 0x85, 0xc0, 0x3f, 0xa8, 0x40, 0x3f,
    0xf8, 0x2, 0xe0, 0x1f, 0x88, 0x50, 0x3, 0xf0,
    0xfa, 0x80, 0x7f, 0x8f, 0x4, 0x3, 0xf5, 0x84,
    0x80, 0x7f, 0xd, 0x6c, 0x21, 0x8, 0x89, 0x1e,
    0xf0, 0x80, 0x3f, 0x98, 0x9, 0xc0, 0x3f, 0xc4,
    0xf7, 0xbd, 0xcd, 0xb8, 0x40, 0xf, 0xf4, 0x8,
    0x2, 0x14, 0x3, 0xff, 0xa0, 0x8e, 0x1, 0xa9,
    0x40, 0x3f, 0xf9, 0xc7, 0x60, 0x1e, 0xa8, 0x0,
    0xff, 0xe6, 0x36, 0x0, 0x7e, 0x7d, 0x50, 0xf,
    0xfe, 0x41, 0xdc, 0x80, 0x7f, 0x8a, 0xb5, 0x84,
    0x3, 0xff, 0x86, 0xb7, 0x88, 0x1, 0xff, 0xc1,
    0x29, 0xec, 0x85, 0x31, 0x0, 0xc2, 0x6b, 0x19,
    0xf4, 0x80, 0x1f, 0x0,

    /* U+0074 "t" */
    0x0, 0xfe, 0x78, 0x8f, 0xce, 0x1, 0xff, 0xcd,
    0x97, 0x7f, 0xd2, 0x1, 0xff, 0xff, 0x0, 0xff,
    0xff, 0x80, 0x7f, 0xff, 0xc0, 0x3f, 0xff, 0x73,
    0xff, 0xf8, 0x40, 0x3f, 0xf, 0xff, 0xff, 0x8,
    0x40, 0x3f, 0xff, 0xe0, 0x1f, 0xff, 0xf0, 0xf,
    0xff, 0x8d, 0xdf, 0xf0, 0x80, 0x7e, 0x1b, 0xbf,
    0xfe, 0x10, 0x81, 0x22, 0x7e, 0x0, 0xff, 0x22,
    0x7f, 0xf0, 0x80, 0x3f, 0xff, 0xe0, 0x1f, 0xff,
    0xf0, 0xf, 0xff, 0xf8, 0x7, 0xff, 0xfc, 0x3,
    0xff, 0xfe, 0x1, 0xff, 0xff, 0x0, 0xff, 0xff,
    0x80, 0x7f, 0xfa, 0xc4, 0x3, 0xff, 0x9a, 0x60,
    0x1f, 0xc6, 0x1, 0xff, 0xcc, 0x60, 0xf, 0xeb,
    0x0, 0xff, 0xe6, 0x10, 0x7, 0xf3, 0x8, 0x7,
    0xff, 0x2f, 0xc0, 0x3f, 0x87, 0x44, 0x3, 0xff,
    0x94, 0xe0, 0x1f, 0xe3, 0xe8, 0x42, 0x11, 0x11,
    0xac, 0x56, 0xf0, 0x7, 0xf8, 0x50, 0x3, 0xfe,
    0x7b, 0xde, 0xe6, 0xe5, 0x3a, 0x90, 0x80, 0x7f,
    0xde, 0x1, 0xff, 0xcb, 0x20, 0xf, 0xf2, 0x18,
    0x7, 0xff, 0x29, 0xc0, 0x3f, 0xed, 0x10, 0xf,
    0xfe, 0x49, 0x0, 0x7f, 0xc3, 0xa2, 0x1, 0xff,
    0xc8, 0xe0, 0xf, 0xfe, 0x1, 0xe1, 0x80, 0x7f,
    0xf5, 0x4b, 0x24, 0x80, 0x3f, 0xf8, 0x42, 0xd9,
    0x20, 0x1f, 0xfc, 0x36, 0xdc, 0x74, 0x20, 0xc,
    0x26, 0x8f, 0x5b, 0xd2, 0x60,

    /* U+0075 "u" */
    0xbf, 0xff, 0xe0, 0xf, 0xfe, 0x9, 0x7f, 0xff,
    0x50, 0x7, 0xff, 0xfc, 0x3, 0xff, 0xfe, 0x1,
    0xff, 0xff, 0x0, 0xff, 0xff, 0x80, 0x7f, 0xff,
    0xc0, 0x3f, 0xff, 0xe0, 0x1f, 0xff, 0xf0, 0xf,
    0xff, 0xf8, 0x7, 0xff, 0xfc, 0x3, 0xff, 0xfe,
    0x1, 0xf8, 0x40, 0x3f, 0xf9, 0x62, 0x1, 0xff,
    0xd5, 0x30, 0xf, 0xe2, 0x0, 0xff, 0xe5, 0xf0,
    0x7, 0xf3, 0x0, 0x7f, 0xf2, 0xc8, 0x3, 0xfb,
    0xc0, 0x3f, 0xf8, 0x16, 0x1, 0xfe, 0x70, 0xf,
    0xe5, 0x10, 0xf, 0xf2, 0x30, 0x7, 0xf8, 0x84,
    0x3, 0xfa, 0x80, 0x3f, 0x9a, 0xc0, 0x3f, 0xf8,
    0xe, 0x1, 0xfc, 0x9a, 0xc4, 0x1, 0x1b, 0xec,
    0x80, 0x7f, 0xf0, 0x68, 0x3, 0xfc, 0x53, 0xbf,
    0xf6, 0x41, 0x0, 0x7f, 0xf0, 0x8c, 0xc0, 0x1f,
    0xfd, 0x5f, 0x0, 0xff, 0xe4, 0x22, 0x0, 0x3f,
    0xe3, 0x70, 0xf, 0xfe, 0x31, 0x51, 0x0, 0x7f,
    0xf0, 0x21, 0x40, 0x3f, 0xf8, 0x85, 0x83, 0xc0,
    0x1f, 0xfc, 0x1a, 0x60, 0xf, 0xfe, 0x12, 0x60,
    0x80, 0x80, 0x7f, 0xf0, 0xa6, 0xcc, 0x3, 0xfc,
    0x33, 0x62, 0x0, 0x20, 0xf, 0xfe, 0x1a, 0x66,
    0xc2, 0x10, 0x4, 0x4b, 0x5c, 0xc0, 0x19, 0x3f,
    0xff, 0x50,

    /* U+0076 "v" */
    0x4f, 0xff, 0xee, 0x0, 0xff, 0xe2, 0xd7, 0xff,
    0xf3, 0xa0, 0x80, 0x7e, 0x13, 0x0, 0xff, 0xe2,
    0x28, 0x7, 0xf3, 0x3, 0x0, 0x7f, 0x58, 0x7,
    0xff, 0xd, 0x0, 0x3f, 0x90, 0x42, 0x80, 0x3f,
    0x94, 0x3, 0xff, 0x87, 0xa0, 0x1f, 0xdc, 0x0,
    0x23, 0x0, 0xfc, 0x44, 0x0, 0xff, 0xe1, 0x38,
    0x7, 0xe1, 0x50, 0xa, 0x40, 0x3f, 0x94, 0x3,
    0xff, 0x82, 0x62, 0x1, 0xf9, 0xc0, 0x32, 0x80,
    0x7f, 0x58, 0x7, 0xff, 0x6, 0xc0, 0x3f, 0xa8,
    0x3, 0x98, 0x3, 0xf1, 0x88, 0x7, 0xff, 0x1,
    0x40, 0x3f, 0x11, 0x80, 0x75, 0x0, 0x7f, 0x38,
    0x7, 0xfc, 0x44, 0x0, 0xfd, 0x40, 0x1e, 0x32,
    0x0, 0xfd, 0xa0, 0x1f, 0xf2, 0x80, 0x7f, 0x30,
    0x7, 0xd4, 0x1, 0xf9, 0x0, 0x3f, 0xeb, 0x0,
    0xfc, 0xa2, 0x1, 0xf3, 0x0, 0x7f, 0x28, 0x7,
    0xf0, 0x98, 0x7, 0xee, 0x0, 0xfc, 0x28, 0x1,
    0xfb, 0xc0, 0x3f, 0x9c, 0x3, 0xf0, 0xa0, 0x7,
    0xf7, 0x0, 0x7e, 0x40, 0xf, 0xed, 0x0, 0xfc,
    0xc0, 0x1f, 0xe5, 0x10, 0xf, 0x85, 0x0, 0x3f,
    0x20, 0x7, 0xea, 0x0, 0xff, 0x98, 0x3, 0xf6,
    0x80, 0x7c, 0xa0, 0x1f, 0x8c, 0x80, 0x3f, 0xea,
    0x0, 0xfc, 0xe0, 0x1f, 0x78, 0x7, 0xea, 0x0,
    0xff, 0xe0, 0x11, 0x80, 0x7c, 0x26, 0x1, 0xe5,
    0x0, 0xfc, 0xc0, 0x1f, 0xfc, 0x1a, 0x0, 0xfd,
    0x60, 0x1c, 0x80, 0x1f, 0x94, 0x3, 0xff, 0x84,
    0xc0, 0x1f, 0x94, 0x3, 0xb4, 0x3, 0xf7, 0x0,
    0x7f, 0xf0, 0xd4, 0x3, 0xe2, 0x20, 0x6, 0x70,
    0xf, 0x85, 0x0, 0x3f, 0xf8, 0x7c, 0x1, 0xf9,
    0x40, 0x23, 0x10, 0xf, 0x98, 0x3, 0xff, 0x88,
    0x84, 0x1, 0xf5, 0x80, 0x56, 0x1, 0xfa, 0x80,
    0x3f, 0xf8, 0xb4, 0x1, 0xf1, 0x88, 0x1, 0x40,
    0x3e, 0x42, 0x0, 0xff, 0xe2, 0xb0, 0x7, 0xe7,
    0x2, 0x20, 0x7, 0xdc, 0x1, 0xff, 0xc6, 0x14,
    0x0, 0xfb, 0x41, 0x40, 0x3f, 0x28, 0x7, 0xff,
    0x1f, 0x80, 0x3e, 0x40, 0xb0, 0xf, 0x98, 0x3,
    0xff, 0x90, 0xa0, 0x1f, 0x90, 0xc0, 0x3e, 0xa0,
    0xf, 0xfe, 0x4b, 0x0, 0x7d, 0xa0, 0x1f, 0x11,
    0x80, 0x7f, 0xf2, 0x68, 0x3, 0xe6, 0x0, 0xfa,
    0x80, 0x3f, 0xf9, 0x46, 0x40, 0x1f, 0xfc, 0x26,
    0x0, 0xff, 0xe5, 0xd0, 0x7, 0xff, 0x5, 0x4,
    0x3, 0xff, 0x96, 0xc0, 0x1f, 0xfc, 0x1e, 0x0,
    0xff, 0xe6, 0xa, 0x80, 0x7f, 0xc2, 0xa0, 0x1f,
    0xfc, 0xde, 0x0, 0xff, 0x9c, 0x3, 0xff, 0x9c,
    0x82, 0x1, 0xfe, 0xa0, 0xf, 0xfe, 0x7b, 0x0,
    0x7f, 0x19, 0x80, 0x3f, 0xf9, 0xf4, 0x1, 0xfd,
    0x40, 0x1f, 0xfc, 0x20,

    /* U+0077 "w" */
    0xf, 0xff, 0xe0, 0xf, 0x87, 0xff, 0xd2, 0x1,
    0xf3, 0xff, 0xfe, 0x70, 0x30, 0xf, 0xc2, 0x1,
    0xe5, 0x0, 0xf2, 0x80, 0x7d, 0xc0, 0x1f, 0x8c,
    0x14, 0x3, 0xf1, 0x0, 0x78, 0xc0, 0x3c, 0x60,
    0x1f, 0x10, 0x7, 0xe5, 0xf, 0x0, 0xfc, 0xc0,
    0x1e, 0xd0, 0xf, 0x88, 0x3, 0xcc, 0x1, 0xf0,
    0x88, 0x14, 0x3, 0xf1, 0x0, 0x79, 0xc0, 0x3e,
    0x70, 0xf, 0x10, 0x7, 0xc4, 0x0, 0x30, 0xf,
    0xdc, 0x1, 0xe2, 0x0, 0xfb, 0x40, 0x38, 0x40,
    0x3f, 0x28, 0x4, 0x20, 0x1f, 0x10, 0x7, 0x18,
    0x7, 0xe3, 0x0, 0xe2, 0x0, 0xfd, 0xe0, 0x12,
    0x80, 0x7c, 0xc0, 0x1c, 0xa0, 0x1f, 0x94, 0x3,
    0x98, 0x3, 0xf2, 0x80, 0x46, 0x1, 0xf1, 0x0,
    0x77, 0x80, 0x7e, 0x10, 0xe, 0x20, 0xf, 0xc6,
    0x1, 0x68, 0x7, 0xe1, 0x0, 0xca, 0x1, 0xfc,
    0x60, 0x1b, 0x80, 0x3e, 0x20, 0xc, 0xe0, 0x1f,
    0x88, 0x3, 0x18, 0x7, 0xf2, 0x80, 0x62, 0x0,
    0xf9, 0xc0, 0x31, 0x0, 0x7e, 0x60, 0x8, 0x40,
    0x3f, 0xde, 0x1, 0x98, 0x3, 0xed, 0x0, 0xe3,
    0x0, 0xf8, 0x80, 0x25, 0x0, 0xff, 0x28, 0x6,
    0x20, 0xf, 0x88, 0x3, 0x98, 0x3, 0xee, 0x0,
    0x8c, 0x3, 0xfc, 0x60, 0x10, 0x80, 0x7e, 0x70,
    0xe, 0xd0, 0xf, 0x88, 0x2, 0xd0, 0xe, 0x40,
    0xe, 0x20, 0x1, 0x0, 0x7e, 0x20, 0xe, 0x30,
    0xf, 0x98, 0x2, 0x70, 0xc, 0x58, 0x1, 0xce,
    0x0, 0x60, 0xf, 0x8c, 0x3, 0xca, 0x1, 0xf1,
    0x0, 0x44, 0x1, 0x9c, 0xc0, 0x3b, 0x40, 0x4,
    0x1, 0xf2, 0x80, 0x78, 0x44, 0x1, 0xf0, 0x81,
    0x80, 0x76, 0x28, 0x7, 0x18, 0x3, 0x80, 0x3e,
    0xf0, 0xf, 0x94, 0x3, 0xe2, 0x5, 0x0, 0xe5,
    0x12, 0x0, 0xca, 0x0, 0x20, 0xf, 0x94, 0x3,
    0xe3, 0x0, 0xf9, 0x83, 0xc0, 0x38, 0xc1, 0xc0,
    0x30, 0x88, 0x18, 0x3, 0xe3, 0x0, 0xfb, 0x40,
    0x3e, 0x20, 0x50, 0xc, 0x40, 0xd, 0x0, 0xe5,
    0x2, 0x0, 0xf0, 0x80, 0x7e, 0x60, 0xf, 0xb8,
    0xc, 0x3, 0x38, 0x0, 0xc0, 0x38, 0xc4, 0x3,
    0xe5, 0x0, 0xfc, 0x60, 0x1f, 0x10, 0x80, 0x76,
    0x0, 0x10, 0x3, 0xb4, 0x80, 0x3e, 0x30, 0xf,
    0xe2, 0x0, 0xf3, 0x28, 0x7, 0x28, 0x4, 0x40,
    0x19, 0x98, 0x1, 0xf6, 0x80, 0x7f, 0x38, 0x7,
    0x88, 0xc0, 0x38, 0xc0, 0x27, 0x0, 0xc7, 0xa0,
    0x1f, 0x38, 0x7, 0xf6, 0x80, 0x7d, 0x60, 0x18,
    0x80, 0x36, 0x0, 0x72, 0x80, 0x7c, 0x40, 0x1f,
    0xc6, 0x1, 0xf1, 0x80, 0x67, 0x0, 0xca, 0x1,
    0xc4, 0x1, 0xe3, 0x0, 0xff, 0x28, 0x7, 0xff,
    0x3, 0x40, 0x31, 0x80, 0x7f, 0xf0, 0x14, 0x3,
    0xfc, 0x20, 0x1f, 0xfc, 0x4, 0x0, 0xe3, 0x0,
    0xff, 0xb8, 0x3, 0xfe, 0x30, 0xf, 0xf8, 0xc0,
    0x39, 0x40, 0x3f, 0xe3, 0x0, 0xff, 0x94, 0x3,
    0xfc, 0x40, 0x1e, 0xf0, 0xf, 0xf9, 0x40, 0x3f,
    0xef, 0x0, 0xff, 0x38, 0x7, 0x94, 0x3, 0xfc,
    0x22, 0x0, 0xff, 0x94, 0x3, 0xfd, 0xa0, 0x1e,
    0x30, 0xf, 0xf2, 0x80, 0x7f, 0xf0, 0xc, 0x3,
    0xfc, 0x80, 0x1f, 0x18, 0x7, 0xf1, 0x80, 0x7f,
    0xf0, 0x48, 0x3, 0xf8, 0xc0, 0x3e, 0x50, 0xf,
    0xed, 0x0, 0xff, 0xe0, 0xb8, 0x7, 0xe2, 0x0,
    0xfd, 0x80, 0x1f, 0xce, 0x1, 0xff, 0xc1, 0x20,
    0xf, 0xce, 0x1, 0xf9, 0xc0, 0x3f, 0x88, 0x3,
    0xff, 0x83, 0xa0, 0x1f, 0xb4, 0x3, 0xf1, 0x0,
    0x7e, 0x20, 0xf, 0x80,

    /* U+0078 "x" */
    0x1e, 0xff, 0xfe, 0x70, 0xf, 0xfe, 0x1c, 0xff,
    0xff, 0x68, 0xd, 0x80, 0x7f, 0x41, 0x80, 0x7f,
    0xf0, 0x55, 0x80, 0x3f, 0xb8, 0x0, 0xaa, 0x0,
    0xfe, 0xe0, 0xf, 0xfe, 0x0, 0xd8, 0x7, 0xf3,
    0x98, 0x5, 0x62, 0x1, 0xf8, 0xa0, 0x3, 0xfe,
    0xa1, 0x0, 0xfc, 0x50, 0x1, 0x86, 0xc0, 0x3f,
    0x9c, 0xc0, 0x3f, 0x99, 0x0, 0x3f, 0xbc, 0x3,
    0xca, 0xa0, 0xf, 0xee, 0x0, 0xfc, 0x52, 0x1,
    0xfd, 0x4, 0x1, 0xf5, 0x8, 0x7, 0xe2, 0x90,
    0xf, 0xb8, 0x3, 0xf8, 0xdc, 0x3, 0xfa, 0x80,
    0x3f, 0x99, 0x0, 0x3a, 0xc, 0x3, 0xfb, 0x80,
    0x3f, 0xc8, 0xc0, 0x1f, 0xd4, 0x20, 0x11, 0xb8,
    0x7, 0xf4, 0x90, 0x7, 0xfd, 0x24, 0x1, 0xf8,
    0x6c, 0x2, 0xe0, 0xf, 0xe4, 0x60, 0xf, 0xfe,
    0xf, 0x0, 0x7f, 0x2a, 0x82, 0x88, 0x3, 0xfa,
    0x80, 0x3f, 0xf8, 0x46, 0xe0, 0x1f, 0xd4, 0xca,
    0x1, 0xfd, 0x22, 0x1, 0xff, 0xc3, 0x82, 0x0,
    0xfe, 0x90, 0xf, 0xe4, 0x60, 0xf, 0xfe, 0x2f,
    0x0, 0x7f, 0xf1, 0x86, 0x80, 0x3f, 0xf8, 0xc7,
    0x0, 0x1f, 0xfc, 0x5b, 0x10, 0xf, 0xfe, 0x3b,
    0x98, 0x7, 0xff, 0xd, 0x54, 0x1, 0xff, 0xc9,
    0xe0, 0xf, 0xfe, 0x10, 0xd8, 0x7, 0xff, 0x28,
    0xa0, 0x3, 0xff, 0x83, 0x42, 0x1, 0xff, 0xcb,
    0x72, 0x0, 0xff, 0x95, 0x0, 0x3f, 0xf9, 0x86,
    0x40, 0x1f, 0xf2, 0x88, 0x7, 0xff, 0x33, 0x80,
    0x3f, 0xf8, 0x34, 0x1, 0xff, 0xcb, 0x92, 0x0,
    0xff, 0xe0, 0xa3, 0x0, 0x7f, 0xf2, 0x51, 0x80,
    0x3f, 0xf8, 0x72, 0x40, 0x1f, 0xfc, 0x71, 0xa0,
    0xf, 0xfe, 0x2f, 0x0, 0x7f, 0xf1, 0xec, 0x40,
    0x3f, 0xf8, 0xa6, 0xe0, 0x1f, 0xfc, 0x55, 0x50,
    0x7, 0xf1, 0x0, 0x7f, 0x41, 0x0, 0x7f, 0xf0,
    0xc6, 0xc0, 0x3f, 0x93, 0x4, 0x3, 0xfb, 0xc0,
    0x3f, 0xf8, 0x74, 0x20, 0x1f, 0x86, 0x86, 0x80,
    0x3f, 0x8a, 0x0, 0x3f, 0xf8, 0x2c, 0x80, 0x1f,
    0xd6, 0x20, 0x8e, 0x1, 0xfc, 0xe6, 0x1, 0xff,
    0x14, 0x80, 0x7f, 0x2a, 0x80, 0x28, 0x30, 0xf,
    0xee, 0x0, 0xff, 0xa4, 0x3, 0xf8, 0x6c, 0x3,
    0xb8, 0x3, 0xf8, 0xa4, 0x3, 0xf9, 0x90, 0x3,
    0xfa, 0x84, 0x3, 0x8a, 0x40, 0x3f, 0x99, 0x0,
    0x3e, 0x29, 0x0, 0xfe, 0x74, 0x0, 0xf9, 0x90,
    0x3, 0xfa, 0x80, 0x3e, 0xe0, 0xf, 0xe2, 0x80,
    0xf, 0xea, 0x10, 0xf, 0xc3, 0x40, 0x1c, 0xe6,
    0x1, 0xfd, 0xe0, 0x1f, 0xe1, 0xb0, 0xf, 0xe5,
    0x50, 0x4, 0x70, 0x1, 0xfd, 0x4, 0x1, 0xff,
    0x2b, 0x0, 0x7f, 0x58, 0x80, 0x38, 0x3, 0xf8,
    0xdc, 0x3, 0xff, 0x83, 0x24, 0x1, 0xf8, 0x6c,
    0x20, 0x80, 0x3f, 0xb8, 0x3, 0xff, 0x87, 0xc0,
    0x1f, 0xca, 0xa0,

    /* U+0079 "y" */
    0xe, 0xff, 0xfe, 0xb0, 0xf, 0xfe, 0x3e, 0x7f,
    0xff, 0x80, 0xc, 0x1, 0xfc, 0x82, 0x1, 0xff,
    0xc5, 0x23, 0x0, 0xfe, 0x70, 0x4, 0x80, 0x7f,
    0x98, 0x3, 0xff, 0x8b, 0x40, 0x1f, 0xea, 0x0,
    0xa, 0x80, 0x7f, 0x50, 0x7, 0xff, 0x15, 0x80,
    0x3f, 0x94, 0x80, 0x29, 0x0, 0xfe, 0x24, 0x0,
    0xff, 0xe1, 0xa0, 0x80, 0x7f, 0x48, 0x6, 0x33,
    0x0, 0x7f, 0x70, 0x7, 0xff, 0xf, 0xc0, 0x3f,
    0x8c, 0xc0, 0x1d, 0x20, 0x1f, 0xca, 0x20, 0x1f,
    0xfc, 0x11, 0x40, 0xf, 0xe9, 0x0, 0xf2, 0x88,
    0x7, 0xf3, 0x80, 0x7f, 0xf0, 0x58, 0x3, 0xf8,
    0x54, 0x3, 0xe9, 0x0, 0xfe, 0xa0, 0xf, 0xfe,
    0xd, 0x0, 0x7f, 0x48, 0x7, 0xe6, 0x0, 0xfe,
    0x33, 0x0, 0x7f, 0xc6, 0x40, 0x1f, 0xcc, 0x1,
    0xf8, 0x58, 0x3, 0xfa, 0x80, 0x3f, 0xea, 0x0,
    0xfe, 0x61, 0x0, 0xfe, 0xb0, 0xf, 0xe7, 0x0,
    0xff, 0x98, 0x3, 0xfa, 0x80, 0x3f, 0xc4, 0x80,
    0x1f, 0x85, 0x40, 0x3f, 0x98, 0x3, 0xf9, 0xc,
    0x3, 0xfe, 0xf0, 0xf, 0xee, 0x0, 0xfe, 0xa0,
    0xf, 0xef, 0x0, 0xff, 0xe0, 0x21, 0x0, 0x7e,
    0x42, 0x0, 0xf8, 0x8c, 0x3, 0xf1, 0x20, 0x7,
    0xff, 0x6, 0xc0, 0x3f, 0xa8, 0x3, 0xea, 0x0,
    0xfe, 0xa0, 0xf, 0xfe, 0x13, 0x8, 0x7, 0xe6,
    0x0, 0xf9, 0x80, 0x3f, 0x9c, 0x3, 0xff, 0x86,
    0xc0, 0x1f, 0x85, 0x0, 0x39, 0x4, 0x3, 0xf3,
    0x0, 0x7f, 0xf1, 0x24, 0x3, 0xfb, 0x80, 0x3b,
    0x80, 0x3f, 0xac, 0x3, 0xff, 0x88, 0x2a, 0x1,
    0xf9, 0x44, 0x2, 0x15, 0x0, 0xfc, 0x84, 0x1,
    0xff, 0xc5, 0x90, 0xf, 0xe6, 0x0, 0x98, 0x3,
    0xfb, 0xc0, 0x3f, 0xf8, 0xc6, 0x60, 0xf, 0xd4,
    0x1, 0x50, 0x7, 0xe2, 0x40, 0xf, 0xfe, 0x3c,
    0x80, 0x7e, 0x23, 0x3, 0x20, 0xf, 0xd6, 0x1,
    0xff, 0xc8, 0x51, 0x0, 0xfc, 0x81, 0x40, 0x1f,
    0x85, 0x80, 0x3f, 0xf9, 0x32, 0x1, 0xfa, 0xc1,
    0x80, 0x3f, 0x30, 0x7, 0xff, 0x29, 0x80, 0x3f,
    0x1b, 0x0, 0x7f, 0x48, 0x7, 0xff, 0x28, 0x58,
    0x3, 0xf4, 0x0, 0x7e, 0x51, 0x0, 0xff, 0xe5,
    0xd8, 0x7, 0xe1, 0x0, 0xfd, 0x20, 0x1f, 0xfc,
    0xc2, 0x40, 0xf, 0xfe, 0x19, 0x98, 0x3, 0xff,
    0x9b, 0xe0, 0x1f, 0xfc, 0x39, 0x0, 0xff, 0xe7,
    0x21, 0x0, 0x7f, 0xf0, 0x45, 0x40, 0x3f, 0xf9,
    0xf6, 0x1, 0xff, 0xc1, 0x90, 0xf, 0xfe, 0x83,
    0x8, 0x7, 0xff, 0x1, 0x80, 0x3f, 0xfa, 0x2c,
    0x1, 0xff, 0x30, 0x80, 0x7f, 0xf4, 0x64, 0x3,
    0xfe, 0xb0, 0xf, 0xfe, 0x90, 0xa8, 0x7, 0xf2,
    0x10, 0x7, 0xff, 0x4e, 0x40, 0x3f, 0xbc, 0x3,
    0xff, 0xa8, 0xa0, 0x1f, 0x89, 0x0, 0x3f, 0xfa,
    0x90, 0x1, 0xfa, 0xc0, 0x3f, 0xfa, 0x8e, 0x20,
    0x1f, 0xb, 0x0, 0x7f, 0xf4, 0xc6, 0x0, 0x3f,
    0x30, 0x7, 0xff, 0x52, 0x40, 0x3f, 0xa4, 0x3,
    0xff, 0xa6, 0x6e, 0x1, 0xf9, 0x44, 0x3, 0xff,
    0xa4, 0x3c, 0x1, 0xfd, 0x20, 0x1f, 0xfd, 0x3d,
    0x20, 0xf, 0xc6, 0x60, 0xf, 0xfe, 0x68, 0x91,
    0x4b, 0xa6, 0x1, 0xfd, 0x0, 0x1f, 0xfc, 0xeb,
    0xdd, 0xa8, 0x80, 0x3f, 0x8d, 0x0, 0x3f, 0xf9,
    0xce, 0x1, 0xff, 0xc2, 0xf0, 0xf, 0xfe, 0x79,
    0x0, 0x7f, 0xf0, 0x5c, 0xc0, 0x3f, 0xf9, 0xc4,
    0x1, 0xff, 0xc1, 0x48, 0x0, 0xff, 0xe7, 0xb8,
    0x7, 0xff, 0x1, 0x2c, 0x3, 0xff, 0xa0, 0x40,
    0x1f, 0xf3, 0x58, 0x7, 0xff, 0x47, 0x40, 0x3f,
    0x8e, 0xe4, 0x3, 0xff, 0xa5, 0xcc, 0x40, 0x10,
    0x9b, 0xe6, 0x10, 0x3, 0xff, 0x9c,

    /* U+007A "z" */
    0x5f, 0xff, 0xfe, 0xb0, 0x7, 0xff, 0xfc, 0x3,
    0xff, 0xfe, 0x1, 0xff, 0xf5, 0x70, 0xf, 0xfe,
    0xb3, 0x40, 0x2f, 0xff, 0xff, 0x1f, 0x84, 0x3,
    0xfc, 0x92, 0x1, 0xff, 0xc9, 0x1c, 0x10, 0xf,
    0xe3, 0xb0, 0xf, 0xfe, 0x55, 0x10, 0x7, 0xf1,
    0x68, 0x7, 0xff, 0x2a, 0x90, 0x3, 0xf8, 0x7c,
    0x40, 0x3f, 0xf9, 0x30, 0xa0, 0x1f, 0xed, 0x20,
    0xf, 0xfe, 0x4b, 0xb8, 0x3, 0xfd, 0x66, 0x1,
    0xff, 0xc9, 0x58, 0x0, 0xff, 0x4a, 0x0, 0x7f,
    0xf2, 0x52, 0x80, 0x3f, 0xce, 0xc0, 0x1f, 0xfc,
    0x92, 0xb0, 0xf, 0xf3, 0x40, 0x7, 0xff, 0x24,
    0x70, 0x3, 0xfc, 0x92, 0x1, 0xff, 0xc9, 0x1c,
    0x10, 0xf, 0xe3, 0xb0, 0xf, 0xfe, 0x56, 0x90,
    0x7, 0xf1, 0x68, 0x7, 0xff, 0x2a, 0x8c, 0x3,
    0xf8, 0x7c, 0x40, 0x3f, 0xf9, 0x32, 0xa0, 0x1f,
    0xed, 0x20, 0xf, 0xfe, 0x4b, 0xb0, 0x7, 0xfa,
    0xcc, 0x3, 0xff, 0x92, 0xb0, 0x1, 0xfe, 0x94,
    0x0, 0xff, 0xe4, 0xa5, 0x0, 0x7f, 0x9d, 0x80,
    0x3f, 0xf9, 0x27, 0x60, 0x1f, 0xe6, 0x80, 0xf,
    0xfe, 0x49, 0x68, 0x7, 0xf9, 0x24, 0x3, 0xff,
    0x92, 0x3e, 0x20, 0x1f, 0xc7, 0x60, 0x1f, 0xfc,
    0xad, 0x20, 0xf, 0xe2, 0xd0, 0xf, 0xfe, 0x55,
    0x98, 0x7, 0xf0, 0xf8, 0x80, 0x7f, 0xf2, 0x65,
    0x0, 0x3f, 0xc3, 0x9d, 0xdf, 0xfc, 0x8c, 0x76,
    0x0, 0xff, 0xe0, 0x8, 0xff, 0xf2, 0x4a, 0x80,
    0x3f, 0xff, 0xe0, 0x1f, 0xff, 0xf0, 0xf, 0xff,
    0xa8,

    /* U+007B "{" */
    0x0, 0xff, 0xe3, 0x24, 0xe7, 0x79, 0x0, 0x7f,
    0xf1, 0x53, 0x6d, 0x8c, 0x41, 0x0, 0x3f, 0xf8,
    0x95, 0x64, 0x1, 0xde, 0x1, 0xff, 0xc3, 0xc5,
    0x0, 0xf9, 0x0, 0x3f, 0xf8, 0x54, 0x60, 0x1f,
    0x88, 0x3, 0xff, 0x82, 0xca, 0x1, 0xf9, 0x1c,
    0x40, 0x3f, 0xe1, 0x80, 0xf, 0x8b, 0x6e, 0x4,
    0x3, 0xfe, 0x91, 0x0, 0xf0, 0xe1, 0x0, 0x7f,
    0xf0, 0x98, 0x3, 0xe9, 0x10, 0xf, 0xfe, 0x12,
    0x8, 0x7, 0xcc, 0x1, 0xff, 0xc3, 0xc0, 0xf,
    0x88, 0x40, 0x3f, 0xf8, 0x68, 0x1, 0xf3, 0x0,
    0x7f, 0xf1, 0xc, 0x3, 0xe1, 0x0, 0xff, 0xe1,
    0x88, 0x7, 0xe3, 0x0, 0xff, 0xe1, 0x90, 0x7,
    0xff, 0x31, 0xc0, 0x3f, 0x8, 0x7, 0xff, 0xc,
    0x40, 0x3f, 0xff, 0xe0, 0x1f, 0xff, 0xf0, 0xf,
    0xfe, 0x61, 0x80, 0x7e, 0xf0, 0xf, 0xfe, 0x18,
    0x80, 0x7e, 0x20, 0xf, 0xfe, 0x1e, 0x0, 0x7e,
    0x70, 0xf, 0xfe, 0x1a, 0x0, 0x7c, 0x24, 0x1,
    0xff, 0xc2, 0x70, 0xf, 0xcc, 0x1, 0xff, 0xc2,
    0x38, 0x0, 0xfd, 0x20, 0x1f, 0xfc, 0x16, 0xc0,
    0xf, 0xce, 0x20, 0x1f, 0x84, 0x92, 0x36, 0x40,
    0x3f, 0x1c, 0x0, 0x7e, 0x2e, 0xdb, 0x72, 0x0,
    0xfc, 0x7a, 0x1, 0xff, 0xca, 0x5c, 0x10, 0xf,
    0xfe, 0x41, 0x5d, 0x0, 0x7f, 0xf2, 0x57, 0x50,
    0x3, 0xff, 0x94, 0xbc, 0xc0, 0x1f, 0xfc, 0xb1,
    0x9b, 0x10, 0xf, 0xfe, 0x5a, 0x60, 0x80, 0x7f,
    0x17, 0xf6, 0x41, 0x80, 0x7e, 0x2c, 0x0, 0xff,
    0x84, 0xdf, 0x2c, 0x40, 0x3e, 0x29, 0x0, 0xff,
    0xe1, 0x26, 0x0, 0x7e, 0x62, 0x0, 0xff, 0xe1,
    0x14, 0x80, 0x7e, 0xb0, 0xf, 0xfe, 0x1b, 0x8,
    0x7, 0xce, 0x1, 0xff, 0xc4, 0x40, 0xf, 0x84,
    0xc0, 0x3f, 0xf8, 0x7a, 0x1, 0xf9, 0x40, 0x3f,
    0xf8, 0x64, 0x1, 0xf8, 0x40, 0x3f, 0xf9, 0x9e,
    0x1, 0xff, 0xff, 0x0, 0xff, 0xfa, 0x88, 0x7,
    0xff, 0x54, 0x40, 0x3f, 0xf8, 0x6e, 0x1, 0xff,
    0xcc, 0x20, 0xf, 0xc4, 0x1, 0xff, 0xc3, 0x10,
    0xf, 0xce, 0x1, 0xff, 0xc4, 0x40, 0xf, 0x8c,
    0x3, 0xff, 0x89, 0x80, 0x1f, 0x88, 0x3, 0xff,
    0x86, 0xa0, 0x1f, 0x94, 0x3, 0xff, 0x86, 0x46,
    0x1, 0xf4, 0x80, 0x7f, 0xf1, 0x24, 0x3, 0xe1,
    0x80, 0xf, 0xfe, 0x1a, 0x98, 0x7, 0xce, 0xe0,
    0xf, 0xfe, 0x1f, 0x80, 0x7e, 0x8d, 0x91, 0x0,
    0xff, 0xe0, 0x1c, 0x80, 0x7e, 0x26, 0x10, 0xf,
    0xfe, 0xb, 0x38, 0x7, 0xe3, 0x0, 0xff, 0xe1,
    0xc4, 0x80, 0x7c, 0xa0, 0x1f, 0xfc, 0x46, 0xd4,
    0x0, 0xef, 0x0, 0xff, 0xe2, 0x95, 0xeb, 0x98,
    0x82, 0x0,

    /* U+007C "|" */
    0x4f, 0xfe, 0xd0, 0xf, 0xff, 0xf8, 0x7, 0xff,
    0xfc, 0x3, 0xff, 0xfe, 0x1, 0xff, 0xff, 0x0,
    0xff, 0xff, 0x80, 0x7f, 0xff, 0xc0, 0x3f, 0xf8,
    0x0,

    /* U+007D "}" */
    0x3, 0xfe, 0xc9, 0x40, 0xf, 0xfe, 0x3a, 0x0,
    0x9b, 0x5e, 0xa0, 0x7, 0xff, 0x17, 0x40, 0x38,
    0xae, 0x40, 0x3f, 0xf8, 0x88, 0x1, 0xf3, 0x50,
    0x7, 0xff, 0x8, 0x44, 0x1, 0xf9, 0x64, 0x3,
    0xff, 0x82, 0x6c, 0x60, 0x1f, 0x99, 0x0, 0x3f,
    0xf8, 0x5, 0x39, 0x82, 0x0, 0xfa, 0x40, 0x3f,
    0xf8, 0x67, 0xe0, 0x1f, 0x13, 0x0, 0x7f, 0xf0,
    0xc9, 0xc0, 0x3e, 0xb0, 0xf, 0xfe, 0x25, 0x80,
    0x7c, 0x46, 0x1, 0xff, 0xc3, 0x30, 0xf, 0xc8,
    0x1, 0xff, 0xc4, 0x20, 0xf, 0xb0, 0x3, 0xff,
    0x88, 0xc0, 0x1f, 0x28, 0x7, 0xff, 0x30, 0x40,
    0x3f, 0xf8, 0x82, 0x1, 0xf8, 0x80, 0x3f, 0xf9,
    0x82, 0x1, 0xff, 0xff, 0x0, 0xff, 0xff, 0x80,
    0x7f, 0xf0, 0xcc, 0x3, 0xff, 0xaa, 0xe0, 0x1f,
    0xfc, 0x3e, 0x0, 0xfc, 0x40, 0x1f, 0xfc, 0x33,
    0x0, 0xfd, 0xe0, 0x1f, 0xfc, 0x34, 0x0, 0xfc,
    0xe0, 0x1f, 0xfc, 0x45, 0x0, 0xf8, 0x54, 0x3,
    0xff, 0x87, 0x20, 0x1f, 0xac, 0x80, 0x3f, 0xf8,
    0x46, 0xa0, 0x1f, 0xe, 0x20, 0x7, 0xff, 0xa,
    0xc4, 0x3, 0xe1, 0xbd, 0x74, 0x21, 0x0, 0xfe,
    0x1d, 0x10, 0xf, 0xc5, 0x17, 0xbc, 0x1, 0xfe,
    0x3c, 0x20, 0xf, 0xfe, 0x59, 0x6b, 0x0, 0x7f,
    0xf3, 0x26, 0xc0, 0x3f, 0xf9, 0x73, 0x60, 0x1f,
    0xfc, 0x92, 0xd6, 0x0, 0xff, 0xe4, 0x9e, 0x90,
    0x7, 0xff, 0x24, 0x74, 0x3, 0xf9, 0x27, 0x3b,
    0xc0, 0x3f, 0xa8, 0x40, 0x3e, 0x2c, 0xb6, 0x31,
    0x0, 0xfe, 0x44, 0x0, 0x7c, 0x38, 0x60, 0x1f,
    0xfc, 0x1f, 0x0, 0xfd, 0x42, 0x1, 0xff, 0xc2,
    0x40, 0xf, 0x89, 0x0, 0x3f, 0xf8, 0x48, 0x1,
    0xf9, 0x0, 0x3f, 0xf8, 0x66, 0x1, 0xfb, 0xc0,
    0x3f, 0xf8, 0x7c, 0x1, 0xf8, 0x80, 0x3f, 0xf9,
    0x8e, 0x1, 0xff, 0xc3, 0x30, 0xf, 0xff, 0xf8,
    0x7, 0xff, 0xfc, 0x3, 0xff, 0x98, 0x20, 0x1f,
    0x88, 0x3, 0xff, 0x86, 0xe0, 0x1f, 0x84, 0x3,
    0xff, 0x86, 0x40, 0x1f, 0x10, 0x7, 0xff, 0xc,
    0x44, 0x1, 0xf2, 0x0, 0x7f, 0xf0, 0xd4, 0x3,
    0xf6, 0x0, 0x7f, 0xf0, 0xf4, 0x3, 0xf2, 0x0,
    0x7f, 0xf0, 0x85, 0x80, 0x3e, 0x51, 0x0, 0xff,
    0xe1, 0x58, 0x7, 0xe9, 0x0, 0xff, 0xe1, 0x42,
    0x80, 0x7c, 0xa6, 0x1, 0xff, 0x15, 0x73, 0x80,
    0x7e, 0xb0, 0xf, 0xfe, 0x1, 0xa8, 0x80, 0x7e,
    0xa1, 0x0, 0xff, 0xe0, 0x8, 0x80, 0x3f, 0x42,
    0x80, 0x7f, 0xf0, 0x90, 0x3, 0xea, 0x70, 0xf,
    0xfe, 0x1e, 0x80, 0x72, 0x6a, 0x80, 0x7f, 0xf1,
    0x10, 0x4, 0xdf, 0x6c, 0x80, 0x3f, 0xf8, 0x80,

    /* U+007E "~" */
    0x0, 0xf8, 0xa3, 0x3b, 0xfd, 0xd6, 0xe2, 0x1,
    0xff, 0xd2, 0x9d, 0x73, 0x10, 0x0, 0xa4, 0x75,
    0x10, 0x7, 0xff, 0x38, 0xb5, 0x80, 0x3f, 0xcb,
    0xb0, 0x1, 0xff, 0xc1, 0x6f, 0xec, 0xa8, 0x71,
    0x0, 0x87, 0xc8, 0x3, 0xff, 0x82, 0xf8, 0x20,
    0x1f, 0xf7, 0x80, 0x9a, 0xbc, 0x10, 0x5, 0x44,
    0x1, 0xff, 0xc3, 0x3f, 0x30, 0xf, 0xf3, 0x80,
    0x78, 0x80, 0xa, 0x80, 0x1f, 0xfc, 0x51, 0xc5,
    0x0, 0xfc, 0xc2, 0x1, 0xe1, 0x0, 0x48, 0x7,
    0xff, 0x22, 0xa8, 0x20, 0x1c, 0x72, 0x1, 0xe2,
    0x0, 0x11, 0x80, 0x7f, 0xf2, 0x57, 0xa5, 0x8,
    0x91, 0x80, 0x1f, 0x20, 0x1, 0x40, 0x3f, 0x46,
    0xf6, 0x38, 0x80, 0x7f, 0x9a, 0xf7, 0x4e, 0x1,
    0xfa, 0x80, 0x18, 0x1, 0xe1, 0xd7, 0x21, 0x38,
    0xe7, 0x0, 0xff, 0xe4, 0x91, 0x80, 0x14, 0x3,
    0xd4, 0x40, 0x1e, 0x8c, 0x10, 0xf, 0xfe, 0x3c,
    0x0, 0x42, 0x1, 0xc6, 0x80, 0x1f, 0x8f, 0xc8,
    0x3, 0xff, 0x8a, 0x8a, 0x1, 0xfd, 0x40, 0x1f,
    0xe1, 0xc4, 0x0, 0xff, 0xe1, 0x8d, 0x0, 0x6c,
    0xa8, 0x64, 0x22, 0x0, 0x7f, 0xc3, 0x70, 0x1,
    0xff, 0xc1, 0x2c, 0x10, 0xc, 0x6a, 0xf3, 0x7a,
    0x80, 0x1f, 0xfc, 0x17, 0xd5, 0x0, 0xff, 0x36,
    0x90, 0x7, 0xff, 0x38, 0xab, 0xa1, 0x4, 0x0,
    0x26, 0xfb, 0x20, 0x1e
};


/*---------------------
 *  GLYPH DESCRIPTION
 *--------------------*/

static const lv_font_fmt_txt_glyph_dsc_t glyph_dsc[] = {
    {.bitmap_index = 0, .adv_w = 0, .box_w = 0, .box_h = 0, .ofs_x = 0, .ofs_y = 0} /* id = 0 reserved */,
    {.bitmap_index = 0, .adv_w = 691, .box_w = 0, .box_h = 0, .ofs_x = 0, .ofs_y = 0},
    {.bitmap_index = 0, .adv_w = 691, .box_w = 13, .box_h = 53, .ofs_x = 15, .ofs_y = -1},
    {.bitmap_index = 129, .adv_w = 691, .box_w = 23, .box_h = 19, .ofs_x = 9, .ofs_y = 36},
    {.bitmap_index = 230, .adv_w = 691, .box_w = 40, .box_h = 52, .ofs_x = 1, .ofs_y = 0},
    {.bitmap_index = 680, .adv_w = 691, .box_w = 37, .box_h = 68, .ofs_x = 4, .ofs_y = -8},
    {.bitmap_index = 1214, .adv_w = 691, .box_w = 41, .box_h = 54, .ofs_x = 1, .ofs_y = -1},
    {.bitmap_index = 1776, .adv_w = 691, .box_w = 42, .box_h = 54, .ofs_x = 2, .ofs_y = -1},
    {.bitmap_index = 2342, .adv_w = 691, .box_w = 8, .box_h = 20, .ofs_x = 16, .ofs_y = 35},
    {.bitmap_index = 2379, .adv_w = 691, .box_w = 20, .box_h = 75, .ofs_x = 12, .ofs_y = -17},
    {.bitmap_index = 2760, .adv_w = 691, .box_w = 20, .box_h = 75, .ofs_x = 11, .ofs_y = -17},
    {.bitmap_index = 3135, .adv_w = 691, .box_w = 37, .box_h = 37, .ofs_x = 5, .ofs_y = 15},
    {.bitmap_index = 3493, .adv_w = 691, .box_w = 36, .box_h = 38, .ofs_x = 3, .ofs_y = 5},
    {.bitmap_index = 3582, .adv_w = 691, .box_w = 13, .box_h = 23, .ofs_x = 12, .ofs_y = -14},
    {.bitmap_index = 3654, .adv_w = 691, .box_w = 31, .box_h = 8, .ofs_x = 9, .ofs_y = 19},
    {.bitmap_index = 3668, .adv_w = 691, .box_w = 15, .box_h = 14, .ofs_x = 14, .ofs_y = -1},
    {.bitmap_index = 3737, .adv_w = 691, .box_w = 29, .box_h = 56, .ofs_x = 7, .ofs_y = -4},
    {.bitmap_index = 4091, .adv_w = 691, .box_w = 35, .box_h = 54, .ofs_x = 4, .ofs_y = -1},
    {.bitmap_index = 4532, .adv_w = 691, .box_w = 23, .box_h = 52, .ofs_x = 6, .ofs_y = 0},
    {.bitmap_index = 4653, .adv_w = 691, .box_w = 37, .box_h = 53, .ofs_x = 2, .ofs_y = 0},
    {.bitmap_index = 5045, .adv_w = 691, .box_w = 36, .box_h = 54, .ofs_x = 3, .ofs_y = -1},
    {.bitmap_index = 5490, .adv_w = 691, .box_w = 38, .box_h = 52, .ofs_x = 2, .ofs_y = 0},
    {.bitmap_index = 5740, .adv_w = 691, .box_w = 35, .box_h = 53, .ofs_x = 4, .ofs_y = -1},
    {.bitmap_index = 6140, .adv_w = 691, .box_w = 36, .box_h = 54, .ofs_x = 3, .ofs_y = -1},
    {.bitmap_index = 6599, .adv_w = 691, .box_w = 37, .box_h = 52, .ofs_x = 2, .ofs_y = 0},
    {.bitmap_index = 6909, .adv_w = 691, .box_w = 36, .box_h = 54, .ofs_x = 3, .ofs_y = -1},
    {.bitmap_index = 7413, .adv_w = 691, .box_w = 35, .box_h = 54, .ofs_x = 3, .ofs_y = -1},
    {.bitmap_index = 7864, .adv_w = 691, .box_w = 14, .box_h = 43, .ofs_x = 15, .ofs_y = -1},
    {.bitmap_index = 8006, .adv_w = 691, .box_w = 16, .box_h = 56, .ofs_x = 15, .ofs_y = -14},
    {.bitmap_index = 8173, .adv_w = 691, .box_w = 32, .box_h = 35, .ofs_x = 5, .ofs_y = 5},
    {.bitmap_index = 8399, .adv_w = 691, .box_w = 34, .box_h = 24, .ofs_x = 5, .ofs_y = 10},
    {.bitmap_index = 8450, .adv_w = 691, .box_w = 33, .box_h = 35, .ofs_x = 5, .ofs_y = 5},
    {.bitmap_index = 8683, .adv_w = 691, .box_w = 34, .box_h = 54, .ofs_x = 5, .ofs_y = -1},
    {.bitmap_index = 9058, .adv_w = 691, .box_w = 41, .box_h = 52, .ofs_x = 1, .ofs_y = 0},
    {.bitmap_index = 9722, .adv_w = 691, .box_w = 44, .box_h = 52, .ofs_x = 0, .ofs_y = 0},
    {.bitmap_index = 10201, .adv_w = 691, .box_w = 38, .box_h = 52, .ofs_x = 4, .ofs_y = 0},
    {.bitmap_index = 10528, .adv_w = 691, .box_w = 39, .box_h = 54, .ofs_x = 2, .ofs_y = -1},
    {.bitmap_index = 10955, .adv_w = 691, .box_w = 37, .box_h = 52, .ofs_x = 4, .ofs_y = 0},
    {.bitmap_index = 11253, .adv_w = 691, .box_w = 35, .box_h = 52, .ofs_x = 5, .ofs_y = 0},
    {.bitmap_index = 11361, .adv_w = 691, .box_w = 35, .box_h = 52, .ofs_x = 5, .ofs_y = 0},
    {.bitmap_index = 11464, .adv_w = 691, .box_w = 37, .box_h = 54, .ofs_x = 3, .ofs_y = -1},
    {.bitmap_index = 11867, .adv_w = 691, .box_w = 35, .box_h = 52, .ofs_x = 4, .ofs_y = 0},
    {.bitmap_index = 11966, .adv_w = 691, .box_w = 31, .box_h = 52, .ofs_x = 6, .ofs_y = 0},
    {.bitmap_index = 12052, .adv_w = 691, .box_w = 36, .box_h = 53, .ofs_x = 3, .ofs_y = -1},
    {.bitmap_index = 12273, .adv_w = 691, .box_w = 41, .box_h = 52, .ofs_x = 4, .ofs_y = 0},
    {.bitmap_index = 12636, .adv_w = 691, .box_w = 35, .box_h = 52, .ofs_x = 5, .ofs_y = 0},
    {.bitmap_index = 12722, .adv_w = 691, .box_w = 36, .box_h = 52, .ofs_x = 4, .ofs_y = 0},
    {.bitmap_index = 13012, .adv_w = 691, .box_w = 35, .box_h = 52, .ofs_x = 4, .ofs_y = 0},
    {.bitmap_index = 13254, .adv_w = 691, .box_w = 39, .box_h = 54, .ofs_x = 2, .ofs_y = -1},
    {.bitmap_index = 13716, .adv_w = 691, .box_w = 36, .box_h = 52, .ofs_x = 5, .ofs_y = 0},
    {.bitmap_index = 13951, .adv_w = 691, .box_w = 41, .box_h = 62, .ofs_x = 2, .ofs_y = -9},
    {.bitmap_index = 14479, .adv_w = 691, .box_w = 39, .box_h = 52, .ofs_x = 4, .ofs_y = 0},
    {.bitmap_index = 14805, .adv_w = 691, .box_w = 38, .box_h = 54, .ofs_x = 3, .ofs_y = -1},
    {.bitmap_index = 15314, .adv_w = 691, .box_w = 43, .box_h = 52, .ofs_x = 0, .ofs_y = 0},
    {.bitmap_index = 15428, .adv_w = 691, .box_w = 35, .box_h = 53, .ofs_x = 4, .ofs_y = -1},
    {.bitmap_index = 15661, .adv_w = 691, .box_w = 42, .box_h = 52, .ofs_x = 1, .ofs_y = 0},
    {.bitmap_index = 16163, .adv_w = 691, .box_w = 43, .box_h = 52, .ofs_x = 0, .ofs_y = 0},
    {.bitmap_index = 16802, .adv_w = 691, .box_w = 42, .box_h = 52, .ofs_x = 1, .ofs_y = 0},
    {.bitmap_index = 17333, .adv_w = 691, .box_w = 43, .box_h = 52, .ofs_x = 1, .ofs_y = 0},
    {.bitmap_index = 17712, .adv_w = 691, .box_w = 38, .box_h = 52, .ofs_x = 3, .ofs_y = 0},
    {.bitmap_index = 18005, .adv_w = 691, .box_w = 16, .box_h = 72, .ofs_x = 14, .ofs_y = -12},
    {.bitmap_index = 18072, .adv_w = 691, .box_w = 29, .box_h = 56, .ofs_x = 8, .ofs_y = -4},
    {.bitmap_index = 18420, .adv_w = 691, .box_w = 16, .box_h = 72, .ofs_x = 14, .ofs_y = -12},
    {.bitmap_index = 18486, .adv_w = 691, .box_w = 30, .box_h = 27, .ofs_x = 7, .ofs_y = 24},
    {.bitmap_index = 18713, .adv_w = 691, .box_w = 33, .box_h = 8, .ofs_x = 5, .ofs_y = -8},
    {.bitmap_index = 18731, .adv_w = 691, .box_w = 18, .box_h = 10, .ofs_x = 14, .ofs_y = 42},
    {.bitmap_index = 18785, .adv_w = 691, .box_w = 35, .box_h = 40, .ofs_x = 4, .ofs_y = -1},
    {.bitmap_index = 19117, .adv_w = 691, .box_w = 35, .box_h = 56, .ofs_x = 5, .ofs_y = -1},
    {.bitmap_index = 19441, .adv_w = 691, .box_w = 35, .box_h = 40, .ofs_x = 4, .ofs_y = -1},
    {.bitmap_index = 19777, .adv_w = 691, .box_w = 35, .box_h = 56, .ofs_x = 3, .ofs_y = -1},
    {.bitmap_index = 20109, .adv_w = 691, .box_w = 37, .box_h = 40, .ofs_x = 3, .ofs_y = -1},
    {.bitmap_index = 20452, .adv_w = 691, .box_w = 37, .box_h = 56, .ofs_x = 4, .ofs_y = 0},
    {.bitmap_index = 20677, .adv_w = 691, .box_w = 36, .box_h = 54, .ofs_x = 3, .ofs_y = -15},
    {.bitmap_index = 21112, .adv_w = 691, .box_w = 36, .box_h = 55, .ofs_x = 4, .ofs_y = 0},
    {.bitmap_index = 21310, .adv_w = 691, .box_w = 32, .box_h = 54, .ofs_x = 7, .ofs_y = 0},
    {.bitmap_index = 21461, .adv_w = 691, .box_w = 24, .box_h = 69, .ofs_x = 7, .ofs_y = -16},
    {.bitmap_index = 21687, .adv_w = 691, .box_w = 38, .box_h = 55, .ofs_x = 5, .ofs_y = 0},
    {.bitmap_index = 21987, .adv_w = 691, .box_w = 33, .box_h = 55, .ofs_x = 7, .ofs_y = 0},
    {.bitmap_index = 22081, .adv_w = 691, .box_w = 39, .box_h = 39, .ofs_x = 2, .ofs_y = 0},
    {.bitmap_index = 22254, .adv_w = 691, .box_w = 35, .box_h = 39, .ofs_x = 4, .ofs_y = 0},
    {.bitmap_index = 22425, .adv_w = 691, .box_w = 37, .box_h = 40, .ofs_x = 3, .ofs_y = -1},
    {.bitmap_index = 22805, .adv_w = 691, .box_w = 35, .box_h = 54, .ofs_x = 5, .ofs_y = -15},
    {.bitmap_index = 23120, .adv_w = 691, .box_w = 35, .box_h = 54, .ofs_x = 3, .ofs_y = -15},
    {.bitmap_index = 23437, .adv_w = 691, .box_w = 30, .box_h = 39, .ofs_x = 10, .ofs_y = 0},
    {.bitmap_index = 23591, .adv_w = 691, .box_w = 35, .box_h = 40, .ofs_x = 4, .ofs_y = -1},
    {.bitmap_index = 23963, .adv_w = 691, .box_w = 35, .box_h = 49, .ofs_x = 4, .ofs_y = -1},
    {.bitmap_index = 24152, .adv_w = 691, .box_w = 34, .box_h = 39, .ofs_x = 5, .ofs_y = -1},
    {.bitmap_index = 24322, .adv_w = 691, .box_w = 39, .box_h = 38, .ofs_x = 2, .ofs_y = 0},
    {.bitmap_index = 24686, .adv_w = 691, .box_w = 42, .box_h = 38, .ofs_x = 0, .ofs_y = 0},
    {.bitmap_index = 25162, .adv_w = 691, .box_w = 39, .box_h = 38, .ofs_x = 3, .ofs_y = 0},
    {.bitmap_index = 25541, .adv_w = 691, .box_w = 43, .box_h = 54, .ofs_x = 1, .ofs_y = -16},
    {.bitmap_index = 26035, .adv_w = 691, .box_w = 36, .box_h = 38, .ofs_x = 4, .ofs_y = 0},
    {.bitmap_index = 26244, .adv_w = 691, .box_w = 25, .box_h = 69, .ofs_x = 10, .ofs_y = -13},
    {.bitmap_index = 26606, .adv_w = 691, .box_w = 7, .box_h = 67, .ofs_x = 18, .ofs_y = -15},
    {.bitmap_index = 26631, .adv_w = 691, .box_w = 25, .box_h = 69, .ofs_x = 11, .ofs_y = -13},
    {.bitmap_index = 26991, .adv_w = 691, .box_w = 41, .box_h = 16, .ofs_x = 0, .ofs_y = 13}
};

/*---------------------
 *  CHARACTER MAPPING
 *--------------------*/



/*Collect the unicode lists and glyph_id offsets*/
static const lv_font_fmt_txt_cmap_t cmaps[] =
{
    {
        .range_start = 32, .range_length = 95, .glyph_id_start = 1,
        .unicode_list = NULL, .glyph_id_ofs_list = NULL, .list_length = 0, .type = LV_FONT_FMT_TXT_CMAP_FORMAT0_TINY
    }
};



/*--------------------
 *  ALL CUSTOM DATA
 *--------------------*/

#if LVGL_VERSION_MAJOR == 8
/*Store all the custom data of the font*/
static  lv_font_fmt_txt_glyph_cache_t cache;
#endif

#if LVGL_VERSION_MAJOR >= 8
static const lv_font_fmt_txt_dsc_t font_dsc = {
#else
static lv_font_fmt_txt_dsc_t font_dsc = {
#endif
    .glyph_bitmap = glyph_bitmap,
    .glyph_dsc = glyph_dsc,
    .cmaps = cmaps,
    .kern_dsc = NULL,
    .kern_scale = 0,
    .cmap_num = 1,
    .bpp = 4,
    .kern_classes = 0,
    .bitmap_format = 1,
#if LVGL_VERSION_MAJOR == 8
    .cache = &cache
#endif
};



/*-----------------
 *  PUBLIC FONT
 *----------------*/

/*Initialize a public general font descriptor*/
#if LVGL_VERSION_MAJOR >= 8
const lv_font_t lv_font_roboto_mono_72 = {
#else
lv_font_t lv_font_roboto_mono_72 = {
#endif
    .get_glyph_dsc = lv_font_get_glyph_dsc_fmt_txt,    /*Function pointer to get glyph's data*/
    .get_glyph_bitmap = lv_font_get_bitmap_fmt_txt,    /*Function pointer to get glyph's bitmap*/
    .line_height = 77,          /*The maximum line height required by the font*/
    .base_line = 17,             /*Baseline measured from the bottom of the line*/
#if !(LVGL_VERSION_MAJOR == 6 && LVGL_VERSION_MINOR == 0)
    .subpx = LV_FONT_SUBPX_NONE,
#endif
#if LV_VERSION_CHECK(7, 4, 0) || LVGL_VERSION_MAJOR >= 8
    .underline_position = -5,
    .underline_thickness = 4,
#endif
    .dsc = &font_dsc,          /*The custom font data. Will be accessed by `get_glyph_bitmap/dsc` */
#if LV_VERSION_CHECK(8, 2, 0) || LVGL_VERSION_MAJOR >= 9
    .fallback = NULL,
#endif
    .user_data = NULL,
};



#endif /*#if LV_FONT_ROBOTO_MONO_72*/

