ISO-10303-21;
HEADER;
/* Generated by software containing ST-Developer
 * from STEP Tools, Inc. (www.steptools.com) 
 */

FILE_DESCRIPTION(
/* description */ (''),
/* implementation_level */ '2;1');

FILE_NAME(
/* name */ 'round-screen-esp32s3-case v11.step',
/* time_stamp */ '2024-03-19T15:06:40-07:00',
/* author */ (''),
/* organization */ (''),
/* preprocessor_version */ 'ST-DEVELOPER v20',
/* originating_system */ 'Autodesk Translation Framework v12.20.1.177',

/* authorisation */ '');

FILE_SCHEMA (('AUTOMOTIVE_DESIGN { 1 0 10303 214 3 1 1 }'));
ENDSEC;

DATA;
#10=MECHANICAL_DESIGN_GEOMETRIC_PRESENTATION_REPRESENTATION('',(#21,#22),
#10158);
#11=ITEM_DEFINED_TRANSFORMATION($,$,#4887,#5289);
#12=(
REPRESENTATION_RELATIONSHIP($,$,#10169,#10168)
REPRESENTATION_RELATIONSHIP_WITH_TRANSFORMATION(#11)
SHAPE_REPRESENTATION_RELATIONSHIP()
);
#13=CONTEXT_DEPENDENT_SHAPE_REPRESENTATION(#12,#10167);
#14=NEXT_ASSEMBLY_USAGE_OCCURRENCE('cover:1','cover:1','cover:1',#10171,
#10172,'cover:1');
#15=(
BOUNDED_CURVE()
B_SPLINE_CURVE(2,(#8831,#8832,#8833),.UNSPECIFIED.,.F.,.F.)
B_SPLINE_CURVE_WITH_KNOTS((3,3),(0.,0.382333767654839),.UNSPECIFIED.)
CURVE()
GEOMETRIC_REPRESENTATION_ITEM()
RATIONAL_B_SPLINE_CURVE((1.,1.01203261377197,1.02010045562695))
REPRESENTATION_ITEM('')
);
#16=(
BOUNDED_CURVE()
B_SPLINE_CURVE(2,(#8838,#8839,#8840),.UNSPECIFIED.,.F.,.F.)
B_SPLINE_CURVE_WITH_KNOTS((3,3),(1.93834174885302,2.3206755165155),
 .UNSPECIFIED.)
CURVE()
GEOMETRIC_REPRESENTATION_ITEM()
RATIONAL_B_SPLINE_CURVE((1.02010045562727,1.01203261377221,1.))
REPRESENTATION_ITEM('')
);
#17=SHAPE_REPRESENTATION_RELATIONSHIP('SRR','None',#10169,#19);
#18=SHAPE_REPRESENTATION_RELATIONSHIP('SRR','None',#10168,#20);
#19=ADVANCED_BREP_SHAPE_REPRESENTATION('',(#23),#10157);
#20=ADVANCED_BREP_SHAPE_REPRESENTATION('',(#24),#10156);
#21=STYLED_ITEM('',(#10182),#23);
#22=STYLED_ITEM('',(#10182),#24);
#23=MANIFOLD_SOLID_BREP('Body1',#4872);
#24=MANIFOLD_SOLID_BREP('Body1',#4873);
#25=B_SPLINE_SURFACE_WITH_KNOTS('',3,3,((#6863,#6864,#6865,#6866,#6867,
#6868,#6869,#6870),(#6871,#6872,#6873,#6874,#6875,#6876,#6877,#6878),(#6879,
#6880,#6881,#6882,#6883,#6884,#6885,#6886),(#6887,#6888,#6889,#6890,#6891,
#6892,#6893,#6894)),.UNSPECIFIED.,.F.,.F.,.F.,(4,4),(4,1,1,1,1,4),(0.,1.),
(0.112231788579085,0.137425276630674,0.145823105981204,0.179414423383322,
0.204607911434911,0.2298013994865),.UNSPECIFIED.);
#26=B_SPLINE_SURFACE_WITH_KNOTS('',3,3,((#6981,#6982,#6983,#6984,#6985,
#6986,#6987),(#6988,#6989,#6990,#6991,#6992,#6993,#6994),(#6995,#6996,#6997,
#6998,#6999,#7000,#7001),(#7002,#7003,#7004,#7005,#7006,#7007,#7008)),
 .UNSPECIFIED.,.F.,.F.,.F.,(4,4),(4,1,1,1,4),(0.,1.),(-6.73501752840299E-16,
0.0251934880515872,0.050386976103175,0.0839782935052921,0.117569610907409),
 .UNSPECIFIED.);
#27=B_SPLINE_SURFACE_WITH_KNOTS('',3,3,((#7047,#7048,#7049,#7050),(#7051,
#7052,#7053,#7054),(#7055,#7056,#7057,#7058),(#7059,#7060,#7061,#7062)),
 .UNSPECIFIED.,.F.,.F.,.F.,(4,4),(4,4),(0.,1.),(0.179577684375267,0.229801399486499),
 .UNSPECIFIED.);
#28=B_SPLINE_SURFACE_WITH_KNOTS('',3,3,((#7119,#7120,#7121,#7122,#7123,
#7124,#7125),(#7126,#7127,#7128,#7129,#7130,#7131,#7132),(#7133,#7134,#7135,
#7136,#7137,#7138,#7139),(#7140,#7141,#7142,#7143,#7144,#7145,#7146)),
 .UNSPECIFIED.,.F.,.F.,.F.,(4,4),(4,1,1,1,4),(0.,1.),(-9.31065630235446E-16,
0.0251934880515869,0.0503869761031746,0.0839782935052917,0.117569610907409),
 .UNSPECIFIED.);
#29=B_SPLINE_SURFACE_WITH_KNOTS('',3,3,((#7339,#7340,#7341,#7342,#7343),
(#7344,#7345,#7346,#7347,#7348),(#7349,#7350,#7351,#7352,#7353),(#7354,
#7355,#7356,#7357,#7358)),.UNSPECIFIED.,.F.,.F.,.F.,(4,4),(4,1,4),(0.,1.),
(0.112250184641646,0.179422307410134,0.2298013994865),.UNSPECIFIED.);
#30=B_SPLINE_SURFACE_WITH_KNOTS('',3,3,((#7377,#7378,#7379,#7380,#7381,
#7382,#7383),(#7384,#7385,#7386,#7387,#7388,#7389,#7390),(#7391,#7392,#7393,
#7394,#7395,#7396,#7397),(#7398,#7399,#7400,#7401,#7402,#7403,#7404)),
 .UNSPECIFIED.,.F.,.F.,.F.,(4,4),(4,1,1,1,4),(0.,1.),(0.459316261649216,
0.483919985048476,0.508523708447735,0.541328672980081,0.574133637512427),
 .UNSPECIFIED.);
#31=B_SPLINE_SURFACE_WITH_KNOTS('',3,3,((#7431,#7432,#7433,#7434),(#7435,
#7436,#7437,#7438),(#7439,#7440,#7441,#7442),(#7443,#7444,#7445,#7446)),
 .UNSPECIFIED.,.F.,.F.,.F.,(4,4),(4,4),(0.,1.),(-1.85569020650497,-1.85536398865032),
 .UNSPECIFIED.);
#32=B_SPLINE_SURFACE_WITH_KNOTS('',3,3,((#7455,#7456,#7457,#7458,#7459,
#7460,#7461),(#7462,#7463,#7464,#7465,#7466,#7467,#7468),(#7469,#7470,#7471,
#7472,#7473,#7474,#7475),(#7476,#7477,#7478,#7479,#7480,#7481,#7482)),
 .UNSPECIFIED.,.F.,.F.,.F.,(4,4),(4,1,1,1,4),(0.,1.),(0.114840754903507,
0.147645719435852,0.164048201702025,0.196853166234371,0.229658130766717),
 .UNSPECIFIED.);
#33=B_SPLINE_SURFACE_WITH_KNOTS('',3,3,((#7509,#7510,#7511,#7512,#7513),
(#7514,#7515,#7516,#7517,#7518),(#7519,#7520,#7521,#7522,#7523),(#7524,
#7525,#7526,#7527,#7528)),.UNSPECIFIED.,.F.,.F.,.F.,(4,4),(4,1,4),(0.,1.),
(-9.1263145944011E-16,0.0503790920639136,0.1175512148158),.UNSPECIFIED.);
#34=B_SPLINE_SURFACE_WITH_KNOTS('',3,3,((#7538,#7539,#7540,#7541),(#7542,
#7543,#7544,#7545),(#7546,#7547,#7548,#7549),(#7550,#7551,#7552,#7553)),
 .UNSPECIFIED.,.F.,.F.,.F.,(4,4),(4,4),(0.,1.),(-1.28622866493947,-1.28590244708483),
 .UNSPECIFIED.);
#35=B_SPLINE_SURFACE_WITH_KNOTS('',3,3,((#7576,#7577,#7578,#7579,#7580,
#7581,#7582),(#7583,#7584,#7585,#7586,#7587,#7588,#7589),(#7590,#7591,#7592,
#7593,#7594,#7595,#7596),(#7597,#7598,#7599,#7600,#7601,#7602,#7603)),
 .UNSPECIFIED.,.F.,.F.,.F.,(4,4),(4,1,1,1,4),(0.,1.),(0.459316261649216,
0.483919985048476,0.508523708447735,0.541328672980081,0.574133637512427),
 .UNSPECIFIED.);
#36=B_SPLINE_SURFACE_WITH_KNOTS('',3,3,((#7619,#7620,#7621,#7622),(#7623,
#7624,#7625,#7626),(#7627,#7628,#7629,#7630),(#7631,#7632,#7633,#7634)),
 .UNSPECIFIED.,.F.,.F.,.F.,(4,4),(4,4),(0.,1.),(-1.85569020650497,-1.85536398865032),
 .UNSPECIFIED.);
#37=B_SPLINE_SURFACE_WITH_KNOTS('',3,3,((#7639,#7640,#7641,#7642,#7643,
#7644,#7645),(#7646,#7647,#7648,#7649,#7650,#7651,#7652),(#7653,#7654,#7655,
#7656,#7657,#7658,#7659),(#7660,#7661,#7662,#7663,#7664,#7665,#7666)),
 .UNSPECIFIED.,.F.,.F.,.F.,(4,4),(4,1,1,1,4),(0.,1.),(0.114840754903507,
0.147645719435852,0.164048201702025,0.196853166234371,0.229658130766717),
 .UNSPECIFIED.);
#38=B_SPLINE_SURFACE_WITH_KNOTS('',3,3,((#7680,#7681,#7682,#7683),(#7684,
#7685,#7686,#7687),(#7688,#7689,#7690,#7691),(#7692,#7693,#7694,#7695)),
 .UNSPECIFIED.,.F.,.F.,.F.,(4,4),(4,4),(0.,1.),(-1.28622866493947,-1.28590244708483),
 .UNSPECIFIED.);
#39=B_SPLINE_SURFACE_WITH_KNOTS('',3,3,((#7714,#7715,#7716,#7717,#7718,
#7719,#7720),(#7721,#7722,#7723,#7724,#7725,#7726,#7727),(#7728,#7729,#7730,
#7731,#7732,#7733,#7734),(#7735,#7736,#7737,#7738,#7739,#7740,#7741)),
 .UNSPECIFIED.,.F.,.F.,.F.,(4,4),(4,1,1,1,4),(0.,1.),(0.459316261649216,
0.483919985048476,0.508523708447735,0.541328672980081,0.574133637512426),
 .UNSPECIFIED.);
#40=B_SPLINE_SURFACE_WITH_KNOTS('',3,3,((#7757,#7758,#7759,#7760),(#7761,
#7762,#7763,#7764),(#7765,#7766,#7767,#7768),(#7769,#7770,#7771,#7772)),
 .UNSPECIFIED.,.F.,.F.,.F.,(4,4),(4,4),(0.,1.),(-1.85569020650497,-1.85536398865032),
 .UNSPECIFIED.);
#41=B_SPLINE_SURFACE_WITH_KNOTS('',3,3,((#7777,#7778,#7779,#7780,#7781,
#7782,#7783),(#7784,#7785,#7786,#7787,#7788,#7789,#7790),(#7791,#7792,#7793,
#7794,#7795,#7796,#7797),(#7798,#7799,#7800,#7801,#7802,#7803,#7804)),
 .UNSPECIFIED.,.F.,.F.,.F.,(4,4),(4,1,1,1,4),(0.,1.),(0.114840754903507,
0.147645719435852,0.164048201702025,0.196853166234371,0.229658130766717),
 .UNSPECIFIED.);
#42=B_SPLINE_SURFACE_WITH_KNOTS('',3,3,((#7818,#7819,#7820,#7821),(#7822,
#7823,#7824,#7825),(#7826,#7827,#7828,#7829),(#7830,#7831,#7832,#7833)),
 .UNSPECIFIED.,.F.,.F.,.F.,(4,4),(4,4),(0.,1.),(-1.28622866493947,-1.28590244708483),
 .UNSPECIFIED.);
#43=B_SPLINE_SURFACE_WITH_KNOTS('',3,3,((#7895,#7896,#7897,#7898,#7899),
(#7900,#7901,#7902,#7903,#7904),(#7905,#7906,#7907,#7908,#7909),(#7910,
#7911,#7912,#7913,#7914)),.UNSPECIFIED.,.F.,.F.,.F.,(4,4),(4,1,4),(0.,1.),
(0.112250184641646,0.179422307410134,0.2298013994865),.UNSPECIFIED.);
#44=B_SPLINE_SURFACE_WITH_KNOTS('',3,3,((#7933,#7934,#7935,#7936,#7937,
#7938,#7939),(#7940,#7941,#7942,#7943,#7944,#7945,#7946),(#7947,#7948,#7949,
#7950,#7951,#7952,#7953),(#7954,#7955,#7956,#7957,#7958,#7959,#7960)),
 .UNSPECIFIED.,.F.,.F.,.F.,(4,4),(4,1,1,1,4),(0.,1.),(0.459316261649217,
0.492121226181562,0.524926190713908,0.541328672980081,0.574133637512426),
 .UNSPECIFIED.);
#45=B_SPLINE_SURFACE_WITH_KNOTS('',3,3,((#7987,#7988,#7989,#7990),(#7991,
#7992,#7993,#7994),(#7995,#7996,#7997,#7998),(#7999,#8000,#8001,#8002)),
 .UNSPECIFIED.,.F.,.F.,.F.,(4,4),(4,4),(0.,1.),(-1.85569020650497,-1.85536398865032),
 .UNSPECIFIED.);
#46=B_SPLINE_SURFACE_WITH_KNOTS('',3,3,((#8011,#8012,#8013,#8014,#8015,
#8016,#8017),(#8018,#8019,#8020,#8021,#8022,#8023,#8024),(#8025,#8026,#8027,
#8028,#8029,#8030,#8031),(#8032,#8033,#8034,#8035,#8036,#8037,#8038)),
 .UNSPECIFIED.,.F.,.F.,.F.,(4,4),(4,1,1,1,4),(0.,1.),(0.114840754903507,
0.147645719435852,0.164048201702025,0.196853166234371,0.229658130766717),
 .UNSPECIFIED.);
#47=B_SPLINE_SURFACE_WITH_KNOTS('',3,3,((#8065,#8066,#8067,#8068,#8069),
(#8070,#8071,#8072,#8073,#8074),(#8075,#8076,#8077,#8078,#8079),(#8080,
#8081,#8082,#8083,#8084)),.UNSPECIFIED.,.F.,.F.,.F.,(4,4),(4,1,4),(0.,1.),
(-4.73965994315501E-16,0.0503790920639137,0.117551214815799),
 .UNSPECIFIED.);
#48=B_SPLINE_SURFACE_WITH_KNOTS('',3,3,((#8094,#8095,#8096,#8097),(#8098,
#8099,#8100,#8101),(#8102,#8103,#8104,#8105),(#8106,#8107,#8108,#8109)),
 .UNSPECIFIED.,.F.,.F.,.F.,(4,4),(4,4),(0.,1.),(-1.28622866493947,-1.28590244708483),
 .UNSPECIFIED.);
#49=B_SPLINE_SURFACE_WITH_KNOTS('',3,3,((#8696,#8697,#8698,#8699,#8700,
#8701,#8702,#8703,#8704,#8705,#8706,#8707),(#8708,#8709,#8710,#8711,#8712,
#8713,#8714,#8715,#8716,#8717,#8718,#8719),(#8720,#8721,#8722,#8723,#8724,
#8725,#8726,#8727,#8728,#8729,#8730,#8731),(#8732,#8733,#8734,#8735,#8736,
#8737,#8738,#8739,#8740,#8741,#8742,#8743),(#8744,#8745,#8746,#8747,#8748,
#8749,#8750,#8751,#8752,#8753,#8754,#8755)),.UNSPECIFIED.,.F.,.F.,.F.,(4,
1,4),(4,1,1,1,1,1,1,1,1,4),(0.,0.5,1.),(-3.84114968549216,-3.7862745678101,
-3.73139945012804,-3.62164921476392,-3.40214874403567,-2.96314780257918,
-2.52414686112269,-2.41439662575856,-2.3595215080765,-2.30464639039444),
 .UNSPECIFIED.);
#50=B_SPLINE_SURFACE_WITH_KNOTS('',3,3,((#9021,#9022,#9023,#9024),(#9025,
#9026,#9027,#9028),(#9029,#9030,#9031,#9032),(#9033,#9034,#9035,#9036)),
 .UNSPECIFIED.,.F.,.F.,.F.,(4,4),(4,4),(0.130278799335646,1.),(-0.459641240004577,
-0.423701089647003),.UNSPECIFIED.);
#51=B_SPLINE_SURFACE_WITH_KNOTS('',3,3,((#9116,#9117,#9118,#9119,#9120,
#9121,#9122),(#9123,#9124,#9125,#9126,#9127,#9128,#9129),(#9130,#9131,#9132,
#9133,#9134,#9135,#9136),(#9137,#9138,#9139,#9140,#9141,#9142,#9143)),
 .UNSPECIFIED.,.F.,.F.,.F.,(4,4),(4,1,1,1,4),(0.,1.),(-0.344470738006968,
-0.311665703033293,-0.295263185546455,-0.26245815057278,-0.229653115599105),
 .UNSPECIFIED.);
#52=B_SPLINE_SURFACE_WITH_KNOTS('',3,3,((#9153,#9154,#9155,#9156),(#9157,
#9158,#9159,#9160),(#9161,#9162,#9163,#9164),(#9165,#9166,#9167,#9168)),
 .UNSPECIFIED.,.F.,.F.,.F.,(4,4),(4,4),(0.,1.),(0.288007948371198,0.288244321748131),
 .UNSPECIFIED.);
#53=B_SPLINE_SURFACE_WITH_KNOTS('',3,3,((#9179,#9180,#9181,#9182),(#9183,
#9184,#9185,#9186),(#9187,#9188,#9189,#9190),(#9191,#9192,#9193,#9194)),
 .UNSPECIFIED.,.F.,.F.,.F.,(4,4),(4,4),(0.,1.),(-0.288244321748132,-0.288007948371199),
 .UNSPECIFIED.);
#54=B_SPLINE_SURFACE_WITH_KNOTS('',3,3,((#9201,#9202,#9203,#9204,#9205,
#9206,#9207),(#9208,#9209,#9210,#9211,#9212,#9213,#9214),(#9215,#9216,#9217,
#9218,#9219,#9220,#9221),(#9222,#9223,#9224,#9225,#9226,#9227,#9228)),
 .UNSPECIFIED.,.F.,.F.,.F.,(4,4),(4,1,1,1,4),(0.,1.),(-0.229653115599046,
-0.205049339368777,-0.180445563138508,-0.147640528164817,-0.114835493191125),
 .UNSPECIFIED.);
#55=B_SPLINE_SURFACE_WITH_KNOTS('',3,3,((#9242,#9243,#9244,#9245,#9246,
#9247,#9248),(#9249,#9250,#9251,#9252,#9253,#9254,#9255),(#9256,#9257,#9258,
#9259,#9260,#9261,#9262),(#9263,#9264,#9265,#9266,#9267,#9268,#9269)),
 .UNSPECIFIED.,.F.,.F.,.F.,(4,4),(4,1,1,1,4),(0.,1.),(-0.0961489421868651,
-0.0755455974325369,-0.0549422526782086,-0.0274711263391043,2.00193947651532E-17),
 .UNSPECIFIED.);
#56=B_SPLINE_SURFACE_WITH_KNOTS('',3,3,((#9294,#9295,#9296,#9297,#9298,
#9299,#9300),(#9301,#9302,#9303,#9304,#9305,#9306,#9307),(#9308,#9309,#9310,
#9311,#9312,#9313,#9314),(#9315,#9316,#9317,#9318,#9319,#9320,#9321)),
 .UNSPECIFIED.,.F.,.F.,.F.,(4,4),(4,1,1,1,4),(0.,1.),(-0.459641235195165,
-0.432170108856061,-0.404698982516957,-0.384095637762628,-0.3634922930083),
 .UNSPECIFIED.);
#57=B_SPLINE_SURFACE_WITH_KNOTS('',3,3,((#9369,#9370,#9371,#9372,#9373,
#9374,#9375),(#9376,#9377,#9378,#9379,#9380,#9381,#9382),(#9383,#9384,#9385,
#9386,#9387,#9388,#9389),(#9390,#9391,#9392,#9393,#9394,#9395,#9396)),
 .UNSPECIFIED.,.F.,.F.,.F.,(4,4),(4,1,1,1,4),(0.,1.),(-0.344470738006968,
-0.311665703033293,-0.295263185546456,-0.262458150572781,-0.229653115599106),
 .UNSPECIFIED.);
#58=B_SPLINE_SURFACE_WITH_KNOTS('',3,3,((#9406,#9407,#9408,#9409),(#9410,
#9411,#9412,#9413),(#9414,#9415,#9416,#9417),(#9418,#9419,#9420,#9421)),
 .UNSPECIFIED.,.F.,.F.,.F.,(4,4),(4,4),(0.,1.),(-1.2827883784237,-1.28255200504677),
 .UNSPECIFIED.);
#59=B_SPLINE_SURFACE_WITH_KNOTS('',3,3,((#9432,#9433,#9434,#9435),(#9436,
#9437,#9438,#9439),(#9440,#9441,#9442,#9443),(#9444,#9445,#9446,#9447)),
 .UNSPECIFIED.,.F.,.F.,.F.,(4,4),(4,4),(0.,1.),(-1.85904064854303,-1.8588042751661),
 .UNSPECIFIED.);
#60=B_SPLINE_SURFACE_WITH_KNOTS('',3,3,((#9454,#9455,#9456,#9457,#9458,
#9459,#9460),(#9461,#9462,#9463,#9464,#9465,#9466,#9467),(#9468,#9469,#9470,
#9471,#9472,#9473,#9474),(#9475,#9476,#9477,#9478,#9479,#9480,#9481)),
 .UNSPECIFIED.,.F.,.F.,.F.,(4,4),(4,1,1,1,4),(0.,1.),(-0.229653115599047,
-0.205049339368778,-0.180445563138509,-0.147640528164817,-0.114835493191125),
 .UNSPECIFIED.);
#61=B_SPLINE_SURFACE_WITH_KNOTS('',3,3,((#9495,#9496,#9497,#9498,#9499),
(#9500,#9501,#9502,#9503,#9504),(#9505,#9506,#9507,#9508,#9509),(#9510,
#9511,#9512,#9513,#9514)),.UNSPECIFIED.,.F.,.F.,.F.,(4,4),(4,1,4),(0.,1.),
(-0.0961489421868655,-0.0412066895086563,6.51715363768258E-16),
 .UNSPECIFIED.);
#62=B_SPLINE_SURFACE_WITH_KNOTS('',3,3,((#9537,#9538,#9539,#9540,#9541),
(#9542,#9543,#9544,#9545,#9546),(#9547,#9548,#9549,#9550,#9551),(#9552,
#9553,#9554,#9555,#9556)),.UNSPECIFIED.,.F.,.F.,.F.,(4,4),(4,1,4),(0.,1.),
(-0.459641240004578,-0.418434550495921,-0.363492297817711),
 .UNSPECIFIED.);
#63=B_SPLINE_SURFACE_WITH_KNOTS('',3,3,((#9602,#9603,#9604,#9605,#9606,
#9607,#9608),(#9609,#9610,#9611,#9612,#9613,#9614,#9615),(#9616,#9617,#9618,
#9619,#9620,#9621,#9622),(#9623,#9624,#9625,#9626,#9627,#9628,#9629)),
 .UNSPECIFIED.,.F.,.F.,.F.,(4,4),(4,1,1,1,4),(0.,1.),(-0.344470738006968,
-0.311665703033293,-0.295263185546456,-0.262458150572781,-0.229653115599106),
 .UNSPECIFIED.);
#64=B_SPLINE_SURFACE_WITH_KNOTS('',3,3,((#9639,#9640,#9641,#9642),(#9643,
#9644,#9645,#9646),(#9647,#9648,#9649,#9650),(#9651,#9652,#9653,#9654)),
 .UNSPECIFIED.,.F.,.F.,.F.,(4,4),(4,4),(0.,1.),(-2.8535847052186,-2.85334833184166),
 .UNSPECIFIED.);
#65=B_SPLINE_SURFACE_WITH_KNOTS('',3,3,((#9665,#9666,#9667,#9668),(#9669,
#9670,#9671,#9672),(#9673,#9674,#9675,#9676),(#9677,#9678,#9679,#9680)),
 .UNSPECIFIED.,.F.,.F.,.F.,(4,4),(4,4),(0.,1.),(-3.42983697533793,-3.42960060196099),
 .UNSPECIFIED.);
#66=B_SPLINE_SURFACE_WITH_KNOTS('',3,3,((#9687,#9688,#9689,#9690,#9691,
#9692,#9693),(#9694,#9695,#9696,#9697,#9698,#9699,#9700),(#9701,#9702,#9703,
#9704,#9705,#9706,#9707),(#9708,#9709,#9710,#9711,#9712,#9713,#9714)),
 .UNSPECIFIED.,.F.,.F.,.F.,(4,4),(4,1,1,1,4),(0.,1.),(-0.229653115599046,
-0.205049339368777,-0.180445563138509,-0.147640528164817,-0.114835493191125),
 .UNSPECIFIED.);
#67=B_SPLINE_SURFACE_WITH_KNOTS('',3,3,((#9728,#9729,#9730,#9731,#9732,
#9733,#9734),(#9735,#9736,#9737,#9738,#9739,#9740,#9741),(#9742,#9743,#9744,
#9745,#9746,#9747,#9748),(#9749,#9750,#9751,#9752,#9753,#9754,#9755)),
 .UNSPECIFIED.,.F.,.F.,.F.,(4,4),(4,1,1,1,4),(0.,1.),(-0.0961489421868657,
-0.0755455974325373,-0.0549422526782089,-0.0274711263391045,2.00193947651539E-17),
 .UNSPECIFIED.);
#68=B_SPLINE_SURFACE_WITH_KNOTS('',3,3,((#9780,#9781,#9782,#9783,#9784,
#9785,#9786),(#9787,#9788,#9789,#9790,#9791,#9792,#9793),(#9794,#9795,#9796,
#9797,#9798,#9799,#9800),(#9801,#9802,#9803,#9804,#9805,#9806,#9807)),
 .UNSPECIFIED.,.F.,.F.,.F.,(4,4),(4,1,1,1,4),(0.,1.),(-0.459641235195165,
-0.432170108856061,-0.404698982516956,-0.384095637762627,-0.363492293008299),
 .UNSPECIFIED.);
#69=B_SPLINE_SURFACE_WITH_KNOTS('',3,3,((#9855,#9856,#9857,#9858,#9859,
#9860,#9861),(#9862,#9863,#9864,#9865,#9866,#9867,#9868),(#9869,#9870,#9871,
#9872,#9873,#9874,#9875),(#9876,#9877,#9878,#9879,#9880,#9881,#9882)),
 .UNSPECIFIED.,.F.,.F.,.F.,(4,4),(4,1,1,1,4),(0.,1.),(-0.344470738006968,
-0.311665703033293,-0.295263185546456,-0.26245815057278,-0.229653115599105),
 .UNSPECIFIED.);
#70=B_SPLINE_SURFACE_WITH_KNOTS('',3,3,((#9892,#9893,#9894,#9895),(#9896,
#9897,#9898,#9899),(#9900,#9901,#9902,#9903),(#9904,#9905,#9906,#9907)),
 .UNSPECIFIED.,.F.,.F.,.F.,(4,4),(4,4),(0.,1.),(1.85880427516609,1.85904064854303),
 .UNSPECIFIED.);
#71=B_SPLINE_SURFACE_WITH_KNOTS('',3,3,((#9918,#9919,#9920,#9921),(#9922,
#9923,#9924,#9925),(#9926,#9927,#9928,#9929),(#9930,#9931,#9932,#9933)),
 .UNSPECIFIED.,.F.,.F.,.F.,(4,4),(4,4),(0.,1.),(1.28255200504676,1.2827883784237),
 .UNSPECIFIED.);
#72=B_SPLINE_SURFACE_WITH_KNOTS('',3,3,((#9940,#9941,#9942,#9943,#9944,
#9945,#9946),(#9947,#9948,#9949,#9950,#9951,#9952,#9953),(#9954,#9955,#9956,
#9957,#9958,#9959,#9960),(#9961,#9962,#9963,#9964,#9965,#9966,#9967)),
 .UNSPECIFIED.,.F.,.F.,.F.,(4,4),(4,1,1,1,4),(0.,1.),(-0.229653115599046,
-0.205049339368777,-0.180445563138509,-0.147640528164817,-0.114835493191125),
 .UNSPECIFIED.);
#73=B_SPLINE_SURFACE_WITH_KNOTS('',3,3,((#9981,#9982,#9983,#9984,#9985,
#9986,#9987),(#9988,#9989,#9990,#9991,#9992,#9993,#9994),(#9995,#9996,#9997,
#9998,#9999,#10000,#10001),(#10002,#10003,#10004,#10005,#10006,#10007,#10008)),
 .UNSPECIFIED.,.F.,.F.,.F.,(4,4),(4,1,1,1,4),(0.,1.),(-0.0961489421868677,
-0.0755455974325389,-0.0549422526782101,-0.027471126339105,4.00387895303072E-17),
 .UNSPECIFIED.);
#74=ELLIPSE('',#4905,38.8348144886992,0.762);
#75=FACE_BOUND('',#737,.T.);
#76=FACE_BOUND('',#751,.T.);
#77=FACE_BOUND('',#755,.T.);
#78=FACE_BOUND('',#823,.T.);
#79=FACE_BOUND('',#850,.T.);
#80=FACE_BOUND('',#855,.T.);
#81=FACE_BOUND('',#860,.T.);
#82=FACE_BOUND('',#864,.T.);
#83=FACE_BOUND('',#868,.T.);
#84=FACE_BOUND('',#872,.T.);
#85=FACE_BOUND('',#874,.T.);
#86=FACE_BOUND('',#917,.T.);
#87=FACE_BOUND('',#918,.T.);
#88=FACE_BOUND('',#919,.T.);
#89=FACE_BOUND('',#923,.T.);
#90=FACE_BOUND('',#925,.T.);
#91=FACE_BOUND('',#927,.T.);
#92=FACE_BOUND('',#929,.T.);
#93=FACE_BOUND('',#933,.T.);
#94=FACE_BOUND('',#935,.T.);
#95=FACE_BOUND('',#939,.T.);
#96=FACE_BOUND('',#988,.T.);
#97=PLANE('',#4902);
#98=PLANE('',#4904);
#99=PLANE('',#4906);
#100=PLANE('',#4907);
#101=PLANE('',#4913);
#102=PLANE('',#4942);
#103=PLANE('',#4943);
#104=PLANE('',#4944);
#105=PLANE('',#4945);
#106=PLANE('',#4949);
#107=PLANE('',#4954);
#108=PLANE('',#4958);
#109=PLANE('',#4963);
#110=PLANE('',#4967);
#111=PLANE('',#4972);
#112=PLANE('',#4973);
#113=PLANE('',#4975);
#114=PLANE('',#4977);
#115=PLANE('',#4978);
#116=PLANE('',#4979);
#117=PLANE('',#4980);
#118=PLANE('',#4981);
#119=PLANE('',#4985);
#120=PLANE('',#4987);
#121=PLANE('',#4989);
#122=PLANE('',#4991);
#123=PLANE('',#4994);
#124=PLANE('',#4996);
#125=PLANE('',#4998);
#126=PLANE('',#5000);
#127=PLANE('',#5003);
#128=PLANE('',#5005);
#129=PLANE('',#5007);
#130=PLANE('',#5010);
#131=PLANE('',#5013);
#132=PLANE('',#5015);
#133=PLANE('',#5019);
#134=PLANE('',#5024);
#135=PLANE('',#5025);
#136=PLANE('',#5027);
#137=PLANE('',#5029);
#138=PLANE('',#5033);
#139=PLANE('',#5035);
#140=PLANE('',#5037);
#141=PLANE('',#5041);
#142=PLANE('',#5044);
#143=PLANE('',#5052);
#144=PLANE('',#5062);
#145=PLANE('',#5070);
#146=PLANE('',#5080);
#147=PLANE('',#5107);
#148=PLANE('',#5116);
#149=PLANE('',#5146);
#150=PLANE('',#5148);
#151=PLANE('',#5149);
#152=PLANE('',#5151);
#153=PLANE('',#5152);
#154=PLANE('',#5154);
#155=PLANE('',#5155);
#156=PLANE('',#5157);
#157=PLANE('',#5158);
#158=PLANE('',#5160);
#159=PLANE('',#5161);
#160=PLANE('',#5163);
#161=PLANE('',#5164);
#162=PLANE('',#5166);
#163=PLANE('',#5167);
#164=PLANE('',#5169);
#165=PLANE('',#5176);
#166=PLANE('',#5197);
#167=PLANE('',#5198);
#168=PLANE('',#5199);
#169=PLANE('',#5202);
#170=PLANE('',#5207);
#171=PLANE('',#5208);
#172=PLANE('',#5211);
#173=PLANE('',#5215);
#174=PLANE('',#5218);
#175=PLANE('',#5222);
#176=PLANE('',#5225);
#177=PLANE('',#5229);
#178=PLANE('',#5232);
#179=PLANE('',#5233);
#180=PLANE('',#5243);
#181=PLANE('',#5244);
#182=PLANE('',#5245);
#183=PLANE('',#5246);
#184=PLANE('',#5247);
#185=PLANE('',#5249);
#186=PLANE('',#5251);
#187=PLANE('',#5253);
#188=PLANE('',#5255);
#189=PLANE('',#5256);
#190=PLANE('',#5257);
#191=PLANE('',#5259);
#192=PLANE('',#5261);
#193=PLANE('',#5263);
#194=PLANE('',#5265);
#195=PLANE('',#5267);
#196=PLANE('',#5269);
#197=PLANE('',#5271);
#198=PLANE('',#5273);
#199=PLANE('',#5275);
#200=PLANE('',#5277);
#201=PLANE('',#5279);
#202=PLANE('',#5281);
#203=PLANE('',#5283);
#204=PLANE('',#5285);
#205=PLANE('',#5287);
#206=PLANE('',#5288);
#207=B_SPLINE_CURVE_WITH_KNOTS('',3,(#6473,#6474,#6475,#6476),
 .UNSPECIFIED.,.F.,.F.,(4,4),(0.229817508898493,0.232165498383779),
 .UNSPECIFIED.);
#208=B_SPLINE_CURVE_WITH_KNOTS('',3,(#6480,#6481,#6482,#6483,#6484,#6485,
#6486,#6487,#6488,#6489),.UNSPECIFIED.,.F.,.F.,(4,2,2,2,4),(0.344504133958455,
0.373207732267653,0.401911330576851,0.430616571756733,0.459321812936616),
 .UNSPECIFIED.);
#209=B_SPLINE_CURVE_WITH_KNOTS('',3,(#6496,#6497,#6498,#6499,#6500,#6501,
#6502,#6503,#6504,#6505),.UNSPECIFIED.,.F.,.F.,(4,2,2,2,4),(0.229660906468308,
0.258365040750472,0.287069175032636,0.315773880256664,0.344478585480691),
 .UNSPECIFIED.);
#210=B_SPLINE_CURVE_WITH_KNOTS('',3,(#6509,#6510,#6511,#6512,#6513,#6514,
#6515,#6516,#6517,#6518),.UNSPECIFIED.,.F.,.F.,(4,2,2,2,4),(-0.114862446887056,
-0.0861329142228811,-0.0574033815587062,-0.0287016907793531,0.),
 .UNSPECIFIED.);
#211=B_SPLINE_CURVE_WITH_KNOTS('',3,(#6522,#6523,#6524,#6525,#6526,#6527,
#6528,#6529,#6530,#6531),.UNSPECIFIED.,.F.,.F.,(4,2,2,2,4),(0.22981751371164,
0.258519204490993,0.287220895270346,0.315950427934521,0.344679960598695),
 .UNSPECIFIED.);
#212=B_SPLINE_CURVE_WITH_KNOTS('',3,(#6535,#6536,#6537,#6538,#6539,#6540,
#6541,#6542,#6543,#6544),.UNSPECIFIED.,.F.,.F.,(4,2,2,2,4),(0.344504134096791,
0.373207732405989,0.401911330715187,0.430616571895069,0.459321813074952),
 .UNSPECIFIED.);
#213=B_SPLINE_CURVE_WITH_KNOTS('',3,(#6548,#6549,#6550,#6551,#6552,#6553,
#6554,#6555,#6556,#6557),.UNSPECIFIED.,.F.,.F.,(4,2,2,2,4),(0.229660906606644,
0.258366147786527,0.287071388966409,0.315774987275607,0.344478585584805),
 .UNSPECIFIED.);
#214=B_SPLINE_CURVE_WITH_KNOTS('',3,(#6561,#6562,#6563,#6564,#6565,#6566,
#6567,#6568,#6569,#6570),.UNSPECIFIED.,.F.,.F.,(4,2,2,2,4),(-0.114862446887056,
-0.0861329142228809,-0.0574033815587061,-0.0287016907793531,0.),
 .UNSPECIFIED.);
#215=B_SPLINE_CURVE_WITH_KNOTS('',3,(#6574,#6575,#6576,#6577,#6578,#6579,
#6580,#6581,#6582,#6583),.UNSPECIFIED.,.F.,.F.,(4,2,2,2,4),(0.22981751371164,
0.258519204490993,0.287220895270346,0.31595042793452,0.344679960598695),
 .UNSPECIFIED.);
#216=B_SPLINE_CURVE_WITH_KNOTS('',3,(#6587,#6588,#6589,#6590,#6591,#6592,
#6593,#6594,#6595,#6596),.UNSPECIFIED.,.F.,.F.,(4,2,2,2,4),(0.344504133958455,
0.373207732267653,0.401911330576851,0.430616571756733,0.459321812936616),
 .UNSPECIFIED.);
#217=B_SPLINE_CURVE_WITH_KNOTS('',3,(#6600,#6601,#6602,#6603,#6604,#6605,
#6606,#6607,#6608,#6609),.UNSPECIFIED.,.F.,.F.,(4,2,2,2,4),(0.229660906468308,
0.258365040750472,0.287069175032636,0.315773880256664,0.344478585480691),
 .UNSPECIFIED.);
#218=B_SPLINE_CURVE_WITH_KNOTS('',3,(#6613,#6614,#6615,#6616,#6617,#6618,
#6619,#6620,#6621,#6622),.UNSPECIFIED.,.F.,.F.,(4,2,2,2,4),(-0.114862446887056,
-0.0861329142228809,-0.0574033815587059,-0.028701690779353,0.),
 .UNSPECIFIED.);
#219=B_SPLINE_CURVE_WITH_KNOTS('',3,(#6626,#6627,#6628,#6629,#6630,#6631,
#6632,#6633,#6634,#6635),.UNSPECIFIED.,.F.,.F.,(4,2,2,2,4),(0.229817508898493,
0.258519199677846,0.287220890457199,0.315950423121374,0.344679955785549),
 .UNSPECIFIED.);
#220=B_SPLINE_CURVE_WITH_KNOTS('',3,(#6639,#6640,#6641,#6642,#6643,#6644,
#6645,#6646,#6647,#6648),.UNSPECIFIED.,.F.,.F.,(4,2,2,2,4),(0.344504134096791,
0.373207732405989,0.401911330715187,0.43061657189507,0.459321813074952),
 .UNSPECIFIED.);
#221=B_SPLINE_CURVE_WITH_KNOTS('',3,(#6652,#6653,#6654,#6655,#6656,#6657,
#6658,#6659,#6660,#6661),.UNSPECIFIED.,.F.,.F.,(4,2,2,2,4),(0.229660906606644,
0.258366147786527,0.287071388966409,0.315774987275607,0.344478585584805),
 .UNSPECIFIED.);
#222=B_SPLINE_CURVE_WITH_KNOTS('',3,(#6665,#6666,#6667,#6668,#6669,#6670,
#6671,#6672,#6673,#6674),.UNSPECIFIED.,.F.,.F.,(4,2,2,2,4),(-0.114862446887056,
-0.0861329142228808,-0.0574033815587059,-0.028701690779353,0.),
 .UNSPECIFIED.);
#223=B_SPLINE_CURVE_WITH_KNOTS('',3,(#6696,#6697,#6698,#6699,#6700,#6701,
#6702,#6703,#6704,#6705,#6706,#6707,#6708,#6709,#6710,#6711,#6712,#6713,
#6714,#6715,#6716,#6717),.UNSPECIFIED.,.F.,.F.,(4,3,3,3,3,3,3,4),(-0.114316814300935,
-0.105308814543491,-0.102194747757992,-0.0924029977313085,-0.0872611299885257,
-0.0755563055333811,-0.0628985681157861,-0.0515609157646484),
 .UNSPECIFIED.);
#224=B_SPLINE_CURVE_WITH_KNOTS('',3,(#6745,#6746,#6747,#6748),
 .UNSPECIFIED.,.F.,.F.,(4,4),(-0.000794688437617792,0.),.UNSPECIFIED.);
#225=B_SPLINE_CURVE_WITH_KNOTS('',3,(#6752,#6753,#6754,#6755),
 .UNSPECIFIED.,.F.,.F.,(4,4),(-0.000794688439659874,0.),.UNSPECIFIED.);
#226=B_SPLINE_CURVE_WITH_KNOTS('',3,(#6759,#6760,#6761,#6762),
 .UNSPECIFIED.,.F.,.F.,(4,4),(-0.000794688438120336,0.),.UNSPECIFIED.);
#227=B_SPLINE_CURVE_WITH_KNOTS('',3,(#6766,#6767,#6768,#6769),
 .UNSPECIFIED.,.F.,.F.,(4,4),(-0.000794688441441936,0.),.UNSPECIFIED.);
#228=B_SPLINE_CURVE_WITH_KNOTS('',3,(#6773,#6774,#6775,#6776),
 .UNSPECIFIED.,.F.,.F.,(4,4),(-0.00079468843791495,0.),.UNSPECIFIED.);
#229=B_SPLINE_CURVE_WITH_KNOTS('',3,(#6780,#6781,#6782,#6783),
 .UNSPECIFIED.,.F.,.F.,(4,4),(-0.000794688440959069,0.),.UNSPECIFIED.);
#230=B_SPLINE_CURVE_WITH_KNOTS('',3,(#6787,#6788,#6789,#6790),
 .UNSPECIFIED.,.F.,.F.,(4,4),(-0.000794688437447021,0.),.UNSPECIFIED.);
#231=B_SPLINE_CURVE_WITH_KNOTS('',3,(#6794,#6795,#6796,#6797),
 .UNSPECIFIED.,.F.,.F.,(4,4),(-0.000794688439618713,0.),.UNSPECIFIED.);
#232=B_SPLINE_CURVE_WITH_KNOTS('',3,(#6802,#6803,#6804,#6805,#6806,#6807),
 .UNSPECIFIED.,.F.,.F.,(4,2,4),(-0.117960890614754,-0.0508663615736727,
-0.00145527684893386),.UNSPECIFIED.);
#233=B_SPLINE_CURVE_WITH_KNOTS('',3,(#6809,#6810,#6811,#6812,#6813,#6814),
 .UNSPECIFIED.,.F.,.F.,(4,2,4),(-0.0870587897880202,-0.07856451077267,0.),
 .UNSPECIFIED.);
#234=B_SPLINE_CURVE_WITH_KNOTS('',3,(#6817,#6818,#6819,#6820,#6821,#6822),
 .UNSPECIFIED.,.F.,.F.,(4,2,4),(-0.128743237167109,-0.0785630546625443,
0.),.UNSPECIFIED.);
#235=B_SPLINE_CURVE_WITH_KNOTS('',3,(#6825,#6826,#6827,#6828,#6829,#6830),
 .UNSPECIFIED.,.F.,.F.,(4,2,4),(-0.117960890614753,-0.0508663615736735,
-0.0014552768489334),.UNSPECIFIED.);
#236=B_SPLINE_CURVE_WITH_KNOTS('',3,(#6833,#6834,#6835,#6836,#6837,#6838),
 .UNSPECIFIED.,.F.,.F.,(4,2,4),(-0.128743237166594,-0.0785630546623145,
0.),.UNSPECIFIED.);
#237=B_SPLINE_CURVE_WITH_KNOTS('',3,(#6841,#6842,#6843,#6844,#6845,#6846),
 .UNSPECIFIED.,.F.,.F.,(4,2,4),(-0.117960894596358,-0.0508685249995433,
-0.00145527686252404),.UNSPECIFIED.);
#238=B_SPLINE_CURVE_WITH_KNOTS('',3,(#6849,#6850,#6851,#6852,#6853,#6854),
 .UNSPECIFIED.,.F.,.F.,(4,2,4),(-0.11796089459635,-0.0508685249995435,-0.00145527686252292),
 .UNSPECIFIED.);
#239=B_SPLINE_CURVE_WITH_KNOTS('',3,(#6856,#6857,#6858,#6859,#6860,#6861),
 .UNSPECIFIED.,.F.,.F.,(4,2,4),(-0.128743361475993,-0.0785645107723628,
0.),.UNSPECIFIED.);
#240=B_SPLINE_CURVE_WITH_KNOTS('',3,(#6896,#6897,#6898,#6899),
 .UNSPECIFIED.,.F.,.F.,(4,4),(0.22442354433462,0.2298013994865),
 .UNSPECIFIED.);
#241=B_SPLINE_CURVE_WITH_KNOTS('',3,(#6903,#6904,#6905,#6906,#6907,#6908,
#6909,#6910),.UNSPECIFIED.,.F.,.F.,(4,1,1,1,1,4),(-0.2298013994865,-0.204607911434911,
-0.179414423383322,-0.145823105981204,-0.137425276630674,-0.112231788579085),
 .UNSPECIFIED.);
#242=B_SPLINE_CURVE_WITH_KNOTS('',3,(#6911,#6912,#6913,#6914,#6915,#6916,
#6917,#6918,#6919,#6920,#6921,#6922,#6923,#6924,#6925,#6926,#6927,#6928,
#6929,#6930,#6931,#6932,#6933,#6934,#6935),.UNSPECIFIED.,.F.,.F.,(4,3,3,
3,3,3,3,3,4),(0.0732501982712073,0.084136295778134,0.0967117933239247,0.0991117349725514,
0.103866177331618,0.114914090010249,0.123096924547102,0.133851325492813,
0.139047113039896),.UNSPECIFIED.);
#243=B_SPLINE_CURVE_WITH_KNOTS('',3,(#6938,#6939,#6940,#6941),
 .UNSPECIFIED.,.F.,.F.,(4,4),(-6.73501752840299E-16,0.00537851056637111),
 .UNSPECIFIED.);
#244=B_SPLINE_CURVE_WITH_KNOTS('',3,(#6945,#6946,#6947,#6948,#6949,#6950,
#6951),.UNSPECIFIED.,.F.,.F.,(4,1,1,1,4),(0.114840754903507,0.147645719435852,
0.164048201702025,0.196853166234371,0.229658130766717),.UNSPECIFIED.);
#245=B_SPLINE_CURVE_WITH_KNOTS('',3,(#6953,#6954,#6955,#6956),
 .UNSPECIFIED.,.F.,.F.,(4,4),(-1.28622866493947,-1.28590244708483),
 .UNSPECIFIED.);
#246=B_SPLINE_CURVE_WITH_KNOTS('',3,(#6960,#6961,#6962,#6963),
 .UNSPECIFIED.,.F.,.F.,(4,4),(-1.85569020650497,-1.85536398865032),
 .UNSPECIFIED.);
#247=B_SPLINE_CURVE_WITH_KNOTS('',3,(#6965,#6966,#6967,#6968,#6969,#6970,
#6971),.UNSPECIFIED.,.F.,.F.,(4,1,1,1,4),(0.459316261649216,0.483919985048476,
0.508523708447735,0.541328672980081,0.574133637512427),.UNSPECIFIED.);
#248=B_SPLINE_CURVE_WITH_KNOTS('',3,(#7010,#7011,#7012,#7013,#7014,#7015,
#7016,#7017,#7018,#7019,#7020,#7021,#7022,#7023,#7024,#7025,#7026,#7027,
#7028,#7029,#7030,#7031,#7032,#7033,#7034,#7035,#7036,#7037),
 .UNSPECIFIED.,.F.,.F.,(4,3,3,3,3,3,3,3,3,4),(0.133264418487774,0.13685277729904,
0.146905313076459,0.157497369626905,0.163415039170263,0.174603887244777,
0.186388794683688,0.188334490791393,0.198041854103192,0.200794956636181),
 .UNSPECIFIED.);
#249=B_SPLINE_CURVE_WITH_KNOTS('',3,(#7039,#7040,#7041,#7042,#7043,#7044,
#7045),.UNSPECIFIED.,.F.,.F.,(4,1,1,1,4),(-0.117569610907409,-0.0839782935052921,
-0.050386976103175,-0.0251934880515872,6.73501752840299E-16),
 .UNSPECIFIED.);
#250=B_SPLINE_CURVE_WITH_KNOTS('',3,(#7064,#7065,#7066,#7067),
 .UNSPECIFIED.,.F.,.F.,(4,4),(0.224407015071872,0.229801399486499),
 .UNSPECIFIED.);
#251=B_SPLINE_CURVE_WITH_KNOTS('',3,(#7070,#7071,#7072,#7073),
 .UNSPECIFIED.,.F.,.F.,(4,4),(-0.229801399486499,-0.217606354767919),
 .UNSPECIFIED.);
#252=B_SPLINE_CURVE_WITH_KNOTS('',3,(#7076,#7077,#7078,#7079),
 .UNSPECIFIED.,.F.,.F.,(4,4),(-9.31065630235446E-16,0.00537851056637144),
 .UNSPECIFIED.);
#253=B_SPLINE_CURVE_WITH_KNOTS('',3,(#7083,#7084,#7085,#7086,#7087,#7088,
#7089),.UNSPECIFIED.,.F.,.F.,(4,1,1,1,4),(0.114840754903507,0.147645719435852,
0.164048201702025,0.196853166234371,0.229658130766717),.UNSPECIFIED.);
#254=B_SPLINE_CURVE_WITH_KNOTS('',3,(#7091,#7092,#7093,#7094),
 .UNSPECIFIED.,.F.,.F.,(4,4),(-1.28622866493947,-1.28590244708483),
 .UNSPECIFIED.);
#255=B_SPLINE_CURVE_WITH_KNOTS('',3,(#7098,#7099,#7100,#7101),
 .UNSPECIFIED.,.F.,.F.,(4,4),(-1.85569020650497,-1.85536398865032),
 .UNSPECIFIED.);
#256=B_SPLINE_CURVE_WITH_KNOTS('',3,(#7103,#7104,#7105,#7106,#7107,#7108,
#7109),.UNSPECIFIED.,.F.,.F.,(4,1,1,1,4),(0.459316261649216,0.483919985048476,
0.508523708447735,0.541328672980081,0.574133637512426),.UNSPECIFIED.);
#257=B_SPLINE_CURVE_WITH_KNOTS('',3,(#7148,#7149,#7150,#7151,#7152,#7153,
#7154,#7155,#7156,#7157,#7158,#7159,#7160,#7161,#7162,#7163,#7164,#7165,
#7166,#7167,#7168,#7169,#7170,#7171,#7172,#7173,#7174,#7175),
 .UNSPECIFIED.,.F.,.F.,(4,3,3,3,3,3,3,3,3,4),(0.133264418487077,0.136852777298293,
0.14690531307552,0.157497369626484,0.163415039168968,0.174603887243258,
0.18638879468198,0.188334490789654,0.198041854101279,0.200794956634216),
 .UNSPECIFIED.);
#258=B_SPLINE_CURVE_WITH_KNOTS('',3,(#7177,#7178,#7179,#7180,#7181,#7182,
#7183),.UNSPECIFIED.,.F.,.F.,(4,1,1,1,4),(-0.117569610907409,-0.0839782935052917,
-0.0503869761031746,-0.0251934880515869,9.31065630235446E-16),
 .UNSPECIFIED.);
#259=B_SPLINE_CURVE_WITH_KNOTS('',3,(#7189,#7190,#7191,#7192,#7193,#7194,
#7195,#7196,#7197,#7198),.UNSPECIFIED.,.F.,.F.,(4,2,2,2,4),(0.073246479160399,
0.10409829508686,0.123224647559075,0.133885648634432,0.139072407196906),
 .UNSPECIFIED.);
#260=B_SPLINE_CURVE_WITH_KNOTS('',3,(#7203,#7204,#7205,#7206,#7207,#7208,
#7209,#7210,#7211,#7212),.UNSPECIFIED.,.F.,.F.,(4,2,2,2,4),(0.0732464791604098,
0.104098295086806,0.123224647558985,0.133885648634256,0.139072407196689),
 .UNSPECIFIED.);
#261=B_SPLINE_CURVE_WITH_KNOTS('',3,(#7216,#7217,#7218,#7219,#7220,#7221,
#7222,#7223,#7224,#7225,#7226,#7227),.UNSPECIFIED.,.F.,.F.,(4,2,2,2,2,4),
(0.133410739607893,0.136709574715579,0.146638951527882,0.162713731233524,
0.196180041915082,0.201311998097196),.UNSPECIFIED.);
#262=B_SPLINE_CURVE_WITH_KNOTS('',3,(#7232,#7233,#7234,#7235,#7236,#7237,
#7238,#7239,#7240,#7241,#7242,#7243),.UNSPECIFIED.,.F.,.F.,(4,2,2,2,2,4),
(0.133410739607422,0.136709574715104,0.146638951527439,0.162713731233113,
0.19618004191472,0.201311998096836),.UNSPECIFIED.);
#263=B_SPLINE_CURVE_WITH_KNOTS('',3,(#7360,#7361,#7362,#7363),
 .UNSPECIFIED.,.F.,.F.,(4,4),(0.224391189838117,0.2298013994865),
 .UNSPECIFIED.);
#264=B_SPLINE_CURVE_WITH_KNOTS('',3,(#7366,#7367,#7368,#7369,#7370),
 .UNSPECIFIED.,.F.,.F.,(4,1,4),(-0.2298013994865,-0.179422307410134,-0.112250184641646),
 .UNSPECIFIED.);
#265=B_SPLINE_CURVE_WITH_KNOTS('',3,(#7408,#7409,#7410,#7411,#7412,#7413,
#7414),.UNSPECIFIED.,.F.,.F.,(4,1,1,1,4),(-0.574133637512427,-0.541328672980081,
-0.508523708447735,-0.483919985048476,-0.459316261649216),.UNSPECIFIED.);
#266=B_SPLINE_CURVE_WITH_KNOTS('',3,(#7415,#7416,#7417,#7418,#7419,#7420,
#7421),.UNSPECIFIED.,.F.,.F.,(4,1,1,1,4),(0.459316261649216,0.483919985048476,
0.508523708447735,0.541328672980081,0.574133637512427),.UNSPECIFIED.);
#267=B_SPLINE_CURVE_WITH_KNOTS('',3,(#7447,#7448,#7449,#7450),
 .UNSPECIFIED.,.F.,.F.,(4,4),(1.85536398865032,1.85569020650497),
 .UNSPECIFIED.);
#268=B_SPLINE_CURVE_WITH_KNOTS('',3,(#7451,#7452,#7453,#7454),
 .UNSPECIFIED.,.F.,.F.,(4,4),(-1.85569020650497,-1.85536398865032),
 .UNSPECIFIED.);
#269=B_SPLINE_CURVE_WITH_KNOTS('',3,(#7487,#7488,#7489,#7490,#7491,#7492,
#7493),.UNSPECIFIED.,.F.,.F.,(4,1,1,1,4),(-0.229658130766717,-0.196853166234371,
-0.164048201702025,-0.147645719435852,-0.114840754903507),.UNSPECIFIED.);
#270=B_SPLINE_CURVE_WITH_KNOTS('',3,(#7496,#7497,#7498,#7499,#7500,#7501,
#7502),.UNSPECIFIED.,.F.,.F.,(4,1,1,1,4),(0.114840754903507,0.147645719435852,
0.164048201702025,0.196853166234371,0.229658130766717),.UNSPECIFIED.);
#271=B_SPLINE_CURVE_WITH_KNOTS('',3,(#7529,#7530,#7531,#7532,#7533),
 .UNSPECIFIED.,.F.,.F.,(4,1,4),(-0.1175512148158,-0.0503790920639136,9.1263145944011E-16),
 .UNSPECIFIED.);
#272=B_SPLINE_CURVE_WITH_KNOTS('',3,(#7534,#7535,#7536,#7537),
 .UNSPECIFIED.,.F.,.F.,(4,4),(-9.1263145944011E-16,0.00541020964836822),
 .UNSPECIFIED.);
#273=B_SPLINE_CURVE_WITH_KNOTS('',3,(#7554,#7555,#7556,#7557),
 .UNSPECIFIED.,.F.,.F.,(4,4),(1.28590244708483,1.28622866493947),
 .UNSPECIFIED.);
#274=B_SPLINE_CURVE_WITH_KNOTS('',3,(#7558,#7559,#7560,#7561),
 .UNSPECIFIED.,.F.,.F.,(4,4),(-1.28622866493947,-1.28590244708483),
 .UNSPECIFIED.);
#275=B_SPLINE_CURVE_WITH_KNOTS('',3,(#7606,#7607,#7608,#7609,#7610,#7611,
#7612),.UNSPECIFIED.,.F.,.F.,(4,1,1,1,4),(-0.574133637512427,-0.541328672980081,
-0.508523708447735,-0.483919985048476,-0.459316261649216),.UNSPECIFIED.);
#276=B_SPLINE_CURVE_WITH_KNOTS('',3,(#7635,#7636,#7637,#7638),
 .UNSPECIFIED.,.F.,.F.,(4,4),(1.85536398865032,1.85569020650497),
 .UNSPECIFIED.);
#277=B_SPLINE_CURVE_WITH_KNOTS('',3,(#7670,#7671,#7672,#7673,#7674,#7675,
#7676),.UNSPECIFIED.,.F.,.F.,(4,1,1,1,4),(-0.229658130766717,-0.196853166234371,
-0.164048201702025,-0.147645719435852,-0.114840754903507),.UNSPECIFIED.);
#278=B_SPLINE_CURVE_WITH_KNOTS('',3,(#7696,#7697,#7698,#7699),
 .UNSPECIFIED.,.F.,.F.,(4,4),(1.28590244708483,1.28622866493947),
 .UNSPECIFIED.);
#279=B_SPLINE_CURVE_WITH_KNOTS('',3,(#7744,#7745,#7746,#7747,#7748,#7749,
#7750),.UNSPECIFIED.,.F.,.F.,(4,1,1,1,4),(-0.574133637512426,-0.541328672980081,
-0.508523708447735,-0.483919985048476,-0.459316261649216),.UNSPECIFIED.);
#280=B_SPLINE_CURVE_WITH_KNOTS('',3,(#7773,#7774,#7775,#7776),
 .UNSPECIFIED.,.F.,.F.,(4,4),(1.85536398865032,1.85569020650497),
 .UNSPECIFIED.);
#281=B_SPLINE_CURVE_WITH_KNOTS('',3,(#7808,#7809,#7810,#7811,#7812,#7813,
#7814),.UNSPECIFIED.,.F.,.F.,(4,1,1,1,4),(-0.229658130766717,-0.196853166234371,
-0.164048201702025,-0.147645719435852,-0.114840754903507),.UNSPECIFIED.);
#282=B_SPLINE_CURVE_WITH_KNOTS('',3,(#7834,#7835,#7836,#7837),
 .UNSPECIFIED.,.F.,.F.,(4,4),(1.28590244708483,1.28622866493947),
 .UNSPECIFIED.);
#283=B_SPLINE_CURVE_WITH_KNOTS('',3,(#7916,#7917,#7918,#7919),
 .UNSPECIFIED.,.F.,.F.,(4,4),(0.224391189838116,0.2298013994865),
 .UNSPECIFIED.);
#284=B_SPLINE_CURVE_WITH_KNOTS('',3,(#7922,#7923,#7924,#7925,#7926),
 .UNSPECIFIED.,.F.,.F.,(4,1,4),(-0.2298013994865,-0.179422307410134,-0.112250184641646),
 .UNSPECIFIED.);
#285=B_SPLINE_CURVE_WITH_KNOTS('',3,(#7964,#7965,#7966,#7967,#7968,#7969,
#7970),.UNSPECIFIED.,.F.,.F.,(4,1,1,1,4),(-0.574133637512426,-0.541328672980081,
-0.524926190713908,-0.492121226181562,-0.459316261649217),.UNSPECIFIED.);
#286=B_SPLINE_CURVE_WITH_KNOTS('',3,(#7971,#7972,#7973,#7974,#7975,#7976,
#7977),.UNSPECIFIED.,.F.,.F.,(4,1,1,1,4),(0.459316261649217,0.492121226181562,
0.524926190713908,0.541328672980081,0.574133637512426),.UNSPECIFIED.);
#287=B_SPLINE_CURVE_WITH_KNOTS('',3,(#8003,#8004,#8005,#8006),
 .UNSPECIFIED.,.F.,.F.,(4,4),(1.85536398865032,1.85569020650497),
 .UNSPECIFIED.);
#288=B_SPLINE_CURVE_WITH_KNOTS('',3,(#8007,#8008,#8009,#8010),
 .UNSPECIFIED.,.F.,.F.,(4,4),(-1.85569020650497,-1.85536398865032),
 .UNSPECIFIED.);
#289=B_SPLINE_CURVE_WITH_KNOTS('',3,(#8043,#8044,#8045,#8046,#8047,#8048,
#8049),.UNSPECIFIED.,.F.,.F.,(4,1,1,1,4),(-0.229658130766717,-0.196853166234371,
-0.164048201702025,-0.147645719435852,-0.114840754903507),.UNSPECIFIED.);
#290=B_SPLINE_CURVE_WITH_KNOTS('',3,(#8052,#8053,#8054,#8055,#8056,#8057,
#8058),.UNSPECIFIED.,.F.,.F.,(4,1,1,1,4),(0.114840754903507,0.147645719435852,
0.164048201702025,0.196853166234371,0.229658130766717),.UNSPECIFIED.);
#291=B_SPLINE_CURVE_WITH_KNOTS('',3,(#8085,#8086,#8087,#8088,#8089),
 .UNSPECIFIED.,.F.,.F.,(4,1,4),(-0.117551214815799,-0.0503790920639137,
4.73965994315501E-16),.UNSPECIFIED.);
#292=B_SPLINE_CURVE_WITH_KNOTS('',3,(#8090,#8091,#8092,#8093),
 .UNSPECIFIED.,.F.,.F.,(4,4),(-4.73965994315501E-16,0.00541020964836816),
 .UNSPECIFIED.);
#293=B_SPLINE_CURVE_WITH_KNOTS('',3,(#8110,#8111,#8112,#8113),
 .UNSPECIFIED.,.F.,.F.,(4,4),(1.28590244708483,1.28622866493947),
 .UNSPECIFIED.);
#294=B_SPLINE_CURVE_WITH_KNOTS('',3,(#8114,#8115,#8116,#8117),
 .UNSPECIFIED.,.F.,.F.,(4,4),(-1.28622866493947,-1.28590244708483),
 .UNSPECIFIED.);
#295=B_SPLINE_CURVE_WITH_KNOTS('',3,(#8245,#8246,#8247,#8248,#8249,#8250,
#8251,#8252,#8253,#8254),.UNSPECIFIED.,.F.,.F.,(4,2,2,2,4),(0.,0.0287054435059022,
0.0574108870118045,0.0861144304605546,0.114817973909305),.UNSPECIFIED.);
#296=B_SPLINE_CURVE_WITH_KNOTS('',3,(#8258,#8259,#8260,#8261,#8262,#8263,
#8264,#8265,#8266,#8267),.UNSPECIFIED.,.F.,.F.,(4,2,2,2,4),(0.114969258111236,
0.143703324918347,0.172437391725459,0.201138656745295,0.229839921765132),
 .UNSPECIFIED.);
#297=B_SPLINE_CURVE_WITH_KNOTS('',3,(#8271,#8272,#8273,#8274,#8275,#8276,
#8277,#8278,#8279,#8280),.UNSPECIFIED.,.F.,.F.,(4,2,2,2,4),(0.229839927593717,
0.258541192613554,0.287242457633391,0.315976524440502,0.344710591247614),
 .UNSPECIFIED.);
#298=B_SPLINE_CURVE_WITH_KNOTS('',3,(#8284,#8285,#8286,#8287,#8288,#8289,
#8290,#8291,#8292,#8293),.UNSPECIFIED.,.F.,.F.,(4,2,2,2,4),(-0.114817973909305,
-0.0861144304605548,-0.0574108870118048,-0.0287054435059024,0.),
 .UNSPECIFIED.);
#299=B_SPLINE_CURVE_WITH_KNOTS('',3,(#8297,#8298,#8299,#8300,#8301,#8302,
#8303,#8304,#8305,#8306),.UNSPECIFIED.,.F.,.F.,(4,2,2,2,4),(0.,0.0287054435059022,
0.0574108870118044,0.0861144304605546,0.114817973909305),.UNSPECIFIED.);
#300=B_SPLINE_CURVE_WITH_KNOTS('',3,(#8316,#8317,#8318,#8319,#8320,#8321,
#8322,#8323,#8324,#8325),.UNSPECIFIED.,.F.,.F.,(4,2,2,2,4),(0.229839927593717,
0.258541192613554,0.287242457633391,0.315976524440502,0.344710591247614),
 .UNSPECIFIED.);
#301=B_SPLINE_CURVE_WITH_KNOTS('',3,(#8329,#8330,#8331,#8332,#8333,#8334,
#8335,#8336,#8337,#8338),.UNSPECIFIED.,.F.,.F.,(4,2,2,2,4),(-0.114817973909305,
-0.0861144304605548,-0.0574108870118048,-0.0287054435059024,0.),
 .UNSPECIFIED.);
#302=B_SPLINE_CURVE_WITH_KNOTS('',3,(#8342,#8343,#8344,#8345,#8346,#8347,
#8348,#8349,#8350,#8351),.UNSPECIFIED.,.F.,.F.,(4,2,2,2,4),(0.,0.0287054435059023,
0.0574108870118046,0.0861144304605548,0.114817973909305),.UNSPECIFIED.);
#303=B_SPLINE_CURVE_WITH_KNOTS('',3,(#8355,#8356,#8357,#8358,#8359,#8360,
#8361,#8362,#8363,#8364),.UNSPECIFIED.,.F.,.F.,(4,2,2,2,4),(0.114969258111236,
0.143703324918347,0.172437391725459,0.201138656745296,0.229839921765132),
 .UNSPECIFIED.);
#304=B_SPLINE_CURVE_WITH_KNOTS('',3,(#8368,#8369,#8370,#8371,#8372,#8373,
#8374,#8375,#8376,#8377),.UNSPECIFIED.,.F.,.F.,(4,2,2,2,4),(0.229839927593717,
0.258541192613554,0.287242457633391,0.315976524440502,0.344710591247614),
 .UNSPECIFIED.);
#305=B_SPLINE_CURVE_WITH_KNOTS('',3,(#8381,#8382,#8383,#8384,#8385,#8386,
#8387,#8388,#8389,#8390),.UNSPECIFIED.,.F.,.F.,(4,2,2,2,4),(-0.114817973909305,
-0.0861144304605548,-0.0574108870118048,-0.0287054435059024,0.),
 .UNSPECIFIED.);
#306=B_SPLINE_CURVE_WITH_KNOTS('',3,(#8394,#8395,#8396,#8397,#8398,#8399,
#8400,#8401,#8402,#8403),.UNSPECIFIED.,.F.,.F.,(4,2,2,2,4),(0.,0.0287054435059024,
0.0574108870118048,0.086114430460555,0.114817973909305),.UNSPECIFIED.);
#307=B_SPLINE_CURVE_WITH_KNOTS('',3,(#8407,#8408,#8409,#8410,#8411,#8412,
#8413,#8414,#8415,#8416),.UNSPECIFIED.,.F.,.F.,(4,2,2,2,4),(0.114969258111236,
0.143703324918347,0.172437391725459,0.201138656745296,0.229839921765132),
 .UNSPECIFIED.);
#308=B_SPLINE_CURVE_WITH_KNOTS('',3,(#8420,#8421,#8422,#8423,#8424,#8425,
#8426,#8427,#8428,#8429),.UNSPECIFIED.,.F.,.F.,(4,2,2,2,4),(0.229839921765132,
0.258541186784969,0.287242451804806,0.315976518611917,0.344710585419029),
 .UNSPECIFIED.);
#309=B_SPLINE_CURVE_WITH_KNOTS('',3,(#8433,#8434,#8435,#8436,#8437,#8438,
#8439,#8440,#8441,#8442),.UNSPECIFIED.,.F.,.F.,(4,2,2,2,4),(-0.114817973909305,
-0.0861144304605547,-0.0574108870118046,-0.0287054435059023,0.),
 .UNSPECIFIED.);
#310=B_SPLINE_CURVE_WITH_KNOTS('',3,(#8454,#8455,#8456,#8457,#8458,#8459,
#8460,#8461,#8462,#8463),.UNSPECIFIED.,.F.,.F.,(4,2,2,2,4),(0.273977985761809,
0.343377442568027,0.412776899374246,0.48108739011236,0.549397880850474),
 .UNSPECIFIED.);
#311=B_SPLINE_CURVE_WITH_KNOTS('',3,(#8467,#8468,#8469,#8470,#8471,#8472,
#8473,#8474,#8475,#8476),.UNSPECIFIED.,.F.,.F.,(4,2,2,2,4),(0.549398447862962,
0.617708938601076,0.68601942933919,0.755418886145408,0.824818342951626),
 .UNSPECIFIED.);
#312=B_SPLINE_CURVE_WITH_KNOTS('',3,(#8480,#8481,#8482,#8483,#8484,#8485,
#8486,#8487,#8488,#8489),.UNSPECIFIED.,.F.,.F.,(4,2,2,2,4),(-0.275331104889286,
-0.205976771959218,-0.13662243902915,-0.0683112195145748,0.),
 .UNSPECIFIED.);
#313=B_SPLINE_CURVE_WITH_KNOTS('',3,(#8492,#8493,#8494,#8495,#8496,#8497,
#8498,#8499,#8500,#8501),.UNSPECIFIED.,.F.,.F.,(4,2,2,2,4),(0.,0.0683112195145749,
0.13662243902915,0.205976771959218,0.275331104889286),.UNSPECIFIED.);
#314=B_SPLINE_CURVE_WITH_KNOTS('',3,(#8758,#8759,#8760,#8761,#8762,#8763,
#8764,#8765,#8766,#8767,#8768,#8769,#8770,#8771,#8772,#8773,#8774,#8775,
#8776,#8777,#8778,#8779,#8780,#8781,#8782,#8783,#8784,#8785),
 .UNSPECIFIED.,.F.,.F.,(4,2,2,2,2,2,2,2,2,2,2,2,2,4),(0.,0.0384293128320905,
0.0660188637473502,0.0793294598009667,0.0854714208921604,0.0884309991379379,
0.0898867567369195,0.090609985693928,0.0909709290666923,0.0911512227048387,
0.091240842636749,0.0912844669007458,0.091304364337695,0.0913156890498475),
 .UNSPECIFIED.);
#315=B_SPLINE_CURVE_WITH_KNOTS('',3,(#8789,#8790,#8791,#8792,#8793,#8794,
#8795,#8796,#8797,#8798,#8799,#8800,#8801,#8802,#8803,#8804,#8805,#8806,
#8807,#8808,#8809,#8810,#8811,#8812,#8813,#8814,#8815,#8816,#8817,#8818),
 .UNSPECIFIED.,.F.,.F.,(4,2,2,2,2,2,2,2,2,2,2,2,2,2,4),(-3.71858247189311E-6,
0.,8.44120879610177E-6,2.75026831660628E-5,6.70929078664945E-5,0.000146980945373132,
0.000306977631862456,0.000627348591976211,0.00127114187609233,0.00257551964248371,
0.00526348173394138,0.0110019721741347,0.0224661092719379,0.0349081447487245,
0.0509917912764868),.UNSPECIFIED.);
#316=B_SPLINE_CURVE_WITH_KNOTS('',3,(#8819,#8820,#8821,#8822,#8823,#8824,
#8825,#8826,#8827,#8828),.UNSPECIFIED.,.F.,.F.,(4,1,1,1,1,1,1,4),(-3.77667296885562,
-3.73139945012804,-3.62164921476392,-3.40214874403567,-2.96314780257918,
-2.52414686112269,-2.41439662575856,-2.36930252395547),.UNSPECIFIED.);
#317=B_SPLINE_CURVE_WITH_KNOTS('',3,(#8846,#8847,#8848,#8849),
 .UNSPECIFIED.,.F.,.F.,(4,4),(-0.459641235195165,-0.44943039559578),
 .UNSPECIFIED.);
#318=B_SPLINE_CURVE_WITH_KNOTS('',3,(#8853,#8854,#8855,#8856,#8857,#8858,
#8859),.UNSPECIFIED.,.F.,.F.,(4,1,1,1,4),(-0.344470738006968,-0.311665703033293,
-0.295263185546456,-0.26245815057278,-0.229653115599105),.UNSPECIFIED.);
#319=B_SPLINE_CURVE_WITH_KNOTS('',3,(#8861,#8862,#8863,#8864),
 .UNSPECIFIED.,.F.,.F.,(4,4),(1.85880427516609,1.85904064854303),
 .UNSPECIFIED.);
#320=B_SPLINE_CURVE_WITH_KNOTS('',3,(#8868,#8869,#8870,#8871),
 .UNSPECIFIED.,.F.,.F.,(4,4),(1.28255200504676,1.2827883784237),
 .UNSPECIFIED.);
#321=B_SPLINE_CURVE_WITH_KNOTS('',3,(#8873,#8874,#8875,#8876,#8877,#8878,
#8879),.UNSPECIFIED.,.F.,.F.,(4,1,1,1,4),(-0.229653115599046,-0.205049339368777,
-0.180445563138509,-0.147640528164817,-0.114835493191125),.UNSPECIFIED.);
#322=B_SPLINE_CURVE_WITH_KNOTS('',3,(#8882,#8883,#8884,#8885),
 .UNSPECIFIED.,.F.,.F.,(4,4),(-0.0102108395993845,4.00387895303072E-17),
 .UNSPECIFIED.);
#323=B_SPLINE_CURVE_WITH_KNOTS('',3,(#8891,#8892,#8893,#8894),
 .UNSPECIFIED.,.F.,.F.,(4,4),(-0.459641240004578,-0.449393567401508),
 .UNSPECIFIED.);
#324=B_SPLINE_CURVE_WITH_KNOTS('',3,(#8898,#8899,#8900,#8901,#8902,#8903,
#8904),.UNSPECIFIED.,.F.,.F.,(4,1,1,1,4),(-0.344470738006968,-0.311665703033293,
-0.295263185546456,-0.262458150572781,-0.229653115599106),.UNSPECIFIED.);
#325=B_SPLINE_CURVE_WITH_KNOTS('',3,(#8906,#8907,#8908,#8909),
 .UNSPECIFIED.,.F.,.F.,(4,4),(-2.8535847052186,-2.85334833184166),
 .UNSPECIFIED.);
#326=B_SPLINE_CURVE_WITH_KNOTS('',3,(#8913,#8914,#8915,#8916),
 .UNSPECIFIED.,.F.,.F.,(4,4),(-3.42983697533793,-3.42960060196099),
 .UNSPECIFIED.);
#327=B_SPLINE_CURVE_WITH_KNOTS('',3,(#8918,#8919,#8920,#8921,#8922,#8923,
#8924),.UNSPECIFIED.,.F.,.F.,(4,1,1,1,4),(-0.229653115599046,-0.205049339368777,
-0.180445563138509,-0.147640528164817,-0.114835493191125),.UNSPECIFIED.);
#328=B_SPLINE_CURVE_WITH_KNOTS('',3,(#8927,#8928,#8929,#8930),
 .UNSPECIFIED.,.F.,.F.,(4,4),(-0.0102108395993849,2.00193947651539E-17),
 .UNSPECIFIED.);
#329=B_SPLINE_CURVE_WITH_KNOTS('',3,(#8936,#8937,#8938,#8939),
 .UNSPECIFIED.,.F.,.F.,(4,4),(-0.459641235195165,-0.44943039559578),
 .UNSPECIFIED.);
#330=B_SPLINE_CURVE_WITH_KNOTS('',3,(#8943,#8944,#8945,#8946,#8947,#8948,
#8949),.UNSPECIFIED.,.F.,.F.,(4,1,1,1,4),(-0.344470738006968,-0.311665703033293,
-0.295263185546456,-0.262458150572781,-0.229653115599106),.UNSPECIFIED.);
#331=B_SPLINE_CURVE_WITH_KNOTS('',3,(#8951,#8952,#8953,#8954),
 .UNSPECIFIED.,.F.,.F.,(4,4),(-1.2827883784237,-1.28255200504677),
 .UNSPECIFIED.);
#332=B_SPLINE_CURVE_WITH_KNOTS('',3,(#8958,#8959,#8960,#8961),
 .UNSPECIFIED.,.F.,.F.,(4,4),(-1.85904064854303,-1.8588042751661),
 .UNSPECIFIED.);
#333=B_SPLINE_CURVE_WITH_KNOTS('',3,(#8963,#8964,#8965,#8966,#8967,#8968,
#8969),.UNSPECIFIED.,.F.,.F.,(4,1,1,1,4),(-0.229653115599047,-0.205049339368778,
-0.180445563138509,-0.147640528164817,-0.114835493191125),.UNSPECIFIED.);
#334=B_SPLINE_CURVE_WITH_KNOTS('',3,(#8972,#8973,#8974,#8975),
 .UNSPECIFIED.,.F.,.F.,(4,4),(-0.0102476726030699,6.51715363768258E-16),
 .UNSPECIFIED.);
#335=B_SPLINE_CURVE_WITH_KNOTS('',3,(#8981,#8982,#8983,#8984),
 .UNSPECIFIED.,.F.,.F.,(4,4),(-0.459641240004577,-0.449408458301295),
 .UNSPECIFIED.);
#336=B_SPLINE_CURVE_WITH_KNOTS('',3,(#8988,#8989,#8990,#8991,#8992,#8993,
#8994),.UNSPECIFIED.,.F.,.F.,(4,1,1,1,4),(-0.344470738006968,-0.311665703033293,
-0.295263185546455,-0.26245815057278,-0.229653115599105),.UNSPECIFIED.);
#337=B_SPLINE_CURVE_WITH_KNOTS('',3,(#8996,#8997,#8998,#8999),
 .UNSPECIFIED.,.F.,.F.,(4,4),(0.288007948371198,0.288244321748131),
 .UNSPECIFIED.);
#338=B_SPLINE_CURVE_WITH_KNOTS('',3,(#9003,#9004,#9005,#9006),
 .UNSPECIFIED.,.F.,.F.,(4,4),(-0.288244321748132,-0.288007948371199),
 .UNSPECIFIED.);
#339=B_SPLINE_CURVE_WITH_KNOTS('',3,(#9008,#9009,#9010,#9011,#9012,#9013,
#9014),.UNSPECIFIED.,.F.,.F.,(4,1,1,1,4),(-0.229653115599046,-0.205049339368777,
-0.180445563138508,-0.147640528164817,-0.114835493191125),.UNSPECIFIED.);
#340=B_SPLINE_CURVE_WITH_KNOTS('',3,(#9017,#9018,#9019,#9020),
 .UNSPECIFIED.,.F.,.F.,(4,4),(-0.0102108395993844,2.00193947651532E-17),
 .UNSPECIFIED.);
#341=B_SPLINE_CURVE_WITH_KNOTS('',3,(#9039,#9040,#9041,#9042,#9043,#9044,
#9045,#9046),.UNSPECIFIED.,.F.,.F.,(4,2,2,4),(-0.0454127698863495,-0.0361377115430659,
-0.0158209578500786,0.),.UNSPECIFIED.);
#342=B_SPLINE_CURVE_WITH_KNOTS('',3,(#9049,#9050,#9051,#9052,#9053,#9054,
#9055),.UNSPECIFIED.,.F.,.F.,(4,3,4),(-0.0173634989383779,-0.00731167270665671,
0.),.UNSPECIFIED.);
#343=B_SPLINE_CURVE_WITH_KNOTS('',3,(#9056,#9057,#9058,#9059,#9060,#9061),
 .UNSPECIFIED.,.F.,.F.,(4,2,4),(-0.129692643640253,-0.0851194791880133,
-0.0713615198099331),.UNSPECIFIED.);
#344=B_SPLINE_CURVE_WITH_KNOTS('',3,(#9145,#9146,#9147,#9148,#9149,#9150,
#9151),.UNSPECIFIED.,.F.,.F.,(4,1,1,1,4),(0.229653115599105,0.26245815057278,
0.295263185546455,0.311665703033293,0.344470738006968),.UNSPECIFIED.);
#345=B_SPLINE_CURVE_WITH_KNOTS('',3,(#9170,#9171,#9172,#9173),
 .UNSPECIFIED.,.F.,.F.,(4,4),(-0.288244321748131,-0.288007948371198),
 .UNSPECIFIED.);
#346=B_SPLINE_CURVE_WITH_KNOTS('',3,(#9196,#9197,#9198,#9199),
 .UNSPECIFIED.,.F.,.F.,(4,4),(0.288007948371199,0.288244321748132),
 .UNSPECIFIED.);
#347=B_SPLINE_CURVE_WITH_KNOTS('',3,(#9230,#9231,#9232,#9233,#9234,#9235,
#9236),.UNSPECIFIED.,.F.,.F.,(4,1,1,1,4),(0.114835493191125,0.147640528164817,
0.180445563138508,0.205049339368777,0.229653115599046),.UNSPECIFIED.);
#348=B_SPLINE_CURVE_WITH_KNOTS('',3,(#9272,#9273,#9274,#9275,#9276,#9277,
#9278,#9279),.UNSPECIFIED.,.F.,.F.,(4,2,2,4),(-0.144149485469814,-0.11211353352877,
-0.0747937342215426,0.),.UNSPECIFIED.);
#349=B_SPLINE_CURVE_WITH_KNOTS('',3,(#9280,#9281,#9282,#9283,#9284,#9285,
#9286),.UNSPECIFIED.,.F.,.F.,(4,3,4),(-0.0173644334554181,-0.00750333178286894,
0.),.UNSPECIFIED.);
#350=B_SPLINE_CURVE_WITH_KNOTS('',3,(#9287,#9288,#9289,#9290,#9291,#9292,
#9293),.UNSPECIFIED.,.F.,.F.,(4,1,1,1,4),(-2.00193947651532E-17,0.0274711263391043,
0.0549422526782086,0.0755455974325369,0.0961489421868651),.UNSPECIFIED.);
#351=B_SPLINE_CURVE_WITH_KNOTS('',3,(#9324,#9325,#9326,#9327,#9328,#9329,
#9330,#9331),.UNSPECIFIED.,.F.,.F.,(4,2,2,4),(-0.129692643640252,-0.0851194791880276,
-0.0419447601602092,0.),.UNSPECIFIED.);
#352=B_SPLINE_CURVE_WITH_KNOTS('',3,(#9333,#9334,#9335,#9336,#9337,#9338,
#9339),.UNSPECIFIED.,.F.,.F.,(4,1,1,1,4),(0.3634922930083,0.384095637762628,
0.404698982516957,0.432170108856061,0.459641235195165),.UNSPECIFIED.);
#353=B_SPLINE_CURVE_WITH_KNOTS('',3,(#9341,#9342,#9343,#9344,#9345,#9346,
#9347),.UNSPECIFIED.,.F.,.F.,(4,3,4),(-0.0173634989384342,-0.00750292796870878,
0.),.UNSPECIFIED.);
#354=B_SPLINE_CURVE_WITH_KNOTS('',3,(#9351,#9352,#9353,#9354,#9355,#9356),
 .UNSPECIFIED.,.F.,.F.,(4,2,4),(0.118193723170144,0.120613195079979,0.139326313586399),
 .UNSPECIFIED.);
#355=B_SPLINE_CURVE_WITH_KNOTS('',3,(#9359,#9360,#9361,#9362,#9363,#9364),
 .UNSPECIFIED.,.F.,.F.,(4,2,4),(0.356631659444534,0.375344777950959,0.377764249860793),
 .UNSPECIFIED.);
#356=B_SPLINE_CURVE_WITH_KNOTS('',3,(#9398,#9399,#9400,#9401,#9402,#9403,
#9404),.UNSPECIFIED.,.F.,.F.,(4,1,1,1,4),(0.229653115599106,0.262458150572781,
0.295263185546456,0.311665703033293,0.344470738006968),.UNSPECIFIED.);
#357=B_SPLINE_CURVE_WITH_KNOTS('',3,(#9423,#9424,#9425,#9426),
 .UNSPECIFIED.,.F.,.F.,(4,4),(1.28255200504677,1.2827883784237),
 .UNSPECIFIED.);
#358=B_SPLINE_CURVE_WITH_KNOTS('',3,(#9449,#9450,#9451,#9452),
 .UNSPECIFIED.,.F.,.F.,(4,4),(1.8588042751661,1.85904064854303),
 .UNSPECIFIED.);
#359=B_SPLINE_CURVE_WITH_KNOTS('',3,(#9483,#9484,#9485,#9486,#9487,#9488,
#9489),.UNSPECIFIED.,.F.,.F.,(4,1,1,1,4),(0.114835493191125,0.147640528164817,
0.180445563138509,0.205049339368778,0.229653115599047),.UNSPECIFIED.);
#360=B_SPLINE_CURVE_WITH_KNOTS('',3,(#9516,#9517,#9518,#9519,#9520,#9521,
#9522),.UNSPECIFIED.,.F.,.F.,(4,3,4),(-0.0173644334554703,-0.00735260316615419,
0.),.UNSPECIFIED.);
#361=B_SPLINE_CURVE_WITH_KNOTS('',3,(#9524,#9525,#9526,#9527,#9528),
 .UNSPECIFIED.,.F.,.F.,(4,1,4),(-6.51715363768258E-16,0.0412066895086563,
0.0961489421868655),.UNSPECIFIED.);
#362=B_SPLINE_CURVE_WITH_KNOTS('',3,(#9529,#9530,#9531,#9532,#9533,#9534,
#9535,#9536),.UNSPECIFIED.,.F.,.F.,(4,2,2,4),(-0.144149485469672,-0.112113533528671,
-0.0747937342214987,0.),.UNSPECIFIED.);
#363=B_SPLINE_CURVE_WITH_KNOTS('',3,(#9559,#9560,#9561,#9562,#9563,#9564,
#9565,#9566),.UNSPECIFIED.,.F.,.F.,(4,2,2,4),(-0.129692643640275,-0.0851194791880347,
-0.0419447601601898,0.),.UNSPECIFIED.);
#364=B_SPLINE_CURVE_WITH_KNOTS('',3,(#9568,#9569,#9570,#9571,#9572),
 .UNSPECIFIED.,.F.,.F.,(4,1,4),(0.363492297817711,0.418434550495921,0.459641240004578),
 .UNSPECIFIED.);
#365=B_SPLINE_CURVE_WITH_KNOTS('',3,(#9574,#9575,#9576,#9577,#9578,#9579,
#9580),.UNSPECIFIED.,.F.,.F.,(4,3,4),(-0.0173634989383789,-0.00735220746449792,
0.),.UNSPECIFIED.);
#366=B_SPLINE_CURVE_WITH_KNOTS('',3,(#9583,#9584,#9585,#9586,#9587,#9588),
 .UNSPECIFIED.,.F.,.F.,(4,2,4),(0.118193723170144,0.120613195079979,0.139326313586403),
 .UNSPECIFIED.);
#367=B_SPLINE_CURVE_WITH_KNOTS('',3,(#9591,#9592,#9593,#9594,#9595,#9596),
 .UNSPECIFIED.,.F.,.F.,(4,2,4),(0.356631659444533,0.375344777950959,0.377764249860793),
 .UNSPECIFIED.);
#368=B_SPLINE_CURVE_WITH_KNOTS('',3,(#9631,#9632,#9633,#9634,#9635,#9636,
#9637),.UNSPECIFIED.,.F.,.F.,(4,1,1,1,4),(0.229653115599106,0.262458150572781,
0.295263185546456,0.311665703033293,0.344470738006968),.UNSPECIFIED.);
#369=B_SPLINE_CURVE_WITH_KNOTS('',3,(#9656,#9657,#9658,#9659),
 .UNSPECIFIED.,.F.,.F.,(4,4),(2.85334833184166,2.8535847052186),
 .UNSPECIFIED.);
#370=B_SPLINE_CURVE_WITH_KNOTS('',3,(#9682,#9683,#9684,#9685),
 .UNSPECIFIED.,.F.,.F.,(4,4),(3.42960060196099,3.42983697533793),
 .UNSPECIFIED.);
#371=B_SPLINE_CURVE_WITH_KNOTS('',3,(#9716,#9717,#9718,#9719,#9720,#9721,
#9722),.UNSPECIFIED.,.F.,.F.,(4,1,1,1,4),(0.114835493191125,0.147640528164817,
0.180445563138509,0.205049339368777,0.229653115599046),.UNSPECIFIED.);
#372=B_SPLINE_CURVE_WITH_KNOTS('',3,(#9757,#9758,#9759,#9760,#9761,#9762,
#9763),.UNSPECIFIED.,.F.,.F.,(4,3,4),(-0.017364433455411,-0.00750333178280274,
0.),.UNSPECIFIED.);
#373=B_SPLINE_CURVE_WITH_KNOTS('',3,(#9765,#9766,#9767,#9768,#9769,#9770,
#9771),.UNSPECIFIED.,.F.,.F.,(4,1,1,1,4),(-2.00193947651539E-17,0.0274711263391045,
0.0549422526782089,0.0755455974325373,0.0961489421868657),.UNSPECIFIED.);
#374=B_SPLINE_CURVE_WITH_KNOTS('',3,(#9772,#9773,#9774,#9775,#9776,#9777,
#9778,#9779),.UNSPECIFIED.,.F.,.F.,(4,2,2,4),(-0.144149485469959,-0.11211353352887,
-0.0747937342215964,0.),.UNSPECIFIED.);
#375=B_SPLINE_CURVE_WITH_KNOTS('',3,(#9809,#9810,#9811,#9812,#9813,#9814,
#9815),.UNSPECIFIED.,.F.,.F.,(4,3,4),(-0.017363498938416,-0.00750292796904705,
0.),.UNSPECIFIED.);
#376=B_SPLINE_CURVE_WITH_KNOTS('',3,(#9817,#9818,#9819,#9820,#9821,#9822,
#9823,#9824),.UNSPECIFIED.,.F.,.F.,(4,2,2,4),(-0.129692643640269,-0.0851194791880361,
-0.0419447601602105,0.),.UNSPECIFIED.);
#377=B_SPLINE_CURVE_WITH_KNOTS('',3,(#9826,#9827,#9828,#9829,#9830,#9831,
#9832),.UNSPECIFIED.,.F.,.F.,(4,1,1,1,4),(0.363492293008299,0.384095637762627,
0.404698982516956,0.432170108856061,0.459641235195165),.UNSPECIFIED.);
#378=B_SPLINE_CURVE_WITH_KNOTS('',3,(#9836,#9837,#9838,#9839,#9840,#9841),
 .UNSPECIFIED.,.F.,.F.,(4,2,4),(0.118193723170144,0.120613195079978,0.139326313586403),
 .UNSPECIFIED.);
#379=B_SPLINE_CURVE_WITH_KNOTS('',3,(#9844,#9845,#9846,#9847,#9848,#9849),
 .UNSPECIFIED.,.F.,.F.,(4,2,4),(0.356631659444534,0.375344777950959,0.377764249860793),
 .UNSPECIFIED.);
#380=B_SPLINE_CURVE_WITH_KNOTS('',3,(#9884,#9885,#9886,#9887,#9888,#9889,
#9890),.UNSPECIFIED.,.F.,.F.,(4,1,1,1,4),(0.229653115599105,0.26245815057278,
0.295263185546456,0.311665703033293,0.344470738006968),.UNSPECIFIED.);
#381=B_SPLINE_CURVE_WITH_KNOTS('',3,(#9909,#9910,#9911,#9912),
 .UNSPECIFIED.,.F.,.F.,(4,4),(-1.85904064854303,-1.85880427516609),
 .UNSPECIFIED.);
#382=B_SPLINE_CURVE_WITH_KNOTS('',3,(#9935,#9936,#9937,#9938),
 .UNSPECIFIED.,.F.,.F.,(4,4),(-1.2827883784237,-1.28255200504676),
 .UNSPECIFIED.);
#383=B_SPLINE_CURVE_WITH_KNOTS('',3,(#9969,#9970,#9971,#9972,#9973,#9974,
#9975),.UNSPECIFIED.,.F.,.F.,(4,1,1,1,4),(0.114835493191125,0.147640528164817,
0.180445563138509,0.205049339368777,0.229653115599046),.UNSPECIFIED.);
#384=B_SPLINE_CURVE_WITH_KNOTS('',3,(#10011,#10012,#10013,#10014,#10015,
#10016,#10017,#10018),.UNSPECIFIED.,.F.,.F.,(4,2,2,4),(-0.144149485470625,
-0.11211353352934,-0.0747937342218351,0.),.UNSPECIFIED.);
#385=B_SPLINE_CURVE_WITH_KNOTS('',3,(#10019,#10020,#10021,#10022,#10023,
#10024,#10025),.UNSPECIFIED.,.F.,.F.,(4,3,4),(-0.0173644334554413,-0.00750333178316951,
0.),.UNSPECIFIED.);
#386=B_SPLINE_CURVE_WITH_KNOTS('',3,(#10026,#10027,#10028,#10029,#10030,
#10031,#10032),.UNSPECIFIED.,.F.,.F.,(4,1,1,1,4),(-4.00387895303072E-17,
0.027471126339105,0.0549422526782101,0.0755455974325389,0.0961489421868677),
 .UNSPECIFIED.);
#387=B_SPLINE_CURVE_WITH_KNOTS('',3,(#10052,#10053,#10054,#10055,#10056,
#10057),.UNSPECIFIED.,.F.,.F.,(4,2,4),(0.118193723170144,0.120613195079978,
0.139326313586403),.UNSPECIFIED.);
#388=CYLINDRICAL_SURFACE('',#4891,21.99925979108);
#389=CYLINDRICAL_SURFACE('',#4909,23.99608128638);
#390=CYLINDRICAL_SURFACE('',#4934,22.99601175998);
#391=CYLINDRICAL_SURFACE('',#4938,22.99601175998);
#392=CYLINDRICAL_SURFACE('',#4950,22.5079764245886);
#393=CYLINDRICAL_SURFACE('',#4959,22.5079764245886);
#394=CYLINDRICAL_SURFACE('',#4968,22.5079764245886);
#395=CYLINDRICAL_SURFACE('',#4986,0.762);
#396=CYLINDRICAL_SURFACE('',#4988,0.762);
#397=CYLINDRICAL_SURFACE('',#4990,0.762);
#398=CYLINDRICAL_SURFACE('',#4995,0.762);
#399=CYLINDRICAL_SURFACE('',#4997,0.762);
#400=CYLINDRICAL_SURFACE('',#4999,0.762);
#401=CYLINDRICAL_SURFACE('',#5004,0.762);
#402=CYLINDRICAL_SURFACE('',#5006,0.762);
#403=CYLINDRICAL_SURFACE('',#5008,0.762);
#404=CYLINDRICAL_SURFACE('',#5009,0.762);
#405=CYLINDRICAL_SURFACE('',#5011,22.99601175998);
#406=CYLINDRICAL_SURFACE('',#5012,0.762);
#407=CYLINDRICAL_SURFACE('',#5014,0.762);
#408=CYLINDRICAL_SURFACE('',#5020,22.5079764245886);
#409=CYLINDRICAL_SURFACE('',#5034,0.762);
#410=CYLINDRICAL_SURFACE('',#5036,0.762);
#411=CYLINDRICAL_SURFACE('',#5038,0.762);
#412=CYLINDRICAL_SURFACE('',#5039,22.99601175998);
#413=CYLINDRICAL_SURFACE('',#5040,0.762);
#414=CYLINDRICAL_SURFACE('',#5048,19.45925979108);
#415=CYLINDRICAL_SURFACE('',#5057,1.935);
#416=CYLINDRICAL_SURFACE('',#5065,1.935);
#417=CYLINDRICAL_SURFACE('',#5075,1.935);
#418=CYLINDRICAL_SURFACE('',#5077,3.4012506754);
#419=CYLINDRICAL_SURFACE('',#5092,21.9992597912901);
#420=CYLINDRICAL_SURFACE('',#5105,3.4012506754);
#421=CYLINDRICAL_SURFACE('',#5108,3.4012506754);
#422=CYLINDRICAL_SURFACE('',#5109,3.4012506754);
#423=CYLINDRICAL_SURFACE('',#5110,3.4012506754);
#424=CYLINDRICAL_SURFACE('',#5111,3.4012506754);
#425=CYLINDRICAL_SURFACE('',#5112,2.782);
#426=CYLINDRICAL_SURFACE('',#5113,21.9992597912901);
#427=CYLINDRICAL_SURFACE('',#5115,2.782);
#428=CYLINDRICAL_SURFACE('',#5117,2.782);
#429=CYLINDRICAL_SURFACE('',#5121,22.559777189006);
#430=CYLINDRICAL_SURFACE('',#5128,22.559777189006);
#431=CYLINDRICAL_SURFACE('',#5135,22.559777189006);
#432=CYLINDRICAL_SURFACE('',#5142,22.559777189006);
#433=CYLINDRICAL_SURFACE('',#5170,1.1);
#434=CYLINDRICAL_SURFACE('',#5173,1.1);
#435=CYLINDRICAL_SURFACE('',#5183,23.07221175998);
#436=CYLINDRICAL_SURFACE('',#5186,23.07221175998);
#437=CYLINDRICAL_SURFACE('',#5189,23.07221175998);
#438=CYLINDRICAL_SURFACE('',#5192,23.07221175998);
#439=CYLINDRICAL_SURFACE('',#5200,1.1);
#440=CYLINDRICAL_SURFACE('',#5237,23.9960812858543);
#441=CYLINDRICAL_SURFACE('',#5248,1.81258434064668);
#442=CYLINDRICAL_SURFACE('',#5250,1.81258434064668);
#443=CYLINDRICAL_SURFACE('',#5252,1.81258434064668);
#444=CYLINDRICAL_SURFACE('',#5254,1.81258434064668);
#445=CYLINDRICAL_SURFACE('',#5258,0.762);
#446=CYLINDRICAL_SURFACE('',#5260,0.762);
#447=CYLINDRICAL_SURFACE('',#5262,0.762);
#448=CYLINDRICAL_SURFACE('',#5264,0.762);
#449=CYLINDRICAL_SURFACE('',#5266,0.762);
#450=CYLINDRICAL_SURFACE('',#5268,0.762);
#451=CYLINDRICAL_SURFACE('',#5270,0.762);
#452=CYLINDRICAL_SURFACE('',#5272,0.762);
#453=CYLINDRICAL_SURFACE('',#5274,0.762);
#454=CYLINDRICAL_SURFACE('',#5276,0.762);
#455=CYLINDRICAL_SURFACE('',#5278,0.762);
#456=CYLINDRICAL_SURFACE('',#5280,0.762);
#457=CYLINDRICAL_SURFACE('',#5282,0.762);
#458=CYLINDRICAL_SURFACE('',#5284,0.762);
#459=CYLINDRICAL_SURFACE('',#5286,0.762);
#460=FACE_OUTER_BOUND('',#734,.T.);
#461=FACE_OUTER_BOUND('',#735,.T.);
#462=FACE_OUTER_BOUND('',#736,.T.);
#463=FACE_OUTER_BOUND('',#738,.T.);
#464=FACE_OUTER_BOUND('',#739,.T.);
#465=FACE_OUTER_BOUND('',#740,.T.);
#466=FACE_OUTER_BOUND('',#741,.T.);
#467=FACE_OUTER_BOUND('',#742,.T.);
#468=FACE_OUTER_BOUND('',#743,.T.);
#469=FACE_OUTER_BOUND('',#744,.T.);
#470=FACE_OUTER_BOUND('',#745,.T.);
#471=FACE_OUTER_BOUND('',#746,.T.);
#472=FACE_OUTER_BOUND('',#747,.T.);
#473=FACE_OUTER_BOUND('',#748,.T.);
#474=FACE_OUTER_BOUND('',#749,.T.);
#475=FACE_OUTER_BOUND('',#750,.T.);
#476=FACE_OUTER_BOUND('',#752,.T.);
#477=FACE_OUTER_BOUND('',#753,.T.);
#478=FACE_OUTER_BOUND('',#754,.T.);
#479=FACE_OUTER_BOUND('',#756,.T.);
#480=FACE_OUTER_BOUND('',#757,.T.);
#481=FACE_OUTER_BOUND('',#758,.T.);
#482=FACE_OUTER_BOUND('',#759,.T.);
#483=FACE_OUTER_BOUND('',#760,.T.);
#484=FACE_OUTER_BOUND('',#761,.T.);
#485=FACE_OUTER_BOUND('',#762,.T.);
#486=FACE_OUTER_BOUND('',#763,.T.);
#487=FACE_OUTER_BOUND('',#764,.T.);
#488=FACE_OUTER_BOUND('',#765,.T.);
#489=FACE_OUTER_BOUND('',#766,.T.);
#490=FACE_OUTER_BOUND('',#767,.T.);
#491=FACE_OUTER_BOUND('',#768,.T.);
#492=FACE_OUTER_BOUND('',#769,.T.);
#493=FACE_OUTER_BOUND('',#770,.T.);
#494=FACE_OUTER_BOUND('',#771,.T.);
#495=FACE_OUTER_BOUND('',#772,.T.);
#496=FACE_OUTER_BOUND('',#773,.T.);
#497=FACE_OUTER_BOUND('',#774,.T.);
#498=FACE_OUTER_BOUND('',#775,.T.);
#499=FACE_OUTER_BOUND('',#776,.T.);
#500=FACE_OUTER_BOUND('',#777,.T.);
#501=FACE_OUTER_BOUND('',#778,.T.);
#502=FACE_OUTER_BOUND('',#779,.T.);
#503=FACE_OUTER_BOUND('',#780,.T.);
#504=FACE_OUTER_BOUND('',#781,.T.);
#505=FACE_OUTER_BOUND('',#782,.T.);
#506=FACE_OUTER_BOUND('',#783,.T.);
#507=FACE_OUTER_BOUND('',#784,.T.);
#508=FACE_OUTER_BOUND('',#785,.T.);
#509=FACE_OUTER_BOUND('',#786,.T.);
#510=FACE_OUTER_BOUND('',#787,.T.);
#511=FACE_OUTER_BOUND('',#788,.T.);
#512=FACE_OUTER_BOUND('',#789,.T.);
#513=FACE_OUTER_BOUND('',#790,.T.);
#514=FACE_OUTER_BOUND('',#791,.T.);
#515=FACE_OUTER_BOUND('',#792,.T.);
#516=FACE_OUTER_BOUND('',#793,.T.);
#517=FACE_OUTER_BOUND('',#794,.T.);
#518=FACE_OUTER_BOUND('',#795,.T.);
#519=FACE_OUTER_BOUND('',#796,.T.);
#520=FACE_OUTER_BOUND('',#797,.T.);
#521=FACE_OUTER_BOUND('',#798,.T.);
#522=FACE_OUTER_BOUND('',#799,.T.);
#523=FACE_OUTER_BOUND('',#800,.T.);
#524=FACE_OUTER_BOUND('',#801,.T.);
#525=FACE_OUTER_BOUND('',#802,.T.);
#526=FACE_OUTER_BOUND('',#803,.T.);
#527=FACE_OUTER_BOUND('',#804,.T.);
#528=FACE_OUTER_BOUND('',#805,.T.);
#529=FACE_OUTER_BOUND('',#806,.T.);
#530=FACE_OUTER_BOUND('',#807,.T.);
#531=FACE_OUTER_BOUND('',#808,.T.);
#532=FACE_OUTER_BOUND('',#809,.T.);
#533=FACE_OUTER_BOUND('',#810,.T.);
#534=FACE_OUTER_BOUND('',#811,.T.);
#535=FACE_OUTER_BOUND('',#812,.T.);
#536=FACE_OUTER_BOUND('',#813,.T.);
#537=FACE_OUTER_BOUND('',#814,.T.);
#538=FACE_OUTER_BOUND('',#815,.T.);
#539=FACE_OUTER_BOUND('',#816,.T.);
#540=FACE_OUTER_BOUND('',#817,.T.);
#541=FACE_OUTER_BOUND('',#818,.T.);
#542=FACE_OUTER_BOUND('',#819,.T.);
#543=FACE_OUTER_BOUND('',#820,.T.);
#544=FACE_OUTER_BOUND('',#821,.T.);
#545=FACE_OUTER_BOUND('',#822,.T.);
#546=FACE_OUTER_BOUND('',#824,.T.);
#547=FACE_OUTER_BOUND('',#825,.T.);
#548=FACE_OUTER_BOUND('',#826,.T.);
#549=FACE_OUTER_BOUND('',#827,.T.);
#550=FACE_OUTER_BOUND('',#828,.T.);
#551=FACE_OUTER_BOUND('',#829,.T.);
#552=FACE_OUTER_BOUND('',#830,.T.);
#553=FACE_OUTER_BOUND('',#831,.T.);
#554=FACE_OUTER_BOUND('',#832,.T.);
#555=FACE_OUTER_BOUND('',#833,.T.);
#556=FACE_OUTER_BOUND('',#834,.T.);
#557=FACE_OUTER_BOUND('',#835,.T.);
#558=FACE_OUTER_BOUND('',#836,.T.);
#559=FACE_OUTER_BOUND('',#837,.T.);
#560=FACE_OUTER_BOUND('',#838,.T.);
#561=FACE_OUTER_BOUND('',#839,.T.);
#562=FACE_OUTER_BOUND('',#840,.T.);
#563=FACE_OUTER_BOUND('',#841,.T.);
#564=FACE_OUTER_BOUND('',#842,.T.);
#565=FACE_OUTER_BOUND('',#843,.T.);
#566=FACE_OUTER_BOUND('',#844,.T.);
#567=FACE_OUTER_BOUND('',#845,.T.);
#568=FACE_OUTER_BOUND('',#846,.T.);
#569=FACE_OUTER_BOUND('',#847,.T.);
#570=FACE_OUTER_BOUND('',#848,.T.);
#571=FACE_OUTER_BOUND('',#849,.T.);
#572=FACE_OUTER_BOUND('',#851,.T.);
#573=FACE_OUTER_BOUND('',#852,.T.);
#574=FACE_OUTER_BOUND('',#853,.T.);
#575=FACE_OUTER_BOUND('',#854,.T.);
#576=FACE_OUTER_BOUND('',#856,.T.);
#577=FACE_OUTER_BOUND('',#857,.T.);
#578=FACE_OUTER_BOUND('',#858,.T.);
#579=FACE_OUTER_BOUND('',#859,.T.);
#580=FACE_OUTER_BOUND('',#861,.T.);
#581=FACE_OUTER_BOUND('',#862,.T.);
#582=FACE_OUTER_BOUND('',#863,.T.);
#583=FACE_OUTER_BOUND('',#865,.T.);
#584=FACE_OUTER_BOUND('',#866,.T.);
#585=FACE_OUTER_BOUND('',#867,.T.);
#586=FACE_OUTER_BOUND('',#869,.T.);
#587=FACE_OUTER_BOUND('',#870,.T.);
#588=FACE_OUTER_BOUND('',#871,.T.);
#589=FACE_OUTER_BOUND('',#873,.T.);
#590=FACE_OUTER_BOUND('',#875,.T.);
#591=FACE_OUTER_BOUND('',#876,.T.);
#592=FACE_OUTER_BOUND('',#877,.T.);
#593=FACE_OUTER_BOUND('',#878,.T.);
#594=FACE_OUTER_BOUND('',#879,.T.);
#595=FACE_OUTER_BOUND('',#880,.T.);
#596=FACE_OUTER_BOUND('',#881,.T.);
#597=FACE_OUTER_BOUND('',#882,.T.);
#598=FACE_OUTER_BOUND('',#883,.T.);
#599=FACE_OUTER_BOUND('',#884,.T.);
#600=FACE_OUTER_BOUND('',#885,.T.);
#601=FACE_OUTER_BOUND('',#886,.T.);
#602=FACE_OUTER_BOUND('',#887,.T.);
#603=FACE_OUTER_BOUND('',#888,.T.);
#604=FACE_OUTER_BOUND('',#889,.T.);
#605=FACE_OUTER_BOUND('',#890,.T.);
#606=FACE_OUTER_BOUND('',#891,.T.);
#607=FACE_OUTER_BOUND('',#892,.T.);
#608=FACE_OUTER_BOUND('',#893,.T.);
#609=FACE_OUTER_BOUND('',#894,.T.);
#610=FACE_OUTER_BOUND('',#895,.T.);
#611=FACE_OUTER_BOUND('',#896,.T.);
#612=FACE_OUTER_BOUND('',#897,.T.);
#613=FACE_OUTER_BOUND('',#898,.T.);
#614=FACE_OUTER_BOUND('',#899,.T.);
#615=FACE_OUTER_BOUND('',#900,.T.);
#616=FACE_OUTER_BOUND('',#901,.T.);
#617=FACE_OUTER_BOUND('',#902,.T.);
#618=FACE_OUTER_BOUND('',#903,.T.);
#619=FACE_OUTER_BOUND('',#904,.T.);
#620=FACE_OUTER_BOUND('',#905,.T.);
#621=FACE_OUTER_BOUND('',#906,.T.);
#622=FACE_OUTER_BOUND('',#907,.T.);
#623=FACE_OUTER_BOUND('',#908,.T.);
#624=FACE_OUTER_BOUND('',#909,.T.);
#625=FACE_OUTER_BOUND('',#910,.T.);
#626=FACE_OUTER_BOUND('',#911,.T.);
#627=FACE_OUTER_BOUND('',#912,.T.);
#628=FACE_OUTER_BOUND('',#913,.T.);
#629=FACE_OUTER_BOUND('',#914,.T.);
#630=FACE_OUTER_BOUND('',#915,.T.);
#631=FACE_OUTER_BOUND('',#916,.T.);
#632=FACE_OUTER_BOUND('',#920,.T.);
#633=FACE_OUTER_BOUND('',#921,.T.);
#634=FACE_OUTER_BOUND('',#922,.T.);
#635=FACE_OUTER_BOUND('',#924,.T.);
#636=FACE_OUTER_BOUND('',#926,.T.);
#637=FACE_OUTER_BOUND('',#928,.T.);
#638=FACE_OUTER_BOUND('',#930,.T.);
#639=FACE_OUTER_BOUND('',#931,.T.);
#640=FACE_OUTER_BOUND('',#932,.T.);
#641=FACE_OUTER_BOUND('',#934,.T.);
#642=FACE_OUTER_BOUND('',#936,.T.);
#643=FACE_OUTER_BOUND('',#937,.T.);
#644=FACE_OUTER_BOUND('',#938,.T.);
#645=FACE_OUTER_BOUND('',#940,.T.);
#646=FACE_OUTER_BOUND('',#941,.T.);
#647=FACE_OUTER_BOUND('',#942,.T.);
#648=FACE_OUTER_BOUND('',#943,.T.);
#649=FACE_OUTER_BOUND('',#944,.T.);
#650=FACE_OUTER_BOUND('',#945,.T.);
#651=FACE_OUTER_BOUND('',#946,.T.);
#652=FACE_OUTER_BOUND('',#947,.T.);
#653=FACE_OUTER_BOUND('',#948,.T.);
#654=FACE_OUTER_BOUND('',#949,.T.);
#655=FACE_OUTER_BOUND('',#950,.T.);
#656=FACE_OUTER_BOUND('',#951,.T.);
#657=FACE_OUTER_BOUND('',#952,.T.);
#658=FACE_OUTER_BOUND('',#953,.T.);
#659=FACE_OUTER_BOUND('',#954,.T.);
#660=FACE_OUTER_BOUND('',#955,.T.);
#661=FACE_OUTER_BOUND('',#956,.T.);
#662=FACE_OUTER_BOUND('',#957,.T.);
#663=FACE_OUTER_BOUND('',#958,.T.);
#664=FACE_OUTER_BOUND('',#959,.T.);
#665=FACE_OUTER_BOUND('',#960,.T.);
#666=FACE_OUTER_BOUND('',#961,.T.);
#667=FACE_OUTER_BOUND('',#962,.T.);
#668=FACE_OUTER_BOUND('',#963,.T.);
#669=FACE_OUTER_BOUND('',#964,.T.);
#670=FACE_OUTER_BOUND('',#965,.T.);
#671=FACE_OUTER_BOUND('',#966,.T.);
#672=FACE_OUTER_BOUND('',#967,.T.);
#673=FACE_OUTER_BOUND('',#968,.T.);
#674=FACE_OUTER_BOUND('',#969,.T.);
#675=FACE_OUTER_BOUND('',#970,.T.);
#676=FACE_OUTER_BOUND('',#971,.T.);
#677=FACE_OUTER_BOUND('',#972,.T.);
#678=FACE_OUTER_BOUND('',#973,.T.);
#679=FACE_OUTER_BOUND('',#974,.T.);
#680=FACE_OUTER_BOUND('',#975,.T.);
#681=FACE_OUTER_BOUND('',#976,.T.);
#682=FACE_OUTER_BOUND('',#977,.T.);
#683=FACE_OUTER_BOUND('',#978,.T.);
#684=FACE_OUTER_BOUND('',#979,.T.);
#685=FACE_OUTER_BOUND('',#980,.T.);
#686=FACE_OUTER_BOUND('',#981,.T.);
#687=FACE_OUTER_BOUND('',#982,.T.);
#688=FACE_OUTER_BOUND('',#983,.T.);
#689=FACE_OUTER_BOUND('',#984,.T.);
#690=FACE_OUTER_BOUND('',#985,.T.);
#691=FACE_OUTER_BOUND('',#986,.T.);
#692=FACE_OUTER_BOUND('',#987,.T.);
#693=FACE_OUTER_BOUND('',#989,.T.);
#694=FACE_OUTER_BOUND('',#990,.T.);
#695=FACE_OUTER_BOUND('',#991,.T.);
#696=FACE_OUTER_BOUND('',#992,.T.);
#697=FACE_OUTER_BOUND('',#993,.T.);
#698=FACE_OUTER_BOUND('',#994,.T.);
#699=FACE_OUTER_BOUND('',#995,.T.);
#700=FACE_OUTER_BOUND('',#996,.T.);
#701=FACE_OUTER_BOUND('',#997,.T.);
#702=FACE_OUTER_BOUND('',#998,.T.);
#703=FACE_OUTER_BOUND('',#999,.T.);
#704=FACE_OUTER_BOUND('',#1000,.T.);
#705=FACE_OUTER_BOUND('',#1001,.T.);
#706=FACE_OUTER_BOUND('',#1002,.T.);
#707=FACE_OUTER_BOUND('',#1003,.T.);
#708=FACE_OUTER_BOUND('',#1004,.T.);
#709=FACE_OUTER_BOUND('',#1005,.T.);
#710=FACE_OUTER_BOUND('',#1006,.T.);
#711=FACE_OUTER_BOUND('',#1007,.T.);
#712=FACE_OUTER_BOUND('',#1008,.T.);
#713=FACE_OUTER_BOUND('',#1009,.T.);
#714=FACE_OUTER_BOUND('',#1010,.T.);
#715=FACE_OUTER_BOUND('',#1011,.T.);
#716=FACE_OUTER_BOUND('',#1012,.T.);
#717=FACE_OUTER_BOUND('',#1013,.T.);
#718=FACE_OUTER_BOUND('',#1014,.T.);
#719=FACE_OUTER_BOUND('',#1015,.T.);
#720=FACE_OUTER_BOUND('',#1016,.T.);
#721=FACE_OUTER_BOUND('',#1017,.T.);
#722=FACE_OUTER_BOUND('',#1018,.T.);
#723=FACE_OUTER_BOUND('',#1019,.T.);
#724=FACE_OUTER_BOUND('',#1020,.T.);
#725=FACE_OUTER_BOUND('',#1021,.T.);
#726=FACE_OUTER_BOUND('',#1022,.T.);
#727=FACE_OUTER_BOUND('',#1023,.T.);
#728=FACE_OUTER_BOUND('',#1024,.T.);
#729=FACE_OUTER_BOUND('',#1025,.T.);
#730=FACE_OUTER_BOUND('',#1026,.T.);
#731=FACE_OUTER_BOUND('',#1027,.T.);
#732=FACE_OUTER_BOUND('',#1028,.T.);
#733=FACE_OUTER_BOUND('',#1029,.T.);
#734=EDGE_LOOP('',(#3113,#3114,#3115,#3116));
#735=EDGE_LOOP('',(#3117,#3118,#3119,#3120,#3121,#3122,#3123,#3124,#3125,
#3126,#3127,#3128,#3129,#3130,#3131,#3132,#3133,#3134,#3135,#3136,#3137,
#3138,#3139,#3140,#3141,#3142,#3143,#3144,#3145,#3146,#3147,#3148,#3149,
#3150,#3151,#3152,#3153,#3154,#3155));
#736=EDGE_LOOP('',(#3156));
#737=EDGE_LOOP('',(#3157));
#738=EDGE_LOOP('',(#3158,#3159,#3160,#3161,#3162,#3163,#3164,#3165));
#739=EDGE_LOOP('',(#3166,#3167,#3168,#3169,#3170,#3171,#3172));
#740=EDGE_LOOP('',(#3173,#3174,#3175,#3176));
#741=EDGE_LOOP('',(#3177,#3178,#3179,#3180,#3181,#3182,#3183,#3184));
#742=EDGE_LOOP('',(#3185,#3186,#3187,#3188,#3189));
#743=EDGE_LOOP('',(#3190,#3191,#3192,#3193,#3194,#3195,#3196,#3197,#3198,
#3199,#3200,#3201,#3202,#3203,#3204,#3205,#3206,#3207,#3208,#3209));
#744=EDGE_LOOP('',(#3210,#3211,#3212,#3213));
#745=EDGE_LOOP('',(#3214,#3215,#3216));
#746=EDGE_LOOP('',(#3217,#3218,#3219,#3220));
#747=EDGE_LOOP('',(#3221,#3222,#3223,#3224));
#748=EDGE_LOOP('',(#3225,#3226,#3227,#3228));
#749=EDGE_LOOP('',(#3229,#3230,#3231,#3232,#3233,#3234));
#750=EDGE_LOOP('',(#3235,#3236,#3237,#3238,#3239,#3240,#3241,#3242,#3243,
#3244));
#751=EDGE_LOOP('',(#3245,#3246,#3247,#3248));
#752=EDGE_LOOP('',(#3249,#3250,#3251,#3252,#3253,#3254));
#753=EDGE_LOOP('',(#3255,#3256,#3257,#3258,#3259,#3260));
#754=EDGE_LOOP('',(#3261,#3262,#3263,#3264,#3265,#3266,#3267,#3268,#3269,
#3270));
#755=EDGE_LOOP('',(#3271,#3272,#3273,#3274));
#756=EDGE_LOOP('',(#3275,#3276,#3277,#3278,#3279,#3280));
#757=EDGE_LOOP('',(#3281,#3282,#3283,#3284,#3285));
#758=EDGE_LOOP('',(#3286,#3287,#3288,#3289,#3290,#3291));
#759=EDGE_LOOP('',(#3292,#3293,#3294,#3295,#3296,#3297));
#760=EDGE_LOOP('',(#3298,#3299,#3300,#3301,#3302,#3303));
#761=EDGE_LOOP('',(#3304,#3305,#3306,#3307));
#762=EDGE_LOOP('',(#3308,#3309,#3310,#3311,#3312,#3313));
#763=EDGE_LOOP('',(#3314,#3315,#3316,#3317));
#764=EDGE_LOOP('',(#3318,#3319,#3320,#3321));
#765=EDGE_LOOP('',(#3322,#3323,#3324,#3325,#3326,#3327));
#766=EDGE_LOOP('',(#3328,#3329,#3330,#3331));
#767=EDGE_LOOP('',(#3332,#3333,#3334,#3335,#3336,#3337));
#768=EDGE_LOOP('',(#3338,#3339,#3340,#3341));
#769=EDGE_LOOP('',(#3342,#3343,#3344,#3345));
#770=EDGE_LOOP('',(#3346,#3347,#3348,#3349,#3350,#3351));
#771=EDGE_LOOP('',(#3352,#3353,#3354,#3355));
#772=EDGE_LOOP('',(#3356,#3357,#3358,#3359,#3360,#3361));
#773=EDGE_LOOP('',(#3362,#3363,#3364,#3365));
#774=EDGE_LOOP('',(#3366,#3367,#3368,#3369));
#775=EDGE_LOOP('',(#3370,#3371,#3372,#3373,#3374,#3375));
#776=EDGE_LOOP('',(#3376,#3377,#3378,#3379));
#777=EDGE_LOOP('',(#3380,#3381,#3382,#3383));
#778=EDGE_LOOP('',(#3384,#3385,#3386,#3387));
#779=EDGE_LOOP('',(#3388,#3389,#3390,#3391));
#780=EDGE_LOOP('',(#3392,#3393,#3394,#3395));
#781=EDGE_LOOP('',(#3396,#3397,#3398,#3399));
#782=EDGE_LOOP('',(#3400,#3401,#3402,#3403,#3404,#3405));
#783=EDGE_LOOP('',(#3406,#3407,#3408,#3409));
#784=EDGE_LOOP('',(#3410,#3411,#3412,#3413));
#785=EDGE_LOOP('',(#3414,#3415,#3416,#3417));
#786=EDGE_LOOP('',(#3418,#3419,#3420,#3421));
#787=EDGE_LOOP('',(#3422,#3423,#3424,#3425));
#788=EDGE_LOOP('',(#3426,#3427,#3428,#3429));
#789=EDGE_LOOP('',(#3430,#3431,#3432,#3433,#3434,#3435));
#790=EDGE_LOOP('',(#3436,#3437,#3438,#3439));
#791=EDGE_LOOP('',(#3440,#3441,#3442,#3443,#3444));
#792=EDGE_LOOP('',(#3445,#3446,#3447,#3448));
#793=EDGE_LOOP('',(#3449,#3450,#3451,#3452,#3453));
#794=EDGE_LOOP('',(#3454,#3455,#3456,#3457));
#795=EDGE_LOOP('',(#3458,#3459,#3460,#3461));
#796=EDGE_LOOP('',(#3462,#3463,#3464,#3465));
#797=EDGE_LOOP('',(#3466,#3467,#3468,#3469));
#798=EDGE_LOOP('',(#3470,#3471,#3472,#3473));
#799=EDGE_LOOP('',(#3474,#3475,#3476,#3477));
#800=EDGE_LOOP('',(#3478,#3479,#3480,#3481));
#801=EDGE_LOOP('',(#3482,#3483,#3484,#3485));
#802=EDGE_LOOP('',(#3486,#3487,#3488,#3489));
#803=EDGE_LOOP('',(#3490,#3491,#3492,#3493,#3494));
#804=EDGE_LOOP('',(#3495,#3496,#3497,#3498));
#805=EDGE_LOOP('',(#3499,#3500,#3501,#3502,#3503));
#806=EDGE_LOOP('',(#3504,#3505,#3506,#3507));
#807=EDGE_LOOP('',(#3508,#3509,#3510,#3511));
#808=EDGE_LOOP('',(#3512,#3513,#3514,#3515));
#809=EDGE_LOOP('',(#3516,#3517,#3518,#3519));
#810=EDGE_LOOP('',(#3520,#3521,#3522,#3523));
#811=EDGE_LOOP('',(#3524,#3525,#3526,#3527));
#812=EDGE_LOOP('',(#3528,#3529,#3530,#3531));
#813=EDGE_LOOP('',(#3532,#3533,#3534,#3535));
#814=EDGE_LOOP('',(#3536,#3537,#3538,#3539));
#815=EDGE_LOOP('',(#3540,#3541,#3542,#3543,#3544));
#816=EDGE_LOOP('',(#3545,#3546,#3547,#3548,#3549));
#817=EDGE_LOOP('',(#3550,#3551,#3552,#3553,#3554));
#818=EDGE_LOOP('',(#3555,#3556,#3557,#3558));
#819=EDGE_LOOP('',(#3559,#3560,#3561,#3562));
#820=EDGE_LOOP('',(#3563,#3564,#3565,#3566));
#821=EDGE_LOOP('',(#3567,#3568,#3569,#3570));
#822=EDGE_LOOP('',(#3571,#3572,#3573,#3574,#3575,#3576,#3577,#3578,#3579,
#3580));
#823=EDGE_LOOP('',(#3581,#3582,#3583,#3584));
#824=EDGE_LOOP('',(#3585,#3586,#3587,#3588));
#825=EDGE_LOOP('',(#3589,#3590,#3591,#3592));
#826=EDGE_LOOP('',(#3593,#3594,#3595,#3596));
#827=EDGE_LOOP('',(#3597,#3598,#3599,#3600));
#828=EDGE_LOOP('',(#3601,#3602,#3603,#3604));
#829=EDGE_LOOP('',(#3605,#3606,#3607,#3608,#3609,#3610));
#830=EDGE_LOOP('',(#3611,#3612,#3613,#3614));
#831=EDGE_LOOP('',(#3615,#3616,#3617,#3618));
#832=EDGE_LOOP('',(#3619,#3620,#3621,#3622,#3623,#3624));
#833=EDGE_LOOP('',(#3625,#3626,#3627,#3628));
#834=EDGE_LOOP('',(#3629,#3630,#3631,#3632));
#835=EDGE_LOOP('',(#3633,#3634,#3635,#3636,#3637,#3638));
#836=EDGE_LOOP('',(#3639,#3640,#3641,#3642));
#837=EDGE_LOOP('',(#3643,#3644,#3645,#3646));
#838=EDGE_LOOP('',(#3647,#3648,#3649,#3650));
#839=EDGE_LOOP('',(#3651,#3652,#3653,#3654));
#840=EDGE_LOOP('',(#3655,#3656,#3657,#3658));
#841=EDGE_LOOP('',(#3659,#3660,#3661,#3662));
#842=EDGE_LOOP('',(#3663,#3664,#3665,#3666,#3667,#3668));
#843=EDGE_LOOP('',(#3669,#3670,#3671,#3672));
#844=EDGE_LOOP('',(#3673,#3674,#3675,#3676,#3677));
#845=EDGE_LOOP('',(#3678,#3679,#3680,#3681));
#846=EDGE_LOOP('',(#3682,#3683,#3684,#3685,#3686));
#847=EDGE_LOOP('',(#3687,#3688,#3689,#3690));
#848=EDGE_LOOP('',(#3691,#3692,#3693,#3694));
#849=EDGE_LOOP('',(#3695,#3696,#3697,#3698,#3699,#3700,#3701,#3702,#3703,
#3704));
#850=EDGE_LOOP('',(#3705,#3706,#3707,#3708));
#851=EDGE_LOOP('',(#3709,#3710,#3711,#3712));
#852=EDGE_LOOP('',(#3713,#3714,#3715,#3716));
#853=EDGE_LOOP('',(#3717,#3718,#3719,#3720));
#854=EDGE_LOOP('',(#3721));
#855=EDGE_LOOP('',(#3722));
#856=EDGE_LOOP('',(#3723,#3724,#3725,#3726));
#857=EDGE_LOOP('',(#3727,#3728,#3729,#3730));
#858=EDGE_LOOP('',(#3731,#3732,#3733,#3734));
#859=EDGE_LOOP('',(#3735,#3736,#3737,#3738));
#860=EDGE_LOOP('',(#3739));
#861=EDGE_LOOP('',(#3740,#3741,#3742,#3743));
#862=EDGE_LOOP('',(#3744,#3745,#3746,#3747));
#863=EDGE_LOOP('',(#3748,#3749,#3750,#3751));
#864=EDGE_LOOP('',(#3752));
#865=EDGE_LOOP('',(#3753,#3754,#3755,#3756));
#866=EDGE_LOOP('',(#3757,#3758,#3759,#3760));
#867=EDGE_LOOP('',(#3761,#3762,#3763,#3764));
#868=EDGE_LOOP('',(#3765));
#869=EDGE_LOOP('',(#3766,#3767,#3768,#3769));
#870=EDGE_LOOP('',(#3770,#3771,#3772,#3773));
#871=EDGE_LOOP('',(#3774,#3775,#3776,#3777,#3778,#3779,#3780,#3781,#3782,
#3783,#3784,#3785));
#872=EDGE_LOOP('',(#3786,#3787,#3788,#3789));
#873=EDGE_LOOP('',(#3790,#3791,#3792,#3793,#3794,#3795,#3796,#3797,#3798,
#3799,#3800,#3801,#3802,#3803,#3804,#3805,#3806,#3807,#3808,#3809,#3810,
#3811,#3812,#3813,#3814,#3815,#3816,#3817,#3818,#3819,#3820,#3821,#3822,
#3823,#3824,#3825,#3826,#3827,#3828,#3829,#3830,#3831,#3832,#3833,#3834));
#874=EDGE_LOOP('',(#3835,#3836,#3837,#3838,#3839,#3840,#3841,#3842));
#875=EDGE_LOOP('',(#3843,#3844,#3845,#3846));
#876=EDGE_LOOP('',(#3847,#3848,#3849,#3850));
#877=EDGE_LOOP('',(#3851,#3852,#3853,#3854));
#878=EDGE_LOOP('',(#3855,#3856,#3857,#3858));
#879=EDGE_LOOP('',(#3859,#3860,#3861,#3862));
#880=EDGE_LOOP('',(#3863,#3864,#3865,#3866));
#881=EDGE_LOOP('',(#3867,#3868,#3869,#3870));
#882=EDGE_LOOP('',(#3871,#3872,#3873,#3874));
#883=EDGE_LOOP('',(#3875,#3876,#3877,#3878));
#884=EDGE_LOOP('',(#3879,#3880,#3881,#3882));
#885=EDGE_LOOP('',(#3883,#3884,#3885,#3886,#3887,#3888));
#886=EDGE_LOOP('',(#3889,#3890,#3891,#3892));
#887=EDGE_LOOP('',(#3893,#3894,#3895,#3896));
#888=EDGE_LOOP('',(#3897,#3898,#3899,#3900));
#889=EDGE_LOOP('',(#3901,#3902,#3903,#3904));
#890=EDGE_LOOP('',(#3905,#3906,#3907,#3908));
#891=EDGE_LOOP('',(#3909,#3910,#3911,#3912));
#892=EDGE_LOOP('',(#3913,#3914,#3915,#3916));
#893=EDGE_LOOP('',(#3917,#3918,#3919,#3920));
#894=EDGE_LOOP('',(#3921,#3922,#3923,#3924));
#895=EDGE_LOOP('',(#3925,#3926,#3927,#3928));
#896=EDGE_LOOP('',(#3929,#3930,#3931,#3932));
#897=EDGE_LOOP('',(#3933,#3934,#3935,#3936));
#898=EDGE_LOOP('',(#3937,#3938,#3939,#3940));
#899=EDGE_LOOP('',(#3941,#3942,#3943,#3944,#3945,#3946));
#900=EDGE_LOOP('',(#3947,#3948,#3949,#3950));
#901=EDGE_LOOP('',(#3951,#3952,#3953,#3954,#3955,#3956));
#902=EDGE_LOOP('',(#3957,#3958,#3959,#3960));
#903=EDGE_LOOP('',(#3961,#3962,#3963,#3964,#3965,#3966));
#904=EDGE_LOOP('',(#3967,#3968,#3969,#3970));
#905=EDGE_LOOP('',(#3971,#3972,#3973,#3974,#3975,#3976));
#906=EDGE_LOOP('',(#3977,#3978,#3979,#3980));
#907=EDGE_LOOP('',(#3981,#3982,#3983,#3984,#3985,#3986));
#908=EDGE_LOOP('',(#3987,#3988,#3989,#3990));
#909=EDGE_LOOP('',(#3991,#3992,#3993,#3994,#3995,#3996));
#910=EDGE_LOOP('',(#3997,#3998,#3999,#4000));
#911=EDGE_LOOP('',(#4001,#4002,#4003,#4004,#4005,#4006));
#912=EDGE_LOOP('',(#4007,#4008,#4009,#4010));
#913=EDGE_LOOP('',(#4011,#4012,#4013,#4014,#4015,#4016));
#914=EDGE_LOOP('',(#4017,#4018,#4019,#4020));
#915=EDGE_LOOP('',(#4021,#4022,#4023,#4024));
#916=EDGE_LOOP('',(#4025,#4026));
#917=EDGE_LOOP('',(#4027));
#918=EDGE_LOOP('',(#4028));
#919=EDGE_LOOP('',(#4029));
#920=EDGE_LOOP('',(#4030,#4031,#4032,#4033));
#921=EDGE_LOOP('',(#4034,#4035,#4036,#4037,#4038));
#922=EDGE_LOOP('',(#4039,#4040,#4041,#4042,#4043,#4044,#4045,#4046,#4047,
#4048));
#923=EDGE_LOOP('',(#4049,#4050,#4051,#4052));
#924=EDGE_LOOP('',(#4053,#4054,#4055,#4056,#4057,#4058,#4059,#4060,#4061,
#4062));
#925=EDGE_LOOP('',(#4063,#4064,#4065,#4066));
#926=EDGE_LOOP('',(#4067,#4068,#4069,#4070,#4071,#4072,#4073,#4074,#4075,
#4076));
#927=EDGE_LOOP('',(#4077,#4078,#4079,#4080));
#928=EDGE_LOOP('',(#4081,#4082,#4083,#4084,#4085,#4086,#4087,#4088,#4089,
#4090));
#929=EDGE_LOOP('',(#4091,#4092,#4093,#4094));
#930=EDGE_LOOP('',(#4095,#4096,#4097,#4098,#4099));
#931=EDGE_LOOP('',(#4100,#4101,#4102));
#932=EDGE_LOOP('',(#4103));
#933=EDGE_LOOP('',(#4104));
#934=EDGE_LOOP('',(#4105));
#935=EDGE_LOOP('',(#4106));
#936=EDGE_LOOP('',(#4107,#4108,#4109,#4110));
#937=EDGE_LOOP('',(#4111,#4112,#4113,#4114));
#938=EDGE_LOOP('',(#4115,#4116,#4117,#4118,#4119,#4120));
#939=EDGE_LOOP('',(#4121,#4122,#4123,#4124,#4125,#4126,#4127,#4128));
#940=EDGE_LOOP('',(#4129,#4130,#4131,#4132,#4133,#4134,#4135));
#941=EDGE_LOOP('',(#4136,#4137,#4138,#4139,#4140,#4141));
#942=EDGE_LOOP('',(#4142,#4143,#4144,#4145));
#943=EDGE_LOOP('',(#4146,#4147,#4148,#4149));
#944=EDGE_LOOP('',(#4150,#4151,#4152,#4153));
#945=EDGE_LOOP('',(#4154,#4155,#4156,#4157));
#946=EDGE_LOOP('',(#4158,#4159,#4160,#4161));
#947=EDGE_LOOP('',(#4162,#4163,#4164,#4165));
#948=EDGE_LOOP('',(#4166,#4167,#4168,#4169,#4170));
#949=EDGE_LOOP('',(#4171,#4172,#4173,#4174,#4175));
#950=EDGE_LOOP('',(#4176,#4177,#4178,#4179,#4180,#4181));
#951=EDGE_LOOP('',(#4182,#4183,#4184,#4185));
#952=EDGE_LOOP('',(#4186,#4187,#4188,#4189));
#953=EDGE_LOOP('',(#4190,#4191,#4192,#4193));
#954=EDGE_LOOP('',(#4194,#4195,#4196,#4197));
#955=EDGE_LOOP('',(#4198,#4199,#4200,#4201));
#956=EDGE_LOOP('',(#4202,#4203,#4204,#4205));
#957=EDGE_LOOP('',(#4206,#4207,#4208,#4209));
#958=EDGE_LOOP('',(#4210,#4211,#4212,#4213,#4214));
#959=EDGE_LOOP('',(#4215,#4216,#4217,#4218,#4219));
#960=EDGE_LOOP('',(#4220,#4221,#4222,#4223,#4224,#4225));
#961=EDGE_LOOP('',(#4226,#4227,#4228,#4229));
#962=EDGE_LOOP('',(#4230,#4231,#4232,#4233));
#963=EDGE_LOOP('',(#4234,#4235,#4236,#4237));
#964=EDGE_LOOP('',(#4238,#4239,#4240,#4241));
#965=EDGE_LOOP('',(#4242,#4243,#4244,#4245));
#966=EDGE_LOOP('',(#4246,#4247,#4248,#4249));
#967=EDGE_LOOP('',(#4250,#4251,#4252,#4253));
#968=EDGE_LOOP('',(#4254,#4255,#4256,#4257,#4258));
#969=EDGE_LOOP('',(#4259,#4260,#4261,#4262,#4263));
#970=EDGE_LOOP('',(#4264,#4265,#4266,#4267,#4268,#4269));
#971=EDGE_LOOP('',(#4270,#4271,#4272,#4273));
#972=EDGE_LOOP('',(#4274,#4275,#4276,#4277));
#973=EDGE_LOOP('',(#4278,#4279,#4280,#4281));
#974=EDGE_LOOP('',(#4282,#4283,#4284,#4285));
#975=EDGE_LOOP('',(#4286,#4287,#4288,#4289));
#976=EDGE_LOOP('',(#4290,#4291,#4292,#4293));
#977=EDGE_LOOP('',(#4294,#4295,#4296,#4297));
#978=EDGE_LOOP('',(#4298,#4299,#4300,#4301,#4302));
#979=EDGE_LOOP('',(#4303,#4304,#4305,#4306,#4307));
#980=EDGE_LOOP('',(#4308,#4309,#4310,#4311,#4312,#4313,#4314,#4315,#4316,
#4317,#4318,#4319,#4320,#4321));
#981=EDGE_LOOP('',(#4322,#4323,#4324,#4325,#4326));
#982=EDGE_LOOP('',(#4327,#4328,#4329,#4330,#4331,#4332,#4333,#4334,#4335,
#4336,#4337,#4338,#4339,#4340,#4341,#4342,#4343,#4344,#4345,#4346));
#983=EDGE_LOOP('',(#4347,#4348,#4349,#4350));
#984=EDGE_LOOP('',(#4351,#4352,#4353,#4354));
#985=EDGE_LOOP('',(#4355,#4356,#4357,#4358));
#986=EDGE_LOOP('',(#4359,#4360,#4361,#4362));
#987=EDGE_LOOP('',(#4363));
#988=EDGE_LOOP('',(#4364));
#989=EDGE_LOOP('',(#4365,#4366,#4367,#4368));
#990=EDGE_LOOP('',(#4369,#4370,#4371,#4372));
#991=EDGE_LOOP('',(#4373,#4374,#4375,#4376));
#992=EDGE_LOOP('',(#4377,#4378,#4379,#4380));
#993=EDGE_LOOP('',(#4381,#4382,#4383,#4384));
#994=EDGE_LOOP('',(#4385,#4386,#4387,#4388));
#995=EDGE_LOOP('',(#4389,#4390,#4391,#4392));
#996=EDGE_LOOP('',(#4393,#4394,#4395,#4396));
#997=EDGE_LOOP('',(#4397,#4398,#4399,#4400,#4401,#4402));
#998=EDGE_LOOP('',(#4403,#4404,#4405,#4406));
#999=EDGE_LOOP('',(#4407,#4408,#4409,#4410,#4411));
#1000=EDGE_LOOP('',(#4412,#4413,#4414,#4415));
#1001=EDGE_LOOP('',(#4416,#4417,#4418,#4419,#4420));
#1002=EDGE_LOOP('',(#4421,#4422,#4423,#4424));
#1003=EDGE_LOOP('',(#4425,#4426,#4427,#4428,#4429));
#1004=EDGE_LOOP('',(#4430,#4431,#4432,#4433));
#1005=EDGE_LOOP('',(#4434,#4435,#4436,#4437,#4438));
#1006=EDGE_LOOP('',(#4439,#4440,#4441,#4442));
#1007=EDGE_LOOP('',(#4443,#4444,#4445,#4446,#4447));
#1008=EDGE_LOOP('',(#4448,#4449,#4450,#4451,#4452,#4453,#4454,#4455,#4456,
#4457));
#1009=EDGE_LOOP('',(#4458,#4459,#4460,#4461,#4462));
#1010=EDGE_LOOP('',(#4463,#4464,#4465,#4466));
#1011=EDGE_LOOP('',(#4467,#4468,#4469,#4470,#4471));
#1012=EDGE_LOOP('',(#4472,#4473,#4474,#4475));
#1013=EDGE_LOOP('',(#4476,#4477,#4478,#4479,#4480));
#1014=EDGE_LOOP('',(#4481,#4482,#4483,#4484));
#1015=EDGE_LOOP('',(#4485,#4486,#4487,#4488,#4489));
#1016=EDGE_LOOP('',(#4490,#4491,#4492,#4493));
#1017=EDGE_LOOP('',(#4494,#4495,#4496,#4497,#4498));
#1018=EDGE_LOOP('',(#4499,#4500,#4501,#4502));
#1019=EDGE_LOOP('',(#4503,#4504,#4505,#4506,#4507));
#1020=EDGE_LOOP('',(#4508,#4509,#4510,#4511));
#1021=EDGE_LOOP('',(#4512,#4513,#4514,#4515,#4516));
#1022=EDGE_LOOP('',(#4517,#4518,#4519,#4520));
#1023=EDGE_LOOP('',(#4521,#4522,#4523,#4524,#4525));
#1024=EDGE_LOOP('',(#4526,#4527,#4528,#4529));
#1025=EDGE_LOOP('',(#4530,#4531,#4532,#4533,#4534));
#1026=EDGE_LOOP('',(#4535,#4536,#4537,#4538));
#1027=EDGE_LOOP('',(#4539,#4540,#4541,#4542,#4543));
#1028=EDGE_LOOP('',(#4544,#4545,#4546,#4547));
#1029=EDGE_LOOP('',(#4548,#4549,#4550,#4551,#4552,#4553,#4554));
#1030=LINE('',#6466,#1392);
#1031=LINE('',#6471,#1393);
#1032=LINE('',#6478,#1394);
#1033=LINE('',#6492,#1395);
#1034=LINE('',#6507,#1396);
#1035=LINE('',#6533,#1397);
#1036=LINE('',#6559,#1398);
#1037=LINE('',#6585,#1399);
#1038=LINE('',#6611,#1400);
#1039=LINE('',#6637,#1401);
#1040=LINE('',#6663,#1402);
#1041=LINE('',#6678,#1403);
#1042=LINE('',#6687,#1404);
#1043=LINE('',#6689,#1405);
#1044=LINE('',#6691,#1406);
#1045=LINE('',#6693,#1407);
#1046=LINE('',#6695,#1408);
#1047=LINE('',#6721,#1409);
#1048=LINE('',#6723,#1410);
#1049=LINE('',#6724,#1411);
#1050=LINE('',#6726,#1412);
#1051=LINE('',#6728,#1413);
#1052=LINE('',#6729,#1414);
#1053=LINE('',#6736,#1415);
#1054=LINE('',#6901,#1416);
#1055=LINE('',#6943,#1417);
#1056=LINE('',#6972,#1418);
#1057=LINE('',#6975,#1419);
#1058=LINE('',#6979,#1420);
#1059=LINE('',#7046,#1421);
#1060=LINE('',#7069,#1422);
#1061=LINE('',#7081,#1423);
#1062=LINE('',#7110,#1424);
#1063=LINE('',#7113,#1425);
#1064=LINE('',#7117,#1426);
#1065=LINE('',#7184,#1427);
#1066=LINE('',#7186,#1428);
#1067=LINE('',#7199,#1429);
#1068=LINE('',#7200,#1430);
#1069=LINE('',#7213,#1431);
#1070=LINE('',#7215,#1432);
#1071=LINE('',#7229,#1433);
#1072=LINE('',#7231,#1434);
#1073=LINE('',#7247,#1435);
#1074=LINE('',#7251,#1436);
#1075=LINE('',#7255,#1437);
#1076=LINE('',#7257,#1438);
#1077=LINE('',#7259,#1439);
#1078=LINE('',#7261,#1440);
#1079=LINE('',#7262,#1441);
#1080=LINE('',#7265,#1442);
#1081=LINE('',#7269,#1443);
#1082=LINE('',#7273,#1444);
#1083=LINE('',#7275,#1445);
#1084=LINE('',#7276,#1446);
#1085=LINE('',#7280,#1447);
#1086=LINE('',#7284,#1448);
#1087=LINE('',#7288,#1449);
#1088=LINE('',#7290,#1450);
#1089=LINE('',#7291,#1451);
#1090=LINE('',#7292,#1452);
#1091=LINE('',#7295,#1453);
#1092=LINE('',#7299,#1454);
#1093=LINE('',#7302,#1455);
#1094=LINE('',#7303,#1456);
#1095=LINE('',#7307,#1457);
#1096=LINE('',#7311,#1458);
#1097=LINE('',#7315,#1459);
#1098=LINE('',#7317,#1460);
#1099=LINE('',#7318,#1461);
#1100=LINE('',#7319,#1462);
#1101=LINE('',#7322,#1463);
#1102=LINE('',#7326,#1464);
#1103=LINE('',#7329,#1465);
#1104=LINE('',#7330,#1466);
#1105=LINE('',#7365,#1467);
#1106=LINE('',#7374,#1468);
#1107=LINE('',#7375,#1469);
#1108=LINE('',#7376,#1470);
#1109=LINE('',#7407,#1471);
#1110=LINE('',#7425,#1472);
#1111=LINE('',#7429,#1473);
#1112=LINE('',#7485,#1474);
#1113=LINE('',#7495,#1475);
#1114=LINE('',#7505,#1476);
#1115=LINE('',#7507,#1477);
#1116=LINE('',#7508,#1478);
#1117=LINE('',#7563,#1479);
#1118=LINE('',#7564,#1480);
#1119=LINE('',#7566,#1481);
#1120=LINE('',#7568,#1482);
#1121=LINE('',#7570,#1483);
#1122=LINE('',#7574,#1484);
#1123=LINE('',#7575,#1485);
#1124=LINE('',#7605,#1486);
#1125=LINE('',#7615,#1487);
#1126=LINE('',#7617,#1488);
#1127=LINE('',#7668,#1489);
#1128=LINE('',#7677,#1490);
#1129=LINE('',#7679,#1491);
#1130=LINE('',#7701,#1492);
#1131=LINE('',#7702,#1493);
#1132=LINE('',#7704,#1494);
#1133=LINE('',#7706,#1495);
#1134=LINE('',#7708,#1496);
#1135=LINE('',#7712,#1497);
#1136=LINE('',#7713,#1498);
#1137=LINE('',#7743,#1499);
#1138=LINE('',#7753,#1500);
#1139=LINE('',#7755,#1501);
#1140=LINE('',#7806,#1502);
#1141=LINE('',#7815,#1503);
#1142=LINE('',#7817,#1504);
#1143=LINE('',#7839,#1505);
#1144=LINE('',#7840,#1506);
#1145=LINE('',#7842,#1507);
#1146=LINE('',#7844,#1508);
#1147=LINE('',#7846,#1509);
#1148=LINE('',#7849,#1510);
#1149=LINE('',#7853,#1511);
#1150=LINE('',#7856,#1512);
#1151=LINE('',#7861,#1513);
#1152=LINE('',#7865,#1514);
#1153=LINE('',#7869,#1515);
#1154=LINE('',#7871,#1516);
#1155=LINE('',#7873,#1517);
#1156=LINE('',#7875,#1518);
#1157=LINE('',#7876,#1519);
#1158=LINE('',#7879,#1520);
#1159=LINE('',#7883,#1521);
#1160=LINE('',#7887,#1522);
#1161=LINE('',#7889,#1523);
#1162=LINE('',#7890,#1524);
#1163=LINE('',#7921,#1525);
#1164=LINE('',#7930,#1526);
#1165=LINE('',#7931,#1527);
#1166=LINE('',#7932,#1528);
#1167=LINE('',#7963,#1529);
#1168=LINE('',#7981,#1530);
#1169=LINE('',#7985,#1531);
#1170=LINE('',#8041,#1532);
#1171=LINE('',#8051,#1533);
#1172=LINE('',#8061,#1534);
#1173=LINE('',#8063,#1535);
#1174=LINE('',#8064,#1536);
#1175=LINE('',#8119,#1537);
#1176=LINE('',#8120,#1538);
#1177=LINE('',#8122,#1539);
#1178=LINE('',#8124,#1540);
#1179=LINE('',#8126,#1541);
#1180=LINE('',#8130,#1542);
#1181=LINE('',#8135,#1543);
#1182=LINE('',#8141,#1544);
#1183=LINE('',#8144,#1545);
#1184=LINE('',#8149,#1546);
#1185=LINE('',#8162,#1547);
#1186=LINE('',#8168,#1548);
#1187=LINE('',#8175,#1549);
#1188=LINE('',#8178,#1550);
#1189=LINE('',#8181,#1551);
#1190=LINE('',#8187,#1552);
#1191=LINE('',#8200,#1553);
#1192=LINE('',#8207,#1554);
#1193=LINE('',#8210,#1555);
#1194=LINE('',#8235,#1556);
#1195=LINE('',#8237,#1557);
#1196=LINE('',#8239,#1558);
#1197=LINE('',#8240,#1559);
#1198=LINE('',#8256,#1560);
#1199=LINE('',#8282,#1561);
#1200=LINE('',#8308,#1562);
#1201=LINE('',#8312,#1563);
#1202=LINE('',#8327,#1564);
#1203=LINE('',#8353,#1565);
#1204=LINE('',#8379,#1566);
#1205=LINE('',#8405,#1567);
#1206=LINE('',#8431,#1568);
#1207=LINE('',#8445,#1569);
#1208=LINE('',#8446,#1570);
#1209=LINE('',#8447,#1571);
#1210=LINE('',#8448,#1572);
#1211=LINE('',#8449,#1573);
#1212=LINE('',#8465,#1574);
#1213=LINE('',#8491,#1575);
#1214=LINE('',#8505,#1576);
#1215=LINE('',#8508,#1577);
#1216=LINE('',#8509,#1578);
#1217=LINE('',#8510,#1579);
#1218=LINE('',#8512,#1580);
#1219=LINE('',#8514,#1581);
#1220=LINE('',#8516,#1582);
#1221=LINE('',#8518,#1583);
#1222=LINE('',#8523,#1584);
#1223=LINE('',#8526,#1585);
#1224=LINE('',#8527,#1586);
#1225=LINE('',#8532,#1587);
#1226=LINE('',#8536,#1588);
#1227=LINE('',#8542,#1589);
#1228=LINE('',#8543,#1590);
#1229=LINE('',#8546,#1591);
#1230=LINE('',#8548,#1592);
#1231=LINE('',#8553,#1593);
#1232=LINE('',#8557,#1594);
#1233=LINE('',#8563,#1595);
#1234=LINE('',#8564,#1596);
#1235=LINE('',#8567,#1597);
#1236=LINE('',#8569,#1598);
#1237=LINE('',#8574,#1599);
#1238=LINE('',#8578,#1600);
#1239=LINE('',#8584,#1601);
#1240=LINE('',#8585,#1602);
#1241=LINE('',#8588,#1603);
#1242=LINE('',#8590,#1604);
#1243=LINE('',#8595,#1605);
#1244=LINE('',#8599,#1606);
#1245=LINE('',#8605,#1607);
#1246=LINE('',#8606,#1608);
#1247=LINE('',#8609,#1609);
#1248=LINE('',#8611,#1610);
#1249=LINE('',#8615,#1611);
#1250=LINE('',#8618,#1612);
#1251=LINE('',#8621,#1613);
#1252=LINE('',#8622,#1614);
#1253=LINE('',#8626,#1615);
#1254=LINE('',#8628,#1616);
#1255=LINE('',#8631,#1617);
#1256=LINE('',#8634,#1618);
#1257=LINE('',#8637,#1619);
#1258=LINE('',#8638,#1620);
#1259=LINE('',#8642,#1621);
#1260=LINE('',#8644,#1622);
#1261=LINE('',#8647,#1623);
#1262=LINE('',#8650,#1624);
#1263=LINE('',#8653,#1625);
#1264=LINE('',#8654,#1626);
#1265=LINE('',#8658,#1627);
#1266=LINE('',#8660,#1628);
#1267=LINE('',#8663,#1629);
#1268=LINE('',#8666,#1630);
#1269=LINE('',#8669,#1631);
#1270=LINE('',#8670,#1632);
#1271=LINE('',#8674,#1633);
#1272=LINE('',#8676,#1634);
#1273=LINE('',#8681,#1635);
#1274=LINE('',#8687,#1636);
#1275=LINE('',#8693,#1637);
#1276=LINE('',#8851,#1638);
#1277=LINE('',#8881,#1639);
#1278=LINE('',#8896,#1640);
#1279=LINE('',#8926,#1641);
#1280=LINE('',#8941,#1642);
#1281=LINE('',#8971,#1643);
#1282=LINE('',#8986,#1644);
#1283=LINE('',#9016,#1645);
#1284=LINE('',#9047,#1646);
#1285=LINE('',#9064,#1647);
#1286=LINE('',#9071,#1648);
#1287=LINE('',#9073,#1649);
#1288=LINE('',#9075,#1650);
#1289=LINE('',#9076,#1651);
#1290=LINE('',#9080,#1652);
#1291=LINE('',#9082,#1653);
#1292=LINE('',#9083,#1654);
#1293=LINE('',#9086,#1655);
#1294=LINE('',#9090,#1656);
#1295=LINE('',#9094,#1657);
#1296=LINE('',#9098,#1658);
#1297=LINE('',#9102,#1659);
#1298=LINE('',#9104,#1660);
#1299=LINE('',#9106,#1661);
#1300=LINE('',#9108,#1662);
#1301=LINE('',#9109,#1663);
#1302=LINE('',#9112,#1664);
#1303=LINE('',#9114,#1665);
#1304=LINE('',#9115,#1666);
#1305=LINE('',#9152,#1667);
#1306=LINE('',#9174,#1668);
#1307=LINE('',#9177,#1669);
#1308=LINE('',#9200,#1670);
#1309=LINE('',#9237,#1671);
#1310=LINE('',#9240,#1672);
#1311=LINE('',#9241,#1673);
#1312=LINE('',#9340,#1674);
#1313=LINE('',#9367,#1675);
#1314=LINE('',#9368,#1676);
#1315=LINE('',#9405,#1677);
#1316=LINE('',#9427,#1678);
#1317=LINE('',#9430,#1679);
#1318=LINE('',#9453,#1680);
#1319=LINE('',#9490,#1681);
#1320=LINE('',#9493,#1682);
#1321=LINE('',#9494,#1683);
#1322=LINE('',#9573,#1684);
#1323=LINE('',#9600,#1685);
#1324=LINE('',#9601,#1686);
#1325=LINE('',#9638,#1687);
#1326=LINE('',#9660,#1688);
#1327=LINE('',#9663,#1689);
#1328=LINE('',#9686,#1690);
#1329=LINE('',#9723,#1691);
#1330=LINE('',#9726,#1692);
#1331=LINE('',#9727,#1693);
#1332=LINE('',#9833,#1694);
#1333=LINE('',#9853,#1695);
#1334=LINE('',#9854,#1696);
#1335=LINE('',#9891,#1697);
#1336=LINE('',#9913,#1698);
#1337=LINE('',#9916,#1699);
#1338=LINE('',#9939,#1700);
#1339=LINE('',#9976,#1701);
#1340=LINE('',#9979,#1702);
#1341=LINE('',#9980,#1703);
#1342=LINE('',#10037,#1704);
#1343=LINE('',#10042,#1705);
#1344=LINE('',#10044,#1706);
#1345=LINE('',#10049,#1707);
#1346=LINE('',#10060,#1708);
#1347=LINE('',#10062,#1709);
#1348=LINE('',#10063,#1710);
#1349=LINE('',#10065,#1711);
#1350=LINE('',#10067,#1712);
#1351=LINE('',#10071,#1713);
#1352=LINE('',#10072,#1714);
#1353=LINE('',#10074,#1715);
#1354=LINE('',#10076,#1716);
#1355=LINE('',#10078,#1717);
#1356=LINE('',#10080,#1718);
#1357=LINE('',#10082,#1719);
#1358=LINE('',#10084,#1720);
#1359=LINE('',#10087,#1721);
#1360=LINE('',#10088,#1722);
#1361=LINE('',#10090,#1723);
#1362=LINE('',#10092,#1724);
#1363=LINE('',#10094,#1725);
#1364=LINE('',#10096,#1726);
#1365=LINE('',#10098,#1727);
#1366=LINE('',#10100,#1728);
#1367=LINE('',#10102,#1729);
#1368=LINE('',#10104,#1730);
#1369=LINE('',#10106,#1731);
#1370=LINE('',#10108,#1732);
#1371=LINE('',#10110,#1733);
#1372=LINE('',#10112,#1734);
#1373=LINE('',#10114,#1735);
#1374=LINE('',#10116,#1736);
#1375=LINE('',#10118,#1737);
#1376=LINE('',#10120,#1738);
#1377=LINE('',#10122,#1739);
#1378=LINE('',#10124,#1740);
#1379=LINE('',#10126,#1741);
#1380=LINE('',#10128,#1742);
#1381=LINE('',#10130,#1743);
#1382=LINE('',#10132,#1744);
#1383=LINE('',#10134,#1745);
#1384=LINE('',#10136,#1746);
#1385=LINE('',#10138,#1747);
#1386=LINE('',#10140,#1748);
#1387=LINE('',#10142,#1749);
#1388=LINE('',#10144,#1750);
#1389=LINE('',#10146,#1751);
#1390=LINE('',#10148,#1752);
#1391=LINE('',#10150,#1753);
#1392=VECTOR('',#5298,21.74275979108);
#1393=VECTOR('',#5303,10.);
#1394=VECTOR('',#5304,10.);
#1395=VECTOR('',#5307,21.99925979108);
#1396=VECTOR('',#5310,10.);
#1397=VECTOR('',#5313,10.);
#1398=VECTOR('',#5316,10.);
#1399=VECTOR('',#5319,10.);
#1400=VECTOR('',#5322,10.);
#1401=VECTOR('',#5325,10.);
#1402=VECTOR('',#5328,10.);
#1403=VECTOR('',#5331,10.);
#1404=VECTOR('',#5342,10.);
#1405=VECTOR('',#5343,10.);
#1406=VECTOR('',#5344,10.);
#1407=VECTOR('',#5345,10.);
#1408=VECTOR('',#5346,10.);
#1409=VECTOR('',#5349,10.);
#1410=VECTOR('',#5350,10.);
#1411=VECTOR('',#5351,10.);
#1412=VECTOR('',#5352,10.);
#1413=VECTOR('',#5353,10.);
#1414=VECTOR('',#5354,10.);
#1415=VECTOR('',#5363,23.99608128638);
#1416=VECTOR('',#5410,10.);
#1417=VECTOR('',#5413,10.);
#1418=VECTOR('',#5416,10.);
#1419=VECTOR('',#5417,10.);
#1420=VECTOR('',#5420,10.);
#1421=VECTOR('',#5423,10.);
#1422=VECTOR('',#5424,10.);
#1423=VECTOR('',#5427,10.);
#1424=VECTOR('',#5430,10.);
#1425=VECTOR('',#5431,10.);
#1426=VECTOR('',#5434,10.);
#1427=VECTOR('',#5437,10.);
#1428=VECTOR('',#5440,10.);
#1429=VECTOR('',#5443,10.);
#1430=VECTOR('',#5444,10.);
#1431=VECTOR('',#5447,10.);
#1432=VECTOR('',#5448,10.);
#1433=VECTOR('',#5451,10.);
#1434=VECTOR('',#5452,10.);
#1435=VECTOR('',#5455,10.);
#1436=VECTOR('',#5458,10.);
#1437=VECTOR('',#5463,10.);
#1438=VECTOR('',#5464,10.);
#1439=VECTOR('',#5465,10.);
#1440=VECTOR('',#5466,10.);
#1441=VECTOR('',#5467,10.);
#1442=VECTOR('',#5470,10.);
#1443=VECTOR('',#5475,10.);
#1444=VECTOR('',#5480,10.);
#1445=VECTOR('',#5481,10.);
#1446=VECTOR('',#5482,10.);
#1447=VECTOR('',#5485,10.);
#1448=VECTOR('',#5488,10.);
#1449=VECTOR('',#5493,10.);
#1450=VECTOR('',#5494,10.);
#1451=VECTOR('',#5495,10.);
#1452=VECTOR('',#5496,10.);
#1453=VECTOR('',#5499,10.);
#1454=VECTOR('',#5504,10.);
#1455=VECTOR('',#5509,10.);
#1456=VECTOR('',#5510,10.);
#1457=VECTOR('',#5513,10.);
#1458=VECTOR('',#5516,10.);
#1459=VECTOR('',#5521,10.);
#1460=VECTOR('',#5522,10.);
#1461=VECTOR('',#5523,10.);
#1462=VECTOR('',#5524,10.);
#1463=VECTOR('',#5527,10.);
#1464=VECTOR('',#5532,10.);
#1465=VECTOR('',#5537,10.);
#1466=VECTOR('',#5538,10.);
#1467=VECTOR('',#5555,10.);
#1468=VECTOR('',#5558,10.);
#1469=VECTOR('',#5559,10.);
#1470=VECTOR('',#5560,10.);
#1471=VECTOR('',#5561,10.);
#1472=VECTOR('',#5564,10.);
#1473=VECTOR('',#5567,10.);
#1474=VECTOR('',#5570,10.);
#1475=VECTOR('',#5571,10.);
#1476=VECTOR('',#5574,10.);
#1477=VECTOR('',#5575,10.);
#1478=VECTOR('',#5576,10.);
#1479=VECTOR('',#5579,10.);
#1480=VECTOR('',#5580,10.);
#1481=VECTOR('',#5583,10.);
#1482=VECTOR('',#5586,10.);
#1483=VECTOR('',#5589,10.);
#1484=VECTOR('',#5594,10.);
#1485=VECTOR('',#5595,10.);
#1486=VECTOR('',#5596,10.);
#1487=VECTOR('',#5599,10.);
#1488=VECTOR('',#5600,10.);
#1489=VECTOR('',#5603,10.);
#1490=VECTOR('',#5604,10.);
#1491=VECTOR('',#5607,10.);
#1492=VECTOR('',#5610,10.);
#1493=VECTOR('',#5611,10.);
#1494=VECTOR('',#5614,10.);
#1495=VECTOR('',#5617,10.);
#1496=VECTOR('',#5620,10.);
#1497=VECTOR('',#5625,10.);
#1498=VECTOR('',#5626,10.);
#1499=VECTOR('',#5627,10.);
#1500=VECTOR('',#5630,10.);
#1501=VECTOR('',#5631,10.);
#1502=VECTOR('',#5634,10.);
#1503=VECTOR('',#5635,10.);
#1504=VECTOR('',#5638,10.);
#1505=VECTOR('',#5641,10.);
#1506=VECTOR('',#5642,10.);
#1507=VECTOR('',#5645,10.);
#1508=VECTOR('',#5648,10.);
#1509=VECTOR('',#5651,10.);
#1510=VECTOR('',#5656,10.);
#1511=VECTOR('',#5663,10.);
#1512=VECTOR('',#5668,10.);
#1513=VECTOR('',#5673,10.);
#1514=VECTOR('',#5676,10.);
#1515=VECTOR('',#5681,10.);
#1516=VECTOR('',#5682,10.);
#1517=VECTOR('',#5683,10.);
#1518=VECTOR('',#5684,10.);
#1519=VECTOR('',#5685,10.);
#1520=VECTOR('',#5688,10.);
#1521=VECTOR('',#5693,10.);
#1522=VECTOR('',#5698,10.);
#1523=VECTOR('',#5699,10.);
#1524=VECTOR('',#5700,10.);
#1525=VECTOR('',#5709,10.);
#1526=VECTOR('',#5712,10.);
#1527=VECTOR('',#5713,10.);
#1528=VECTOR('',#5714,10.);
#1529=VECTOR('',#5715,10.);
#1530=VECTOR('',#5718,10.);
#1531=VECTOR('',#5721,10.);
#1532=VECTOR('',#5724,10.);
#1533=VECTOR('',#5725,10.);
#1534=VECTOR('',#5728,10.);
#1535=VECTOR('',#5729,10.);
#1536=VECTOR('',#5730,10.);
#1537=VECTOR('',#5733,10.);
#1538=VECTOR('',#5734,10.);
#1539=VECTOR('',#5737,10.);
#1540=VECTOR('',#5740,10.);
#1541=VECTOR('',#5743,10.);
#1542=VECTOR('',#5750,10.);
#1543=VECTOR('',#5757,23.62222239543);
#1544=VECTOR('',#5764,20.32285979108);
#1545=VECTOR('',#5769,19.45925979108);
#1546=VECTOR('',#5774,2.0945);
#1547=VECTOR('',#5789,1.935);
#1548=VECTOR('',#5796,2.0945);
#1549=VECTOR('',#5803,10.);
#1550=VECTOR('',#5806,10.);
#1551=VECTOR('',#5809,1.935);
#1552=VECTOR('',#5816,2.0945);
#1553=VECTOR('',#5831,1.935);
#1554=VECTOR('',#5838,3.4012506754);
#1555=VECTOR('',#5841,10.);
#1556=VECTOR('',#5866,10.);
#1557=VECTOR('',#5867,10.);
#1558=VECTOR('',#5868,10.);
#1559=VECTOR('',#5869,10.);
#1560=VECTOR('',#5874,10.);
#1561=VECTOR('',#5877,10.);
#1562=VECTOR('',#5880,10.);
#1563=VECTOR('',#5883,10.);
#1564=VECTOR('',#5886,10.);
#1565=VECTOR('',#5889,10.);
#1566=VECTOR('',#5892,10.);
#1567=VECTOR('',#5895,10.);
#1568=VECTOR('',#5898,10.);
#1569=VECTOR('',#5901,3.4012506754);
#1570=VECTOR('',#5902,3.4012506754);
#1571=VECTOR('',#5903,3.4012506754);
#1572=VECTOR('',#5904,3.4012506754);
#1573=VECTOR('',#5905,3.4012506754);
#1574=VECTOR('',#5908,10.);
#1575=VECTOR('',#5911,10.);
#1576=VECTOR('',#5916,10.);
#1577=VECTOR('',#5919,10.);
#1578=VECTOR('',#5920,10.);
#1579=VECTOR('',#5921,10.);
#1580=VECTOR('',#5924,10.);
#1581=VECTOR('',#5927,10.);
#1582=VECTOR('',#5930,10.);
#1583=VECTOR('',#5933,10.);
#1584=VECTOR('',#5940,10.);
#1585=VECTOR('',#5945,10.);
#1586=VECTOR('',#5946,10.);
#1587=VECTOR('',#5951,10.);
#1588=VECTOR('',#5954,10.);
#1589=VECTOR('',#5961,10.);
#1590=VECTOR('',#5962,10.);
#1591=VECTOR('',#5965,10.);
#1592=VECTOR('',#5966,10.);
#1593=VECTOR('',#5971,10.);
#1594=VECTOR('',#5974,10.);
#1595=VECTOR('',#5981,10.);
#1596=VECTOR('',#5982,10.);
#1597=VECTOR('',#5985,10.);
#1598=VECTOR('',#5986,10.);
#1599=VECTOR('',#5991,10.);
#1600=VECTOR('',#5994,10.);
#1601=VECTOR('',#6001,10.);
#1602=VECTOR('',#6002,10.);
#1603=VECTOR('',#6005,10.);
#1604=VECTOR('',#6006,10.);
#1605=VECTOR('',#6011,10.);
#1606=VECTOR('',#6014,10.);
#1607=VECTOR('',#6021,10.);
#1608=VECTOR('',#6022,10.);
#1609=VECTOR('',#6025,10.);
#1610=VECTOR('',#6026,10.);
#1611=VECTOR('',#6031,10.);
#1612=VECTOR('',#6034,10.);
#1613=VECTOR('',#6037,10.);
#1614=VECTOR('',#6038,10.);
#1615=VECTOR('',#6043,10.);
#1616=VECTOR('',#6046,10.);
#1617=VECTOR('',#6049,10.);
#1618=VECTOR('',#6052,10.);
#1619=VECTOR('',#6055,10.);
#1620=VECTOR('',#6056,10.);
#1621=VECTOR('',#6061,10.);
#1622=VECTOR('',#6064,10.);
#1623=VECTOR('',#6067,10.);
#1624=VECTOR('',#6070,10.);
#1625=VECTOR('',#6073,10.);
#1626=VECTOR('',#6074,10.);
#1627=VECTOR('',#6079,10.);
#1628=VECTOR('',#6082,10.);
#1629=VECTOR('',#6085,10.);
#1630=VECTOR('',#6088,10.);
#1631=VECTOR('',#6091,10.);
#1632=VECTOR('',#6092,10.);
#1633=VECTOR('',#6097,10.);
#1634=VECTOR('',#6100,10.);
#1635=VECTOR('',#6105,1.1);
#1636=VECTOR('',#6112,1.1);
#1637=VECTOR('',#6119,10.);
#1638=VECTOR('',#6134,10.);
#1639=VECTOR('',#6137,10.);
#1640=VECTOR('',#6142,10.);
#1641=VECTOR('',#6145,10.);
#1642=VECTOR('',#6150,10.);
#1643=VECTOR('',#6153,10.);
#1644=VECTOR('',#6158,10.);
#1645=VECTOR('',#6161,10.);
#1646=VECTOR('',#6162,10.);
#1647=VECTOR('',#6165,10.);
#1648=VECTOR('',#6174,10.);
#1649=VECTOR('',#6175,10.);
#1650=VECTOR('',#6176,10.);
#1651=VECTOR('',#6177,10.);
#1652=VECTOR('',#6182,1.1);
#1653=VECTOR('',#6185,10.);
#1654=VECTOR('',#6186,10.);
#1655=VECTOR('',#6187,10.);
#1656=VECTOR('',#6190,10.);
#1657=VECTOR('',#6193,10.);
#1658=VECTOR('',#6196,10.);
#1659=VECTOR('',#6201,10.);
#1660=VECTOR('',#6202,10.);
#1661=VECTOR('',#6203,10.);
#1662=VECTOR('',#6204,10.);
#1663=VECTOR('',#6205,10.);
#1664=VECTOR('',#6208,10.);
#1665=VECTOR('',#6209,10.);
#1666=VECTOR('',#6210,10.);
#1667=VECTOR('',#6211,10.);
#1668=VECTOR('',#6212,10.);
#1669=VECTOR('',#6215,10.);
#1670=VECTOR('',#6218,10.);
#1671=VECTOR('',#6219,10.);
#1672=VECTOR('',#6222,10.);
#1673=VECTOR('',#6223,10.);
#1674=VECTOR('',#6224,10.);
#1675=VECTOR('',#6233,10.);
#1676=VECTOR('',#6234,10.);
#1677=VECTOR('',#6235,10.);
#1678=VECTOR('',#6236,10.);
#1679=VECTOR('',#6239,10.);
#1680=VECTOR('',#6242,10.);
#1681=VECTOR('',#6243,10.);
#1682=VECTOR('',#6246,10.);
#1683=VECTOR('',#6247,10.);
#1684=VECTOR('',#6248,10.);
#1685=VECTOR('',#6257,10.);
#1686=VECTOR('',#6258,10.);
#1687=VECTOR('',#6259,10.);
#1688=VECTOR('',#6260,10.);
#1689=VECTOR('',#6263,10.);
#1690=VECTOR('',#6266,10.);
#1691=VECTOR('',#6267,10.);
#1692=VECTOR('',#6270,10.);
#1693=VECTOR('',#6271,10.);
#1694=VECTOR('',#6272,10.);
#1695=VECTOR('',#6281,10.);
#1696=VECTOR('',#6282,10.);
#1697=VECTOR('',#6283,10.);
#1698=VECTOR('',#6284,10.);
#1699=VECTOR('',#6287,10.);
#1700=VECTOR('',#6290,10.);
#1701=VECTOR('',#6291,10.);
#1702=VECTOR('',#6294,10.);
#1703=VECTOR('',#6295,10.);
#1704=VECTOR('',#6300,10.);
#1705=VECTOR('',#6307,23.9960812858543);
#1706=VECTOR('',#6308,10.);
#1707=VECTOR('',#6313,10.);
#1708=VECTOR('',#6320,10.);
#1709=VECTOR('',#6323,10.);
#1710=VECTOR('',#6324,10.);
#1711=VECTOR('',#6327,10.);
#1712=VECTOR('',#6330,10.);
#1713=VECTOR('',#6337,10.);
#1714=VECTOR('',#6338,10.);
#1715=VECTOR('',#6341,10.);
#1716=VECTOR('',#6344,10.);
#1717=VECTOR('',#6347,10.);
#1718=VECTOR('',#6350,10.);
#1719=VECTOR('',#6353,10.);
#1720=VECTOR('',#6356,10.);
#1721=VECTOR('',#6361,10.);
#1722=VECTOR('',#6362,10.);
#1723=VECTOR('',#6365,10.);
#1724=VECTOR('',#6368,10.);
#1725=VECTOR('',#6371,10.);
#1726=VECTOR('',#6374,10.);
#1727=VECTOR('',#6377,10.);
#1728=VECTOR('',#6380,10.);
#1729=VECTOR('',#6383,10.);
#1730=VECTOR('',#6386,10.);
#1731=VECTOR('',#6389,10.);
#1732=VECTOR('',#6392,10.);
#1733=VECTOR('',#6395,10.);
#1734=VECTOR('',#6398,10.);
#1735=VECTOR('',#6401,10.);
#1736=VECTOR('',#6404,10.);
#1737=VECTOR('',#6407,10.);
#1738=VECTOR('',#6410,10.);
#1739=VECTOR('',#6413,10.);
#1740=VECTOR('',#6416,10.);
#1741=VECTOR('',#6419,10.);
#1742=VECTOR('',#6422,10.);
#1743=VECTOR('',#6425,10.);
#1744=VECTOR('',#6428,10.);
#1745=VECTOR('',#6431,10.);
#1746=VECTOR('',#6434,10.);
#1747=VECTOR('',#6437,10.);
#1748=VECTOR('',#6440,10.);
#1749=VECTOR('',#6443,10.);
#1750=VECTOR('',#6446,10.);
#1751=VECTOR('',#6449,10.);
#1752=VECTOR('',#6452,10.);
#1753=VECTOR('',#6455,10.);
#1754=CIRCLE('',#4889,21.48625979108);
#1755=CIRCLE('',#4890,21.99925979108);
#1756=CIRCLE('',#4892,21.99925979108);
#1757=CIRCLE('',#4893,21.99925979108);
#1758=CIRCLE('',#4894,21.99925979108);
#1759=CIRCLE('',#4895,21.99925979108);
#1760=CIRCLE('',#4896,21.99925979108);
#1761=CIRCLE('',#4897,21.99925979108);
#1762=CIRCLE('',#4898,21.99925979108);
#1763=CIRCLE('',#4899,21.99925979108);
#1764=CIRCLE('',#4900,21.99925979108);
#1765=CIRCLE('',#4901,21.99925979108);
#1766=CIRCLE('',#4903,19.45925979108);
#1767=CIRCLE('',#4908,23.99608128638);
#1768=CIRCLE('',#4910,23.99608128638);
#1769=CIRCLE('',#4911,23.99608128638);
#1770=CIRCLE('',#4912,23.99608128638);
#1771=CIRCLE('',#4914,23.3834500289023);
#1772=CIRCLE('',#4916,22.9923669936776);
#1773=CIRCLE('',#4917,22.99601175998);
#1774=CIRCLE('',#4918,22.9923669936776);
#1775=CIRCLE('',#4919,22.99601175998);
#1776=CIRCLE('',#4920,22.9923669936776);
#1777=CIRCLE('',#4921,22.99601175998);
#1778=CIRCLE('',#4922,22.9923669936776);
#1779=CIRCLE('',#4923,22.99601175998);
#1780=CIRCLE('',#4924,22.9923669936776);
#1781=CIRCLE('',#4926,22.6012839584528);
#1782=CIRCLE('',#4929,22.6012839584528);
#1783=CIRCLE('',#4931,22.6012839584528);
#1784=CIRCLE('',#4933,22.6012839584528);
#1785=CIRCLE('',#4935,22.99601175998);
#1786=CIRCLE('',#4936,22.99601175998);
#1787=CIRCLE('',#4937,22.99601175998);
#1788=CIRCLE('',#4939,22.99601175998);
#1789=CIRCLE('',#4940,22.99601175998);
#1790=CIRCLE('',#4941,22.99601175998);
#1791=CIRCLE('',#4947,22.9954054246886);
#1792=CIRCLE('',#4948,22.5079764245886);
#1793=CIRCLE('',#4951,22.5079764245886);
#1794=CIRCLE('',#4953,22.9954054246886);
#1795=CIRCLE('',#4956,22.9954054246886);
#1796=CIRCLE('',#4957,22.5079764245886);
#1797=CIRCLE('',#4960,22.5079764245886);
#1798=CIRCLE('',#4962,22.9954054246886);
#1799=CIRCLE('',#4965,22.9954054246886);
#1800=CIRCLE('',#4966,22.5079764245886);
#1801=CIRCLE('',#4969,22.5079764245886);
#1802=CIRCLE('',#4971,22.9954054246886);
#1803=CIRCLE('',#4974,22.99601175998);
#1804=CIRCLE('',#4976,22.99601175998);
#1805=CIRCLE('',#4983,22.99601175998);
#1806=CIRCLE('',#4984,22.48599446308);
#1807=CIRCLE('',#4993,22.48599446308);
#1808=CIRCLE('',#5002,22.48599446308);
#1809=CIRCLE('',#5017,22.9954054246886);
#1810=CIRCLE('',#5018,22.5079764245886);
#1811=CIRCLE('',#5021,22.5079764245886);
#1812=CIRCLE('',#5023,22.9954054246886);
#1813=CIRCLE('',#5026,22.99601175998);
#1814=CIRCLE('',#5028,22.99601175998);
#1815=CIRCLE('',#5031,22.99601175998);
#1816=CIRCLE('',#5032,22.48599446308);
#1817=CIRCLE('',#5043,23.24836350448);
#1818=CIRCLE('',#5045,21.18645979108);
#1819=CIRCLE('',#5047,19.45925979108);
#1820=CIRCLE('',#5050,2.254);
#1821=CIRCLE('',#5051,1.935);
#1822=CIRCLE('',#5053,21.9992597912901);
#1823=CIRCLE('',#5054,3.4012506754);
#1824=CIRCLE('',#5055,2.782);
#1825=CIRCLE('',#5056,3.4012506754);
#1826=CIRCLE('',#5058,1.935);
#1827=CIRCLE('',#5060,2.254);
#1828=CIRCLE('',#5061,1.935);
#1829=CIRCLE('',#5063,21.9992597912901);
#1830=CIRCLE('',#5064,2.782);
#1831=CIRCLE('',#5066,1.935);
#1832=CIRCLE('',#5068,2.254);
#1833=CIRCLE('',#5069,1.935);
#1834=CIRCLE('',#5071,21.9992597912901);
#1835=CIRCLE('',#5072,3.4012506754);
#1836=CIRCLE('',#5073,2.782);
#1837=CIRCLE('',#5074,3.4012506754);
#1838=CIRCLE('',#5076,1.935);
#1839=CIRCLE('',#5078,3.4012506754);
#1840=CIRCLE('',#5079,3.4012506754);
#1841=CIRCLE('',#5081,21.9992597912901);
#1842=CIRCLE('',#5082,3.4012506754);
#1843=CIRCLE('',#5083,2.782);
#1844=CIRCLE('',#5084,3.4012506754);
#1845=CIRCLE('',#5085,21.9992597912901);
#1846=CIRCLE('',#5086,3.4012506754);
#1847=CIRCLE('',#5087,2.782);
#1848=CIRCLE('',#5088,3.4012506754);
#1849=CIRCLE('',#5089,21.9992597912901);
#1850=CIRCLE('',#5090,3.4012506754);
#1851=CIRCLE('',#5091,2.782);
#1852=CIRCLE('',#5093,21.9992597912901);
#1853=CIRCLE('',#5094,21.9992597912901);
#1854=CIRCLE('',#5095,21.9992597912901);
#1855=CIRCLE('',#5096,21.9992597912901);
#1856=CIRCLE('',#5097,21.9992597912901);
#1857=CIRCLE('',#5098,21.9992597912901);
#1858=CIRCLE('',#5099,21.9992597912901);
#1859=CIRCLE('',#5100,21.9992597912901);
#1860=CIRCLE('',#5101,21.9992597912901);
#1861=CIRCLE('',#5102,21.9992597912901);
#1862=CIRCLE('',#5103,21.9992597912901);
#1863=CIRCLE('',#5104,21.9992597912901);
#1864=CIRCLE('',#5106,3.4012506754);
#1865=CIRCLE('',#5114,21.9992597912901);
#1866=CIRCLE('',#5119,22.559777189006);
#1867=CIRCLE('',#5120,23.049159613406);
#1868=CIRCLE('',#5122,22.559777189006);
#1869=CIRCLE('',#5124,23.049159613406);
#1870=CIRCLE('',#5126,22.559777189006);
#1871=CIRCLE('',#5127,23.049159613406);
#1872=CIRCLE('',#5129,22.559777189006);
#1873=CIRCLE('',#5131,23.049159613406);
#1874=CIRCLE('',#5133,22.559777189006);
#1875=CIRCLE('',#5134,23.049159613406);
#1876=CIRCLE('',#5136,22.559777189006);
#1877=CIRCLE('',#5138,23.049159613406);
#1878=CIRCLE('',#5140,22.559777189006);
#1879=CIRCLE('',#5141,23.049159613406);
#1880=CIRCLE('',#5143,22.559777189006);
#1881=CIRCLE('',#5145,23.049159613406);
#1882=CIRCLE('',#5147,23.07221175998);
#1883=CIRCLE('',#5150,23.07221175998);
#1884=CIRCLE('',#5153,23.07221175998);
#1885=CIRCLE('',#5156,23.07221175998);
#1886=CIRCLE('',#5159,23.07221175998);
#1887=CIRCLE('',#5162,23.07221175998);
#1888=CIRCLE('',#5165,23.07221175998);
#1889=CIRCLE('',#5168,23.07221175998);
#1890=CIRCLE('',#5171,1.1);
#1891=CIRCLE('',#5172,1.1);
#1892=CIRCLE('',#5174,1.1);
#1893=CIRCLE('',#5175,1.1);
#1894=CIRCLE('',#5177,23.3180812858543);
#1895=CIRCLE('',#5178,1.1);
#1896=CIRCLE('',#5179,23.9960812858543);
#1897=CIRCLE('',#5181,23.9960812858543);
#1898=CIRCLE('',#5182,23.9960812858543);
#1899=CIRCLE('',#5184,23.07221175998);
#1900=CIRCLE('',#5185,23.07221175998);
#1901=CIRCLE('',#5187,23.07221175998);
#1902=CIRCLE('',#5188,23.07221175998);
#1903=CIRCLE('',#5190,23.07221175998);
#1904=CIRCLE('',#5191,23.07221175998);
#1905=CIRCLE('',#5193,23.07221175998);
#1906=CIRCLE('',#5194,23.07221175998);
#1907=CIRCLE('',#5196,22.9923669936776);
#1908=CIRCLE('',#5201,1.1);
#1909=CIRCLE('',#5203,1.81258434064668);
#1910=CIRCLE('',#5204,1.81258434064668);
#1911=CIRCLE('',#5205,1.81258434064668);
#1912=CIRCLE('',#5206,1.81258434064668);
#1913=CIRCLE('',#5210,22.58821175998);
#1914=CIRCLE('',#5213,22.9923669936776);
#1915=CIRCLE('',#5214,22.5708475071355);
#1916=CIRCLE('',#5217,22.58821175998);
#1917=CIRCLE('',#5220,22.5708475071355);
#1918=CIRCLE('',#5221,22.9923669936776);
#1919=CIRCLE('',#5224,22.58821175998);
#1920=CIRCLE('',#5227,22.5708475071355);
#1921=CIRCLE('',#5228,22.9923669936776);
#1922=CIRCLE('',#5231,22.58821175998);
#1923=CIRCLE('',#5234,23.4138864802196);
#1924=CIRCLE('',#5235,23.9960812858543);
#1925=CIRCLE('',#5236,23.9960812858543);
#1926=CIRCLE('',#5238,23.9960812858543);
#1927=CIRCLE('',#5240,22.9923669936776);
#1928=CIRCLE('',#5241,22.5708475071355);
#1929=VERTEX_POINT('',#6463);
#1930=VERTEX_POINT('',#6465);
#1931=VERTEX_POINT('',#6469);
#1932=VERTEX_POINT('',#6470);
#1933=VERTEX_POINT('',#6472);
#1934=VERTEX_POINT('',#6477);
#1935=VERTEX_POINT('',#6479);
#1936=VERTEX_POINT('',#6490);
#1937=VERTEX_POINT('',#6493);
#1938=VERTEX_POINT('',#6495);
#1939=VERTEX_POINT('',#6506);
#1940=VERTEX_POINT('',#6508);
#1941=VERTEX_POINT('',#6519);
#1942=VERTEX_POINT('',#6521);
#1943=VERTEX_POINT('',#6532);
#1944=VERTEX_POINT('',#6534);
#1945=VERTEX_POINT('',#6545);
#1946=VERTEX_POINT('',#6547);
#1947=VERTEX_POINT('',#6558);
#1948=VERTEX_POINT('',#6560);
#1949=VERTEX_POINT('',#6571);
#1950=VERTEX_POINT('',#6573);
#1951=VERTEX_POINT('',#6584);
#1952=VERTEX_POINT('',#6586);
#1953=VERTEX_POINT('',#6597);
#1954=VERTEX_POINT('',#6599);
#1955=VERTEX_POINT('',#6610);
#1956=VERTEX_POINT('',#6612);
#1957=VERTEX_POINT('',#6623);
#1958=VERTEX_POINT('',#6625);
#1959=VERTEX_POINT('',#6636);
#1960=VERTEX_POINT('',#6638);
#1961=VERTEX_POINT('',#6649);
#1962=VERTEX_POINT('',#6651);
#1963=VERTEX_POINT('',#6662);
#1964=VERTEX_POINT('',#6664);
#1965=VERTEX_POINT('',#6675);
#1966=VERTEX_POINT('',#6677);
#1967=VERTEX_POINT('',#6681);
#1968=VERTEX_POINT('',#6684);
#1969=VERTEX_POINT('',#6686);
#1970=VERTEX_POINT('',#6688);
#1971=VERTEX_POINT('',#6690);
#1972=VERTEX_POINT('',#6692);
#1973=VERTEX_POINT('',#6694);
#1974=VERTEX_POINT('',#6719);
#1975=VERTEX_POINT('',#6720);
#1976=VERTEX_POINT('',#6722);
#1977=VERTEX_POINT('',#6725);
#1978=VERTEX_POINT('',#6727);
#1979=VERTEX_POINT('',#6733);
#1980=VERTEX_POINT('',#6735);
#1981=VERTEX_POINT('',#6742);
#1982=VERTEX_POINT('',#6744);
#1983=VERTEX_POINT('',#6749);
#1984=VERTEX_POINT('',#6751);
#1985=VERTEX_POINT('',#6756);
#1986=VERTEX_POINT('',#6758);
#1987=VERTEX_POINT('',#6763);
#1988=VERTEX_POINT('',#6765);
#1989=VERTEX_POINT('',#6770);
#1990=VERTEX_POINT('',#6772);
#1991=VERTEX_POINT('',#6777);
#1992=VERTEX_POINT('',#6779);
#1993=VERTEX_POINT('',#6784);
#1994=VERTEX_POINT('',#6786);
#1995=VERTEX_POINT('',#6791);
#1996=VERTEX_POINT('',#6793);
#1997=VERTEX_POINT('',#6800);
#1998=VERTEX_POINT('',#6816);
#1999=VERTEX_POINT('',#6823);
#2000=VERTEX_POINT('',#6832);
#2001=VERTEX_POINT('',#6839);
#2002=VERTEX_POINT('',#6848);
#2003=VERTEX_POINT('',#6855);
#2004=VERTEX_POINT('',#6895);
#2005=VERTEX_POINT('',#6900);
#2006=VERTEX_POINT('',#6902);
#2007=VERTEX_POINT('',#6937);
#2008=VERTEX_POINT('',#6942);
#2009=VERTEX_POINT('',#6944);
#2010=VERTEX_POINT('',#6952);
#2011=VERTEX_POINT('',#6957);
#2012=VERTEX_POINT('',#6959);
#2013=VERTEX_POINT('',#6964);
#2014=VERTEX_POINT('',#6973);
#2015=VERTEX_POINT('',#6974);
#2016=VERTEX_POINT('',#6976);
#2017=VERTEX_POINT('',#6978);
#2018=VERTEX_POINT('',#7009);
#2019=VERTEX_POINT('',#7038);
#2020=VERTEX_POINT('',#7063);
#2021=VERTEX_POINT('',#7068);
#2022=VERTEX_POINT('',#7075);
#2023=VERTEX_POINT('',#7080);
#2024=VERTEX_POINT('',#7082);
#2025=VERTEX_POINT('',#7090);
#2026=VERTEX_POINT('',#7095);
#2027=VERTEX_POINT('',#7097);
#2028=VERTEX_POINT('',#7102);
#2029=VERTEX_POINT('',#7111);
#2030=VERTEX_POINT('',#7112);
#2031=VERTEX_POINT('',#7114);
#2032=VERTEX_POINT('',#7116);
#2033=VERTEX_POINT('',#7147);
#2034=VERTEX_POINT('',#7176);
#2035=VERTEX_POINT('',#7188);
#2036=VERTEX_POINT('',#7202);
#2037=VERTEX_POINT('',#7214);
#2038=VERTEX_POINT('',#7230);
#2039=VERTEX_POINT('',#7245);
#2040=VERTEX_POINT('',#7246);
#2041=VERTEX_POINT('',#7248);
#2042=VERTEX_POINT('',#7250);
#2043=VERTEX_POINT('',#7254);
#2044=VERTEX_POINT('',#7256);
#2045=VERTEX_POINT('',#7258);
#2046=VERTEX_POINT('',#7260);
#2047=VERTEX_POINT('',#7264);
#2048=VERTEX_POINT('',#7268);
#2049=VERTEX_POINT('',#7272);
#2050=VERTEX_POINT('',#7274);
#2051=VERTEX_POINT('',#7278);
#2052=VERTEX_POINT('',#7279);
#2053=VERTEX_POINT('',#7281);
#2054=VERTEX_POINT('',#7283);
#2055=VERTEX_POINT('',#7287);
#2056=VERTEX_POINT('',#7289);
#2057=VERTEX_POINT('',#7294);
#2058=VERTEX_POINT('',#7298);
#2059=VERTEX_POINT('',#7305);
#2060=VERTEX_POINT('',#7306);
#2061=VERTEX_POINT('',#7308);
#2062=VERTEX_POINT('',#7310);
#2063=VERTEX_POINT('',#7314);
#2064=VERTEX_POINT('',#7316);
#2065=VERTEX_POINT('',#7321);
#2066=VERTEX_POINT('',#7325);
#2067=VERTEX_POINT('',#7359);
#2068=VERTEX_POINT('',#7364);
#2069=VERTEX_POINT('',#7372);
#2070=VERTEX_POINT('',#7373);
#2071=VERTEX_POINT('',#7405);
#2072=VERTEX_POINT('',#7406);
#2073=VERTEX_POINT('',#7423);
#2074=VERTEX_POINT('',#7424);
#2075=VERTEX_POINT('',#7426);
#2076=VERTEX_POINT('',#7428);
#2077=VERTEX_POINT('',#7483);
#2078=VERTEX_POINT('',#7484);
#2079=VERTEX_POINT('',#7486);
#2080=VERTEX_POINT('',#7494);
#2081=VERTEX_POINT('',#7504);
#2082=VERTEX_POINT('',#7506);
#2083=VERTEX_POINT('',#7573);
#2084=VERTEX_POINT('',#7604);
#2085=VERTEX_POINT('',#7614);
#2086=VERTEX_POINT('',#7616);
#2087=VERTEX_POINT('',#7667);
#2088=VERTEX_POINT('',#7669);
#2089=VERTEX_POINT('',#7711);
#2090=VERTEX_POINT('',#7742);
#2091=VERTEX_POINT('',#7752);
#2092=VERTEX_POINT('',#7754);
#2093=VERTEX_POINT('',#7805);
#2094=VERTEX_POINT('',#7807);
#2095=VERTEX_POINT('',#7859);
#2096=VERTEX_POINT('',#7860);
#2097=VERTEX_POINT('',#7862);
#2098=VERTEX_POINT('',#7864);
#2099=VERTEX_POINT('',#7868);
#2100=VERTEX_POINT('',#7870);
#2101=VERTEX_POINT('',#7872);
#2102=VERTEX_POINT('',#7874);
#2103=VERTEX_POINT('',#7878);
#2104=VERTEX_POINT('',#7882);
#2105=VERTEX_POINT('',#7886);
#2106=VERTEX_POINT('',#7888);
#2107=VERTEX_POINT('',#7915);
#2108=VERTEX_POINT('',#7920);
#2109=VERTEX_POINT('',#7928);
#2110=VERTEX_POINT('',#7929);
#2111=VERTEX_POINT('',#7961);
#2112=VERTEX_POINT('',#7962);
#2113=VERTEX_POINT('',#7979);
#2114=VERTEX_POINT('',#7980);
#2115=VERTEX_POINT('',#7982);
#2116=VERTEX_POINT('',#7984);
#2117=VERTEX_POINT('',#8039);
#2118=VERTEX_POINT('',#8040);
#2119=VERTEX_POINT('',#8042);
#2120=VERTEX_POINT('',#8050);
#2121=VERTEX_POINT('',#8060);
#2122=VERTEX_POINT('',#8062);
#2123=VERTEX_POINT('',#8133);
#2124=VERTEX_POINT('',#8137);
#2125=VERTEX_POINT('',#8140);
#2126=VERTEX_POINT('',#8146);
#2127=VERTEX_POINT('',#8148);
#2128=VERTEX_POINT('',#8152);
#2129=VERTEX_POINT('',#8153);
#2130=VERTEX_POINT('',#8155);
#2131=VERTEX_POINT('',#8157);
#2132=VERTEX_POINT('',#8161);
#2133=VERTEX_POINT('',#8165);
#2134=VERTEX_POINT('',#8167);
#2135=VERTEX_POINT('',#8171);
#2136=VERTEX_POINT('',#8172);
#2137=VERTEX_POINT('',#8174);
#2138=VERTEX_POINT('',#8176);
#2139=VERTEX_POINT('',#8180);
#2140=VERTEX_POINT('',#8184);
#2141=VERTEX_POINT('',#8186);
#2142=VERTEX_POINT('',#8190);
#2143=VERTEX_POINT('',#8191);
#2144=VERTEX_POINT('',#8193);
#2145=VERTEX_POINT('',#8195);
#2146=VERTEX_POINT('',#8199);
#2147=VERTEX_POINT('',#8203);
#2148=VERTEX_POINT('',#8204);
#2149=VERTEX_POINT('',#8206);
#2150=VERTEX_POINT('',#8208);
#2151=VERTEX_POINT('',#8212);
#2152=VERTEX_POINT('',#8214);
#2153=VERTEX_POINT('',#8216);
#2154=VERTEX_POINT('',#8218);
#2155=VERTEX_POINT('',#8220);
#2156=VERTEX_POINT('',#8222);
#2157=VERTEX_POINT('',#8224);
#2158=VERTEX_POINT('',#8226);
#2159=VERTEX_POINT('',#8228);
#2160=VERTEX_POINT('',#8230);
#2161=VERTEX_POINT('',#8233);
#2162=VERTEX_POINT('',#8234);
#2163=VERTEX_POINT('',#8236);
#2164=VERTEX_POINT('',#8238);
#2165=VERTEX_POINT('',#8242);
#2166=VERTEX_POINT('',#8244);
#2167=VERTEX_POINT('',#8255);
#2168=VERTEX_POINT('',#8257);
#2169=VERTEX_POINT('',#8268);
#2170=VERTEX_POINT('',#8270);
#2171=VERTEX_POINT('',#8281);
#2172=VERTEX_POINT('',#8283);
#2173=VERTEX_POINT('',#8294);
#2174=VERTEX_POINT('',#8296);
#2175=VERTEX_POINT('',#8307);
#2176=VERTEX_POINT('',#8309);
#2177=VERTEX_POINT('',#8311);
#2178=VERTEX_POINT('',#8313);
#2179=VERTEX_POINT('',#8315);
#2180=VERTEX_POINT('',#8326);
#2181=VERTEX_POINT('',#8328);
#2182=VERTEX_POINT('',#8339);
#2183=VERTEX_POINT('',#8341);
#2184=VERTEX_POINT('',#8352);
#2185=VERTEX_POINT('',#8354);
#2186=VERTEX_POINT('',#8365);
#2187=VERTEX_POINT('',#8367);
#2188=VERTEX_POINT('',#8378);
#2189=VERTEX_POINT('',#8380);
#2190=VERTEX_POINT('',#8391);
#2191=VERTEX_POINT('',#8393);
#2192=VERTEX_POINT('',#8404);
#2193=VERTEX_POINT('',#8406);
#2194=VERTEX_POINT('',#8417);
#2195=VERTEX_POINT('',#8419);
#2196=VERTEX_POINT('',#8430);
#2197=VERTEX_POINT('',#8432);
#2198=VERTEX_POINT('',#8443);
#2199=VERTEX_POINT('',#8450);
#2200=VERTEX_POINT('',#8451);
#2201=VERTEX_POINT('',#8453);
#2202=VERTEX_POINT('',#8464);
#2203=VERTEX_POINT('',#8466);
#2204=VERTEX_POINT('',#8477);
#2205=VERTEX_POINT('',#8479);
#2206=VERTEX_POINT('',#8490);
#2207=VERTEX_POINT('',#8503);
#2208=VERTEX_POINT('',#8507);
#2209=VERTEX_POINT('',#8521);
#2210=VERTEX_POINT('',#8530);
#2211=VERTEX_POINT('',#8531);
#2212=VERTEX_POINT('',#8533);
#2213=VERTEX_POINT('',#8535);
#2214=VERTEX_POINT('',#8539);
#2215=VERTEX_POINT('',#8540);
#2216=VERTEX_POINT('',#8545);
#2217=VERTEX_POINT('',#8547);
#2218=VERTEX_POINT('',#8551);
#2219=VERTEX_POINT('',#8552);
#2220=VERTEX_POINT('',#8554);
#2221=VERTEX_POINT('',#8556);
#2222=VERTEX_POINT('',#8560);
#2223=VERTEX_POINT('',#8561);
#2224=VERTEX_POINT('',#8566);
#2225=VERTEX_POINT('',#8568);
#2226=VERTEX_POINT('',#8572);
#2227=VERTEX_POINT('',#8573);
#2228=VERTEX_POINT('',#8575);
#2229=VERTEX_POINT('',#8577);
#2230=VERTEX_POINT('',#8581);
#2231=VERTEX_POINT('',#8582);
#2232=VERTEX_POINT('',#8587);
#2233=VERTEX_POINT('',#8589);
#2234=VERTEX_POINT('',#8593);
#2235=VERTEX_POINT('',#8594);
#2236=VERTEX_POINT('',#8596);
#2237=VERTEX_POINT('',#8598);
#2238=VERTEX_POINT('',#8602);
#2239=VERTEX_POINT('',#8603);
#2240=VERTEX_POINT('',#8608);
#2241=VERTEX_POINT('',#8610);
#2242=VERTEX_POINT('',#8614);
#2243=VERTEX_POINT('',#8616);
#2244=VERTEX_POINT('',#8620);
#2245=VERTEX_POINT('',#8624);
#2246=VERTEX_POINT('',#8630);
#2247=VERTEX_POINT('',#8632);
#2248=VERTEX_POINT('',#8636);
#2249=VERTEX_POINT('',#8640);
#2250=VERTEX_POINT('',#8646);
#2251=VERTEX_POINT('',#8648);
#2252=VERTEX_POINT('',#8652);
#2253=VERTEX_POINT('',#8656);
#2254=VERTEX_POINT('',#8662);
#2255=VERTEX_POINT('',#8664);
#2256=VERTEX_POINT('',#8668);
#2257=VERTEX_POINT('',#8672);
#2258=VERTEX_POINT('',#8678);
#2259=VERTEX_POINT('',#8680);
#2260=VERTEX_POINT('',#8684);
#2261=VERTEX_POINT('',#8686);
#2262=VERTEX_POINT('',#8690);
#2263=VERTEX_POINT('',#8691);
#2264=VERTEX_POINT('',#8694);
#2265=VERTEX_POINT('',#8756);
#2266=VERTEX_POINT('',#8757);
#2267=VERTEX_POINT('',#8786);
#2268=VERTEX_POINT('',#8788);
#2269=VERTEX_POINT('',#8830);
#2270=VERTEX_POINT('',#8834);
#2271=VERTEX_POINT('',#8836);
#2272=VERTEX_POINT('',#8842);
#2273=VERTEX_POINT('',#8843);
#2274=VERTEX_POINT('',#8845);
#2275=VERTEX_POINT('',#8850);
#2276=VERTEX_POINT('',#8852);
#2277=VERTEX_POINT('',#8860);
#2278=VERTEX_POINT('',#8865);
#2279=VERTEX_POINT('',#8867);
#2280=VERTEX_POINT('',#8872);
#2281=VERTEX_POINT('',#8880);
#2282=VERTEX_POINT('',#8887);
#2283=VERTEX_POINT('',#8888);
#2284=VERTEX_POINT('',#8890);
#2285=VERTEX_POINT('',#8895);
#2286=VERTEX_POINT('',#8897);
#2287=VERTEX_POINT('',#8905);
#2288=VERTEX_POINT('',#8910);
#2289=VERTEX_POINT('',#8912);
#2290=VERTEX_POINT('',#8917);
#2291=VERTEX_POINT('',#8925);
#2292=VERTEX_POINT('',#8932);
#2293=VERTEX_POINT('',#8933);
#2294=VERTEX_POINT('',#8935);
#2295=VERTEX_POINT('',#8940);
#2296=VERTEX_POINT('',#8942);
#2297=VERTEX_POINT('',#8950);
#2298=VERTEX_POINT('',#8955);
#2299=VERTEX_POINT('',#8957);
#2300=VERTEX_POINT('',#8962);
#2301=VERTEX_POINT('',#8970);
#2302=VERTEX_POINT('',#8977);
#2303=VERTEX_POINT('',#8978);
#2304=VERTEX_POINT('',#8980);
#2305=VERTEX_POINT('',#8985);
#2306=VERTEX_POINT('',#8987);
#2307=VERTEX_POINT('',#8995);
#2308=VERTEX_POINT('',#9000);
#2309=VERTEX_POINT('',#9002);
#2310=VERTEX_POINT('',#9007);
#2311=VERTEX_POINT('',#9015);
#2312=VERTEX_POINT('',#9037);
#2313=VERTEX_POINT('',#9038);
#2314=VERTEX_POINT('',#9048);
#2315=VERTEX_POINT('',#9063);
#2316=VERTEX_POINT('',#9069);
#2317=VERTEX_POINT('',#9070);
#2318=VERTEX_POINT('',#9072);
#2319=VERTEX_POINT('',#9074);
#2320=VERTEX_POINT('',#9078);
#2321=VERTEX_POINT('',#9084);
#2322=VERTEX_POINT('',#9085);
#2323=VERTEX_POINT('',#9087);
#2324=VERTEX_POINT('',#9089);
#2325=VERTEX_POINT('',#9091);
#2326=VERTEX_POINT('',#9093);
#2327=VERTEX_POINT('',#9095);
#2328=VERTEX_POINT('',#9097);
#2329=VERTEX_POINT('',#9101);
#2330=VERTEX_POINT('',#9103);
#2331=VERTEX_POINT('',#9105);
#2332=VERTEX_POINT('',#9107);
#2333=VERTEX_POINT('',#9111);
#2334=VERTEX_POINT('',#9113);
#2335=VERTEX_POINT('',#9144);
#2336=VERTEX_POINT('',#9169);
#2337=VERTEX_POINT('',#9176);
#2338=VERTEX_POINT('',#9195);
#2339=VERTEX_POINT('',#9229);
#2340=VERTEX_POINT('',#9239);
#2341=VERTEX_POINT('',#9270);
#2342=VERTEX_POINT('',#9271);
#2343=VERTEX_POINT('',#9322);
#2344=VERTEX_POINT('',#9323);
#2345=VERTEX_POINT('',#9332);
#2346=VERTEX_POINT('',#9350);
#2347=VERTEX_POINT('',#9357);
#2348=VERTEX_POINT('',#9366);
#2349=VERTEX_POINT('',#9397);
#2350=VERTEX_POINT('',#9422);
#2351=VERTEX_POINT('',#9429);
#2352=VERTEX_POINT('',#9448);
#2353=VERTEX_POINT('',#9482);
#2354=VERTEX_POINT('',#9492);
#2355=VERTEX_POINT('',#9515);
#2356=VERTEX_POINT('',#9523);
#2357=VERTEX_POINT('',#9557);
#2358=VERTEX_POINT('',#9558);
#2359=VERTEX_POINT('',#9567);
#2360=VERTEX_POINT('',#9582);
#2361=VERTEX_POINT('',#9589);
#2362=VERTEX_POINT('',#9599);
#2363=VERTEX_POINT('',#9630);
#2364=VERTEX_POINT('',#9655);
#2365=VERTEX_POINT('',#9662);
#2366=VERTEX_POINT('',#9681);
#2367=VERTEX_POINT('',#9715);
#2368=VERTEX_POINT('',#9725);
#2369=VERTEX_POINT('',#9756);
#2370=VERTEX_POINT('',#9764);
#2371=VERTEX_POINT('',#9808);
#2372=VERTEX_POINT('',#9816);
#2373=VERTEX_POINT('',#9825);
#2374=VERTEX_POINT('',#9835);
#2375=VERTEX_POINT('',#9842);
#2376=VERTEX_POINT('',#9852);
#2377=VERTEX_POINT('',#9883);
#2378=VERTEX_POINT('',#9908);
#2379=VERTEX_POINT('',#9915);
#2380=VERTEX_POINT('',#9934);
#2381=VERTEX_POINT('',#9968);
#2382=VERTEX_POINT('',#9978);
#2383=VERTEX_POINT('',#10009);
#2384=VERTEX_POINT('',#10010);
#2385=VERTEX_POINT('',#10034);
#2386=VERTEX_POINT('',#10036);
#2387=VERTEX_POINT('',#10038);
#2388=VERTEX_POINT('',#10043);
#2389=VERTEX_POINT('',#10047);
#2390=VERTEX_POINT('',#10048);
#2391=VERTEX_POINT('',#10051);
#2392=EDGE_CURVE('',#1929,#1929,#1754,.T.);
#2393=EDGE_CURVE('',#1929,#1930,#1030,.T.);
#2394=EDGE_CURVE('',#1930,#1930,#1755,.T.);
#2395=EDGE_CURVE('',#1931,#1932,#1031,.T.);
#2396=EDGE_CURVE('',#1933,#1932,#207,.T.);
#2397=EDGE_CURVE('',#1933,#1934,#1032,.F.);
#2398=EDGE_CURVE('',#1935,#1934,#208,.T.);
#2399=EDGE_CURVE('',#1936,#1935,#1756,.T.);
#2400=EDGE_CURVE('',#1936,#1930,#1033,.T.);
#2401=EDGE_CURVE('',#1937,#1936,#1757,.T.);
#2402=EDGE_CURVE('',#1938,#1937,#209,.T.);
#2403=EDGE_CURVE('',#1939,#1938,#1034,.T.);
#2404=EDGE_CURVE('',#1940,#1939,#210,.T.);
#2405=EDGE_CURVE('',#1941,#1940,#1758,.T.);
#2406=EDGE_CURVE('',#1942,#1941,#211,.T.);
#2407=EDGE_CURVE('',#1942,#1943,#1035,.F.);
#2408=EDGE_CURVE('',#1944,#1943,#212,.T.);
#2409=EDGE_CURVE('',#1945,#1944,#1759,.T.);
#2410=EDGE_CURVE('',#1946,#1945,#213,.T.);
#2411=EDGE_CURVE('',#1947,#1946,#1036,.T.);
#2412=EDGE_CURVE('',#1948,#1947,#214,.T.);
#2413=EDGE_CURVE('',#1949,#1948,#1760,.T.);
#2414=EDGE_CURVE('',#1950,#1949,#215,.T.);
#2415=EDGE_CURVE('',#1950,#1951,#1037,.F.);
#2416=EDGE_CURVE('',#1952,#1951,#216,.T.);
#2417=EDGE_CURVE('',#1953,#1952,#1761,.T.);
#2418=EDGE_CURVE('',#1954,#1953,#217,.T.);
#2419=EDGE_CURVE('',#1955,#1954,#1038,.T.);
#2420=EDGE_CURVE('',#1956,#1955,#218,.T.);
#2421=EDGE_CURVE('',#1957,#1956,#1762,.T.);
#2422=EDGE_CURVE('',#1958,#1957,#219,.T.);
#2423=EDGE_CURVE('',#1958,#1959,#1039,.F.);
#2424=EDGE_CURVE('',#1960,#1959,#220,.T.);
#2425=EDGE_CURVE('',#1961,#1960,#1763,.T.);
#2426=EDGE_CURVE('',#1962,#1961,#221,.T.);
#2427=EDGE_CURVE('',#1963,#1962,#1040,.T.);
#2428=EDGE_CURVE('',#1964,#1963,#222,.T.);
#2429=EDGE_CURVE('',#1965,#1964,#1764,.T.);
#2430=EDGE_CURVE('',#1965,#1966,#1041,.T.);
#2431=EDGE_CURVE('',#1966,#1931,#1765,.T.);
#2432=EDGE_CURVE('',#1967,#1967,#1766,.T.);
#2433=EDGE_CURVE('',#1932,#1968,#74,.T.);
#2434=EDGE_CURVE('',#1969,#1931,#1042,.T.);
#2435=EDGE_CURVE('',#1970,#1969,#1043,.T.);
#2436=EDGE_CURVE('',#1971,#1970,#1044,.T.);
#2437=EDGE_CURVE('',#1972,#1971,#1045,.T.);
#2438=EDGE_CURVE('',#1973,#1972,#1046,.T.);
#2439=EDGE_CURVE('',#1968,#1973,#223,.T.);
#2440=EDGE_CURVE('',#1974,#1975,#1047,.T.);
#2441=EDGE_CURVE('',#1976,#1974,#1048,.T.);
#2442=EDGE_CURVE('',#1966,#1976,#1049,.T.);
#2443=EDGE_CURVE('',#1977,#1965,#1050,.T.);
#2444=EDGE_CURVE('',#1978,#1977,#1051,.T.);
#2445=EDGE_CURVE('',#1975,#1978,#1052,.T.);
#2446=EDGE_CURVE('',#1969,#1976,#1767,.T.);
#2447=EDGE_CURVE('',#1979,#1979,#1768,.T.);
#2448=EDGE_CURVE('',#1979,#1980,#1053,.T.);
#2449=EDGE_CURVE('',#1970,#1980,#1769,.T.);
#2450=EDGE_CURVE('',#1980,#1974,#1770,.T.);
#2451=EDGE_CURVE('',#1975,#1971,#1771,.T.);
#2452=EDGE_CURVE('',#1978,#1981,#1772,.T.);
#2453=EDGE_CURVE('',#1982,#1981,#224,.T.);
#2454=EDGE_CURVE('',#1983,#1982,#1773,.T.);
#2455=EDGE_CURVE('',#1984,#1983,#225,.T.);
#2456=EDGE_CURVE('',#1984,#1985,#1774,.T.);
#2457=EDGE_CURVE('',#1986,#1985,#226,.T.);
#2458=EDGE_CURVE('',#1987,#1986,#1775,.T.);
#2459=EDGE_CURVE('',#1988,#1987,#227,.T.);
#2460=EDGE_CURVE('',#1988,#1989,#1776,.T.);
#2461=EDGE_CURVE('',#1990,#1989,#228,.T.);
#2462=EDGE_CURVE('',#1991,#1990,#1777,.T.);
#2463=EDGE_CURVE('',#1992,#1991,#229,.T.);
#2464=EDGE_CURVE('',#1992,#1993,#1778,.T.);
#2465=EDGE_CURVE('',#1994,#1993,#230,.T.);
#2466=EDGE_CURVE('',#1995,#1994,#1779,.T.);
#2467=EDGE_CURVE('',#1996,#1995,#231,.T.);
#2468=EDGE_CURVE('',#1996,#1972,#1780,.T.);
#2469=EDGE_CURVE('',#1997,#1977,#1781,.T.);
#2470=EDGE_CURVE('',#1981,#1997,#232,.T.);
#2471=EDGE_CURVE('',#1973,#1996,#233,.T.);
#2472=EDGE_CURVE('',#1998,#1992,#234,.T.);
#2473=EDGE_CURVE('',#1999,#1998,#1782,.T.);
#2474=EDGE_CURVE('',#1993,#1999,#235,.T.);
#2475=EDGE_CURVE('',#2000,#1988,#236,.T.);
#2476=EDGE_CURVE('',#2001,#2000,#1783,.T.);
#2477=EDGE_CURVE('',#1989,#2001,#237,.T.);
#2478=EDGE_CURVE('',#1985,#2002,#238,.T.);
#2479=EDGE_CURVE('',#2003,#1984,#239,.T.);
#2480=EDGE_CURVE('',#2002,#2003,#1784,.T.);
#2481=EDGE_CURVE('',#1983,#2004,#240,.T.);
#2482=EDGE_CURVE('',#2004,#2005,#1054,.T.);
#2483=EDGE_CURVE('',#2005,#2006,#241,.T.);
#2484=EDGE_CURVE('',#2006,#2003,#242,.F.);
#2485=EDGE_CURVE('',#2007,#1982,#243,.T.);
#2486=EDGE_CURVE('',#2008,#2007,#1055,.T.);
#2487=EDGE_CURVE('',#2009,#2008,#244,.T.);
#2488=EDGE_CURVE('',#2010,#2009,#245,.T.);
#2489=EDGE_CURVE('',#2011,#2010,#1785,.T.);
#2490=EDGE_CURVE('',#2012,#2011,#246,.T.);
#2491=EDGE_CURVE('',#2013,#2012,#247,.T.);
#2492=EDGE_CURVE('',#2004,#2013,#1056,.T.);
#2493=EDGE_CURVE('',#2014,#2015,#1057,.T.);
#2494=EDGE_CURVE('',#2015,#2016,#1786,.T.);
#2495=EDGE_CURVE('',#2016,#2017,#1058,.T.);
#2496=EDGE_CURVE('',#2017,#2014,#1787,.T.);
#2497=EDGE_CURVE('',#1997,#2018,#248,.F.);
#2498=EDGE_CURVE('',#2018,#2019,#249,.T.);
#2499=EDGE_CURVE('',#2007,#2019,#1059,.T.);
#2500=EDGE_CURVE('',#1995,#2020,#250,.T.);
#2501=EDGE_CURVE('',#2020,#2021,#1060,.T.);
#2502=EDGE_CURVE('',#2021,#1968,#251,.T.);
#2503=EDGE_CURVE('',#2022,#1994,#252,.T.);
#2504=EDGE_CURVE('',#2023,#2022,#1061,.T.);
#2505=EDGE_CURVE('',#2024,#2023,#253,.T.);
#2506=EDGE_CURVE('',#2025,#2024,#254,.T.);
#2507=EDGE_CURVE('',#2026,#2025,#1788,.T.);
#2508=EDGE_CURVE('',#2027,#2026,#255,.T.);
#2509=EDGE_CURVE('',#2028,#2027,#256,.T.);
#2510=EDGE_CURVE('',#2020,#2028,#1062,.T.);
#2511=EDGE_CURVE('',#2029,#2030,#1063,.T.);
#2512=EDGE_CURVE('',#2030,#2031,#1789,.T.);
#2513=EDGE_CURVE('',#2031,#2032,#1064,.T.);
#2514=EDGE_CURVE('',#2032,#2029,#1790,.T.);
#2515=EDGE_CURVE('',#1999,#2033,#257,.F.);
#2516=EDGE_CURVE('',#2033,#2034,#258,.T.);
#2517=EDGE_CURVE('',#2022,#2034,#1065,.T.);
#2518=EDGE_CURVE('',#2018,#1964,#1066,.T.);
#2519=EDGE_CURVE('',#2035,#1998,#259,.F.);
#2520=EDGE_CURVE('',#1941,#2035,#1067,.T.);
#2521=EDGE_CURVE('',#2033,#1940,#1068,.T.);
#2522=EDGE_CURVE('',#2036,#2000,#260,.F.);
#2523=EDGE_CURVE('',#1949,#2036,#1069,.T.);
#2524=EDGE_CURVE('',#2037,#1948,#1070,.T.);
#2525=EDGE_CURVE('',#2001,#2037,#261,.F.);
#2526=EDGE_CURVE('',#1957,#2006,#1071,.T.);
#2527=EDGE_CURVE('',#2038,#1956,#1072,.T.);
#2528=EDGE_CURVE('',#2002,#2038,#262,.F.);
#2529=EDGE_CURVE('',#2039,#2040,#1073,.T.);
#2530=EDGE_CURVE('',#2039,#2041,#1791,.T.);
#2531=EDGE_CURVE('',#2042,#2041,#1074,.T.);
#2532=EDGE_CURVE('',#2042,#2040,#1792,.T.);
#2533=EDGE_CURVE('',#2043,#2040,#1075,.T.);
#2534=EDGE_CURVE('',#2043,#2044,#1076,.T.);
#2535=EDGE_CURVE('',#2045,#2044,#1077,.T.);
#2536=EDGE_CURVE('',#2046,#2045,#1078,.T.);
#2537=EDGE_CURVE('',#2039,#2046,#1079,.T.);
#2538=EDGE_CURVE('',#2042,#2047,#1080,.T.);
#2539=EDGE_CURVE('',#2043,#2047,#1793,.T.);
#2540=EDGE_CURVE('',#2048,#2047,#1081,.T.);
#2541=EDGE_CURVE('',#2048,#2044,#1794,.T.);
#2542=EDGE_CURVE('',#2049,#2041,#1082,.T.);
#2543=EDGE_CURVE('',#2050,#2049,#1083,.T.);
#2544=EDGE_CURVE('',#2048,#2050,#1084,.T.);
#2545=EDGE_CURVE('',#2051,#2052,#1085,.T.);
#2546=EDGE_CURVE('',#2051,#2053,#1795,.T.);
#2547=EDGE_CURVE('',#2054,#2053,#1086,.T.);
#2548=EDGE_CURVE('',#2054,#2052,#1796,.T.);
#2549=EDGE_CURVE('',#2055,#2052,#1087,.T.);
#2550=EDGE_CURVE('',#2055,#2056,#1088,.T.);
#2551=EDGE_CURVE('',#2017,#2056,#1089,.T.);
#2552=EDGE_CURVE('',#2051,#2016,#1090,.T.);
#2553=EDGE_CURVE('',#2054,#2057,#1091,.T.);
#2554=EDGE_CURVE('',#2055,#2057,#1797,.T.);
#2555=EDGE_CURVE('',#2058,#2057,#1092,.T.);
#2556=EDGE_CURVE('',#2058,#2056,#1798,.T.);
#2557=EDGE_CURVE('',#2015,#2053,#1093,.T.);
#2558=EDGE_CURVE('',#2058,#2014,#1094,.T.);
#2559=EDGE_CURVE('',#2059,#2060,#1095,.T.);
#2560=EDGE_CURVE('',#2059,#2061,#1799,.T.);
#2561=EDGE_CURVE('',#2062,#2061,#1096,.T.);
#2562=EDGE_CURVE('',#2062,#2060,#1800,.T.);
#2563=EDGE_CURVE('',#2063,#2060,#1097,.T.);
#2564=EDGE_CURVE('',#2063,#2064,#1098,.T.);
#2565=EDGE_CURVE('',#2032,#2064,#1099,.T.);
#2566=EDGE_CURVE('',#2059,#2031,#1100,.T.);
#2567=EDGE_CURVE('',#2062,#2065,#1101,.T.);
#2568=EDGE_CURVE('',#2063,#2065,#1801,.T.);
#2569=EDGE_CURVE('',#2066,#2065,#1102,.T.);
#2570=EDGE_CURVE('',#2066,#2064,#1802,.T.);
#2571=EDGE_CURVE('',#2030,#2061,#1103,.T.);
#2572=EDGE_CURVE('',#2066,#2029,#1104,.T.);
#2573=EDGE_CURVE('',#2045,#2050,#1803,.T.);
#2574=EDGE_CURVE('',#2049,#2046,#1804,.T.);
#2575=EDGE_CURVE('',#1987,#2067,#263,.T.);
#2576=EDGE_CURVE('',#2067,#2068,#1105,.T.);
#2577=EDGE_CURVE('',#2068,#2036,#264,.T.);
#2578=EDGE_CURVE('',#2069,#2070,#1106,.T.);
#2579=EDGE_CURVE('',#2070,#2068,#1107,.T.);
#2580=EDGE_CURVE('',#2067,#2069,#1108,.T.);
#2581=EDGE_CURVE('',#2071,#2072,#1109,.T.);
#2582=EDGE_CURVE('',#2072,#2070,#265,.T.);
#2583=EDGE_CURVE('',#2069,#2071,#266,.T.);
#2584=EDGE_CURVE('',#2073,#2074,#1110,.T.);
#2585=EDGE_CURVE('',#2074,#2075,#1805,.T.);
#2586=EDGE_CURVE('',#2075,#2076,#1111,.T.);
#2587=EDGE_CURVE('',#2076,#2073,#1806,.T.);
#2588=EDGE_CURVE('',#2073,#2072,#267,.T.);
#2589=EDGE_CURVE('',#2071,#2074,#268,.T.);
#2590=EDGE_CURVE('',#2077,#2078,#1112,.T.);
#2591=EDGE_CURVE('',#2078,#2079,#269,.T.);
#2592=EDGE_CURVE('',#2079,#2080,#1113,.T.);
#2593=EDGE_CURVE('',#2080,#2077,#270,.T.);
#2594=EDGE_CURVE('',#2077,#2081,#1114,.T.);
#2595=EDGE_CURVE('',#2081,#2082,#1115,.T.);
#2596=EDGE_CURVE('',#2082,#2078,#1116,.T.);
#2597=EDGE_CURVE('',#2038,#2082,#271,.T.);
#2598=EDGE_CURVE('',#2081,#1986,#272,.T.);
#2599=EDGE_CURVE('',#2079,#2076,#273,.T.);
#2600=EDGE_CURVE('',#2075,#2080,#274,.T.);
#2601=EDGE_CURVE('',#2073,#1952,#1117,.T.);
#2602=EDGE_CURVE('',#1951,#2070,#1118,.T.);
#2603=EDGE_CURVE('',#1953,#2076,#1119,.T.);
#2604=EDGE_CURVE('',#2078,#1954,#1120,.T.);
#2605=EDGE_CURVE('',#1955,#2082,#1121,.T.);
#2606=EDGE_CURVE('',#2013,#2083,#1122,.T.);
#2607=EDGE_CURVE('',#2083,#2005,#1123,.T.);
#2608=EDGE_CURVE('',#2012,#2084,#1124,.T.);
#2609=EDGE_CURVE('',#2084,#2083,#275,.T.);
#2610=EDGE_CURVE('',#2085,#2011,#1125,.T.);
#2611=EDGE_CURVE('',#2010,#2086,#1126,.T.);
#2612=EDGE_CURVE('',#2086,#2085,#1807,.T.);
#2613=EDGE_CURVE('',#2085,#2084,#276,.T.);
#2614=EDGE_CURVE('',#2008,#2087,#1127,.T.);
#2615=EDGE_CURVE('',#2087,#2088,#277,.T.);
#2616=EDGE_CURVE('',#2088,#2009,#1128,.T.);
#2617=EDGE_CURVE('',#2019,#2087,#1129,.T.);
#2618=EDGE_CURVE('',#2088,#2086,#278,.T.);
#2619=EDGE_CURVE('',#2085,#1960,#1130,.T.);
#2620=EDGE_CURVE('',#1959,#2083,#1131,.T.);
#2621=EDGE_CURVE('',#1961,#2086,#1132,.T.);
#2622=EDGE_CURVE('',#2087,#1962,#1133,.T.);
#2623=EDGE_CURVE('',#1963,#2019,#1134,.T.);
#2624=EDGE_CURVE('',#2028,#2089,#1135,.T.);
#2625=EDGE_CURVE('',#2089,#2021,#1136,.T.);
#2626=EDGE_CURVE('',#2027,#2090,#1137,.T.);
#2627=EDGE_CURVE('',#2090,#2089,#279,.T.);
#2628=EDGE_CURVE('',#2091,#2026,#1138,.T.);
#2629=EDGE_CURVE('',#2025,#2092,#1139,.T.);
#2630=EDGE_CURVE('',#2092,#2091,#1808,.T.);
#2631=EDGE_CURVE('',#2091,#2090,#280,.T.);
#2632=EDGE_CURVE('',#2023,#2093,#1140,.T.);
#2633=EDGE_CURVE('',#2093,#2094,#281,.T.);
#2634=EDGE_CURVE('',#2094,#2024,#1141,.T.);
#2635=EDGE_CURVE('',#2034,#2093,#1142,.T.);
#2636=EDGE_CURVE('',#2094,#2092,#282,.T.);
#2637=EDGE_CURVE('',#2091,#1935,#1143,.T.);
#2638=EDGE_CURVE('',#1934,#2089,#1144,.T.);
#2639=EDGE_CURVE('',#1937,#2092,#1145,.T.);
#2640=EDGE_CURVE('',#2093,#1938,#1146,.T.);
#2641=EDGE_CURVE('',#1939,#2034,#1147,.T.);
#2642=EDGE_CURVE('',#2068,#1950,#1148,.T.);
#2643=EDGE_CURVE('',#2005,#1958,#1149,.T.);
#2644=EDGE_CURVE('',#2021,#1933,#1150,.T.);
#2645=EDGE_CURVE('',#2095,#2096,#1151,.T.);
#2646=EDGE_CURVE('',#2095,#2097,#1809,.T.);
#2647=EDGE_CURVE('',#2098,#2097,#1152,.T.);
#2648=EDGE_CURVE('',#2098,#2096,#1810,.T.);
#2649=EDGE_CURVE('',#2099,#2096,#1153,.T.);
#2650=EDGE_CURVE('',#2099,#2100,#1154,.T.);
#2651=EDGE_CURVE('',#2101,#2100,#1155,.T.);
#2652=EDGE_CURVE('',#2102,#2101,#1156,.T.);
#2653=EDGE_CURVE('',#2095,#2102,#1157,.T.);
#2654=EDGE_CURVE('',#2098,#2103,#1158,.T.);
#2655=EDGE_CURVE('',#2099,#2103,#1811,.T.);
#2656=EDGE_CURVE('',#2104,#2103,#1159,.T.);
#2657=EDGE_CURVE('',#2104,#2100,#1812,.T.);
#2658=EDGE_CURVE('',#2105,#2097,#1160,.T.);
#2659=EDGE_CURVE('',#2106,#2105,#1161,.T.);
#2660=EDGE_CURVE('',#2104,#2106,#1162,.T.);
#2661=EDGE_CURVE('',#2101,#2106,#1813,.T.);
#2662=EDGE_CURVE('',#2105,#2102,#1814,.T.);
#2663=EDGE_CURVE('',#1991,#2107,#283,.T.);
#2664=EDGE_CURVE('',#2107,#2108,#1163,.T.);
#2665=EDGE_CURVE('',#2108,#2035,#284,.T.);
#2666=EDGE_CURVE('',#2109,#2110,#1164,.T.);
#2667=EDGE_CURVE('',#2110,#2108,#1165,.T.);
#2668=EDGE_CURVE('',#2107,#2109,#1166,.T.);
#2669=EDGE_CURVE('',#2111,#2112,#1167,.T.);
#2670=EDGE_CURVE('',#2112,#2110,#285,.T.);
#2671=EDGE_CURVE('',#2109,#2111,#286,.T.);
#2672=EDGE_CURVE('',#2113,#2114,#1168,.T.);
#2673=EDGE_CURVE('',#2114,#2115,#1815,.T.);
#2674=EDGE_CURVE('',#2115,#2116,#1169,.T.);
#2675=EDGE_CURVE('',#2116,#2113,#1816,.T.);
#2676=EDGE_CURVE('',#2113,#2112,#287,.T.);
#2677=EDGE_CURVE('',#2111,#2114,#288,.T.);
#2678=EDGE_CURVE('',#2117,#2118,#1170,.T.);
#2679=EDGE_CURVE('',#2118,#2119,#289,.T.);
#2680=EDGE_CURVE('',#2119,#2120,#1171,.T.);
#2681=EDGE_CURVE('',#2120,#2117,#290,.T.);
#2682=EDGE_CURVE('',#2117,#2121,#1172,.T.);
#2683=EDGE_CURVE('',#2121,#2122,#1173,.T.);
#2684=EDGE_CURVE('',#2122,#2118,#1174,.T.);
#2685=EDGE_CURVE('',#2037,#2122,#291,.T.);
#2686=EDGE_CURVE('',#2121,#1990,#292,.T.);
#2687=EDGE_CURVE('',#2119,#2116,#293,.T.);
#2688=EDGE_CURVE('',#2115,#2120,#294,.T.);
#2689=EDGE_CURVE('',#2113,#1944,#1175,.T.);
#2690=EDGE_CURVE('',#1943,#2110,#1176,.T.);
#2691=EDGE_CURVE('',#1945,#2116,#1177,.T.);
#2692=EDGE_CURVE('',#2118,#1946,#1178,.T.);
#2693=EDGE_CURVE('',#1947,#2122,#1179,.T.);
#2694=EDGE_CURVE('',#2108,#1942,#1180,.T.);
#2695=EDGE_CURVE('',#2123,#2123,#1817,.T.);
#2696=EDGE_CURVE('',#2123,#1979,#1181,.T.);
#2697=EDGE_CURVE('',#2124,#2124,#1818,.T.);
#2698=EDGE_CURVE('',#2124,#2125,#1182,.T.);
#2699=EDGE_CURVE('',#2125,#2125,#1819,.T.);
#2700=EDGE_CURVE('',#2125,#1967,#1183,.T.);
#2701=EDGE_CURVE('',#2126,#2126,#1820,.T.);
#2702=EDGE_CURVE('',#2126,#2127,#1184,.T.);
#2703=EDGE_CURVE('',#2127,#2127,#1821,.T.);
#2704=EDGE_CURVE('',#2128,#2129,#1822,.T.);
#2705=EDGE_CURVE('',#2128,#2130,#1823,.F.);
#2706=EDGE_CURVE('',#2130,#2131,#1824,.T.);
#2707=EDGE_CURVE('',#2129,#2131,#1825,.T.);
#2708=EDGE_CURVE('',#2127,#2132,#1185,.T.);
#2709=EDGE_CURVE('',#2132,#2132,#1826,.T.);
#2710=EDGE_CURVE('',#2133,#2133,#1827,.T.);
#2711=EDGE_CURVE('',#2133,#2134,#1186,.T.);
#2712=EDGE_CURVE('',#2134,#2134,#1828,.T.);
#2713=EDGE_CURVE('',#2135,#2136,#1829,.T.);
#2714=EDGE_CURVE('',#2137,#2136,#1187,.T.);
#2715=EDGE_CURVE('',#2137,#2138,#1830,.T.);
#2716=EDGE_CURVE('',#2135,#2138,#1188,.T.);
#2717=EDGE_CURVE('',#2134,#2139,#1189,.T.);
#2718=EDGE_CURVE('',#2139,#2139,#1831,.T.);
#2719=EDGE_CURVE('',#2140,#2140,#1832,.T.);
#2720=EDGE_CURVE('',#2140,#2141,#1190,.T.);
#2721=EDGE_CURVE('',#2141,#2141,#1833,.T.);
#2722=EDGE_CURVE('',#2142,#2143,#1834,.T.);
#2723=EDGE_CURVE('',#2142,#2144,#1835,.F.);
#2724=EDGE_CURVE('',#2144,#2145,#1836,.T.);
#2725=EDGE_CURVE('',#2143,#2145,#1837,.T.);
#2726=EDGE_CURVE('',#2141,#2146,#1191,.T.);
#2727=EDGE_CURVE('',#2146,#2146,#1838,.T.);
#2728=EDGE_CURVE('',#2147,#2148,#1839,.T.);
#2729=EDGE_CURVE('',#2148,#2149,#1192,.T.);
#2730=EDGE_CURVE('',#2150,#2149,#1840,.T.);
#2731=EDGE_CURVE('',#2147,#2150,#1193,.T.);
#2732=EDGE_CURVE('',#2149,#2151,#1841,.T.);
#2733=EDGE_CURVE('',#2151,#2152,#1842,.T.);
#2734=EDGE_CURVE('',#2152,#2153,#1843,.T.);
#2735=EDGE_CURVE('',#2153,#2154,#1844,.T.);
#2736=EDGE_CURVE('',#2154,#2155,#1845,.T.);
#2737=EDGE_CURVE('',#2155,#2156,#1846,.T.);
#2738=EDGE_CURVE('',#2156,#2157,#1847,.T.);
#2739=EDGE_CURVE('',#2157,#2158,#1848,.T.);
#2740=EDGE_CURVE('',#2158,#2159,#1849,.T.);
#2741=EDGE_CURVE('',#2159,#2160,#1850,.T.);
#2742=EDGE_CURVE('',#2160,#2150,#1851,.T.);
#2743=EDGE_CURVE('',#2161,#2162,#1194,.T.);
#2744=EDGE_CURVE('',#2162,#2163,#1195,.T.);
#2745=EDGE_CURVE('',#2163,#2164,#1196,.T.);
#2746=EDGE_CURVE('',#2164,#2161,#1197,.T.);
#2747=EDGE_CURVE('',#2148,#2165,#1852,.T.);
#2748=EDGE_CURVE('',#2166,#2165,#295,.T.);
#2749=EDGE_CURVE('',#2166,#2167,#1198,.T.);
#2750=EDGE_CURVE('',#2168,#2167,#296,.T.);
#2751=EDGE_CURVE('',#2169,#2168,#1853,.T.);
#2752=EDGE_CURVE('',#2170,#2169,#297,.T.);
#2753=EDGE_CURVE('',#2170,#2171,#1199,.T.);
#2754=EDGE_CURVE('',#2172,#2171,#298,.T.);
#2755=EDGE_CURVE('',#2172,#2173,#1854,.T.);
#2756=EDGE_CURVE('',#2174,#2173,#299,.T.);
#2757=EDGE_CURVE('',#2174,#2175,#1200,.T.);
#2758=EDGE_CURVE('',#2175,#2176,#1855,.T.);
#2759=EDGE_CURVE('',#2176,#2177,#1201,.T.);
#2760=EDGE_CURVE('',#2178,#2177,#1856,.T.);
#2761=EDGE_CURVE('',#2179,#2178,#300,.T.);
#2762=EDGE_CURVE('',#2179,#2180,#1202,.T.);
#2763=EDGE_CURVE('',#2181,#2180,#301,.T.);
#2764=EDGE_CURVE('',#2181,#2182,#1857,.T.);
#2765=EDGE_CURVE('',#2183,#2182,#302,.T.);
#2766=EDGE_CURVE('',#2183,#2184,#1203,.T.);
#2767=EDGE_CURVE('',#2185,#2184,#303,.T.);
#2768=EDGE_CURVE('',#2186,#2185,#1858,.T.);
#2769=EDGE_CURVE('',#2187,#2186,#304,.T.);
#2770=EDGE_CURVE('',#2187,#2188,#1204,.T.);
#2771=EDGE_CURVE('',#2189,#2188,#305,.T.);
#2772=EDGE_CURVE('',#2189,#2190,#1859,.T.);
#2773=EDGE_CURVE('',#2191,#2190,#306,.T.);
#2774=EDGE_CURVE('',#2191,#2192,#1205,.T.);
#2775=EDGE_CURVE('',#2193,#2192,#307,.T.);
#2776=EDGE_CURVE('',#2194,#2193,#1860,.T.);
#2777=EDGE_CURVE('',#2195,#2194,#308,.T.);
#2778=EDGE_CURVE('',#2195,#2196,#1206,.T.);
#2779=EDGE_CURVE('',#2197,#2196,#309,.T.);
#2780=EDGE_CURVE('',#2197,#2198,#1861,.T.);
#2781=EDGE_CURVE('',#2159,#2198,#1207,.T.);
#2782=EDGE_CURVE('',#2142,#2158,#1208,.T.);
#2783=EDGE_CURVE('',#2155,#2143,#1209,.T.);
#2784=EDGE_CURVE('',#2128,#2154,#1210,.T.);
#2785=EDGE_CURVE('',#2151,#2129,#1211,.T.);
#2786=EDGE_CURVE('',#2199,#2200,#1862,.T.);
#2787=EDGE_CURVE('',#2200,#2201,#310,.T.);
#2788=EDGE_CURVE('',#2201,#2202,#1212,.T.);
#2789=EDGE_CURVE('',#2202,#2203,#311,.T.);
#2790=EDGE_CURVE('',#2203,#2204,#1863,.T.);
#2791=EDGE_CURVE('',#2204,#2205,#312,.T.);
#2792=EDGE_CURVE('',#2205,#2206,#1213,.T.);
#2793=EDGE_CURVE('',#2206,#2199,#313,.T.);
#2794=EDGE_CURVE('',#2207,#2198,#1864,.F.);
#2795=EDGE_CURVE('',#2160,#2207,#1214,.T.);
#2796=EDGE_CURVE('',#2207,#2208,#1215,.T.);
#2797=EDGE_CURVE('',#2208,#2135,#1216,.T.);
#2798=EDGE_CURVE('',#2207,#2138,#1217,.T.);
#2799=EDGE_CURVE('',#2156,#2145,#1218,.T.);
#2800=EDGE_CURVE('',#2130,#2153,#1219,.T.);
#2801=EDGE_CURVE('',#2144,#2157,#1220,.T.);
#2802=EDGE_CURVE('',#2152,#2131,#1221,.T.);
#2803=EDGE_CURVE('',#2208,#2209,#1865,.T.);
#2804=EDGE_CURVE('',#2209,#2136,#1222,.T.);
#2805=EDGE_CURVE('',#2209,#2147,#1223,.T.);
#2806=EDGE_CURVE('',#2137,#2147,#1224,.T.);
#2807=EDGE_CURVE('',#2210,#2211,#1225,.T.);
#2808=EDGE_CURVE('',#2211,#2212,#1866,.T.);
#2809=EDGE_CURVE('',#2212,#2213,#1226,.T.);
#2810=EDGE_CURVE('',#2213,#2210,#1867,.T.);
#2811=EDGE_CURVE('',#2214,#2215,#1868,.T.);
#2812=EDGE_CURVE('',#2212,#2214,#1227,.T.);
#2813=EDGE_CURVE('',#2215,#2211,#1228,.T.);
#2814=EDGE_CURVE('',#2216,#2214,#1229,.T.);
#2815=EDGE_CURVE('',#2215,#2217,#1230,.T.);
#2816=EDGE_CURVE('',#2217,#2216,#1869,.T.);
#2817=EDGE_CURVE('',#2218,#2219,#1231,.T.);
#2818=EDGE_CURVE('',#2219,#2220,#1870,.T.);
#2819=EDGE_CURVE('',#2220,#2221,#1232,.T.);
#2820=EDGE_CURVE('',#2221,#2218,#1871,.T.);
#2821=EDGE_CURVE('',#2222,#2223,#1872,.T.);
#2822=EDGE_CURVE('',#2220,#2222,#1233,.T.);
#2823=EDGE_CURVE('',#2223,#2219,#1234,.T.);
#2824=EDGE_CURVE('',#2224,#2222,#1235,.T.);
#2825=EDGE_CURVE('',#2223,#2225,#1236,.T.);
#2826=EDGE_CURVE('',#2225,#2224,#1873,.T.);
#2827=EDGE_CURVE('',#2226,#2227,#1237,.T.);
#2828=EDGE_CURVE('',#2227,#2228,#1874,.T.);
#2829=EDGE_CURVE('',#2228,#2229,#1238,.T.);
#2830=EDGE_CURVE('',#2229,#2226,#1875,.T.);
#2831=EDGE_CURVE('',#2230,#2231,#1876,.T.);
#2832=EDGE_CURVE('',#2228,#2230,#1239,.T.);
#2833=EDGE_CURVE('',#2231,#2227,#1240,.T.);
#2834=EDGE_CURVE('',#2232,#2230,#1241,.T.);
#2835=EDGE_CURVE('',#2231,#2233,#1242,.T.);
#2836=EDGE_CURVE('',#2233,#2232,#1877,.T.);
#2837=EDGE_CURVE('',#2234,#2235,#1243,.T.);
#2838=EDGE_CURVE('',#2235,#2236,#1878,.T.);
#2839=EDGE_CURVE('',#2236,#2237,#1244,.T.);
#2840=EDGE_CURVE('',#2237,#2234,#1879,.T.);
#2841=EDGE_CURVE('',#2238,#2239,#1880,.T.);
#2842=EDGE_CURVE('',#2236,#2238,#1245,.T.);
#2843=EDGE_CURVE('',#2239,#2235,#1246,.T.);
#2844=EDGE_CURVE('',#2240,#2238,#1247,.T.);
#2845=EDGE_CURVE('',#2239,#2241,#1248,.T.);
#2846=EDGE_CURVE('',#2241,#2240,#1881,.T.);
#2847=EDGE_CURVE('',#2242,#2217,#1249,.T.);
#2848=EDGE_CURVE('',#2243,#2242,#1882,.T.);
#2849=EDGE_CURVE('',#2216,#2243,#1250,.T.);
#2850=EDGE_CURVE('',#2244,#2243,#1251,.T.);
#2851=EDGE_CURVE('',#2244,#2213,#1252,.T.);
#2852=EDGE_CURVE('',#2245,#2244,#1883,.T.);
#2853=EDGE_CURVE('',#2210,#2245,#1253,.T.);
#2854=EDGE_CURVE('',#2242,#2245,#1254,.T.);
#2855=EDGE_CURVE('',#2246,#2225,#1255,.T.);
#2856=EDGE_CURVE('',#2247,#2246,#1884,.T.);
#2857=EDGE_CURVE('',#2224,#2247,#1256,.T.);
#2858=EDGE_CURVE('',#2248,#2247,#1257,.T.);
#2859=EDGE_CURVE('',#2248,#2221,#1258,.T.);
#2860=EDGE_CURVE('',#2249,#2248,#1885,.T.);
#2861=EDGE_CURVE('',#2218,#2249,#1259,.T.);
#2862=EDGE_CURVE('',#2246,#2249,#1260,.T.);
#2863=EDGE_CURVE('',#2250,#2233,#1261,.T.);
#2864=EDGE_CURVE('',#2251,#2250,#1886,.T.);
#2865=EDGE_CURVE('',#2232,#2251,#1262,.T.);
#2866=EDGE_CURVE('',#2252,#2251,#1263,.T.);
#2867=EDGE_CURVE('',#2252,#2229,#1264,.T.);
#2868=EDGE_CURVE('',#2253,#2252,#1887,.T.);
#2869=EDGE_CURVE('',#2226,#2253,#1265,.T.);
#2870=EDGE_CURVE('',#2250,#2253,#1266,.T.);
#2871=EDGE_CURVE('',#2254,#2241,#1267,.T.);
#2872=EDGE_CURVE('',#2255,#2254,#1888,.T.);
#2873=EDGE_CURVE('',#2240,#2255,#1268,.T.);
#2874=EDGE_CURVE('',#2256,#2255,#1269,.T.);
#2875=EDGE_CURVE('',#2256,#2237,#1270,.T.);
#2876=EDGE_CURVE('',#2257,#2256,#1889,.T.);
#2877=EDGE_CURVE('',#2234,#2257,#1271,.T.);
#2878=EDGE_CURVE('',#2254,#2257,#1272,.T.);
#2879=EDGE_CURVE('',#2258,#2258,#1890,.T.);
#2880=EDGE_CURVE('',#2258,#2259,#1273,.T.);
#2881=EDGE_CURVE('',#2259,#2259,#1891,.T.);
#2882=EDGE_CURVE('',#2260,#2260,#1892,.T.);
#2883=EDGE_CURVE('',#2260,#2261,#1274,.T.);
#2884=EDGE_CURVE('',#2261,#2261,#1893,.T.);
#2885=EDGE_CURVE('',#2262,#2263,#1894,.T.);
#2886=EDGE_CURVE('',#2262,#2263,#1275,.T.);
#2887=EDGE_CURVE('',#2264,#2264,#1895,.T.);
#2888=EDGE_CURVE('',#2265,#2266,#314,.F.);
#2889=EDGE_CURVE('',#2267,#2265,#1896,.T.);
#2890=EDGE_CURVE('',#2267,#2268,#315,.T.);
#2891=EDGE_CURVE('',#2268,#2266,#316,.T.);
#2892=EDGE_CURVE('',#2263,#2269,#15,.T.);
#2893=EDGE_CURVE('',#2269,#2270,#1897,.T.);
#2894=EDGE_CURVE('',#2270,#2271,#1898,.T.);
#2895=EDGE_CURVE('',#2271,#2262,#16,.T.);
#2896=EDGE_CURVE('',#2272,#2273,#1899,.T.);
#2897=EDGE_CURVE('',#2274,#2273,#317,.T.);
#2898=EDGE_CURVE('',#2275,#2274,#1276,.T.);
#2899=EDGE_CURVE('',#2276,#2275,#318,.T.);
#2900=EDGE_CURVE('',#2277,#2276,#319,.T.);
#2901=EDGE_CURVE('',#2278,#2277,#1900,.T.);
#2902=EDGE_CURVE('',#2279,#2278,#320,.T.);
#2903=EDGE_CURVE('',#2280,#2279,#321,.T.);
#2904=EDGE_CURVE('',#2281,#2280,#1277,.T.);
#2905=EDGE_CURVE('',#2272,#2281,#322,.T.);
#2906=EDGE_CURVE('',#2282,#2283,#1901,.T.);
#2907=EDGE_CURVE('',#2284,#2283,#323,.T.);
#2908=EDGE_CURVE('',#2285,#2284,#1278,.T.);
#2909=EDGE_CURVE('',#2286,#2285,#324,.T.);
#2910=EDGE_CURVE('',#2287,#2286,#325,.T.);
#2911=EDGE_CURVE('',#2288,#2287,#1902,.T.);
#2912=EDGE_CURVE('',#2289,#2288,#326,.T.);
#2913=EDGE_CURVE('',#2290,#2289,#327,.T.);
#2914=EDGE_CURVE('',#2291,#2290,#1279,.T.);
#2915=EDGE_CURVE('',#2282,#2291,#328,.T.);
#2916=EDGE_CURVE('',#2292,#2293,#1903,.T.);
#2917=EDGE_CURVE('',#2294,#2293,#329,.T.);
#2918=EDGE_CURVE('',#2295,#2294,#1280,.T.);
#2919=EDGE_CURVE('',#2296,#2295,#330,.T.);
#2920=EDGE_CURVE('',#2297,#2296,#331,.T.);
#2921=EDGE_CURVE('',#2298,#2297,#1904,.T.);
#2922=EDGE_CURVE('',#2299,#2298,#332,.T.);
#2923=EDGE_CURVE('',#2300,#2299,#333,.T.);
#2924=EDGE_CURVE('',#2301,#2300,#1281,.T.);
#2925=EDGE_CURVE('',#2292,#2301,#334,.T.);
#2926=EDGE_CURVE('',#2302,#2303,#1905,.T.);
#2927=EDGE_CURVE('',#2304,#2303,#335,.T.);
#2928=EDGE_CURVE('',#2305,#2304,#1282,.T.);
#2929=EDGE_CURVE('',#2306,#2305,#336,.T.);
#2930=EDGE_CURVE('',#2307,#2306,#337,.T.);
#2931=EDGE_CURVE('',#2308,#2307,#1906,.T.);
#2932=EDGE_CURVE('',#2309,#2308,#338,.T.);
#2933=EDGE_CURVE('',#2310,#2309,#339,.T.);
#2934=EDGE_CURVE('',#2311,#2310,#1283,.T.);
#2935=EDGE_CURVE('',#2302,#2311,#340,.T.);
#2936=EDGE_CURVE('',#2312,#2313,#341,.T.);
#2937=EDGE_CURVE('',#2304,#2313,#1284,.T.);
#2938=EDGE_CURVE('',#2303,#2314,#342,.T.);
#2939=EDGE_CURVE('',#2314,#2312,#343,.T.);
#2940=EDGE_CURVE('',#2315,#2312,#1285,.T.);
#2941=EDGE_CURVE('',#2314,#2315,#1907,.T.);
#2942=EDGE_CURVE('',#2316,#2317,#1286,.T.);
#2943=EDGE_CURVE('',#2318,#2316,#1287,.T.);
#2944=EDGE_CURVE('',#2319,#2318,#1288,.T.);
#2945=EDGE_CURVE('',#2317,#2319,#1289,.T.);
#2946=EDGE_CURVE('',#2320,#2320,#1908,.T.);
#2947=EDGE_CURVE('',#2320,#2264,#1290,.T.);
#2948=EDGE_CURVE('',#2266,#2271,#1291,.T.);
#2949=EDGE_CURVE('',#2269,#2268,#1292,.T.);
#2950=EDGE_CURVE('',#2321,#2322,#1293,.T.);
#2951=EDGE_CURVE('',#2322,#2323,#1909,.T.);
#2952=EDGE_CURVE('',#2323,#2324,#1294,.T.);
#2953=EDGE_CURVE('',#2324,#2325,#1910,.T.);
#2954=EDGE_CURVE('',#2325,#2326,#1295,.T.);
#2955=EDGE_CURVE('',#2326,#2327,#1911,.T.);
#2956=EDGE_CURVE('',#2327,#2328,#1296,.T.);
#2957=EDGE_CURVE('',#2328,#2321,#1912,.T.);
#2958=EDGE_CURVE('',#2329,#2315,#1297,.T.);
#2959=EDGE_CURVE('',#2330,#2329,#1298,.T.);
#2960=EDGE_CURVE('',#2331,#2330,#1299,.T.);
#2961=EDGE_CURVE('',#2331,#2332,#1300,.T.);
#2962=EDGE_CURVE('',#2313,#2332,#1301,.T.);
#2963=EDGE_CURVE('',#2332,#2333,#1302,.T.);
#2964=EDGE_CURVE('',#2333,#2334,#1303,.T.);
#2965=EDGE_CURVE('',#2305,#2334,#1304,.T.);
#2966=EDGE_CURVE('',#2334,#2335,#344,.T.);
#2967=EDGE_CURVE('',#2335,#2306,#1305,.T.);
#2968=EDGE_CURVE('',#2335,#2336,#345,.T.);
#2969=EDGE_CURVE('',#2307,#2336,#1306,.T.);
#2970=EDGE_CURVE('',#2337,#2308,#1307,.T.);
#2971=EDGE_CURVE('',#2336,#2337,#1913,.T.);
#2972=EDGE_CURVE('',#2337,#2338,#346,.T.);
#2973=EDGE_CURVE('',#2309,#2338,#1308,.T.);
#2974=EDGE_CURVE('',#2338,#2339,#347,.T.);
#2975=EDGE_CURVE('',#2310,#2339,#1309,.T.);
#2976=EDGE_CURVE('',#2339,#2340,#1310,.T.);
#2977=EDGE_CURVE('',#2311,#2340,#1311,.T.);
#2978=EDGE_CURVE('',#2341,#2342,#348,.T.);
#2979=EDGE_CURVE('',#2342,#2302,#349,.T.);
#2980=EDGE_CURVE('',#2340,#2341,#350,.T.);
#2981=EDGE_CURVE('',#2343,#2344,#351,.T.);
#2982=EDGE_CURVE('',#2344,#2345,#352,.T.);
#2983=EDGE_CURVE('',#2294,#2345,#1312,.T.);
#2984=EDGE_CURVE('',#2293,#2343,#353,.T.);
#2985=EDGE_CURVE('',#2343,#2342,#1914,.T.);
#2986=EDGE_CURVE('',#2346,#2341,#354,.T.);
#2987=EDGE_CURVE('',#2347,#2346,#1915,.T.);
#2988=EDGE_CURVE('',#2344,#2347,#355,.T.);
#2989=EDGE_CURVE('',#2345,#2348,#1313,.T.);
#2990=EDGE_CURVE('',#2295,#2348,#1314,.T.);
#2991=EDGE_CURVE('',#2348,#2349,#356,.T.);
#2992=EDGE_CURVE('',#2349,#2296,#1315,.T.);
#2993=EDGE_CURVE('',#2349,#2350,#357,.T.);
#2994=EDGE_CURVE('',#2297,#2350,#1316,.T.);
#2995=EDGE_CURVE('',#2351,#2298,#1317,.T.);
#2996=EDGE_CURVE('',#2350,#2351,#1916,.T.);
#2997=EDGE_CURVE('',#2351,#2352,#358,.T.);
#2998=EDGE_CURVE('',#2299,#2352,#1318,.T.);
#2999=EDGE_CURVE('',#2352,#2353,#359,.T.);
#3000=EDGE_CURVE('',#2300,#2353,#1319,.T.);
#3001=EDGE_CURVE('',#2353,#2354,#1320,.T.);
#3002=EDGE_CURVE('',#2301,#2354,#1321,.T.);
#3003=EDGE_CURVE('',#2355,#2292,#360,.T.);
#3004=EDGE_CURVE('',#2354,#2356,#361,.T.);
#3005=EDGE_CURVE('',#2356,#2355,#362,.T.);
#3006=EDGE_CURVE('',#2357,#2358,#363,.T.);
#3007=EDGE_CURVE('',#2358,#2359,#364,.T.);
#3008=EDGE_CURVE('',#2284,#2359,#1322,.T.);
#3009=EDGE_CURVE('',#2283,#2357,#365,.T.);
#3010=EDGE_CURVE('',#2360,#2356,#366,.T.);
#3011=EDGE_CURVE('',#2361,#2360,#1917,.T.);
#3012=EDGE_CURVE('',#2358,#2361,#367,.T.);
#3013=EDGE_CURVE('',#2357,#2355,#1918,.T.);
#3014=EDGE_CURVE('',#2359,#2362,#1323,.T.);
#3015=EDGE_CURVE('',#2285,#2362,#1324,.T.);
#3016=EDGE_CURVE('',#2362,#2363,#368,.T.);
#3017=EDGE_CURVE('',#2363,#2286,#1325,.T.);
#3018=EDGE_CURVE('',#2363,#2364,#369,.T.);
#3019=EDGE_CURVE('',#2287,#2364,#1326,.T.);
#3020=EDGE_CURVE('',#2365,#2288,#1327,.T.);
#3021=EDGE_CURVE('',#2364,#2365,#1919,.T.);
#3022=EDGE_CURVE('',#2365,#2366,#370,.T.);
#3023=EDGE_CURVE('',#2289,#2366,#1328,.T.);
#3024=EDGE_CURVE('',#2366,#2367,#371,.T.);
#3025=EDGE_CURVE('',#2290,#2367,#1329,.T.);
#3026=EDGE_CURVE('',#2367,#2368,#1330,.T.);
#3027=EDGE_CURVE('',#2291,#2368,#1331,.T.);
#3028=EDGE_CURVE('',#2369,#2282,#372,.T.);
#3029=EDGE_CURVE('',#2368,#2370,#373,.T.);
#3030=EDGE_CURVE('',#2370,#2369,#374,.T.);
#3031=EDGE_CURVE('',#2273,#2371,#375,.T.);
#3032=EDGE_CURVE('',#2371,#2372,#376,.T.);
#3033=EDGE_CURVE('',#2372,#2373,#377,.T.);
#3034=EDGE_CURVE('',#2274,#2373,#1332,.T.);
#3035=EDGE_CURVE('',#2374,#2370,#378,.T.);
#3036=EDGE_CURVE('',#2375,#2374,#1920,.T.);
#3037=EDGE_CURVE('',#2372,#2375,#379,.T.);
#3038=EDGE_CURVE('',#2371,#2369,#1921,.T.);
#3039=EDGE_CURVE('',#2373,#2376,#1333,.T.);
#3040=EDGE_CURVE('',#2275,#2376,#1334,.T.);
#3041=EDGE_CURVE('',#2376,#2377,#380,.T.);
#3042=EDGE_CURVE('',#2377,#2276,#1335,.T.);
#3043=EDGE_CURVE('',#2377,#2378,#381,.T.);
#3044=EDGE_CURVE('',#2277,#2378,#1336,.T.);
#3045=EDGE_CURVE('',#2379,#2278,#1337,.T.);
#3046=EDGE_CURVE('',#2378,#2379,#1922,.T.);
#3047=EDGE_CURVE('',#2379,#2380,#382,.T.);
#3048=EDGE_CURVE('',#2279,#2380,#1338,.T.);
#3049=EDGE_CURVE('',#2380,#2381,#383,.T.);
#3050=EDGE_CURVE('',#2280,#2381,#1339,.T.);
#3051=EDGE_CURVE('',#2281,#2382,#1340,.T.);
#3052=EDGE_CURVE('',#2381,#2382,#1341,.T.);
#3053=EDGE_CURVE('',#2383,#2384,#384,.T.);
#3054=EDGE_CURVE('',#2384,#2272,#385,.T.);
#3055=EDGE_CURVE('',#2382,#2383,#386,.T.);
#3056=EDGE_CURVE('',#2329,#2385,#1923,.T.);
#3057=EDGE_CURVE('',#2385,#2386,#1342,.T.);
#3058=EDGE_CURVE('',#2386,#2387,#1924,.T.);
#3059=EDGE_CURVE('',#2387,#2330,#1925,.T.);
#3060=EDGE_CURVE('',#2387,#2270,#1343,.T.);
#3061=EDGE_CURVE('',#2386,#2388,#1344,.T.);
#3062=EDGE_CURVE('',#2388,#2331,#1926,.T.);
#3063=EDGE_CURVE('',#2389,#2390,#1345,.T.);
#3064=EDGE_CURVE('',#2390,#2384,#1927,.T.);
#3065=EDGE_CURVE('',#2391,#2383,#387,.T.);
#3066=EDGE_CURVE('',#2389,#2391,#1928,.T.);
#3067=EDGE_CURVE('',#2390,#2385,#1346,.T.);
#3068=EDGE_CURVE('',#2319,#2164,#1347,.T.);
#3069=EDGE_CURVE('',#2318,#2161,#1348,.T.);
#3070=EDGE_CURVE('',#2317,#2163,#1349,.T.);
#3071=EDGE_CURVE('',#2316,#2162,#1350,.T.);
#3072=EDGE_CURVE('',#2323,#2206,#1351,.T.);
#3073=EDGE_CURVE('',#2322,#2199,#1352,.T.);
#3074=EDGE_CURVE('',#2324,#2205,#1353,.T.);
#3075=EDGE_CURVE('',#2325,#2204,#1354,.T.);
#3076=EDGE_CURVE('',#2326,#2203,#1355,.T.);
#3077=EDGE_CURVE('',#2327,#2202,#1356,.T.);
#3078=EDGE_CURVE('',#2328,#2201,#1357,.T.);
#3079=EDGE_CURVE('',#2321,#2200,#1358,.T.);
#3080=EDGE_CURVE('',#2176,#2388,#1359,.T.);
#3081=EDGE_CURVE('',#2333,#2175,#1360,.T.);
#3082=EDGE_CURVE('',#2334,#2174,#1361,.T.);
#3083=EDGE_CURVE('',#2173,#2336,#1362,.T.);
#3084=EDGE_CURVE('',#2337,#2172,#1363,.T.);
#3085=EDGE_CURVE('',#2171,#2339,#1364,.T.);
#3086=EDGE_CURVE('',#2340,#2170,#1365,.T.);
#3087=EDGE_CURVE('',#2169,#2346,#1366,.T.);
#3088=EDGE_CURVE('',#2347,#2168,#1367,.T.);
#3089=EDGE_CURVE('',#2167,#2345,#1368,.T.);
#3090=EDGE_CURVE('',#2348,#2166,#1369,.T.);
#3091=EDGE_CURVE('',#2165,#2350,#1370,.T.);
#3092=EDGE_CURVE('',#2351,#2197,#1371,.T.);
#3093=EDGE_CURVE('',#2196,#2353,#1372,.T.);
#3094=EDGE_CURVE('',#2354,#2195,#1373,.T.);
#3095=EDGE_CURVE('',#2194,#2360,#1374,.T.);
#3096=EDGE_CURVE('',#2361,#2193,#1375,.T.);
#3097=EDGE_CURVE('',#2192,#2359,#1376,.T.);
#3098=EDGE_CURVE('',#2362,#2191,#1377,.T.);
#3099=EDGE_CURVE('',#2190,#2364,#1378,.T.);
#3100=EDGE_CURVE('',#2365,#2189,#1379,.T.);
#3101=EDGE_CURVE('',#2188,#2367,#1380,.T.);
#3102=EDGE_CURVE('',#2368,#2187,#1381,.T.);
#3103=EDGE_CURVE('',#2186,#2374,#1382,.T.);
#3104=EDGE_CURVE('',#2375,#2185,#1383,.T.);
#3105=EDGE_CURVE('',#2184,#2373,#1384,.T.);
#3106=EDGE_CURVE('',#2376,#2183,#1385,.T.);
#3107=EDGE_CURVE('',#2182,#2378,#1386,.T.);
#3108=EDGE_CURVE('',#2379,#2181,#1387,.T.);
#3109=EDGE_CURVE('',#2180,#2381,#1388,.T.);
#3110=EDGE_CURVE('',#2382,#2179,#1389,.T.);
#3111=EDGE_CURVE('',#2178,#2391,#1390,.T.);
#3112=EDGE_CURVE('',#2177,#2389,#1391,.T.);
#3113=ORIENTED_EDGE('',*,*,#2392,.T.);
#3114=ORIENTED_EDGE('',*,*,#2393,.T.);
#3115=ORIENTED_EDGE('',*,*,#2394,.T.);
#3116=ORIENTED_EDGE('',*,*,#2393,.F.);
#3117=ORIENTED_EDGE('',*,*,#2395,.T.);
#3118=ORIENTED_EDGE('',*,*,#2396,.F.);
#3119=ORIENTED_EDGE('',*,*,#2397,.T.);
#3120=ORIENTED_EDGE('',*,*,#2398,.F.);
#3121=ORIENTED_EDGE('',*,*,#2399,.F.);
#3122=ORIENTED_EDGE('',*,*,#2400,.T.);
#3123=ORIENTED_EDGE('',*,*,#2394,.F.);
#3124=ORIENTED_EDGE('',*,*,#2400,.F.);
#3125=ORIENTED_EDGE('',*,*,#2401,.F.);
#3126=ORIENTED_EDGE('',*,*,#2402,.F.);
#3127=ORIENTED_EDGE('',*,*,#2403,.F.);
#3128=ORIENTED_EDGE('',*,*,#2404,.F.);
#3129=ORIENTED_EDGE('',*,*,#2405,.F.);
#3130=ORIENTED_EDGE('',*,*,#2406,.F.);
#3131=ORIENTED_EDGE('',*,*,#2407,.T.);
#3132=ORIENTED_EDGE('',*,*,#2408,.F.);
#3133=ORIENTED_EDGE('',*,*,#2409,.F.);
#3134=ORIENTED_EDGE('',*,*,#2410,.F.);
#3135=ORIENTED_EDGE('',*,*,#2411,.F.);
#3136=ORIENTED_EDGE('',*,*,#2412,.F.);
#3137=ORIENTED_EDGE('',*,*,#2413,.F.);
#3138=ORIENTED_EDGE('',*,*,#2414,.F.);
#3139=ORIENTED_EDGE('',*,*,#2415,.T.);
#3140=ORIENTED_EDGE('',*,*,#2416,.F.);
#3141=ORIENTED_EDGE('',*,*,#2417,.F.);
#3142=ORIENTED_EDGE('',*,*,#2418,.F.);
#3143=ORIENTED_EDGE('',*,*,#2419,.F.);
#3144=ORIENTED_EDGE('',*,*,#2420,.F.);
#3145=ORIENTED_EDGE('',*,*,#2421,.F.);
#3146=ORIENTED_EDGE('',*,*,#2422,.F.);
#3147=ORIENTED_EDGE('',*,*,#2423,.T.);
#3148=ORIENTED_EDGE('',*,*,#2424,.F.);
#3149=ORIENTED_EDGE('',*,*,#2425,.F.);
#3150=ORIENTED_EDGE('',*,*,#2426,.F.);
#3151=ORIENTED_EDGE('',*,*,#2427,.F.);
#3152=ORIENTED_EDGE('',*,*,#2428,.F.);
#3153=ORIENTED_EDGE('',*,*,#2429,.F.);
#3154=ORIENTED_EDGE('',*,*,#2430,.T.);
#3155=ORIENTED_EDGE('',*,*,#2431,.T.);
#3156=ORIENTED_EDGE('',*,*,#2392,.F.);
#3157=ORIENTED_EDGE('',*,*,#2432,.F.);
#3158=ORIENTED_EDGE('',*,*,#2433,.F.);
#3159=ORIENTED_EDGE('',*,*,#2395,.F.);
#3160=ORIENTED_EDGE('',*,*,#2434,.F.);
#3161=ORIENTED_EDGE('',*,*,#2435,.F.);
#3162=ORIENTED_EDGE('',*,*,#2436,.F.);
#3163=ORIENTED_EDGE('',*,*,#2437,.F.);
#3164=ORIENTED_EDGE('',*,*,#2438,.F.);
#3165=ORIENTED_EDGE('',*,*,#2439,.F.);
#3166=ORIENTED_EDGE('',*,*,#2440,.F.);
#3167=ORIENTED_EDGE('',*,*,#2441,.F.);
#3168=ORIENTED_EDGE('',*,*,#2442,.F.);
#3169=ORIENTED_EDGE('',*,*,#2430,.F.);
#3170=ORIENTED_EDGE('',*,*,#2443,.F.);
#3171=ORIENTED_EDGE('',*,*,#2444,.F.);
#3172=ORIENTED_EDGE('',*,*,#2445,.F.);
#3173=ORIENTED_EDGE('',*,*,#2431,.F.);
#3174=ORIENTED_EDGE('',*,*,#2442,.T.);
#3175=ORIENTED_EDGE('',*,*,#2446,.F.);
#3176=ORIENTED_EDGE('',*,*,#2434,.T.);
#3177=ORIENTED_EDGE('',*,*,#2447,.F.);
#3178=ORIENTED_EDGE('',*,*,#2448,.T.);
#3179=ORIENTED_EDGE('',*,*,#2449,.F.);
#3180=ORIENTED_EDGE('',*,*,#2435,.T.);
#3181=ORIENTED_EDGE('',*,*,#2446,.T.);
#3182=ORIENTED_EDGE('',*,*,#2441,.T.);
#3183=ORIENTED_EDGE('',*,*,#2450,.F.);
#3184=ORIENTED_EDGE('',*,*,#2448,.F.);
#3185=ORIENTED_EDGE('',*,*,#2436,.T.);
#3186=ORIENTED_EDGE('',*,*,#2449,.T.);
#3187=ORIENTED_EDGE('',*,*,#2450,.T.);
#3188=ORIENTED_EDGE('',*,*,#2440,.T.);
#3189=ORIENTED_EDGE('',*,*,#2451,.T.);
#3190=ORIENTED_EDGE('',*,*,#2437,.T.);
#3191=ORIENTED_EDGE('',*,*,#2451,.F.);
#3192=ORIENTED_EDGE('',*,*,#2445,.T.);
#3193=ORIENTED_EDGE('',*,*,#2452,.T.);
#3194=ORIENTED_EDGE('',*,*,#2453,.F.);
#3195=ORIENTED_EDGE('',*,*,#2454,.F.);
#3196=ORIENTED_EDGE('',*,*,#2455,.F.);
#3197=ORIENTED_EDGE('',*,*,#2456,.T.);
#3198=ORIENTED_EDGE('',*,*,#2457,.F.);
#3199=ORIENTED_EDGE('',*,*,#2458,.F.);
#3200=ORIENTED_EDGE('',*,*,#2459,.F.);
#3201=ORIENTED_EDGE('',*,*,#2460,.T.);
#3202=ORIENTED_EDGE('',*,*,#2461,.F.);
#3203=ORIENTED_EDGE('',*,*,#2462,.F.);
#3204=ORIENTED_EDGE('',*,*,#2463,.F.);
#3205=ORIENTED_EDGE('',*,*,#2464,.T.);
#3206=ORIENTED_EDGE('',*,*,#2465,.F.);
#3207=ORIENTED_EDGE('',*,*,#2466,.F.);
#3208=ORIENTED_EDGE('',*,*,#2467,.F.);
#3209=ORIENTED_EDGE('',*,*,#2468,.T.);
#3210=ORIENTED_EDGE('',*,*,#2444,.T.);
#3211=ORIENTED_EDGE('',*,*,#2469,.F.);
#3212=ORIENTED_EDGE('',*,*,#2470,.F.);
#3213=ORIENTED_EDGE('',*,*,#2452,.F.);
#3214=ORIENTED_EDGE('',*,*,#2438,.T.);
#3215=ORIENTED_EDGE('',*,*,#2468,.F.);
#3216=ORIENTED_EDGE('',*,*,#2471,.F.);
#3217=ORIENTED_EDGE('',*,*,#2472,.F.);
#3218=ORIENTED_EDGE('',*,*,#2473,.F.);
#3219=ORIENTED_EDGE('',*,*,#2474,.F.);
#3220=ORIENTED_EDGE('',*,*,#2464,.F.);
#3221=ORIENTED_EDGE('',*,*,#2475,.F.);
#3222=ORIENTED_EDGE('',*,*,#2476,.F.);
#3223=ORIENTED_EDGE('',*,*,#2477,.F.);
#3224=ORIENTED_EDGE('',*,*,#2460,.F.);
#3225=ORIENTED_EDGE('',*,*,#2478,.F.);
#3226=ORIENTED_EDGE('',*,*,#2456,.F.);
#3227=ORIENTED_EDGE('',*,*,#2479,.F.);
#3228=ORIENTED_EDGE('',*,*,#2480,.F.);
#3229=ORIENTED_EDGE('',*,*,#2479,.T.);
#3230=ORIENTED_EDGE('',*,*,#2455,.T.);
#3231=ORIENTED_EDGE('',*,*,#2481,.T.);
#3232=ORIENTED_EDGE('',*,*,#2482,.T.);
#3233=ORIENTED_EDGE('',*,*,#2483,.T.);
#3234=ORIENTED_EDGE('',*,*,#2484,.T.);
#3235=ORIENTED_EDGE('',*,*,#2454,.T.);
#3236=ORIENTED_EDGE('',*,*,#2485,.F.);
#3237=ORIENTED_EDGE('',*,*,#2486,.F.);
#3238=ORIENTED_EDGE('',*,*,#2487,.F.);
#3239=ORIENTED_EDGE('',*,*,#2488,.F.);
#3240=ORIENTED_EDGE('',*,*,#2489,.F.);
#3241=ORIENTED_EDGE('',*,*,#2490,.F.);
#3242=ORIENTED_EDGE('',*,*,#2491,.F.);
#3243=ORIENTED_EDGE('',*,*,#2492,.F.);
#3244=ORIENTED_EDGE('',*,*,#2481,.F.);
#3245=ORIENTED_EDGE('',*,*,#2493,.T.);
#3246=ORIENTED_EDGE('',*,*,#2494,.T.);
#3247=ORIENTED_EDGE('',*,*,#2495,.T.);
#3248=ORIENTED_EDGE('',*,*,#2496,.T.);
#3249=ORIENTED_EDGE('',*,*,#2453,.T.);
#3250=ORIENTED_EDGE('',*,*,#2470,.T.);
#3251=ORIENTED_EDGE('',*,*,#2497,.T.);
#3252=ORIENTED_EDGE('',*,*,#2498,.T.);
#3253=ORIENTED_EDGE('',*,*,#2499,.F.);
#3254=ORIENTED_EDGE('',*,*,#2485,.T.);
#3255=ORIENTED_EDGE('',*,*,#2439,.T.);
#3256=ORIENTED_EDGE('',*,*,#2471,.T.);
#3257=ORIENTED_EDGE('',*,*,#2467,.T.);
#3258=ORIENTED_EDGE('',*,*,#2500,.T.);
#3259=ORIENTED_EDGE('',*,*,#2501,.T.);
#3260=ORIENTED_EDGE('',*,*,#2502,.T.);
#3261=ORIENTED_EDGE('',*,*,#2466,.T.);
#3262=ORIENTED_EDGE('',*,*,#2503,.F.);
#3263=ORIENTED_EDGE('',*,*,#2504,.F.);
#3264=ORIENTED_EDGE('',*,*,#2505,.F.);
#3265=ORIENTED_EDGE('',*,*,#2506,.F.);
#3266=ORIENTED_EDGE('',*,*,#2507,.F.);
#3267=ORIENTED_EDGE('',*,*,#2508,.F.);
#3268=ORIENTED_EDGE('',*,*,#2509,.F.);
#3269=ORIENTED_EDGE('',*,*,#2510,.F.);
#3270=ORIENTED_EDGE('',*,*,#2500,.F.);
#3271=ORIENTED_EDGE('',*,*,#2511,.T.);
#3272=ORIENTED_EDGE('',*,*,#2512,.T.);
#3273=ORIENTED_EDGE('',*,*,#2513,.T.);
#3274=ORIENTED_EDGE('',*,*,#2514,.T.);
#3275=ORIENTED_EDGE('',*,*,#2465,.T.);
#3276=ORIENTED_EDGE('',*,*,#2474,.T.);
#3277=ORIENTED_EDGE('',*,*,#2515,.T.);
#3278=ORIENTED_EDGE('',*,*,#2516,.T.);
#3279=ORIENTED_EDGE('',*,*,#2517,.F.);
#3280=ORIENTED_EDGE('',*,*,#2503,.T.);
#3281=ORIENTED_EDGE('',*,*,#2443,.T.);
#3282=ORIENTED_EDGE('',*,*,#2429,.T.);
#3283=ORIENTED_EDGE('',*,*,#2518,.F.);
#3284=ORIENTED_EDGE('',*,*,#2497,.F.);
#3285=ORIENTED_EDGE('',*,*,#2469,.T.);
#3286=ORIENTED_EDGE('',*,*,#2473,.T.);
#3287=ORIENTED_EDGE('',*,*,#2519,.F.);
#3288=ORIENTED_EDGE('',*,*,#2520,.F.);
#3289=ORIENTED_EDGE('',*,*,#2405,.T.);
#3290=ORIENTED_EDGE('',*,*,#2521,.F.);
#3291=ORIENTED_EDGE('',*,*,#2515,.F.);
#3292=ORIENTED_EDGE('',*,*,#2476,.T.);
#3293=ORIENTED_EDGE('',*,*,#2522,.F.);
#3294=ORIENTED_EDGE('',*,*,#2523,.F.);
#3295=ORIENTED_EDGE('',*,*,#2413,.T.);
#3296=ORIENTED_EDGE('',*,*,#2524,.F.);
#3297=ORIENTED_EDGE('',*,*,#2525,.F.);
#3298=ORIENTED_EDGE('',*,*,#2480,.T.);
#3299=ORIENTED_EDGE('',*,*,#2484,.F.);
#3300=ORIENTED_EDGE('',*,*,#2526,.F.);
#3301=ORIENTED_EDGE('',*,*,#2421,.T.);
#3302=ORIENTED_EDGE('',*,*,#2527,.F.);
#3303=ORIENTED_EDGE('',*,*,#2528,.F.);
#3304=ORIENTED_EDGE('',*,*,#2529,.F.);
#3305=ORIENTED_EDGE('',*,*,#2530,.T.);
#3306=ORIENTED_EDGE('',*,*,#2531,.F.);
#3307=ORIENTED_EDGE('',*,*,#2532,.T.);
#3308=ORIENTED_EDGE('',*,*,#2529,.T.);
#3309=ORIENTED_EDGE('',*,*,#2533,.F.);
#3310=ORIENTED_EDGE('',*,*,#2534,.T.);
#3311=ORIENTED_EDGE('',*,*,#2535,.F.);
#3312=ORIENTED_EDGE('',*,*,#2536,.F.);
#3313=ORIENTED_EDGE('',*,*,#2537,.F.);
#3314=ORIENTED_EDGE('',*,*,#2532,.F.);
#3315=ORIENTED_EDGE('',*,*,#2538,.T.);
#3316=ORIENTED_EDGE('',*,*,#2539,.F.);
#3317=ORIENTED_EDGE('',*,*,#2533,.T.);
#3318=ORIENTED_EDGE('',*,*,#2534,.F.);
#3319=ORIENTED_EDGE('',*,*,#2539,.T.);
#3320=ORIENTED_EDGE('',*,*,#2540,.F.);
#3321=ORIENTED_EDGE('',*,*,#2541,.T.);
#3322=ORIENTED_EDGE('',*,*,#2531,.T.);
#3323=ORIENTED_EDGE('',*,*,#2542,.F.);
#3324=ORIENTED_EDGE('',*,*,#2543,.F.);
#3325=ORIENTED_EDGE('',*,*,#2544,.F.);
#3326=ORIENTED_EDGE('',*,*,#2540,.T.);
#3327=ORIENTED_EDGE('',*,*,#2538,.F.);
#3328=ORIENTED_EDGE('',*,*,#2545,.F.);
#3329=ORIENTED_EDGE('',*,*,#2546,.T.);
#3330=ORIENTED_EDGE('',*,*,#2547,.F.);
#3331=ORIENTED_EDGE('',*,*,#2548,.T.);
#3332=ORIENTED_EDGE('',*,*,#2545,.T.);
#3333=ORIENTED_EDGE('',*,*,#2549,.F.);
#3334=ORIENTED_EDGE('',*,*,#2550,.T.);
#3335=ORIENTED_EDGE('',*,*,#2551,.F.);
#3336=ORIENTED_EDGE('',*,*,#2495,.F.);
#3337=ORIENTED_EDGE('',*,*,#2552,.F.);
#3338=ORIENTED_EDGE('',*,*,#2548,.F.);
#3339=ORIENTED_EDGE('',*,*,#2553,.T.);
#3340=ORIENTED_EDGE('',*,*,#2554,.F.);
#3341=ORIENTED_EDGE('',*,*,#2549,.T.);
#3342=ORIENTED_EDGE('',*,*,#2550,.F.);
#3343=ORIENTED_EDGE('',*,*,#2554,.T.);
#3344=ORIENTED_EDGE('',*,*,#2555,.F.);
#3345=ORIENTED_EDGE('',*,*,#2556,.T.);
#3346=ORIENTED_EDGE('',*,*,#2547,.T.);
#3347=ORIENTED_EDGE('',*,*,#2557,.F.);
#3348=ORIENTED_EDGE('',*,*,#2493,.F.);
#3349=ORIENTED_EDGE('',*,*,#2558,.F.);
#3350=ORIENTED_EDGE('',*,*,#2555,.T.);
#3351=ORIENTED_EDGE('',*,*,#2553,.F.);
#3352=ORIENTED_EDGE('',*,*,#2559,.F.);
#3353=ORIENTED_EDGE('',*,*,#2560,.T.);
#3354=ORIENTED_EDGE('',*,*,#2561,.F.);
#3355=ORIENTED_EDGE('',*,*,#2562,.T.);
#3356=ORIENTED_EDGE('',*,*,#2559,.T.);
#3357=ORIENTED_EDGE('',*,*,#2563,.F.);
#3358=ORIENTED_EDGE('',*,*,#2564,.T.);
#3359=ORIENTED_EDGE('',*,*,#2565,.F.);
#3360=ORIENTED_EDGE('',*,*,#2513,.F.);
#3361=ORIENTED_EDGE('',*,*,#2566,.F.);
#3362=ORIENTED_EDGE('',*,*,#2562,.F.);
#3363=ORIENTED_EDGE('',*,*,#2567,.T.);
#3364=ORIENTED_EDGE('',*,*,#2568,.F.);
#3365=ORIENTED_EDGE('',*,*,#2563,.T.);
#3366=ORIENTED_EDGE('',*,*,#2564,.F.);
#3367=ORIENTED_EDGE('',*,*,#2568,.T.);
#3368=ORIENTED_EDGE('',*,*,#2569,.F.);
#3369=ORIENTED_EDGE('',*,*,#2570,.T.);
#3370=ORIENTED_EDGE('',*,*,#2561,.T.);
#3371=ORIENTED_EDGE('',*,*,#2571,.F.);
#3372=ORIENTED_EDGE('',*,*,#2511,.F.);
#3373=ORIENTED_EDGE('',*,*,#2572,.F.);
#3374=ORIENTED_EDGE('',*,*,#2569,.T.);
#3375=ORIENTED_EDGE('',*,*,#2567,.F.);
#3376=ORIENTED_EDGE('',*,*,#2541,.F.);
#3377=ORIENTED_EDGE('',*,*,#2544,.T.);
#3378=ORIENTED_EDGE('',*,*,#2573,.F.);
#3379=ORIENTED_EDGE('',*,*,#2535,.T.);
#3380=ORIENTED_EDGE('',*,*,#2530,.F.);
#3381=ORIENTED_EDGE('',*,*,#2537,.T.);
#3382=ORIENTED_EDGE('',*,*,#2574,.F.);
#3383=ORIENTED_EDGE('',*,*,#2542,.T.);
#3384=ORIENTED_EDGE('',*,*,#2556,.F.);
#3385=ORIENTED_EDGE('',*,*,#2558,.T.);
#3386=ORIENTED_EDGE('',*,*,#2496,.F.);
#3387=ORIENTED_EDGE('',*,*,#2551,.T.);
#3388=ORIENTED_EDGE('',*,*,#2546,.F.);
#3389=ORIENTED_EDGE('',*,*,#2552,.T.);
#3390=ORIENTED_EDGE('',*,*,#2494,.F.);
#3391=ORIENTED_EDGE('',*,*,#2557,.T.);
#3392=ORIENTED_EDGE('',*,*,#2570,.F.);
#3393=ORIENTED_EDGE('',*,*,#2572,.T.);
#3394=ORIENTED_EDGE('',*,*,#2514,.F.);
#3395=ORIENTED_EDGE('',*,*,#2565,.T.);
#3396=ORIENTED_EDGE('',*,*,#2560,.F.);
#3397=ORIENTED_EDGE('',*,*,#2566,.T.);
#3398=ORIENTED_EDGE('',*,*,#2512,.F.);
#3399=ORIENTED_EDGE('',*,*,#2571,.T.);
#3400=ORIENTED_EDGE('',*,*,#2459,.T.);
#3401=ORIENTED_EDGE('',*,*,#2575,.T.);
#3402=ORIENTED_EDGE('',*,*,#2576,.T.);
#3403=ORIENTED_EDGE('',*,*,#2577,.T.);
#3404=ORIENTED_EDGE('',*,*,#2522,.T.);
#3405=ORIENTED_EDGE('',*,*,#2475,.T.);
#3406=ORIENTED_EDGE('',*,*,#2578,.T.);
#3407=ORIENTED_EDGE('',*,*,#2579,.T.);
#3408=ORIENTED_EDGE('',*,*,#2576,.F.);
#3409=ORIENTED_EDGE('',*,*,#2580,.T.);
#3410=ORIENTED_EDGE('',*,*,#2581,.T.);
#3411=ORIENTED_EDGE('',*,*,#2582,.T.);
#3412=ORIENTED_EDGE('',*,*,#2578,.F.);
#3413=ORIENTED_EDGE('',*,*,#2583,.T.);
#3414=ORIENTED_EDGE('',*,*,#2584,.T.);
#3415=ORIENTED_EDGE('',*,*,#2585,.T.);
#3416=ORIENTED_EDGE('',*,*,#2586,.T.);
#3417=ORIENTED_EDGE('',*,*,#2587,.T.);
#3418=ORIENTED_EDGE('',*,*,#2584,.F.);
#3419=ORIENTED_EDGE('',*,*,#2588,.T.);
#3420=ORIENTED_EDGE('',*,*,#2581,.F.);
#3421=ORIENTED_EDGE('',*,*,#2589,.T.);
#3422=ORIENTED_EDGE('',*,*,#2590,.T.);
#3423=ORIENTED_EDGE('',*,*,#2591,.T.);
#3424=ORIENTED_EDGE('',*,*,#2592,.T.);
#3425=ORIENTED_EDGE('',*,*,#2593,.T.);
#3426=ORIENTED_EDGE('',*,*,#2590,.F.);
#3427=ORIENTED_EDGE('',*,*,#2594,.T.);
#3428=ORIENTED_EDGE('',*,*,#2595,.T.);
#3429=ORIENTED_EDGE('',*,*,#2596,.T.);
#3430=ORIENTED_EDGE('',*,*,#2478,.T.);
#3431=ORIENTED_EDGE('',*,*,#2528,.T.);
#3432=ORIENTED_EDGE('',*,*,#2597,.T.);
#3433=ORIENTED_EDGE('',*,*,#2595,.F.);
#3434=ORIENTED_EDGE('',*,*,#2598,.T.);
#3435=ORIENTED_EDGE('',*,*,#2457,.T.);
#3436=ORIENTED_EDGE('',*,*,#2592,.F.);
#3437=ORIENTED_EDGE('',*,*,#2599,.T.);
#3438=ORIENTED_EDGE('',*,*,#2586,.F.);
#3439=ORIENTED_EDGE('',*,*,#2600,.T.);
#3440=ORIENTED_EDGE('',*,*,#2582,.F.);
#3441=ORIENTED_EDGE('',*,*,#2588,.F.);
#3442=ORIENTED_EDGE('',*,*,#2601,.T.);
#3443=ORIENTED_EDGE('',*,*,#2416,.T.);
#3444=ORIENTED_EDGE('',*,*,#2602,.T.);
#3445=ORIENTED_EDGE('',*,*,#2587,.F.);
#3446=ORIENTED_EDGE('',*,*,#2603,.F.);
#3447=ORIENTED_EDGE('',*,*,#2417,.T.);
#3448=ORIENTED_EDGE('',*,*,#2601,.F.);
#3449=ORIENTED_EDGE('',*,*,#2599,.F.);
#3450=ORIENTED_EDGE('',*,*,#2591,.F.);
#3451=ORIENTED_EDGE('',*,*,#2604,.T.);
#3452=ORIENTED_EDGE('',*,*,#2418,.T.);
#3453=ORIENTED_EDGE('',*,*,#2603,.T.);
#3454=ORIENTED_EDGE('',*,*,#2596,.F.);
#3455=ORIENTED_EDGE('',*,*,#2605,.F.);
#3456=ORIENTED_EDGE('',*,*,#2419,.T.);
#3457=ORIENTED_EDGE('',*,*,#2604,.F.);
#3458=ORIENTED_EDGE('',*,*,#2597,.F.);
#3459=ORIENTED_EDGE('',*,*,#2527,.T.);
#3460=ORIENTED_EDGE('',*,*,#2420,.T.);
#3461=ORIENTED_EDGE('',*,*,#2605,.T.);
#3462=ORIENTED_EDGE('',*,*,#2606,.T.);
#3463=ORIENTED_EDGE('',*,*,#2607,.T.);
#3464=ORIENTED_EDGE('',*,*,#2482,.F.);
#3465=ORIENTED_EDGE('',*,*,#2492,.T.);
#3466=ORIENTED_EDGE('',*,*,#2608,.T.);
#3467=ORIENTED_EDGE('',*,*,#2609,.T.);
#3468=ORIENTED_EDGE('',*,*,#2606,.F.);
#3469=ORIENTED_EDGE('',*,*,#2491,.T.);
#3470=ORIENTED_EDGE('',*,*,#2610,.T.);
#3471=ORIENTED_EDGE('',*,*,#2489,.T.);
#3472=ORIENTED_EDGE('',*,*,#2611,.T.);
#3473=ORIENTED_EDGE('',*,*,#2612,.T.);
#3474=ORIENTED_EDGE('',*,*,#2610,.F.);
#3475=ORIENTED_EDGE('',*,*,#2613,.T.);
#3476=ORIENTED_EDGE('',*,*,#2608,.F.);
#3477=ORIENTED_EDGE('',*,*,#2490,.T.);
#3478=ORIENTED_EDGE('',*,*,#2614,.T.);
#3479=ORIENTED_EDGE('',*,*,#2615,.T.);
#3480=ORIENTED_EDGE('',*,*,#2616,.T.);
#3481=ORIENTED_EDGE('',*,*,#2487,.T.);
#3482=ORIENTED_EDGE('',*,*,#2614,.F.);
#3483=ORIENTED_EDGE('',*,*,#2486,.T.);
#3484=ORIENTED_EDGE('',*,*,#2499,.T.);
#3485=ORIENTED_EDGE('',*,*,#2617,.T.);
#3486=ORIENTED_EDGE('',*,*,#2616,.F.);
#3487=ORIENTED_EDGE('',*,*,#2618,.T.);
#3488=ORIENTED_EDGE('',*,*,#2611,.F.);
#3489=ORIENTED_EDGE('',*,*,#2488,.T.);
#3490=ORIENTED_EDGE('',*,*,#2609,.F.);
#3491=ORIENTED_EDGE('',*,*,#2613,.F.);
#3492=ORIENTED_EDGE('',*,*,#2619,.T.);
#3493=ORIENTED_EDGE('',*,*,#2424,.T.);
#3494=ORIENTED_EDGE('',*,*,#2620,.T.);
#3495=ORIENTED_EDGE('',*,*,#2612,.F.);
#3496=ORIENTED_EDGE('',*,*,#2621,.F.);
#3497=ORIENTED_EDGE('',*,*,#2425,.T.);
#3498=ORIENTED_EDGE('',*,*,#2619,.F.);
#3499=ORIENTED_EDGE('',*,*,#2618,.F.);
#3500=ORIENTED_EDGE('',*,*,#2615,.F.);
#3501=ORIENTED_EDGE('',*,*,#2622,.T.);
#3502=ORIENTED_EDGE('',*,*,#2426,.T.);
#3503=ORIENTED_EDGE('',*,*,#2621,.T.);
#3504=ORIENTED_EDGE('',*,*,#2617,.F.);
#3505=ORIENTED_EDGE('',*,*,#2623,.F.);
#3506=ORIENTED_EDGE('',*,*,#2427,.T.);
#3507=ORIENTED_EDGE('',*,*,#2622,.F.);
#3508=ORIENTED_EDGE('',*,*,#2498,.F.);
#3509=ORIENTED_EDGE('',*,*,#2518,.T.);
#3510=ORIENTED_EDGE('',*,*,#2428,.T.);
#3511=ORIENTED_EDGE('',*,*,#2623,.T.);
#3512=ORIENTED_EDGE('',*,*,#2624,.T.);
#3513=ORIENTED_EDGE('',*,*,#2625,.T.);
#3514=ORIENTED_EDGE('',*,*,#2501,.F.);
#3515=ORIENTED_EDGE('',*,*,#2510,.T.);
#3516=ORIENTED_EDGE('',*,*,#2626,.T.);
#3517=ORIENTED_EDGE('',*,*,#2627,.T.);
#3518=ORIENTED_EDGE('',*,*,#2624,.F.);
#3519=ORIENTED_EDGE('',*,*,#2509,.T.);
#3520=ORIENTED_EDGE('',*,*,#2628,.T.);
#3521=ORIENTED_EDGE('',*,*,#2507,.T.);
#3522=ORIENTED_EDGE('',*,*,#2629,.T.);
#3523=ORIENTED_EDGE('',*,*,#2630,.T.);
#3524=ORIENTED_EDGE('',*,*,#2628,.F.);
#3525=ORIENTED_EDGE('',*,*,#2631,.T.);
#3526=ORIENTED_EDGE('',*,*,#2626,.F.);
#3527=ORIENTED_EDGE('',*,*,#2508,.T.);
#3528=ORIENTED_EDGE('',*,*,#2632,.T.);
#3529=ORIENTED_EDGE('',*,*,#2633,.T.);
#3530=ORIENTED_EDGE('',*,*,#2634,.T.);
#3531=ORIENTED_EDGE('',*,*,#2505,.T.);
#3532=ORIENTED_EDGE('',*,*,#2632,.F.);
#3533=ORIENTED_EDGE('',*,*,#2504,.T.);
#3534=ORIENTED_EDGE('',*,*,#2517,.T.);
#3535=ORIENTED_EDGE('',*,*,#2635,.T.);
#3536=ORIENTED_EDGE('',*,*,#2634,.F.);
#3537=ORIENTED_EDGE('',*,*,#2636,.T.);
#3538=ORIENTED_EDGE('',*,*,#2629,.F.);
#3539=ORIENTED_EDGE('',*,*,#2506,.T.);
#3540=ORIENTED_EDGE('',*,*,#2627,.F.);
#3541=ORIENTED_EDGE('',*,*,#2631,.F.);
#3542=ORIENTED_EDGE('',*,*,#2637,.T.);
#3543=ORIENTED_EDGE('',*,*,#2398,.T.);
#3544=ORIENTED_EDGE('',*,*,#2638,.T.);
#3545=ORIENTED_EDGE('',*,*,#2630,.F.);
#3546=ORIENTED_EDGE('',*,*,#2639,.F.);
#3547=ORIENTED_EDGE('',*,*,#2401,.T.);
#3548=ORIENTED_EDGE('',*,*,#2399,.T.);
#3549=ORIENTED_EDGE('',*,*,#2637,.F.);
#3550=ORIENTED_EDGE('',*,*,#2636,.F.);
#3551=ORIENTED_EDGE('',*,*,#2633,.F.);
#3552=ORIENTED_EDGE('',*,*,#2640,.T.);
#3553=ORIENTED_EDGE('',*,*,#2402,.T.);
#3554=ORIENTED_EDGE('',*,*,#2639,.T.);
#3555=ORIENTED_EDGE('',*,*,#2635,.F.);
#3556=ORIENTED_EDGE('',*,*,#2641,.F.);
#3557=ORIENTED_EDGE('',*,*,#2403,.T.);
#3558=ORIENTED_EDGE('',*,*,#2640,.F.);
#3559=ORIENTED_EDGE('',*,*,#2516,.F.);
#3560=ORIENTED_EDGE('',*,*,#2521,.T.);
#3561=ORIENTED_EDGE('',*,*,#2404,.T.);
#3562=ORIENTED_EDGE('',*,*,#2641,.T.);
#3563=ORIENTED_EDGE('',*,*,#2577,.F.);
#3564=ORIENTED_EDGE('',*,*,#2642,.T.);
#3565=ORIENTED_EDGE('',*,*,#2414,.T.);
#3566=ORIENTED_EDGE('',*,*,#2523,.T.);
#3567=ORIENTED_EDGE('',*,*,#2579,.F.);
#3568=ORIENTED_EDGE('',*,*,#2602,.F.);
#3569=ORIENTED_EDGE('',*,*,#2415,.F.);
#3570=ORIENTED_EDGE('',*,*,#2642,.F.);
#3571=ORIENTED_EDGE('',*,*,#2458,.T.);
#3572=ORIENTED_EDGE('',*,*,#2598,.F.);
#3573=ORIENTED_EDGE('',*,*,#2594,.F.);
#3574=ORIENTED_EDGE('',*,*,#2593,.F.);
#3575=ORIENTED_EDGE('',*,*,#2600,.F.);
#3576=ORIENTED_EDGE('',*,*,#2585,.F.);
#3577=ORIENTED_EDGE('',*,*,#2589,.F.);
#3578=ORIENTED_EDGE('',*,*,#2583,.F.);
#3579=ORIENTED_EDGE('',*,*,#2580,.F.);
#3580=ORIENTED_EDGE('',*,*,#2575,.F.);
#3581=ORIENTED_EDGE('',*,*,#2543,.T.);
#3582=ORIENTED_EDGE('',*,*,#2574,.T.);
#3583=ORIENTED_EDGE('',*,*,#2536,.T.);
#3584=ORIENTED_EDGE('',*,*,#2573,.T.);
#3585=ORIENTED_EDGE('',*,*,#2483,.F.);
#3586=ORIENTED_EDGE('',*,*,#2643,.T.);
#3587=ORIENTED_EDGE('',*,*,#2422,.T.);
#3588=ORIENTED_EDGE('',*,*,#2526,.T.);
#3589=ORIENTED_EDGE('',*,*,#2607,.F.);
#3590=ORIENTED_EDGE('',*,*,#2620,.F.);
#3591=ORIENTED_EDGE('',*,*,#2423,.F.);
#3592=ORIENTED_EDGE('',*,*,#2643,.F.);
#3593=ORIENTED_EDGE('',*,*,#2433,.T.);
#3594=ORIENTED_EDGE('',*,*,#2502,.F.);
#3595=ORIENTED_EDGE('',*,*,#2644,.T.);
#3596=ORIENTED_EDGE('',*,*,#2396,.T.);
#3597=ORIENTED_EDGE('',*,*,#2625,.F.);
#3598=ORIENTED_EDGE('',*,*,#2638,.F.);
#3599=ORIENTED_EDGE('',*,*,#2397,.F.);
#3600=ORIENTED_EDGE('',*,*,#2644,.F.);
#3601=ORIENTED_EDGE('',*,*,#2645,.F.);
#3602=ORIENTED_EDGE('',*,*,#2646,.T.);
#3603=ORIENTED_EDGE('',*,*,#2647,.F.);
#3604=ORIENTED_EDGE('',*,*,#2648,.T.);
#3605=ORIENTED_EDGE('',*,*,#2645,.T.);
#3606=ORIENTED_EDGE('',*,*,#2649,.F.);
#3607=ORIENTED_EDGE('',*,*,#2650,.T.);
#3608=ORIENTED_EDGE('',*,*,#2651,.F.);
#3609=ORIENTED_EDGE('',*,*,#2652,.F.);
#3610=ORIENTED_EDGE('',*,*,#2653,.F.);
#3611=ORIENTED_EDGE('',*,*,#2648,.F.);
#3612=ORIENTED_EDGE('',*,*,#2654,.T.);
#3613=ORIENTED_EDGE('',*,*,#2655,.F.);
#3614=ORIENTED_EDGE('',*,*,#2649,.T.);
#3615=ORIENTED_EDGE('',*,*,#2650,.F.);
#3616=ORIENTED_EDGE('',*,*,#2655,.T.);
#3617=ORIENTED_EDGE('',*,*,#2656,.F.);
#3618=ORIENTED_EDGE('',*,*,#2657,.T.);
#3619=ORIENTED_EDGE('',*,*,#2647,.T.);
#3620=ORIENTED_EDGE('',*,*,#2658,.F.);
#3621=ORIENTED_EDGE('',*,*,#2659,.F.);
#3622=ORIENTED_EDGE('',*,*,#2660,.F.);
#3623=ORIENTED_EDGE('',*,*,#2656,.T.);
#3624=ORIENTED_EDGE('',*,*,#2654,.F.);
#3625=ORIENTED_EDGE('',*,*,#2657,.F.);
#3626=ORIENTED_EDGE('',*,*,#2660,.T.);
#3627=ORIENTED_EDGE('',*,*,#2661,.F.);
#3628=ORIENTED_EDGE('',*,*,#2651,.T.);
#3629=ORIENTED_EDGE('',*,*,#2646,.F.);
#3630=ORIENTED_EDGE('',*,*,#2653,.T.);
#3631=ORIENTED_EDGE('',*,*,#2662,.F.);
#3632=ORIENTED_EDGE('',*,*,#2658,.T.);
#3633=ORIENTED_EDGE('',*,*,#2463,.T.);
#3634=ORIENTED_EDGE('',*,*,#2663,.T.);
#3635=ORIENTED_EDGE('',*,*,#2664,.T.);
#3636=ORIENTED_EDGE('',*,*,#2665,.T.);
#3637=ORIENTED_EDGE('',*,*,#2519,.T.);
#3638=ORIENTED_EDGE('',*,*,#2472,.T.);
#3639=ORIENTED_EDGE('',*,*,#2666,.T.);
#3640=ORIENTED_EDGE('',*,*,#2667,.T.);
#3641=ORIENTED_EDGE('',*,*,#2664,.F.);
#3642=ORIENTED_EDGE('',*,*,#2668,.T.);
#3643=ORIENTED_EDGE('',*,*,#2669,.T.);
#3644=ORIENTED_EDGE('',*,*,#2670,.T.);
#3645=ORIENTED_EDGE('',*,*,#2666,.F.);
#3646=ORIENTED_EDGE('',*,*,#2671,.T.);
#3647=ORIENTED_EDGE('',*,*,#2672,.T.);
#3648=ORIENTED_EDGE('',*,*,#2673,.T.);
#3649=ORIENTED_EDGE('',*,*,#2674,.T.);
#3650=ORIENTED_EDGE('',*,*,#2675,.T.);
#3651=ORIENTED_EDGE('',*,*,#2672,.F.);
#3652=ORIENTED_EDGE('',*,*,#2676,.T.);
#3653=ORIENTED_EDGE('',*,*,#2669,.F.);
#3654=ORIENTED_EDGE('',*,*,#2677,.T.);
#3655=ORIENTED_EDGE('',*,*,#2678,.T.);
#3656=ORIENTED_EDGE('',*,*,#2679,.T.);
#3657=ORIENTED_EDGE('',*,*,#2680,.T.);
#3658=ORIENTED_EDGE('',*,*,#2681,.T.);
#3659=ORIENTED_EDGE('',*,*,#2678,.F.);
#3660=ORIENTED_EDGE('',*,*,#2682,.T.);
#3661=ORIENTED_EDGE('',*,*,#2683,.T.);
#3662=ORIENTED_EDGE('',*,*,#2684,.T.);
#3663=ORIENTED_EDGE('',*,*,#2477,.T.);
#3664=ORIENTED_EDGE('',*,*,#2525,.T.);
#3665=ORIENTED_EDGE('',*,*,#2685,.T.);
#3666=ORIENTED_EDGE('',*,*,#2683,.F.);
#3667=ORIENTED_EDGE('',*,*,#2686,.T.);
#3668=ORIENTED_EDGE('',*,*,#2461,.T.);
#3669=ORIENTED_EDGE('',*,*,#2680,.F.);
#3670=ORIENTED_EDGE('',*,*,#2687,.T.);
#3671=ORIENTED_EDGE('',*,*,#2674,.F.);
#3672=ORIENTED_EDGE('',*,*,#2688,.T.);
#3673=ORIENTED_EDGE('',*,*,#2670,.F.);
#3674=ORIENTED_EDGE('',*,*,#2676,.F.);
#3675=ORIENTED_EDGE('',*,*,#2689,.T.);
#3676=ORIENTED_EDGE('',*,*,#2408,.T.);
#3677=ORIENTED_EDGE('',*,*,#2690,.T.);
#3678=ORIENTED_EDGE('',*,*,#2675,.F.);
#3679=ORIENTED_EDGE('',*,*,#2691,.F.);
#3680=ORIENTED_EDGE('',*,*,#2409,.T.);
#3681=ORIENTED_EDGE('',*,*,#2689,.F.);
#3682=ORIENTED_EDGE('',*,*,#2687,.F.);
#3683=ORIENTED_EDGE('',*,*,#2679,.F.);
#3684=ORIENTED_EDGE('',*,*,#2692,.T.);
#3685=ORIENTED_EDGE('',*,*,#2410,.T.);
#3686=ORIENTED_EDGE('',*,*,#2691,.T.);
#3687=ORIENTED_EDGE('',*,*,#2684,.F.);
#3688=ORIENTED_EDGE('',*,*,#2693,.F.);
#3689=ORIENTED_EDGE('',*,*,#2411,.T.);
#3690=ORIENTED_EDGE('',*,*,#2692,.F.);
#3691=ORIENTED_EDGE('',*,*,#2685,.F.);
#3692=ORIENTED_EDGE('',*,*,#2524,.T.);
#3693=ORIENTED_EDGE('',*,*,#2412,.T.);
#3694=ORIENTED_EDGE('',*,*,#2693,.T.);
#3695=ORIENTED_EDGE('',*,*,#2462,.T.);
#3696=ORIENTED_EDGE('',*,*,#2686,.F.);
#3697=ORIENTED_EDGE('',*,*,#2682,.F.);
#3698=ORIENTED_EDGE('',*,*,#2681,.F.);
#3699=ORIENTED_EDGE('',*,*,#2688,.F.);
#3700=ORIENTED_EDGE('',*,*,#2673,.F.);
#3701=ORIENTED_EDGE('',*,*,#2677,.F.);
#3702=ORIENTED_EDGE('',*,*,#2671,.F.);
#3703=ORIENTED_EDGE('',*,*,#2668,.F.);
#3704=ORIENTED_EDGE('',*,*,#2663,.F.);
#3705=ORIENTED_EDGE('',*,*,#2659,.T.);
#3706=ORIENTED_EDGE('',*,*,#2662,.T.);
#3707=ORIENTED_EDGE('',*,*,#2652,.T.);
#3708=ORIENTED_EDGE('',*,*,#2661,.T.);
#3709=ORIENTED_EDGE('',*,*,#2665,.F.);
#3710=ORIENTED_EDGE('',*,*,#2694,.T.);
#3711=ORIENTED_EDGE('',*,*,#2406,.T.);
#3712=ORIENTED_EDGE('',*,*,#2520,.T.);
#3713=ORIENTED_EDGE('',*,*,#2667,.F.);
#3714=ORIENTED_EDGE('',*,*,#2690,.F.);
#3715=ORIENTED_EDGE('',*,*,#2407,.F.);
#3716=ORIENTED_EDGE('',*,*,#2694,.F.);
#3717=ORIENTED_EDGE('',*,*,#2695,.T.);
#3718=ORIENTED_EDGE('',*,*,#2696,.T.);
#3719=ORIENTED_EDGE('',*,*,#2447,.T.);
#3720=ORIENTED_EDGE('',*,*,#2696,.F.);
#3721=ORIENTED_EDGE('',*,*,#2695,.F.);
#3722=ORIENTED_EDGE('',*,*,#2697,.F.);
#3723=ORIENTED_EDGE('',*,*,#2697,.T.);
#3724=ORIENTED_EDGE('',*,*,#2698,.T.);
#3725=ORIENTED_EDGE('',*,*,#2699,.T.);
#3726=ORIENTED_EDGE('',*,*,#2698,.F.);
#3727=ORIENTED_EDGE('',*,*,#2699,.F.);
#3728=ORIENTED_EDGE('',*,*,#2700,.T.);
#3729=ORIENTED_EDGE('',*,*,#2432,.T.);
#3730=ORIENTED_EDGE('',*,*,#2700,.F.);
#3731=ORIENTED_EDGE('',*,*,#2701,.T.);
#3732=ORIENTED_EDGE('',*,*,#2702,.T.);
#3733=ORIENTED_EDGE('',*,*,#2703,.T.);
#3734=ORIENTED_EDGE('',*,*,#2702,.F.);
#3735=ORIENTED_EDGE('',*,*,#2704,.F.);
#3736=ORIENTED_EDGE('',*,*,#2705,.T.);
#3737=ORIENTED_EDGE('',*,*,#2706,.T.);
#3738=ORIENTED_EDGE('',*,*,#2707,.F.);
#3739=ORIENTED_EDGE('',*,*,#2701,.F.);
#3740=ORIENTED_EDGE('',*,*,#2703,.F.);
#3741=ORIENTED_EDGE('',*,*,#2708,.T.);
#3742=ORIENTED_EDGE('',*,*,#2709,.F.);
#3743=ORIENTED_EDGE('',*,*,#2708,.F.);
#3744=ORIENTED_EDGE('',*,*,#2710,.T.);
#3745=ORIENTED_EDGE('',*,*,#2711,.T.);
#3746=ORIENTED_EDGE('',*,*,#2712,.T.);
#3747=ORIENTED_EDGE('',*,*,#2711,.F.);
#3748=ORIENTED_EDGE('',*,*,#2713,.T.);
#3749=ORIENTED_EDGE('',*,*,#2714,.F.);
#3750=ORIENTED_EDGE('',*,*,#2715,.T.);
#3751=ORIENTED_EDGE('',*,*,#2716,.F.);
#3752=ORIENTED_EDGE('',*,*,#2710,.F.);
#3753=ORIENTED_EDGE('',*,*,#2712,.F.);
#3754=ORIENTED_EDGE('',*,*,#2717,.T.);
#3755=ORIENTED_EDGE('',*,*,#2718,.F.);
#3756=ORIENTED_EDGE('',*,*,#2717,.F.);
#3757=ORIENTED_EDGE('',*,*,#2719,.T.);
#3758=ORIENTED_EDGE('',*,*,#2720,.T.);
#3759=ORIENTED_EDGE('',*,*,#2721,.T.);
#3760=ORIENTED_EDGE('',*,*,#2720,.F.);
#3761=ORIENTED_EDGE('',*,*,#2722,.F.);
#3762=ORIENTED_EDGE('',*,*,#2723,.T.);
#3763=ORIENTED_EDGE('',*,*,#2724,.T.);
#3764=ORIENTED_EDGE('',*,*,#2725,.F.);
#3765=ORIENTED_EDGE('',*,*,#2719,.F.);
#3766=ORIENTED_EDGE('',*,*,#2721,.F.);
#3767=ORIENTED_EDGE('',*,*,#2726,.T.);
#3768=ORIENTED_EDGE('',*,*,#2727,.F.);
#3769=ORIENTED_EDGE('',*,*,#2726,.F.);
#3770=ORIENTED_EDGE('',*,*,#2728,.T.);
#3771=ORIENTED_EDGE('',*,*,#2729,.T.);
#3772=ORIENTED_EDGE('',*,*,#2730,.F.);
#3773=ORIENTED_EDGE('',*,*,#2731,.F.);
#3774=ORIENTED_EDGE('',*,*,#2730,.T.);
#3775=ORIENTED_EDGE('',*,*,#2732,.T.);
#3776=ORIENTED_EDGE('',*,*,#2733,.T.);
#3777=ORIENTED_EDGE('',*,*,#2734,.T.);
#3778=ORIENTED_EDGE('',*,*,#2735,.T.);
#3779=ORIENTED_EDGE('',*,*,#2736,.T.);
#3780=ORIENTED_EDGE('',*,*,#2737,.T.);
#3781=ORIENTED_EDGE('',*,*,#2738,.T.);
#3782=ORIENTED_EDGE('',*,*,#2739,.T.);
#3783=ORIENTED_EDGE('',*,*,#2740,.T.);
#3784=ORIENTED_EDGE('',*,*,#2741,.T.);
#3785=ORIENTED_EDGE('',*,*,#2742,.T.);
#3786=ORIENTED_EDGE('',*,*,#2743,.T.);
#3787=ORIENTED_EDGE('',*,*,#2744,.T.);
#3788=ORIENTED_EDGE('',*,*,#2745,.T.);
#3789=ORIENTED_EDGE('',*,*,#2746,.T.);
#3790=ORIENTED_EDGE('',*,*,#2729,.F.);
#3791=ORIENTED_EDGE('',*,*,#2747,.T.);
#3792=ORIENTED_EDGE('',*,*,#2748,.F.);
#3793=ORIENTED_EDGE('',*,*,#2749,.T.);
#3794=ORIENTED_EDGE('',*,*,#2750,.F.);
#3795=ORIENTED_EDGE('',*,*,#2751,.F.);
#3796=ORIENTED_EDGE('',*,*,#2752,.F.);
#3797=ORIENTED_EDGE('',*,*,#2753,.T.);
#3798=ORIENTED_EDGE('',*,*,#2754,.F.);
#3799=ORIENTED_EDGE('',*,*,#2755,.T.);
#3800=ORIENTED_EDGE('',*,*,#2756,.F.);
#3801=ORIENTED_EDGE('',*,*,#2757,.T.);
#3802=ORIENTED_EDGE('',*,*,#2758,.T.);
#3803=ORIENTED_EDGE('',*,*,#2759,.T.);
#3804=ORIENTED_EDGE('',*,*,#2760,.F.);
#3805=ORIENTED_EDGE('',*,*,#2761,.F.);
#3806=ORIENTED_EDGE('',*,*,#2762,.T.);
#3807=ORIENTED_EDGE('',*,*,#2763,.F.);
#3808=ORIENTED_EDGE('',*,*,#2764,.T.);
#3809=ORIENTED_EDGE('',*,*,#2765,.F.);
#3810=ORIENTED_EDGE('',*,*,#2766,.T.);
#3811=ORIENTED_EDGE('',*,*,#2767,.F.);
#3812=ORIENTED_EDGE('',*,*,#2768,.F.);
#3813=ORIENTED_EDGE('',*,*,#2769,.F.);
#3814=ORIENTED_EDGE('',*,*,#2770,.T.);
#3815=ORIENTED_EDGE('',*,*,#2771,.F.);
#3816=ORIENTED_EDGE('',*,*,#2772,.T.);
#3817=ORIENTED_EDGE('',*,*,#2773,.F.);
#3818=ORIENTED_EDGE('',*,*,#2774,.T.);
#3819=ORIENTED_EDGE('',*,*,#2775,.F.);
#3820=ORIENTED_EDGE('',*,*,#2776,.F.);
#3821=ORIENTED_EDGE('',*,*,#2777,.F.);
#3822=ORIENTED_EDGE('',*,*,#2778,.T.);
#3823=ORIENTED_EDGE('',*,*,#2779,.F.);
#3824=ORIENTED_EDGE('',*,*,#2780,.T.);
#3825=ORIENTED_EDGE('',*,*,#2781,.F.);
#3826=ORIENTED_EDGE('',*,*,#2740,.F.);
#3827=ORIENTED_EDGE('',*,*,#2782,.F.);
#3828=ORIENTED_EDGE('',*,*,#2722,.T.);
#3829=ORIENTED_EDGE('',*,*,#2783,.F.);
#3830=ORIENTED_EDGE('',*,*,#2736,.F.);
#3831=ORIENTED_EDGE('',*,*,#2784,.F.);
#3832=ORIENTED_EDGE('',*,*,#2704,.T.);
#3833=ORIENTED_EDGE('',*,*,#2785,.F.);
#3834=ORIENTED_EDGE('',*,*,#2732,.F.);
#3835=ORIENTED_EDGE('',*,*,#2786,.T.);
#3836=ORIENTED_EDGE('',*,*,#2787,.T.);
#3837=ORIENTED_EDGE('',*,*,#2788,.T.);
#3838=ORIENTED_EDGE('',*,*,#2789,.T.);
#3839=ORIENTED_EDGE('',*,*,#2790,.T.);
#3840=ORIENTED_EDGE('',*,*,#2791,.T.);
#3841=ORIENTED_EDGE('',*,*,#2792,.T.);
#3842=ORIENTED_EDGE('',*,*,#2793,.T.);
#3843=ORIENTED_EDGE('',*,*,#2741,.F.);
#3844=ORIENTED_EDGE('',*,*,#2781,.T.);
#3845=ORIENTED_EDGE('',*,*,#2794,.F.);
#3846=ORIENTED_EDGE('',*,*,#2795,.F.);
#3847=ORIENTED_EDGE('',*,*,#2796,.T.);
#3848=ORIENTED_EDGE('',*,*,#2797,.T.);
#3849=ORIENTED_EDGE('',*,*,#2716,.T.);
#3850=ORIENTED_EDGE('',*,*,#2798,.F.);
#3851=ORIENTED_EDGE('',*,*,#2737,.F.);
#3852=ORIENTED_EDGE('',*,*,#2783,.T.);
#3853=ORIENTED_EDGE('',*,*,#2725,.T.);
#3854=ORIENTED_EDGE('',*,*,#2799,.F.);
#3855=ORIENTED_EDGE('',*,*,#2705,.F.);
#3856=ORIENTED_EDGE('',*,*,#2784,.T.);
#3857=ORIENTED_EDGE('',*,*,#2735,.F.);
#3858=ORIENTED_EDGE('',*,*,#2800,.F.);
#3859=ORIENTED_EDGE('',*,*,#2723,.F.);
#3860=ORIENTED_EDGE('',*,*,#2782,.T.);
#3861=ORIENTED_EDGE('',*,*,#2739,.F.);
#3862=ORIENTED_EDGE('',*,*,#2801,.F.);
#3863=ORIENTED_EDGE('',*,*,#2733,.F.);
#3864=ORIENTED_EDGE('',*,*,#2785,.T.);
#3865=ORIENTED_EDGE('',*,*,#2707,.T.);
#3866=ORIENTED_EDGE('',*,*,#2802,.F.);
#3867=ORIENTED_EDGE('',*,*,#2800,.T.);
#3868=ORIENTED_EDGE('',*,*,#2734,.F.);
#3869=ORIENTED_EDGE('',*,*,#2802,.T.);
#3870=ORIENTED_EDGE('',*,*,#2706,.F.);
#3871=ORIENTED_EDGE('',*,*,#2803,.T.);
#3872=ORIENTED_EDGE('',*,*,#2804,.T.);
#3873=ORIENTED_EDGE('',*,*,#2713,.F.);
#3874=ORIENTED_EDGE('',*,*,#2797,.F.);
#3875=ORIENTED_EDGE('',*,*,#2801,.T.);
#3876=ORIENTED_EDGE('',*,*,#2738,.F.);
#3877=ORIENTED_EDGE('',*,*,#2799,.T.);
#3878=ORIENTED_EDGE('',*,*,#2724,.F.);
#3879=ORIENTED_EDGE('',*,*,#2805,.T.);
#3880=ORIENTED_EDGE('',*,*,#2806,.F.);
#3881=ORIENTED_EDGE('',*,*,#2714,.T.);
#3882=ORIENTED_EDGE('',*,*,#2804,.F.);
#3883=ORIENTED_EDGE('',*,*,#2795,.T.);
#3884=ORIENTED_EDGE('',*,*,#2798,.T.);
#3885=ORIENTED_EDGE('',*,*,#2715,.F.);
#3886=ORIENTED_EDGE('',*,*,#2806,.T.);
#3887=ORIENTED_EDGE('',*,*,#2731,.T.);
#3888=ORIENTED_EDGE('',*,*,#2742,.F.);
#3889=ORIENTED_EDGE('',*,*,#2807,.T.);
#3890=ORIENTED_EDGE('',*,*,#2808,.T.);
#3891=ORIENTED_EDGE('',*,*,#2809,.T.);
#3892=ORIENTED_EDGE('',*,*,#2810,.T.);
#3893=ORIENTED_EDGE('',*,*,#2811,.F.);
#3894=ORIENTED_EDGE('',*,*,#2812,.F.);
#3895=ORIENTED_EDGE('',*,*,#2808,.F.);
#3896=ORIENTED_EDGE('',*,*,#2813,.F.);
#3897=ORIENTED_EDGE('',*,*,#2814,.T.);
#3898=ORIENTED_EDGE('',*,*,#2811,.T.);
#3899=ORIENTED_EDGE('',*,*,#2815,.T.);
#3900=ORIENTED_EDGE('',*,*,#2816,.T.);
#3901=ORIENTED_EDGE('',*,*,#2817,.T.);
#3902=ORIENTED_EDGE('',*,*,#2818,.T.);
#3903=ORIENTED_EDGE('',*,*,#2819,.T.);
#3904=ORIENTED_EDGE('',*,*,#2820,.T.);
#3905=ORIENTED_EDGE('',*,*,#2821,.F.);
#3906=ORIENTED_EDGE('',*,*,#2822,.F.);
#3907=ORIENTED_EDGE('',*,*,#2818,.F.);
#3908=ORIENTED_EDGE('',*,*,#2823,.F.);
#3909=ORIENTED_EDGE('',*,*,#2824,.T.);
#3910=ORIENTED_EDGE('',*,*,#2821,.T.);
#3911=ORIENTED_EDGE('',*,*,#2825,.T.);
#3912=ORIENTED_EDGE('',*,*,#2826,.T.);
#3913=ORIENTED_EDGE('',*,*,#2827,.T.);
#3914=ORIENTED_EDGE('',*,*,#2828,.T.);
#3915=ORIENTED_EDGE('',*,*,#2829,.T.);
#3916=ORIENTED_EDGE('',*,*,#2830,.T.);
#3917=ORIENTED_EDGE('',*,*,#2831,.F.);
#3918=ORIENTED_EDGE('',*,*,#2832,.F.);
#3919=ORIENTED_EDGE('',*,*,#2828,.F.);
#3920=ORIENTED_EDGE('',*,*,#2833,.F.);
#3921=ORIENTED_EDGE('',*,*,#2834,.T.);
#3922=ORIENTED_EDGE('',*,*,#2831,.T.);
#3923=ORIENTED_EDGE('',*,*,#2835,.T.);
#3924=ORIENTED_EDGE('',*,*,#2836,.T.);
#3925=ORIENTED_EDGE('',*,*,#2837,.T.);
#3926=ORIENTED_EDGE('',*,*,#2838,.T.);
#3927=ORIENTED_EDGE('',*,*,#2839,.T.);
#3928=ORIENTED_EDGE('',*,*,#2840,.T.);
#3929=ORIENTED_EDGE('',*,*,#2841,.F.);
#3930=ORIENTED_EDGE('',*,*,#2842,.F.);
#3931=ORIENTED_EDGE('',*,*,#2838,.F.);
#3932=ORIENTED_EDGE('',*,*,#2843,.F.);
#3933=ORIENTED_EDGE('',*,*,#2844,.T.);
#3934=ORIENTED_EDGE('',*,*,#2841,.T.);
#3935=ORIENTED_EDGE('',*,*,#2845,.T.);
#3936=ORIENTED_EDGE('',*,*,#2846,.T.);
#3937=ORIENTED_EDGE('',*,*,#2816,.F.);
#3938=ORIENTED_EDGE('',*,*,#2847,.F.);
#3939=ORIENTED_EDGE('',*,*,#2848,.F.);
#3940=ORIENTED_EDGE('',*,*,#2849,.F.);
#3941=ORIENTED_EDGE('',*,*,#2814,.F.);
#3942=ORIENTED_EDGE('',*,*,#2849,.T.);
#3943=ORIENTED_EDGE('',*,*,#2850,.F.);
#3944=ORIENTED_EDGE('',*,*,#2851,.T.);
#3945=ORIENTED_EDGE('',*,*,#2809,.F.);
#3946=ORIENTED_EDGE('',*,*,#2812,.T.);
#3947=ORIENTED_EDGE('',*,*,#2810,.F.);
#3948=ORIENTED_EDGE('',*,*,#2851,.F.);
#3949=ORIENTED_EDGE('',*,*,#2852,.F.);
#3950=ORIENTED_EDGE('',*,*,#2853,.F.);
#3951=ORIENTED_EDGE('',*,*,#2815,.F.);
#3952=ORIENTED_EDGE('',*,*,#2813,.T.);
#3953=ORIENTED_EDGE('',*,*,#2807,.F.);
#3954=ORIENTED_EDGE('',*,*,#2853,.T.);
#3955=ORIENTED_EDGE('',*,*,#2854,.F.);
#3956=ORIENTED_EDGE('',*,*,#2847,.T.);
#3957=ORIENTED_EDGE('',*,*,#2826,.F.);
#3958=ORIENTED_EDGE('',*,*,#2855,.F.);
#3959=ORIENTED_EDGE('',*,*,#2856,.F.);
#3960=ORIENTED_EDGE('',*,*,#2857,.F.);
#3961=ORIENTED_EDGE('',*,*,#2824,.F.);
#3962=ORIENTED_EDGE('',*,*,#2857,.T.);
#3963=ORIENTED_EDGE('',*,*,#2858,.F.);
#3964=ORIENTED_EDGE('',*,*,#2859,.T.);
#3965=ORIENTED_EDGE('',*,*,#2819,.F.);
#3966=ORIENTED_EDGE('',*,*,#2822,.T.);
#3967=ORIENTED_EDGE('',*,*,#2820,.F.);
#3968=ORIENTED_EDGE('',*,*,#2859,.F.);
#3969=ORIENTED_EDGE('',*,*,#2860,.F.);
#3970=ORIENTED_EDGE('',*,*,#2861,.F.);
#3971=ORIENTED_EDGE('',*,*,#2825,.F.);
#3972=ORIENTED_EDGE('',*,*,#2823,.T.);
#3973=ORIENTED_EDGE('',*,*,#2817,.F.);
#3974=ORIENTED_EDGE('',*,*,#2861,.T.);
#3975=ORIENTED_EDGE('',*,*,#2862,.F.);
#3976=ORIENTED_EDGE('',*,*,#2855,.T.);
#3977=ORIENTED_EDGE('',*,*,#2836,.F.);
#3978=ORIENTED_EDGE('',*,*,#2863,.F.);
#3979=ORIENTED_EDGE('',*,*,#2864,.F.);
#3980=ORIENTED_EDGE('',*,*,#2865,.F.);
#3981=ORIENTED_EDGE('',*,*,#2834,.F.);
#3982=ORIENTED_EDGE('',*,*,#2865,.T.);
#3983=ORIENTED_EDGE('',*,*,#2866,.F.);
#3984=ORIENTED_EDGE('',*,*,#2867,.T.);
#3985=ORIENTED_EDGE('',*,*,#2829,.F.);
#3986=ORIENTED_EDGE('',*,*,#2832,.T.);
#3987=ORIENTED_EDGE('',*,*,#2830,.F.);
#3988=ORIENTED_EDGE('',*,*,#2867,.F.);
#3989=ORIENTED_EDGE('',*,*,#2868,.F.);
#3990=ORIENTED_EDGE('',*,*,#2869,.F.);
#3991=ORIENTED_EDGE('',*,*,#2835,.F.);
#3992=ORIENTED_EDGE('',*,*,#2833,.T.);
#3993=ORIENTED_EDGE('',*,*,#2827,.F.);
#3994=ORIENTED_EDGE('',*,*,#2869,.T.);
#3995=ORIENTED_EDGE('',*,*,#2870,.F.);
#3996=ORIENTED_EDGE('',*,*,#2863,.T.);
#3997=ORIENTED_EDGE('',*,*,#2846,.F.);
#3998=ORIENTED_EDGE('',*,*,#2871,.F.);
#3999=ORIENTED_EDGE('',*,*,#2872,.F.);
#4000=ORIENTED_EDGE('',*,*,#2873,.F.);
#4001=ORIENTED_EDGE('',*,*,#2844,.F.);
#4002=ORIENTED_EDGE('',*,*,#2873,.T.);
#4003=ORIENTED_EDGE('',*,*,#2874,.F.);
#4004=ORIENTED_EDGE('',*,*,#2875,.T.);
#4005=ORIENTED_EDGE('',*,*,#2839,.F.);
#4006=ORIENTED_EDGE('',*,*,#2842,.T.);
#4007=ORIENTED_EDGE('',*,*,#2840,.F.);
#4008=ORIENTED_EDGE('',*,*,#2875,.F.);
#4009=ORIENTED_EDGE('',*,*,#2876,.F.);
#4010=ORIENTED_EDGE('',*,*,#2877,.F.);
#4011=ORIENTED_EDGE('',*,*,#2845,.F.);
#4012=ORIENTED_EDGE('',*,*,#2843,.T.);
#4013=ORIENTED_EDGE('',*,*,#2837,.F.);
#4014=ORIENTED_EDGE('',*,*,#2877,.T.);
#4015=ORIENTED_EDGE('',*,*,#2878,.F.);
#4016=ORIENTED_EDGE('',*,*,#2871,.T.);
#4017=ORIENTED_EDGE('',*,*,#2879,.F.);
#4018=ORIENTED_EDGE('',*,*,#2880,.T.);
#4019=ORIENTED_EDGE('',*,*,#2881,.T.);
#4020=ORIENTED_EDGE('',*,*,#2880,.F.);
#4021=ORIENTED_EDGE('',*,*,#2882,.F.);
#4022=ORIENTED_EDGE('',*,*,#2883,.T.);
#4023=ORIENTED_EDGE('',*,*,#2884,.T.);
#4024=ORIENTED_EDGE('',*,*,#2883,.F.);
#4025=ORIENTED_EDGE('',*,*,#2885,.F.);
#4026=ORIENTED_EDGE('',*,*,#2886,.T.);
#4027=ORIENTED_EDGE('',*,*,#2881,.F.);
#4028=ORIENTED_EDGE('',*,*,#2887,.F.);
#4029=ORIENTED_EDGE('',*,*,#2884,.F.);
#4030=ORIENTED_EDGE('',*,*,#2888,.F.);
#4031=ORIENTED_EDGE('',*,*,#2889,.F.);
#4032=ORIENTED_EDGE('',*,*,#2890,.T.);
#4033=ORIENTED_EDGE('',*,*,#2891,.T.);
#4034=ORIENTED_EDGE('',*,*,#2892,.T.);
#4035=ORIENTED_EDGE('',*,*,#2893,.T.);
#4036=ORIENTED_EDGE('',*,*,#2894,.T.);
#4037=ORIENTED_EDGE('',*,*,#2895,.T.);
#4038=ORIENTED_EDGE('',*,*,#2885,.T.);
#4039=ORIENTED_EDGE('',*,*,#2896,.T.);
#4040=ORIENTED_EDGE('',*,*,#2897,.F.);
#4041=ORIENTED_EDGE('',*,*,#2898,.F.);
#4042=ORIENTED_EDGE('',*,*,#2899,.F.);
#4043=ORIENTED_EDGE('',*,*,#2900,.F.);
#4044=ORIENTED_EDGE('',*,*,#2901,.F.);
#4045=ORIENTED_EDGE('',*,*,#2902,.F.);
#4046=ORIENTED_EDGE('',*,*,#2903,.F.);
#4047=ORIENTED_EDGE('',*,*,#2904,.F.);
#4048=ORIENTED_EDGE('',*,*,#2905,.F.);
#4049=ORIENTED_EDGE('',*,*,#2854,.T.);
#4050=ORIENTED_EDGE('',*,*,#2852,.T.);
#4051=ORIENTED_EDGE('',*,*,#2850,.T.);
#4052=ORIENTED_EDGE('',*,*,#2848,.T.);
#4053=ORIENTED_EDGE('',*,*,#2906,.T.);
#4054=ORIENTED_EDGE('',*,*,#2907,.F.);
#4055=ORIENTED_EDGE('',*,*,#2908,.F.);
#4056=ORIENTED_EDGE('',*,*,#2909,.F.);
#4057=ORIENTED_EDGE('',*,*,#2910,.F.);
#4058=ORIENTED_EDGE('',*,*,#2911,.F.);
#4059=ORIENTED_EDGE('',*,*,#2912,.F.);
#4060=ORIENTED_EDGE('',*,*,#2913,.F.);
#4061=ORIENTED_EDGE('',*,*,#2914,.F.);
#4062=ORIENTED_EDGE('',*,*,#2915,.F.);
#4063=ORIENTED_EDGE('',*,*,#2862,.T.);
#4064=ORIENTED_EDGE('',*,*,#2860,.T.);
#4065=ORIENTED_EDGE('',*,*,#2858,.T.);
#4066=ORIENTED_EDGE('',*,*,#2856,.T.);
#4067=ORIENTED_EDGE('',*,*,#2916,.T.);
#4068=ORIENTED_EDGE('',*,*,#2917,.F.);
#4069=ORIENTED_EDGE('',*,*,#2918,.F.);
#4070=ORIENTED_EDGE('',*,*,#2919,.F.);
#4071=ORIENTED_EDGE('',*,*,#2920,.F.);
#4072=ORIENTED_EDGE('',*,*,#2921,.F.);
#4073=ORIENTED_EDGE('',*,*,#2922,.F.);
#4074=ORIENTED_EDGE('',*,*,#2923,.F.);
#4075=ORIENTED_EDGE('',*,*,#2924,.F.);
#4076=ORIENTED_EDGE('',*,*,#2925,.F.);
#4077=ORIENTED_EDGE('',*,*,#2870,.T.);
#4078=ORIENTED_EDGE('',*,*,#2868,.T.);
#4079=ORIENTED_EDGE('',*,*,#2866,.T.);
#4080=ORIENTED_EDGE('',*,*,#2864,.T.);
#4081=ORIENTED_EDGE('',*,*,#2926,.T.);
#4082=ORIENTED_EDGE('',*,*,#2927,.F.);
#4083=ORIENTED_EDGE('',*,*,#2928,.F.);
#4084=ORIENTED_EDGE('',*,*,#2929,.F.);
#4085=ORIENTED_EDGE('',*,*,#2930,.F.);
#4086=ORIENTED_EDGE('',*,*,#2931,.F.);
#4087=ORIENTED_EDGE('',*,*,#2932,.F.);
#4088=ORIENTED_EDGE('',*,*,#2933,.F.);
#4089=ORIENTED_EDGE('',*,*,#2934,.F.);
#4090=ORIENTED_EDGE('',*,*,#2935,.F.);
#4091=ORIENTED_EDGE('',*,*,#2878,.T.);
#4092=ORIENTED_EDGE('',*,*,#2876,.T.);
#4093=ORIENTED_EDGE('',*,*,#2874,.T.);
#4094=ORIENTED_EDGE('',*,*,#2872,.T.);
#4095=ORIENTED_EDGE('',*,*,#2936,.T.);
#4096=ORIENTED_EDGE('',*,*,#2937,.F.);
#4097=ORIENTED_EDGE('',*,*,#2927,.T.);
#4098=ORIENTED_EDGE('',*,*,#2938,.T.);
#4099=ORIENTED_EDGE('',*,*,#2939,.T.);
#4100=ORIENTED_EDGE('',*,*,#2940,.T.);
#4101=ORIENTED_EDGE('',*,*,#2939,.F.);
#4102=ORIENTED_EDGE('',*,*,#2941,.T.);
#4103=ORIENTED_EDGE('',*,*,#2727,.T.);
#4104=ORIENTED_EDGE('',*,*,#2879,.T.);
#4105=ORIENTED_EDGE('',*,*,#2718,.T.);
#4106=ORIENTED_EDGE('',*,*,#2882,.T.);
#4107=ORIENTED_EDGE('',*,*,#2942,.F.);
#4108=ORIENTED_EDGE('',*,*,#2943,.F.);
#4109=ORIENTED_EDGE('',*,*,#2944,.F.);
#4110=ORIENTED_EDGE('',*,*,#2945,.F.);
#4111=ORIENTED_EDGE('',*,*,#2946,.F.);
#4112=ORIENTED_EDGE('',*,*,#2947,.T.);
#4113=ORIENTED_EDGE('',*,*,#2887,.T.);
#4114=ORIENTED_EDGE('',*,*,#2947,.F.);
#4115=ORIENTED_EDGE('',*,*,#2895,.F.);
#4116=ORIENTED_EDGE('',*,*,#2948,.F.);
#4117=ORIENTED_EDGE('',*,*,#2891,.F.);
#4118=ORIENTED_EDGE('',*,*,#2949,.F.);
#4119=ORIENTED_EDGE('',*,*,#2892,.F.);
#4120=ORIENTED_EDGE('',*,*,#2886,.F.);
#4121=ORIENTED_EDGE('',*,*,#2950,.T.);
#4122=ORIENTED_EDGE('',*,*,#2951,.T.);
#4123=ORIENTED_EDGE('',*,*,#2952,.T.);
#4124=ORIENTED_EDGE('',*,*,#2953,.T.);
#4125=ORIENTED_EDGE('',*,*,#2954,.T.);
#4126=ORIENTED_EDGE('',*,*,#2955,.T.);
#4127=ORIENTED_EDGE('',*,*,#2956,.T.);
#4128=ORIENTED_EDGE('',*,*,#2957,.T.);
#4129=ORIENTED_EDGE('',*,*,#2958,.F.);
#4130=ORIENTED_EDGE('',*,*,#2959,.F.);
#4131=ORIENTED_EDGE('',*,*,#2960,.F.);
#4132=ORIENTED_EDGE('',*,*,#2961,.T.);
#4133=ORIENTED_EDGE('',*,*,#2962,.F.);
#4134=ORIENTED_EDGE('',*,*,#2936,.F.);
#4135=ORIENTED_EDGE('',*,*,#2940,.F.);
#4136=ORIENTED_EDGE('',*,*,#2962,.T.);
#4137=ORIENTED_EDGE('',*,*,#2963,.T.);
#4138=ORIENTED_EDGE('',*,*,#2964,.T.);
#4139=ORIENTED_EDGE('',*,*,#2965,.F.);
#4140=ORIENTED_EDGE('',*,*,#2928,.T.);
#4141=ORIENTED_EDGE('',*,*,#2937,.T.);
#4142=ORIENTED_EDGE('',*,*,#2965,.T.);
#4143=ORIENTED_EDGE('',*,*,#2966,.T.);
#4144=ORIENTED_EDGE('',*,*,#2967,.T.);
#4145=ORIENTED_EDGE('',*,*,#2929,.T.);
#4146=ORIENTED_EDGE('',*,*,#2967,.F.);
#4147=ORIENTED_EDGE('',*,*,#2968,.T.);
#4148=ORIENTED_EDGE('',*,*,#2969,.F.);
#4149=ORIENTED_EDGE('',*,*,#2930,.T.);
#4150=ORIENTED_EDGE('',*,*,#2970,.T.);
#4151=ORIENTED_EDGE('',*,*,#2931,.T.);
#4152=ORIENTED_EDGE('',*,*,#2969,.T.);
#4153=ORIENTED_EDGE('',*,*,#2971,.T.);
#4154=ORIENTED_EDGE('',*,*,#2970,.F.);
#4155=ORIENTED_EDGE('',*,*,#2972,.T.);
#4156=ORIENTED_EDGE('',*,*,#2973,.F.);
#4157=ORIENTED_EDGE('',*,*,#2932,.T.);
#4158=ORIENTED_EDGE('',*,*,#2973,.T.);
#4159=ORIENTED_EDGE('',*,*,#2974,.T.);
#4160=ORIENTED_EDGE('',*,*,#2975,.F.);
#4161=ORIENTED_EDGE('',*,*,#2933,.T.);
#4162=ORIENTED_EDGE('',*,*,#2975,.T.);
#4163=ORIENTED_EDGE('',*,*,#2976,.T.);
#4164=ORIENTED_EDGE('',*,*,#2977,.F.);
#4165=ORIENTED_EDGE('',*,*,#2934,.T.);
#4166=ORIENTED_EDGE('',*,*,#2978,.T.);
#4167=ORIENTED_EDGE('',*,*,#2979,.T.);
#4168=ORIENTED_EDGE('',*,*,#2935,.T.);
#4169=ORIENTED_EDGE('',*,*,#2977,.T.);
#4170=ORIENTED_EDGE('',*,*,#2980,.T.);
#4171=ORIENTED_EDGE('',*,*,#2981,.T.);
#4172=ORIENTED_EDGE('',*,*,#2982,.T.);
#4173=ORIENTED_EDGE('',*,*,#2983,.F.);
#4174=ORIENTED_EDGE('',*,*,#2917,.T.);
#4175=ORIENTED_EDGE('',*,*,#2984,.T.);
#4176=ORIENTED_EDGE('',*,*,#2981,.F.);
#4177=ORIENTED_EDGE('',*,*,#2985,.T.);
#4178=ORIENTED_EDGE('',*,*,#2978,.F.);
#4179=ORIENTED_EDGE('',*,*,#2986,.F.);
#4180=ORIENTED_EDGE('',*,*,#2987,.F.);
#4181=ORIENTED_EDGE('',*,*,#2988,.F.);
#4182=ORIENTED_EDGE('',*,*,#2983,.T.);
#4183=ORIENTED_EDGE('',*,*,#2989,.T.);
#4184=ORIENTED_EDGE('',*,*,#2990,.F.);
#4185=ORIENTED_EDGE('',*,*,#2918,.T.);
#4186=ORIENTED_EDGE('',*,*,#2990,.T.);
#4187=ORIENTED_EDGE('',*,*,#2991,.T.);
#4188=ORIENTED_EDGE('',*,*,#2992,.T.);
#4189=ORIENTED_EDGE('',*,*,#2919,.T.);
#4190=ORIENTED_EDGE('',*,*,#2992,.F.);
#4191=ORIENTED_EDGE('',*,*,#2993,.T.);
#4192=ORIENTED_EDGE('',*,*,#2994,.F.);
#4193=ORIENTED_EDGE('',*,*,#2920,.T.);
#4194=ORIENTED_EDGE('',*,*,#2995,.T.);
#4195=ORIENTED_EDGE('',*,*,#2921,.T.);
#4196=ORIENTED_EDGE('',*,*,#2994,.T.);
#4197=ORIENTED_EDGE('',*,*,#2996,.T.);
#4198=ORIENTED_EDGE('',*,*,#2995,.F.);
#4199=ORIENTED_EDGE('',*,*,#2997,.T.);
#4200=ORIENTED_EDGE('',*,*,#2998,.F.);
#4201=ORIENTED_EDGE('',*,*,#2922,.T.);
#4202=ORIENTED_EDGE('',*,*,#2998,.T.);
#4203=ORIENTED_EDGE('',*,*,#2999,.T.);
#4204=ORIENTED_EDGE('',*,*,#3000,.F.);
#4205=ORIENTED_EDGE('',*,*,#2923,.T.);
#4206=ORIENTED_EDGE('',*,*,#3000,.T.);
#4207=ORIENTED_EDGE('',*,*,#3001,.T.);
#4208=ORIENTED_EDGE('',*,*,#3002,.F.);
#4209=ORIENTED_EDGE('',*,*,#2924,.T.);
#4210=ORIENTED_EDGE('',*,*,#3003,.T.);
#4211=ORIENTED_EDGE('',*,*,#2925,.T.);
#4212=ORIENTED_EDGE('',*,*,#3002,.T.);
#4213=ORIENTED_EDGE('',*,*,#3004,.T.);
#4214=ORIENTED_EDGE('',*,*,#3005,.T.);
#4215=ORIENTED_EDGE('',*,*,#3006,.T.);
#4216=ORIENTED_EDGE('',*,*,#3007,.T.);
#4217=ORIENTED_EDGE('',*,*,#3008,.F.);
#4218=ORIENTED_EDGE('',*,*,#2907,.T.);
#4219=ORIENTED_EDGE('',*,*,#3009,.T.);
#4220=ORIENTED_EDGE('',*,*,#3005,.F.);
#4221=ORIENTED_EDGE('',*,*,#3010,.F.);
#4222=ORIENTED_EDGE('',*,*,#3011,.F.);
#4223=ORIENTED_EDGE('',*,*,#3012,.F.);
#4224=ORIENTED_EDGE('',*,*,#3006,.F.);
#4225=ORIENTED_EDGE('',*,*,#3013,.T.);
#4226=ORIENTED_EDGE('',*,*,#3008,.T.);
#4227=ORIENTED_EDGE('',*,*,#3014,.T.);
#4228=ORIENTED_EDGE('',*,*,#3015,.F.);
#4229=ORIENTED_EDGE('',*,*,#2908,.T.);
#4230=ORIENTED_EDGE('',*,*,#3015,.T.);
#4231=ORIENTED_EDGE('',*,*,#3016,.T.);
#4232=ORIENTED_EDGE('',*,*,#3017,.T.);
#4233=ORIENTED_EDGE('',*,*,#2909,.T.);
#4234=ORIENTED_EDGE('',*,*,#3017,.F.);
#4235=ORIENTED_EDGE('',*,*,#3018,.T.);
#4236=ORIENTED_EDGE('',*,*,#3019,.F.);
#4237=ORIENTED_EDGE('',*,*,#2910,.T.);
#4238=ORIENTED_EDGE('',*,*,#3020,.T.);
#4239=ORIENTED_EDGE('',*,*,#2911,.T.);
#4240=ORIENTED_EDGE('',*,*,#3019,.T.);
#4241=ORIENTED_EDGE('',*,*,#3021,.T.);
#4242=ORIENTED_EDGE('',*,*,#3020,.F.);
#4243=ORIENTED_EDGE('',*,*,#3022,.T.);
#4244=ORIENTED_EDGE('',*,*,#3023,.F.);
#4245=ORIENTED_EDGE('',*,*,#2912,.T.);
#4246=ORIENTED_EDGE('',*,*,#3023,.T.);
#4247=ORIENTED_EDGE('',*,*,#3024,.T.);
#4248=ORIENTED_EDGE('',*,*,#3025,.F.);
#4249=ORIENTED_EDGE('',*,*,#2913,.T.);
#4250=ORIENTED_EDGE('',*,*,#3025,.T.);
#4251=ORIENTED_EDGE('',*,*,#3026,.T.);
#4252=ORIENTED_EDGE('',*,*,#3027,.F.);
#4253=ORIENTED_EDGE('',*,*,#2914,.T.);
#4254=ORIENTED_EDGE('',*,*,#3028,.T.);
#4255=ORIENTED_EDGE('',*,*,#2915,.T.);
#4256=ORIENTED_EDGE('',*,*,#3027,.T.);
#4257=ORIENTED_EDGE('',*,*,#3029,.T.);
#4258=ORIENTED_EDGE('',*,*,#3030,.T.);
#4259=ORIENTED_EDGE('',*,*,#3031,.T.);
#4260=ORIENTED_EDGE('',*,*,#3032,.T.);
#4261=ORIENTED_EDGE('',*,*,#3033,.T.);
#4262=ORIENTED_EDGE('',*,*,#3034,.F.);
#4263=ORIENTED_EDGE('',*,*,#2897,.T.);
#4264=ORIENTED_EDGE('',*,*,#3030,.F.);
#4265=ORIENTED_EDGE('',*,*,#3035,.F.);
#4266=ORIENTED_EDGE('',*,*,#3036,.F.);
#4267=ORIENTED_EDGE('',*,*,#3037,.F.);
#4268=ORIENTED_EDGE('',*,*,#3032,.F.);
#4269=ORIENTED_EDGE('',*,*,#3038,.T.);
#4270=ORIENTED_EDGE('',*,*,#3034,.T.);
#4271=ORIENTED_EDGE('',*,*,#3039,.T.);
#4272=ORIENTED_EDGE('',*,*,#3040,.F.);
#4273=ORIENTED_EDGE('',*,*,#2898,.T.);
#4274=ORIENTED_EDGE('',*,*,#3040,.T.);
#4275=ORIENTED_EDGE('',*,*,#3041,.T.);
#4276=ORIENTED_EDGE('',*,*,#3042,.T.);
#4277=ORIENTED_EDGE('',*,*,#2899,.T.);
#4278=ORIENTED_EDGE('',*,*,#3042,.F.);
#4279=ORIENTED_EDGE('',*,*,#3043,.T.);
#4280=ORIENTED_EDGE('',*,*,#3044,.F.);
#4281=ORIENTED_EDGE('',*,*,#2900,.T.);
#4282=ORIENTED_EDGE('',*,*,#3045,.T.);
#4283=ORIENTED_EDGE('',*,*,#2901,.T.);
#4284=ORIENTED_EDGE('',*,*,#3044,.T.);
#4285=ORIENTED_EDGE('',*,*,#3046,.T.);
#4286=ORIENTED_EDGE('',*,*,#3045,.F.);
#4287=ORIENTED_EDGE('',*,*,#3047,.T.);
#4288=ORIENTED_EDGE('',*,*,#3048,.F.);
#4289=ORIENTED_EDGE('',*,*,#2902,.T.);
#4290=ORIENTED_EDGE('',*,*,#3048,.T.);
#4291=ORIENTED_EDGE('',*,*,#3049,.T.);
#4292=ORIENTED_EDGE('',*,*,#3050,.F.);
#4293=ORIENTED_EDGE('',*,*,#2903,.T.);
#4294=ORIENTED_EDGE('',*,*,#3051,.F.);
#4295=ORIENTED_EDGE('',*,*,#2904,.T.);
#4296=ORIENTED_EDGE('',*,*,#3050,.T.);
#4297=ORIENTED_EDGE('',*,*,#3052,.T.);
#4298=ORIENTED_EDGE('',*,*,#3053,.T.);
#4299=ORIENTED_EDGE('',*,*,#3054,.T.);
#4300=ORIENTED_EDGE('',*,*,#2905,.T.);
#4301=ORIENTED_EDGE('',*,*,#3051,.T.);
#4302=ORIENTED_EDGE('',*,*,#3055,.T.);
#4303=ORIENTED_EDGE('',*,*,#2959,.T.);
#4304=ORIENTED_EDGE('',*,*,#3056,.T.);
#4305=ORIENTED_EDGE('',*,*,#3057,.T.);
#4306=ORIENTED_EDGE('',*,*,#3058,.T.);
#4307=ORIENTED_EDGE('',*,*,#3059,.T.);
#4308=ORIENTED_EDGE('',*,*,#2960,.T.);
#4309=ORIENTED_EDGE('',*,*,#3059,.F.);
#4310=ORIENTED_EDGE('',*,*,#3060,.T.);
#4311=ORIENTED_EDGE('',*,*,#2893,.F.);
#4312=ORIENTED_EDGE('',*,*,#2949,.T.);
#4313=ORIENTED_EDGE('',*,*,#2890,.F.);
#4314=ORIENTED_EDGE('',*,*,#2889,.T.);
#4315=ORIENTED_EDGE('',*,*,#2888,.T.);
#4316=ORIENTED_EDGE('',*,*,#2948,.T.);
#4317=ORIENTED_EDGE('',*,*,#2894,.F.);
#4318=ORIENTED_EDGE('',*,*,#3060,.F.);
#4319=ORIENTED_EDGE('',*,*,#3058,.F.);
#4320=ORIENTED_EDGE('',*,*,#3061,.T.);
#4321=ORIENTED_EDGE('',*,*,#3062,.T.);
#4322=ORIENTED_EDGE('',*,*,#3063,.T.);
#4323=ORIENTED_EDGE('',*,*,#3064,.T.);
#4324=ORIENTED_EDGE('',*,*,#3053,.F.);
#4325=ORIENTED_EDGE('',*,*,#3065,.F.);
#4326=ORIENTED_EDGE('',*,*,#3066,.F.);
#4327=ORIENTED_EDGE('',*,*,#2958,.T.);
#4328=ORIENTED_EDGE('',*,*,#2941,.F.);
#4329=ORIENTED_EDGE('',*,*,#2938,.F.);
#4330=ORIENTED_EDGE('',*,*,#2926,.F.);
#4331=ORIENTED_EDGE('',*,*,#2979,.F.);
#4332=ORIENTED_EDGE('',*,*,#2985,.F.);
#4333=ORIENTED_EDGE('',*,*,#2984,.F.);
#4334=ORIENTED_EDGE('',*,*,#2916,.F.);
#4335=ORIENTED_EDGE('',*,*,#3003,.F.);
#4336=ORIENTED_EDGE('',*,*,#3013,.F.);
#4337=ORIENTED_EDGE('',*,*,#3009,.F.);
#4338=ORIENTED_EDGE('',*,*,#2906,.F.);
#4339=ORIENTED_EDGE('',*,*,#3028,.F.);
#4340=ORIENTED_EDGE('',*,*,#3038,.F.);
#4341=ORIENTED_EDGE('',*,*,#3031,.F.);
#4342=ORIENTED_EDGE('',*,*,#2896,.F.);
#4343=ORIENTED_EDGE('',*,*,#3054,.F.);
#4344=ORIENTED_EDGE('',*,*,#3064,.F.);
#4345=ORIENTED_EDGE('',*,*,#3067,.T.);
#4346=ORIENTED_EDGE('',*,*,#3056,.F.);
#4347=ORIENTED_EDGE('',*,*,#2746,.F.);
#4348=ORIENTED_EDGE('',*,*,#3068,.F.);
#4349=ORIENTED_EDGE('',*,*,#2944,.T.);
#4350=ORIENTED_EDGE('',*,*,#3069,.T.);
#4351=ORIENTED_EDGE('',*,*,#2745,.F.);
#4352=ORIENTED_EDGE('',*,*,#3070,.F.);
#4353=ORIENTED_EDGE('',*,*,#2945,.T.);
#4354=ORIENTED_EDGE('',*,*,#3068,.T.);
#4355=ORIENTED_EDGE('',*,*,#2744,.F.);
#4356=ORIENTED_EDGE('',*,*,#3071,.F.);
#4357=ORIENTED_EDGE('',*,*,#2942,.T.);
#4358=ORIENTED_EDGE('',*,*,#3070,.T.);
#4359=ORIENTED_EDGE('',*,*,#2743,.F.);
#4360=ORIENTED_EDGE('',*,*,#3069,.F.);
#4361=ORIENTED_EDGE('',*,*,#2943,.T.);
#4362=ORIENTED_EDGE('',*,*,#3071,.T.);
#4363=ORIENTED_EDGE('',*,*,#2709,.T.);
#4364=ORIENTED_EDGE('',*,*,#2946,.T.);
#4365=ORIENTED_EDGE('',*,*,#2793,.F.);
#4366=ORIENTED_EDGE('',*,*,#3072,.F.);
#4367=ORIENTED_EDGE('',*,*,#2951,.F.);
#4368=ORIENTED_EDGE('',*,*,#3073,.T.);
#4369=ORIENTED_EDGE('',*,*,#2792,.F.);
#4370=ORIENTED_EDGE('',*,*,#3074,.F.);
#4371=ORIENTED_EDGE('',*,*,#2952,.F.);
#4372=ORIENTED_EDGE('',*,*,#3072,.T.);
#4373=ORIENTED_EDGE('',*,*,#2791,.F.);
#4374=ORIENTED_EDGE('',*,*,#3075,.F.);
#4375=ORIENTED_EDGE('',*,*,#2953,.F.);
#4376=ORIENTED_EDGE('',*,*,#3074,.T.);
#4377=ORIENTED_EDGE('',*,*,#2790,.F.);
#4378=ORIENTED_EDGE('',*,*,#3076,.F.);
#4379=ORIENTED_EDGE('',*,*,#2954,.F.);
#4380=ORIENTED_EDGE('',*,*,#3075,.T.);
#4381=ORIENTED_EDGE('',*,*,#2789,.F.);
#4382=ORIENTED_EDGE('',*,*,#3077,.F.);
#4383=ORIENTED_EDGE('',*,*,#2955,.F.);
#4384=ORIENTED_EDGE('',*,*,#3076,.T.);
#4385=ORIENTED_EDGE('',*,*,#2788,.F.);
#4386=ORIENTED_EDGE('',*,*,#3078,.F.);
#4387=ORIENTED_EDGE('',*,*,#2956,.F.);
#4388=ORIENTED_EDGE('',*,*,#3077,.T.);
#4389=ORIENTED_EDGE('',*,*,#2787,.F.);
#4390=ORIENTED_EDGE('',*,*,#3079,.F.);
#4391=ORIENTED_EDGE('',*,*,#2957,.F.);
#4392=ORIENTED_EDGE('',*,*,#3078,.T.);
#4393=ORIENTED_EDGE('',*,*,#2786,.F.);
#4394=ORIENTED_EDGE('',*,*,#3073,.F.);
#4395=ORIENTED_EDGE('',*,*,#2950,.F.);
#4396=ORIENTED_EDGE('',*,*,#3079,.T.);
#4397=ORIENTED_EDGE('',*,*,#2963,.F.);
#4398=ORIENTED_EDGE('',*,*,#2961,.F.);
#4399=ORIENTED_EDGE('',*,*,#3062,.F.);
#4400=ORIENTED_EDGE('',*,*,#3080,.F.);
#4401=ORIENTED_EDGE('',*,*,#2758,.F.);
#4402=ORIENTED_EDGE('',*,*,#3081,.F.);
#4403=ORIENTED_EDGE('',*,*,#3081,.T.);
#4404=ORIENTED_EDGE('',*,*,#2757,.F.);
#4405=ORIENTED_EDGE('',*,*,#3082,.F.);
#4406=ORIENTED_EDGE('',*,*,#2964,.F.);
#4407=ORIENTED_EDGE('',*,*,#2968,.F.);
#4408=ORIENTED_EDGE('',*,*,#2966,.F.);
#4409=ORIENTED_EDGE('',*,*,#3082,.T.);
#4410=ORIENTED_EDGE('',*,*,#2756,.T.);
#4411=ORIENTED_EDGE('',*,*,#3083,.T.);
#4412=ORIENTED_EDGE('',*,*,#2971,.F.);
#4413=ORIENTED_EDGE('',*,*,#3083,.F.);
#4414=ORIENTED_EDGE('',*,*,#2755,.F.);
#4415=ORIENTED_EDGE('',*,*,#3084,.F.);
#4416=ORIENTED_EDGE('',*,*,#2974,.F.);
#4417=ORIENTED_EDGE('',*,*,#2972,.F.);
#4418=ORIENTED_EDGE('',*,*,#3084,.T.);
#4419=ORIENTED_EDGE('',*,*,#2754,.T.);
#4420=ORIENTED_EDGE('',*,*,#3085,.T.);
#4421=ORIENTED_EDGE('',*,*,#2976,.F.);
#4422=ORIENTED_EDGE('',*,*,#3085,.F.);
#4423=ORIENTED_EDGE('',*,*,#2753,.F.);
#4424=ORIENTED_EDGE('',*,*,#3086,.F.);
#4425=ORIENTED_EDGE('',*,*,#2986,.T.);
#4426=ORIENTED_EDGE('',*,*,#2980,.F.);
#4427=ORIENTED_EDGE('',*,*,#3086,.T.);
#4428=ORIENTED_EDGE('',*,*,#2752,.T.);
#4429=ORIENTED_EDGE('',*,*,#3087,.T.);
#4430=ORIENTED_EDGE('',*,*,#2987,.T.);
#4431=ORIENTED_EDGE('',*,*,#3087,.F.);
#4432=ORIENTED_EDGE('',*,*,#2751,.T.);
#4433=ORIENTED_EDGE('',*,*,#3088,.F.);
#4434=ORIENTED_EDGE('',*,*,#2988,.T.);
#4435=ORIENTED_EDGE('',*,*,#3088,.T.);
#4436=ORIENTED_EDGE('',*,*,#2750,.T.);
#4437=ORIENTED_EDGE('',*,*,#3089,.T.);
#4438=ORIENTED_EDGE('',*,*,#2982,.F.);
#4439=ORIENTED_EDGE('',*,*,#2989,.F.);
#4440=ORIENTED_EDGE('',*,*,#3089,.F.);
#4441=ORIENTED_EDGE('',*,*,#2749,.F.);
#4442=ORIENTED_EDGE('',*,*,#3090,.F.);
#4443=ORIENTED_EDGE('',*,*,#2993,.F.);
#4444=ORIENTED_EDGE('',*,*,#2991,.F.);
#4445=ORIENTED_EDGE('',*,*,#3090,.T.);
#4446=ORIENTED_EDGE('',*,*,#2748,.T.);
#4447=ORIENTED_EDGE('',*,*,#3091,.T.);
#4448=ORIENTED_EDGE('',*,*,#2996,.F.);
#4449=ORIENTED_EDGE('',*,*,#3091,.F.);
#4450=ORIENTED_EDGE('',*,*,#2747,.F.);
#4451=ORIENTED_EDGE('',*,*,#2728,.F.);
#4452=ORIENTED_EDGE('',*,*,#2805,.F.);
#4453=ORIENTED_EDGE('',*,*,#2803,.F.);
#4454=ORIENTED_EDGE('',*,*,#2796,.F.);
#4455=ORIENTED_EDGE('',*,*,#2794,.T.);
#4456=ORIENTED_EDGE('',*,*,#2780,.F.);
#4457=ORIENTED_EDGE('',*,*,#3092,.F.);
#4458=ORIENTED_EDGE('',*,*,#2999,.F.);
#4459=ORIENTED_EDGE('',*,*,#2997,.F.);
#4460=ORIENTED_EDGE('',*,*,#3092,.T.);
#4461=ORIENTED_EDGE('',*,*,#2779,.T.);
#4462=ORIENTED_EDGE('',*,*,#3093,.T.);
#4463=ORIENTED_EDGE('',*,*,#3001,.F.);
#4464=ORIENTED_EDGE('',*,*,#3093,.F.);
#4465=ORIENTED_EDGE('',*,*,#2778,.F.);
#4466=ORIENTED_EDGE('',*,*,#3094,.F.);
#4467=ORIENTED_EDGE('',*,*,#3010,.T.);
#4468=ORIENTED_EDGE('',*,*,#3004,.F.);
#4469=ORIENTED_EDGE('',*,*,#3094,.T.);
#4470=ORIENTED_EDGE('',*,*,#2777,.T.);
#4471=ORIENTED_EDGE('',*,*,#3095,.T.);
#4472=ORIENTED_EDGE('',*,*,#3011,.T.);
#4473=ORIENTED_EDGE('',*,*,#3095,.F.);
#4474=ORIENTED_EDGE('',*,*,#2776,.T.);
#4475=ORIENTED_EDGE('',*,*,#3096,.F.);
#4476=ORIENTED_EDGE('',*,*,#3012,.T.);
#4477=ORIENTED_EDGE('',*,*,#3096,.T.);
#4478=ORIENTED_EDGE('',*,*,#2775,.T.);
#4479=ORIENTED_EDGE('',*,*,#3097,.T.);
#4480=ORIENTED_EDGE('',*,*,#3007,.F.);
#4481=ORIENTED_EDGE('',*,*,#3014,.F.);
#4482=ORIENTED_EDGE('',*,*,#3097,.F.);
#4483=ORIENTED_EDGE('',*,*,#2774,.F.);
#4484=ORIENTED_EDGE('',*,*,#3098,.F.);
#4485=ORIENTED_EDGE('',*,*,#3018,.F.);
#4486=ORIENTED_EDGE('',*,*,#3016,.F.);
#4487=ORIENTED_EDGE('',*,*,#3098,.T.);
#4488=ORIENTED_EDGE('',*,*,#2773,.T.);
#4489=ORIENTED_EDGE('',*,*,#3099,.T.);
#4490=ORIENTED_EDGE('',*,*,#3021,.F.);
#4491=ORIENTED_EDGE('',*,*,#3099,.F.);
#4492=ORIENTED_EDGE('',*,*,#2772,.F.);
#4493=ORIENTED_EDGE('',*,*,#3100,.F.);
#4494=ORIENTED_EDGE('',*,*,#3024,.F.);
#4495=ORIENTED_EDGE('',*,*,#3022,.F.);
#4496=ORIENTED_EDGE('',*,*,#3100,.T.);
#4497=ORIENTED_EDGE('',*,*,#2771,.T.);
#4498=ORIENTED_EDGE('',*,*,#3101,.T.);
#4499=ORIENTED_EDGE('',*,*,#3026,.F.);
#4500=ORIENTED_EDGE('',*,*,#3101,.F.);
#4501=ORIENTED_EDGE('',*,*,#2770,.F.);
#4502=ORIENTED_EDGE('',*,*,#3102,.F.);
#4503=ORIENTED_EDGE('',*,*,#3035,.T.);
#4504=ORIENTED_EDGE('',*,*,#3029,.F.);
#4505=ORIENTED_EDGE('',*,*,#3102,.T.);
#4506=ORIENTED_EDGE('',*,*,#2769,.T.);
#4507=ORIENTED_EDGE('',*,*,#3103,.T.);
#4508=ORIENTED_EDGE('',*,*,#3036,.T.);
#4509=ORIENTED_EDGE('',*,*,#3103,.F.);
#4510=ORIENTED_EDGE('',*,*,#2768,.T.);
#4511=ORIENTED_EDGE('',*,*,#3104,.F.);
#4512=ORIENTED_EDGE('',*,*,#3037,.T.);
#4513=ORIENTED_EDGE('',*,*,#3104,.T.);
#4514=ORIENTED_EDGE('',*,*,#2767,.T.);
#4515=ORIENTED_EDGE('',*,*,#3105,.T.);
#4516=ORIENTED_EDGE('',*,*,#3033,.F.);
#4517=ORIENTED_EDGE('',*,*,#3039,.F.);
#4518=ORIENTED_EDGE('',*,*,#3105,.F.);
#4519=ORIENTED_EDGE('',*,*,#2766,.F.);
#4520=ORIENTED_EDGE('',*,*,#3106,.F.);
#4521=ORIENTED_EDGE('',*,*,#3043,.F.);
#4522=ORIENTED_EDGE('',*,*,#3041,.F.);
#4523=ORIENTED_EDGE('',*,*,#3106,.T.);
#4524=ORIENTED_EDGE('',*,*,#2765,.T.);
#4525=ORIENTED_EDGE('',*,*,#3107,.T.);
#4526=ORIENTED_EDGE('',*,*,#3046,.F.);
#4527=ORIENTED_EDGE('',*,*,#3107,.F.);
#4528=ORIENTED_EDGE('',*,*,#2764,.F.);
#4529=ORIENTED_EDGE('',*,*,#3108,.F.);
#4530=ORIENTED_EDGE('',*,*,#3049,.F.);
#4531=ORIENTED_EDGE('',*,*,#3047,.F.);
#4532=ORIENTED_EDGE('',*,*,#3108,.T.);
#4533=ORIENTED_EDGE('',*,*,#2763,.T.);
#4534=ORIENTED_EDGE('',*,*,#3109,.T.);
#4535=ORIENTED_EDGE('',*,*,#3052,.F.);
#4536=ORIENTED_EDGE('',*,*,#3109,.F.);
#4537=ORIENTED_EDGE('',*,*,#2762,.F.);
#4538=ORIENTED_EDGE('',*,*,#3110,.F.);
#4539=ORIENTED_EDGE('',*,*,#3065,.T.);
#4540=ORIENTED_EDGE('',*,*,#3055,.F.);
#4541=ORIENTED_EDGE('',*,*,#3110,.T.);
#4542=ORIENTED_EDGE('',*,*,#2761,.T.);
#4543=ORIENTED_EDGE('',*,*,#3111,.T.);
#4544=ORIENTED_EDGE('',*,*,#3112,.T.);
#4545=ORIENTED_EDGE('',*,*,#3066,.T.);
#4546=ORIENTED_EDGE('',*,*,#3111,.F.);
#4547=ORIENTED_EDGE('',*,*,#2760,.T.);
#4548=ORIENTED_EDGE('',*,*,#3067,.F.);
#4549=ORIENTED_EDGE('',*,*,#3063,.F.);
#4550=ORIENTED_EDGE('',*,*,#3112,.F.);
#4551=ORIENTED_EDGE('',*,*,#2759,.F.);
#4552=ORIENTED_EDGE('',*,*,#3080,.T.);
#4553=ORIENTED_EDGE('',*,*,#3061,.F.);
#4554=ORIENTED_EDGE('',*,*,#3057,.F.);
#4555=CONICAL_SURFACE('',#4888,21.74275979108,0.213516661716222);
#4556=CONICAL_SURFACE('',#4915,23.1892169949075,0.5235987755983);
#4557=CONICAL_SURFACE('',#4925,22.7955169924477,0.5235987755983);
#4558=CONICAL_SURFACE('',#4927,22.7955169924477,0.5235987755983);
#4559=CONICAL_SURFACE('',#4928,22.7955169924477,0.5235987755983);
#4560=CONICAL_SURFACE('',#4930,22.7955169924477,0.5235987755983);
#4561=CONICAL_SURFACE('',#4932,22.7955169924477,0.5235987755983);
#4562=CONICAL_SURFACE('',#4946,22.7516909246386,0.78539816339745);
#4563=CONICAL_SURFACE('',#4952,22.7516909246386,0.78539816339745);
#4564=CONICAL_SURFACE('',#4955,22.7516909246386,0.78539816339745);
#4565=CONICAL_SURFACE('',#4961,22.7516909246386,0.78539816339745);
#4566=CONICAL_SURFACE('',#4964,22.7516909246386,0.78539816339745);
#4567=CONICAL_SURFACE('',#4970,22.7516909246386,0.78539816339745);
#4568=CONICAL_SURFACE('',#4982,22.74100311153,0.785398163397446);
#4569=CONICAL_SURFACE('',#4992,22.74100311153,0.785398163397446);
#4570=CONICAL_SURFACE('',#5001,22.74100311153,0.785398163397446);
#4571=CONICAL_SURFACE('',#5016,22.7516909246386,0.78539816339745);
#4572=CONICAL_SURFACE('',#5022,22.7516909246386,0.78539816339745);
#4573=CONICAL_SURFACE('',#5030,22.74100311153,0.785398163397446);
#4574=CONICAL_SURFACE('',#5042,23.62222239543,0.785398163397448);
#4575=CONICAL_SURFACE('',#5046,20.32285979108,0.785398163397448);
#4576=CONICAL_SURFACE('',#5049,2.0945,0.785398163397448);
#4577=CONICAL_SURFACE('',#5059,2.0945,0.785398163397448);
#4578=CONICAL_SURFACE('',#5067,2.0945,0.785398163397448);
#4579=CONICAL_SURFACE('',#5118,22.804468401206,0.78539816339745);
#4580=CONICAL_SURFACE('',#5123,22.804468401206,0.78539816339745);
#4581=CONICAL_SURFACE('',#5125,22.804468401206,0.78539816339745);
#4582=CONICAL_SURFACE('',#5130,22.804468401206,0.78539816339745);
#4583=CONICAL_SURFACE('',#5132,22.804468401206,0.78539816339745);
#4584=CONICAL_SURFACE('',#5137,22.804468401206,0.78539816339745);
#4585=CONICAL_SURFACE('',#5139,22.804468401206,0.78539816339745);
#4586=CONICAL_SURFACE('',#5144,22.804468401206,0.78539816339745);
#4587=CONICAL_SURFACE('',#5180,23.6570812858543,0.785398163397449);
#4588=CONICAL_SURFACE('',#5195,22.7746523357501,0.523598775598301);
#4589=CONICAL_SURFACE('',#5209,22.83021175998,0.785398163397448);
#4590=CONICAL_SURFACE('',#5212,22.7746523357501,0.523598775598301);
#4591=CONICAL_SURFACE('',#5216,22.83021175998,0.785398163397448);
#4592=CONICAL_SURFACE('',#5219,22.7746523357501,0.523598775598301);
#4593=CONICAL_SURFACE('',#5223,22.83021175998,0.785398163397448);
#4594=CONICAL_SURFACE('',#5226,22.7746523357501,0.523598775598301);
#4595=CONICAL_SURFACE('',#5230,22.83021175998,0.785398163397448);
#4596=CONICAL_SURFACE('',#5239,22.7746523357501,0.523598775598301);
#4597=CONICAL_SURFACE('',#5242,23.2100816516051,0.523598775598301);
#4598=ADVANCED_FACE('',(#460),#4555,.F.);
#4599=ADVANCED_FACE('',(#461),#388,.F.);
#4600=ADVANCED_FACE('',(#462,#75),#97,.F.);
#4601=ADVANCED_FACE('',(#463),#98,.F.);
#4602=ADVANCED_FACE('',(#464),#99,.F.);
#4603=ADVANCED_FACE('',(#465),#100,.F.);
#4604=ADVANCED_FACE('',(#466),#389,.T.);
#4605=ADVANCED_FACE('',(#467),#101,.F.);
#4606=ADVANCED_FACE('',(#468),#4556,.T.);
#4607=ADVANCED_FACE('',(#469),#4557,.F.);
#4608=ADVANCED_FACE('',(#470),#4558,.F.);
#4609=ADVANCED_FACE('',(#471),#4559,.F.);
#4610=ADVANCED_FACE('',(#472),#4560,.F.);
#4611=ADVANCED_FACE('',(#473),#4561,.F.);
#4612=ADVANCED_FACE('',(#474),#25,.T.);
#4613=ADVANCED_FACE('',(#475,#76),#390,.T.);
#4614=ADVANCED_FACE('',(#476),#26,.T.);
#4615=ADVANCED_FACE('',(#477),#27,.T.);
#4616=ADVANCED_FACE('',(#478,#77),#391,.T.);
#4617=ADVANCED_FACE('',(#479),#28,.T.);
#4618=ADVANCED_FACE('',(#480),#102,.F.);
#4619=ADVANCED_FACE('',(#481),#103,.F.);
#4620=ADVANCED_FACE('',(#482),#104,.F.);
#4621=ADVANCED_FACE('',(#483),#105,.F.);
#4622=ADVANCED_FACE('',(#484),#4562,.T.);
#4623=ADVANCED_FACE('',(#485),#106,.F.);
#4624=ADVANCED_FACE('',(#486),#392,.T.);
#4625=ADVANCED_FACE('',(#487),#4563,.T.);
#4626=ADVANCED_FACE('',(#488),#107,.T.);
#4627=ADVANCED_FACE('',(#489),#4564,.T.);
#4628=ADVANCED_FACE('',(#490),#108,.F.);
#4629=ADVANCED_FACE('',(#491),#393,.T.);
#4630=ADVANCED_FACE('',(#492),#4565,.T.);
#4631=ADVANCED_FACE('',(#493),#109,.T.);
#4632=ADVANCED_FACE('',(#494),#4566,.T.);
#4633=ADVANCED_FACE('',(#495),#110,.F.);
#4634=ADVANCED_FACE('',(#496),#394,.T.);
#4635=ADVANCED_FACE('',(#497),#4567,.T.);
#4636=ADVANCED_FACE('',(#498),#111,.T.);
#4637=ADVANCED_FACE('',(#499),#112,.F.);
#4638=ADVANCED_FACE('',(#500),#113,.F.);
#4639=ADVANCED_FACE('',(#501),#114,.F.);
#4640=ADVANCED_FACE('',(#502),#115,.F.);
#4641=ADVANCED_FACE('',(#503),#116,.F.);
#4642=ADVANCED_FACE('',(#504),#117,.F.);
#4643=ADVANCED_FACE('',(#505),#29,.T.);
#4644=ADVANCED_FACE('',(#506),#118,.T.);
#4645=ADVANCED_FACE('',(#507),#30,.T.);
#4646=ADVANCED_FACE('',(#508),#4568,.T.);
#4647=ADVANCED_FACE('',(#509),#31,.T.);
#4648=ADVANCED_FACE('',(#510),#32,.T.);
#4649=ADVANCED_FACE('',(#511),#119,.T.);
#4650=ADVANCED_FACE('',(#512),#33,.T.);
#4651=ADVANCED_FACE('',(#513),#34,.T.);
#4652=ADVANCED_FACE('',(#514),#395,.T.);
#4653=ADVANCED_FACE('',(#515),#120,.T.);
#4654=ADVANCED_FACE('',(#516),#396,.T.);
#4655=ADVANCED_FACE('',(#517),#121,.T.);
#4656=ADVANCED_FACE('',(#518),#397,.F.);
#4657=ADVANCED_FACE('',(#519),#122,.T.);
#4658=ADVANCED_FACE('',(#520),#35,.T.);
#4659=ADVANCED_FACE('',(#521),#4569,.T.);
#4660=ADVANCED_FACE('',(#522),#36,.T.);
#4661=ADVANCED_FACE('',(#523),#37,.T.);
#4662=ADVANCED_FACE('',(#524),#123,.T.);
#4663=ADVANCED_FACE('',(#525),#38,.T.);
#4664=ADVANCED_FACE('',(#526),#398,.T.);
#4665=ADVANCED_FACE('',(#527),#124,.T.);
#4666=ADVANCED_FACE('',(#528),#399,.T.);
#4667=ADVANCED_FACE('',(#529),#125,.T.);
#4668=ADVANCED_FACE('',(#530),#400,.F.);
#4669=ADVANCED_FACE('',(#531),#126,.T.);
#4670=ADVANCED_FACE('',(#532),#39,.T.);
#4671=ADVANCED_FACE('',(#533),#4570,.T.);
#4672=ADVANCED_FACE('',(#534),#40,.T.);
#4673=ADVANCED_FACE('',(#535),#41,.T.);
#4674=ADVANCED_FACE('',(#536),#127,.T.);
#4675=ADVANCED_FACE('',(#537),#42,.T.);
#4676=ADVANCED_FACE('',(#538),#401,.T.);
#4677=ADVANCED_FACE('',(#539),#128,.T.);
#4678=ADVANCED_FACE('',(#540),#402,.T.);
#4679=ADVANCED_FACE('',(#541),#129,.T.);
#4680=ADVANCED_FACE('',(#542),#403,.F.);
#4681=ADVANCED_FACE('',(#543),#404,.F.);
#4682=ADVANCED_FACE('',(#544),#130,.T.);
#4683=ADVANCED_FACE('',(#545,#78),#405,.T.);
#4684=ADVANCED_FACE('',(#546),#406,.F.);
#4685=ADVANCED_FACE('',(#547),#131,.T.);
#4686=ADVANCED_FACE('',(#548),#407,.F.);
#4687=ADVANCED_FACE('',(#549),#132,.T.);
#4688=ADVANCED_FACE('',(#550),#4571,.T.);
#4689=ADVANCED_FACE('',(#551),#133,.F.);
#4690=ADVANCED_FACE('',(#552),#408,.T.);
#4691=ADVANCED_FACE('',(#553),#4572,.T.);
#4692=ADVANCED_FACE('',(#554),#134,.T.);
#4693=ADVANCED_FACE('',(#555),#135,.F.);
#4694=ADVANCED_FACE('',(#556),#136,.F.);
#4695=ADVANCED_FACE('',(#557),#43,.T.);
#4696=ADVANCED_FACE('',(#558),#137,.T.);
#4697=ADVANCED_FACE('',(#559),#44,.T.);
#4698=ADVANCED_FACE('',(#560),#4573,.T.);
#4699=ADVANCED_FACE('',(#561),#45,.T.);
#4700=ADVANCED_FACE('',(#562),#46,.T.);
#4701=ADVANCED_FACE('',(#563),#138,.T.);
#4702=ADVANCED_FACE('',(#564),#47,.T.);
#4703=ADVANCED_FACE('',(#565),#48,.T.);
#4704=ADVANCED_FACE('',(#566),#409,.T.);
#4705=ADVANCED_FACE('',(#567),#139,.T.);
#4706=ADVANCED_FACE('',(#568),#410,.T.);
#4707=ADVANCED_FACE('',(#569),#140,.T.);
#4708=ADVANCED_FACE('',(#570),#411,.F.);
#4709=ADVANCED_FACE('',(#571,#79),#412,.T.);
#4710=ADVANCED_FACE('',(#572),#413,.F.);
#4711=ADVANCED_FACE('',(#573),#141,.T.);
#4712=ADVANCED_FACE('',(#574),#4574,.T.);
#4713=ADVANCED_FACE('',(#575,#80),#142,.T.);
#4714=ADVANCED_FACE('',(#576),#4575,.F.);
#4715=ADVANCED_FACE('',(#577),#414,.F.);
#4716=ADVANCED_FACE('',(#578),#4576,.F.);
#4717=ADVANCED_FACE('',(#579,#81),#143,.T.);
#4718=ADVANCED_FACE('',(#580),#415,.F.);
#4719=ADVANCED_FACE('',(#581),#4577,.F.);
#4720=ADVANCED_FACE('',(#582,#82),#144,.T.);
#4721=ADVANCED_FACE('',(#583),#416,.F.);
#4722=ADVANCED_FACE('',(#584),#4578,.F.);
#4723=ADVANCED_FACE('',(#585,#83),#145,.T.);
#4724=ADVANCED_FACE('',(#586),#417,.F.);
#4725=ADVANCED_FACE('',(#587),#418,.F.);
#4726=ADVANCED_FACE('',(#588,#84),#146,.T.);
#4727=ADVANCED_FACE('',(#589,#85),#419,.F.);
#4728=ADVANCED_FACE('',(#590),#420,.F.);
#4729=ADVANCED_FACE('',(#591),#147,.T.);
#4730=ADVANCED_FACE('',(#592),#421,.F.);
#4731=ADVANCED_FACE('',(#593),#422,.F.);
#4732=ADVANCED_FACE('',(#594),#423,.F.);
#4733=ADVANCED_FACE('',(#595),#424,.F.);
#4734=ADVANCED_FACE('',(#596),#425,.T.);
#4735=ADVANCED_FACE('',(#597),#426,.T.);
#4736=ADVANCED_FACE('',(#598),#427,.T.);
#4737=ADVANCED_FACE('',(#599),#148,.T.);
#4738=ADVANCED_FACE('',(#600),#428,.T.);
#4739=ADVANCED_FACE('',(#601),#4579,.F.);
#4740=ADVANCED_FACE('',(#602),#429,.F.);
#4741=ADVANCED_FACE('',(#603),#4580,.F.);
#4742=ADVANCED_FACE('',(#604),#4581,.F.);
#4743=ADVANCED_FACE('',(#605),#430,.F.);
#4744=ADVANCED_FACE('',(#606),#4582,.F.);
#4745=ADVANCED_FACE('',(#607),#4583,.F.);
#4746=ADVANCED_FACE('',(#608),#431,.F.);
#4747=ADVANCED_FACE('',(#609),#4584,.F.);
#4748=ADVANCED_FACE('',(#610),#4585,.F.);
#4749=ADVANCED_FACE('',(#611),#432,.F.);
#4750=ADVANCED_FACE('',(#612),#4586,.F.);
#4751=ADVANCED_FACE('',(#613),#149,.T.);
#4752=ADVANCED_FACE('',(#614),#150,.T.);
#4753=ADVANCED_FACE('',(#615),#151,.T.);
#4754=ADVANCED_FACE('',(#616),#152,.F.);
#4755=ADVANCED_FACE('',(#617),#153,.T.);
#4756=ADVANCED_FACE('',(#618),#154,.T.);
#4757=ADVANCED_FACE('',(#619),#155,.T.);
#4758=ADVANCED_FACE('',(#620),#156,.F.);
#4759=ADVANCED_FACE('',(#621),#157,.T.);
#4760=ADVANCED_FACE('',(#622),#158,.T.);
#4761=ADVANCED_FACE('',(#623),#159,.T.);
#4762=ADVANCED_FACE('',(#624),#160,.F.);
#4763=ADVANCED_FACE('',(#625),#161,.T.);
#4764=ADVANCED_FACE('',(#626),#162,.T.);
#4765=ADVANCED_FACE('',(#627),#163,.T.);
#4766=ADVANCED_FACE('',(#628),#164,.F.);
#4767=ADVANCED_FACE('',(#629),#433,.F.);
#4768=ADVANCED_FACE('',(#630),#434,.F.);
#4769=ADVANCED_FACE('',(#631,#86,#87,#88),#165,.F.);
#4770=ADVANCED_FACE('',(#632),#49,.T.);
#4771=ADVANCED_FACE('',(#633),#4587,.T.);
#4772=ADVANCED_FACE('',(#634,#89),#435,.F.);
#4773=ADVANCED_FACE('',(#635,#90),#436,.F.);
#4774=ADVANCED_FACE('',(#636,#91),#437,.F.);
#4775=ADVANCED_FACE('',(#637,#92),#438,.F.);
#4776=ADVANCED_FACE('',(#638),#50,.T.);
#4777=ADVANCED_FACE('',(#639),#4588,.T.);
#4778=ADVANCED_FACE('',(#640,#93),#166,.F.);
#4779=ADVANCED_FACE('',(#641,#94),#167,.F.);
#4780=ADVANCED_FACE('',(#642),#168,.F.);
#4781=ADVANCED_FACE('',(#643),#439,.F.);
#4782=ADVANCED_FACE('',(#644,#95),#169,.F.);
#4783=ADVANCED_FACE('',(#645),#170,.F.);
#4784=ADVANCED_FACE('',(#646),#171,.T.);
#4785=ADVANCED_FACE('',(#647),#51,.T.);
#4786=ADVANCED_FACE('',(#648),#52,.T.);
#4787=ADVANCED_FACE('',(#649),#4589,.F.);
#4788=ADVANCED_FACE('',(#650),#53,.T.);
#4789=ADVANCED_FACE('',(#651),#54,.T.);
#4790=ADVANCED_FACE('',(#652),#172,.T.);
#4791=ADVANCED_FACE('',(#653),#55,.T.);
#4792=ADVANCED_FACE('',(#654),#56,.T.);
#4793=ADVANCED_FACE('',(#655),#4590,.T.);
#4794=ADVANCED_FACE('',(#656),#173,.T.);
#4795=ADVANCED_FACE('',(#657),#57,.T.);
#4796=ADVANCED_FACE('',(#658),#58,.T.);
#4797=ADVANCED_FACE('',(#659),#4591,.F.);
#4798=ADVANCED_FACE('',(#660),#59,.T.);
#4799=ADVANCED_FACE('',(#661),#60,.T.);
#4800=ADVANCED_FACE('',(#662),#174,.T.);
#4801=ADVANCED_FACE('',(#663),#61,.T.);
#4802=ADVANCED_FACE('',(#664),#62,.T.);
#4803=ADVANCED_FACE('',(#665),#4592,.T.);
#4804=ADVANCED_FACE('',(#666),#175,.T.);
#4805=ADVANCED_FACE('',(#667),#63,.T.);
#4806=ADVANCED_FACE('',(#668),#64,.T.);
#4807=ADVANCED_FACE('',(#669),#4593,.F.);
#4808=ADVANCED_FACE('',(#670),#65,.T.);
#4809=ADVANCED_FACE('',(#671),#66,.T.);
#4810=ADVANCED_FACE('',(#672),#176,.T.);
#4811=ADVANCED_FACE('',(#673),#67,.T.);
#4812=ADVANCED_FACE('',(#674),#68,.T.);
#4813=ADVANCED_FACE('',(#675),#4594,.T.);
#4814=ADVANCED_FACE('',(#676),#177,.T.);
#4815=ADVANCED_FACE('',(#677),#69,.T.);
#4816=ADVANCED_FACE('',(#678),#70,.T.);
#4817=ADVANCED_FACE('',(#679),#4595,.F.);
#4818=ADVANCED_FACE('',(#680),#71,.T.);
#4819=ADVANCED_FACE('',(#681),#72,.T.);
#4820=ADVANCED_FACE('',(#682),#178,.T.);
#4821=ADVANCED_FACE('',(#683),#73,.T.);
#4822=ADVANCED_FACE('',(#684),#179,.T.);
#4823=ADVANCED_FACE('',(#685),#440,.T.);
#4824=ADVANCED_FACE('',(#686),#4596,.T.);
#4825=ADVANCED_FACE('',(#687),#4597,.F.);
#4826=ADVANCED_FACE('',(#688),#180,.T.);
#4827=ADVANCED_FACE('',(#689),#181,.T.);
#4828=ADVANCED_FACE('',(#690),#182,.T.);
#4829=ADVANCED_FACE('',(#691),#183,.T.);
#4830=ADVANCED_FACE('',(#692,#96),#184,.F.);
#4831=ADVANCED_FACE('',(#693),#441,.F.);
#4832=ADVANCED_FACE('',(#694),#185,.F.);
#4833=ADVANCED_FACE('',(#695),#442,.F.);
#4834=ADVANCED_FACE('',(#696),#186,.F.);
#4835=ADVANCED_FACE('',(#697),#443,.F.);
#4836=ADVANCED_FACE('',(#698),#187,.F.);
#4837=ADVANCED_FACE('',(#699),#444,.F.);
#4838=ADVANCED_FACE('',(#700),#188,.F.);
#4839=ADVANCED_FACE('',(#701),#189,.T.);
#4840=ADVANCED_FACE('',(#702),#190,.F.);
#4841=ADVANCED_FACE('',(#703),#445,.F.);
#4842=ADVANCED_FACE('',(#704),#191,.T.);
#4843=ADVANCED_FACE('',(#705),#446,.F.);
#4844=ADVANCED_FACE('',(#706),#192,.F.);
#4845=ADVANCED_FACE('',(#707),#447,.T.);
#4846=ADVANCED_FACE('',(#708),#193,.T.);
#4847=ADVANCED_FACE('',(#709),#448,.T.);
#4848=ADVANCED_FACE('',(#710),#194,.F.);
#4849=ADVANCED_FACE('',(#711),#449,.F.);
#4850=ADVANCED_FACE('',(#712),#195,.T.);
#4851=ADVANCED_FACE('',(#713),#450,.F.);
#4852=ADVANCED_FACE('',(#714),#196,.F.);
#4853=ADVANCED_FACE('',(#715),#451,.T.);
#4854=ADVANCED_FACE('',(#716),#197,.T.);
#4855=ADVANCED_FACE('',(#717),#452,.T.);
#4856=ADVANCED_FACE('',(#718),#198,.F.);
#4857=ADVANCED_FACE('',(#719),#453,.F.);
#4858=ADVANCED_FACE('',(#720),#199,.T.);
#4859=ADVANCED_FACE('',(#721),#454,.F.);
#4860=ADVANCED_FACE('',(#722),#200,.F.);
#4861=ADVANCED_FACE('',(#723),#455,.T.);
#4862=ADVANCED_FACE('',(#724),#201,.T.);
#4863=ADVANCED_FACE('',(#725),#456,.T.);
#4864=ADVANCED_FACE('',(#726),#202,.F.);
#4865=ADVANCED_FACE('',(#727),#457,.F.);
#4866=ADVANCED_FACE('',(#728),#203,.T.);
#4867=ADVANCED_FACE('',(#729),#458,.F.);
#4868=ADVANCED_FACE('',(#730),#204,.F.);
#4869=ADVANCED_FACE('',(#731),#459,.T.);
#4870=ADVANCED_FACE('',(#732),#205,.T.);
#4871=ADVANCED_FACE('',(#733),#206,.F.);
#4872=CLOSED_SHELL('',(#4598,#4599,#4600,#4601,#4602,#4603,#4604,#4605,
#4606,#4607,#4608,#4609,#4610,#4611,#4612,#4613,#4614,#4615,#4616,#4617,
#4618,#4619,#4620,#4621,#4622,#4623,#4624,#4625,#4626,#4627,#4628,#4629,
#4630,#4631,#4632,#4633,#4634,#4635,#4636,#4637,#4638,#4639,#4640,#4641,
#4642,#4643,#4644,#4645,#4646,#4647,#4648,#4649,#4650,#4651,#4652,#4653,
#4654,#4655,#4656,#4657,#4658,#4659,#4660,#4661,#4662,#4663,#4664,#4665,
#4666,#4667,#4668,#4669,#4670,#4671,#4672,#4673,#4674,#4675,#4676,#4677,
#4678,#4679,#4680,#4681,#4682,#4683,#4684,#4685,#4686,#4687,#4688,#4689,
#4690,#4691,#4692,#4693,#4694,#4695,#4696,#4697,#4698,#4699,#4700,#4701,
#4702,#4703,#4704,#4705,#4706,#4707,#4708,#4709,#4710,#4711,#4712,#4713,
#4714,#4715));
#4873=CLOSED_SHELL('',(#4716,#4717,#4718,#4719,#4720,#4721,#4722,#4723,
#4724,#4725,#4726,#4727,#4728,#4729,#4730,#4731,#4732,#4733,#4734,#4735,
#4736,#4737,#4738,#4739,#4740,#4741,#4742,#4743,#4744,#4745,#4746,#4747,
#4748,#4749,#4750,#4751,#4752,#4753,#4754,#4755,#4756,#4757,#4758,#4759,
#4760,#4761,#4762,#4763,#4764,#4765,#4766,#4767,#4768,#4769,#4770,#4771,
#4772,#4773,#4774,#4775,#4776,#4777,#4778,#4779,#4780,#4781,#4782,#4783,
#4784,#4785,#4786,#4787,#4788,#4789,#4790,#4791,#4792,#4793,#4794,#4795,
#4796,#4797,#4798,#4799,#4800,#4801,#4802,#4803,#4804,#4805,#4806,#4807,
#4808,#4809,#4810,#4811,#4812,#4813,#4814,#4815,#4816,#4817,#4818,#4819,
#4820,#4821,#4822,#4823,#4824,#4825,#4826,#4827,#4828,#4829,#4830,#4831,
#4832,#4833,#4834,#4835,#4836,#4837,#4838,#4839,#4840,#4841,#4842,#4843,
#4844,#4845,#4846,#4847,#4848,#4849,#4850,#4851,#4852,#4853,#4854,#4855,
#4856,#4857,#4858,#4859,#4860,#4861,#4862,#4863,#4864,#4865,#4866,#4867,
#4868,#4869,#4870,#4871));
#4874=DERIVED_UNIT_ELEMENT(#4876,1.);
#4875=DERIVED_UNIT_ELEMENT(#10160,-3.);
#4876=(
MASS_UNIT()
NAMED_UNIT(*)
SI_UNIT(.KILO.,.GRAM.)
);
#4877=DERIVED_UNIT((#4874,#4875));
#4878=MEASURE_REPRESENTATION_ITEM('density measure',
POSITIVE_RATIO_MEASURE(7850.),#4877);
#4879=PROPERTY_DEFINITION_REPRESENTATION(#4884,#4881);
#4880=PROPERTY_DEFINITION_REPRESENTATION(#4885,#4882);
#4881=REPRESENTATION('material name',(#4883),#10157);
#4882=REPRESENTATION('density',(#4878),#10157);
#4883=DESCRIPTIVE_REPRESENTATION_ITEM('Steel','Steel');
#4884=PROPERTY_DEFINITION('material property','material name',#10172);
#4885=PROPERTY_DEFINITION('material property','density of part',#10172);
#4886=AXIS2_PLACEMENT_3D('',#6460,#5290,#5291);
#4887=AXIS2_PLACEMENT_3D('',#6461,#5292,#5293);
#4888=AXIS2_PLACEMENT_3D('',#6462,#5294,#5295);
#4889=AXIS2_PLACEMENT_3D('',#6464,#5296,#5297);
#4890=AXIS2_PLACEMENT_3D('',#6467,#5299,#5300);
#4891=AXIS2_PLACEMENT_3D('',#6468,#5301,#5302);
#4892=AXIS2_PLACEMENT_3D('',#6491,#5305,#5306);
#4893=AXIS2_PLACEMENT_3D('',#6494,#5308,#5309);
#4894=AXIS2_PLACEMENT_3D('',#6520,#5311,#5312);
#4895=AXIS2_PLACEMENT_3D('',#6546,#5314,#5315);
#4896=AXIS2_PLACEMENT_3D('',#6572,#5317,#5318);
#4897=AXIS2_PLACEMENT_3D('',#6598,#5320,#5321);
#4898=AXIS2_PLACEMENT_3D('',#6624,#5323,#5324);
#4899=AXIS2_PLACEMENT_3D('',#6650,#5326,#5327);
#4900=AXIS2_PLACEMENT_3D('',#6676,#5329,#5330);
#4901=AXIS2_PLACEMENT_3D('',#6679,#5332,#5333);
#4902=AXIS2_PLACEMENT_3D('',#6680,#5334,#5335);
#4903=AXIS2_PLACEMENT_3D('',#6682,#5336,#5337);
#4904=AXIS2_PLACEMENT_3D('',#6683,#5338,#5339);
#4905=AXIS2_PLACEMENT_3D('',#6685,#5340,#5341);
#4906=AXIS2_PLACEMENT_3D('',#6718,#5347,#5348);
#4907=AXIS2_PLACEMENT_3D('',#6730,#5355,#5356);
#4908=AXIS2_PLACEMENT_3D('',#6731,#5357,#5358);
#4909=AXIS2_PLACEMENT_3D('',#6732,#5359,#5360);
#4910=AXIS2_PLACEMENT_3D('',#6734,#5361,#5362);
#4911=AXIS2_PLACEMENT_3D('',#6737,#5364,#5365);
#4912=AXIS2_PLACEMENT_3D('',#6738,#5366,#5367);
#4913=AXIS2_PLACEMENT_3D('',#6739,#5368,#5369);
#4914=AXIS2_PLACEMENT_3D('',#6740,#5370,#5371);
#4915=AXIS2_PLACEMENT_3D('',#6741,#5372,#5373);
#4916=AXIS2_PLACEMENT_3D('',#6743,#5374,#5375);
#4917=AXIS2_PLACEMENT_3D('',#6750,#5376,#5377);
#4918=AXIS2_PLACEMENT_3D('',#6757,#5378,#5379);
#4919=AXIS2_PLACEMENT_3D('',#6764,#5380,#5381);
#4920=AXIS2_PLACEMENT_3D('',#6771,#5382,#5383);
#4921=AXIS2_PLACEMENT_3D('',#6778,#5384,#5385);
#4922=AXIS2_PLACEMENT_3D('',#6785,#5386,#5387);
#4923=AXIS2_PLACEMENT_3D('',#6792,#5388,#5389);
#4924=AXIS2_PLACEMENT_3D('',#6798,#5390,#5391);
#4925=AXIS2_PLACEMENT_3D('',#6799,#5392,#5393);
#4926=AXIS2_PLACEMENT_3D('',#6801,#5394,#5395);
#4927=AXIS2_PLACEMENT_3D('',#6808,#5396,#5397);
#4928=AXIS2_PLACEMENT_3D('',#6815,#5398,#5399);
#4929=AXIS2_PLACEMENT_3D('',#6824,#5400,#5401);
#4930=AXIS2_PLACEMENT_3D('',#6831,#5402,#5403);
#4931=AXIS2_PLACEMENT_3D('',#6840,#5404,#5405);
#4932=AXIS2_PLACEMENT_3D('',#6847,#5406,#5407);
#4933=AXIS2_PLACEMENT_3D('',#6862,#5408,#5409);
#4934=AXIS2_PLACEMENT_3D('',#6936,#5411,#5412);
#4935=AXIS2_PLACEMENT_3D('',#6958,#5414,#5415);
#4936=AXIS2_PLACEMENT_3D('',#6977,#5418,#5419);
#4937=AXIS2_PLACEMENT_3D('',#6980,#5421,#5422);
#4938=AXIS2_PLACEMENT_3D('',#7074,#5425,#5426);
#4939=AXIS2_PLACEMENT_3D('',#7096,#5428,#5429);
#4940=AXIS2_PLACEMENT_3D('',#7115,#5432,#5433);
#4941=AXIS2_PLACEMENT_3D('',#7118,#5435,#5436);
#4942=AXIS2_PLACEMENT_3D('',#7185,#5438,#5439);
#4943=AXIS2_PLACEMENT_3D('',#7187,#5441,#5442);
#4944=AXIS2_PLACEMENT_3D('',#7201,#5445,#5446);
#4945=AXIS2_PLACEMENT_3D('',#7228,#5449,#5450);
#4946=AXIS2_PLACEMENT_3D('',#7244,#5453,#5454);
#4947=AXIS2_PLACEMENT_3D('',#7249,#5456,#5457);
#4948=AXIS2_PLACEMENT_3D('',#7252,#5459,#5460);
#4949=AXIS2_PLACEMENT_3D('',#7253,#5461,#5462);
#4950=AXIS2_PLACEMENT_3D('',#7263,#5468,#5469);
#4951=AXIS2_PLACEMENT_3D('',#7266,#5471,#5472);
#4952=AXIS2_PLACEMENT_3D('',#7267,#5473,#5474);
#4953=AXIS2_PLACEMENT_3D('',#7270,#5476,#5477);
#4954=AXIS2_PLACEMENT_3D('',#7271,#5478,#5479);
#4955=AXIS2_PLACEMENT_3D('',#7277,#5483,#5484);
#4956=AXIS2_PLACEMENT_3D('',#7282,#5486,#5487);
#4957=AXIS2_PLACEMENT_3D('',#7285,#5489,#5490);
#4958=AXIS2_PLACEMENT_3D('',#7286,#5491,#5492);
#4959=AXIS2_PLACEMENT_3D('',#7293,#5497,#5498);
#4960=AXIS2_PLACEMENT_3D('',#7296,#5500,#5501);
#4961=AXIS2_PLACEMENT_3D('',#7297,#5502,#5503);
#4962=AXIS2_PLACEMENT_3D('',#7300,#5505,#5506);
#4963=AXIS2_PLACEMENT_3D('',#7301,#5507,#5508);
#4964=AXIS2_PLACEMENT_3D('',#7304,#5511,#5512);
#4965=AXIS2_PLACEMENT_3D('',#7309,#5514,#5515);
#4966=AXIS2_PLACEMENT_3D('',#7312,#5517,#5518);
#4967=AXIS2_PLACEMENT_3D('',#7313,#5519,#5520);
#4968=AXIS2_PLACEMENT_3D('',#7320,#5525,#5526);
#4969=AXIS2_PLACEMENT_3D('',#7323,#5528,#5529);
#4970=AXIS2_PLACEMENT_3D('',#7324,#5530,#5531);
#4971=AXIS2_PLACEMENT_3D('',#7327,#5533,#5534);
#4972=AXIS2_PLACEMENT_3D('',#7328,#5535,#5536);
#4973=AXIS2_PLACEMENT_3D('',#7331,#5539,#5540);
#4974=AXIS2_PLACEMENT_3D('',#7332,#5541,#5542);
#4975=AXIS2_PLACEMENT_3D('',#7333,#5543,#5544);
#4976=AXIS2_PLACEMENT_3D('',#7334,#5545,#5546);
#4977=AXIS2_PLACEMENT_3D('',#7335,#5547,#5548);
#4978=AXIS2_PLACEMENT_3D('',#7336,#5549,#5550);
#4979=AXIS2_PLACEMENT_3D('',#7337,#5551,#5552);
#4980=AXIS2_PLACEMENT_3D('',#7338,#5553,#5554);
#4981=AXIS2_PLACEMENT_3D('',#7371,#5556,#5557);
#4982=AXIS2_PLACEMENT_3D('',#7422,#5562,#5563);
#4983=AXIS2_PLACEMENT_3D('',#7427,#5565,#5566);
#4984=AXIS2_PLACEMENT_3D('',#7430,#5568,#5569);
#4985=AXIS2_PLACEMENT_3D('',#7503,#5572,#5573);
#4986=AXIS2_PLACEMENT_3D('',#7562,#5577,#5578);
#4987=AXIS2_PLACEMENT_3D('',#7565,#5581,#5582);
#4988=AXIS2_PLACEMENT_3D('',#7567,#5584,#5585);
#4989=AXIS2_PLACEMENT_3D('',#7569,#5587,#5588);
#4990=AXIS2_PLACEMENT_3D('',#7571,#5590,#5591);
#4991=AXIS2_PLACEMENT_3D('',#7572,#5592,#5593);
#4992=AXIS2_PLACEMENT_3D('',#7613,#5597,#5598);
#4993=AXIS2_PLACEMENT_3D('',#7618,#5601,#5602);
#4994=AXIS2_PLACEMENT_3D('',#7678,#5605,#5606);
#4995=AXIS2_PLACEMENT_3D('',#7700,#5608,#5609);
#4996=AXIS2_PLACEMENT_3D('',#7703,#5612,#5613);
#4997=AXIS2_PLACEMENT_3D('',#7705,#5615,#5616);
#4998=AXIS2_PLACEMENT_3D('',#7707,#5618,#5619);
#4999=AXIS2_PLACEMENT_3D('',#7709,#5621,#5622);
#5000=AXIS2_PLACEMENT_3D('',#7710,#5623,#5624);
#5001=AXIS2_PLACEMENT_3D('',#7751,#5628,#5629);
#5002=AXIS2_PLACEMENT_3D('',#7756,#5632,#5633);
#5003=AXIS2_PLACEMENT_3D('',#7816,#5636,#5637);
#5004=AXIS2_PLACEMENT_3D('',#7838,#5639,#5640);
#5005=AXIS2_PLACEMENT_3D('',#7841,#5643,#5644);
#5006=AXIS2_PLACEMENT_3D('',#7843,#5646,#5647);
#5007=AXIS2_PLACEMENT_3D('',#7845,#5649,#5650);
#5008=AXIS2_PLACEMENT_3D('',#7847,#5652,#5653);
#5009=AXIS2_PLACEMENT_3D('',#7848,#5654,#5655);
#5010=AXIS2_PLACEMENT_3D('',#7850,#5657,#5658);
#5011=AXIS2_PLACEMENT_3D('',#7851,#5659,#5660);
#5012=AXIS2_PLACEMENT_3D('',#7852,#5661,#5662);
#5013=AXIS2_PLACEMENT_3D('',#7854,#5664,#5665);
#5014=AXIS2_PLACEMENT_3D('',#7855,#5666,#5667);
#5015=AXIS2_PLACEMENT_3D('',#7857,#5669,#5670);
#5016=AXIS2_PLACEMENT_3D('',#7858,#5671,#5672);
#5017=AXIS2_PLACEMENT_3D('',#7863,#5674,#5675);
#5018=AXIS2_PLACEMENT_3D('',#7866,#5677,#5678);
#5019=AXIS2_PLACEMENT_3D('',#7867,#5679,#5680);
#5020=AXIS2_PLACEMENT_3D('',#7877,#5686,#5687);
#5021=AXIS2_PLACEMENT_3D('',#7880,#5689,#5690);
#5022=AXIS2_PLACEMENT_3D('',#7881,#5691,#5692);
#5023=AXIS2_PLACEMENT_3D('',#7884,#5694,#5695);
#5024=AXIS2_PLACEMENT_3D('',#7885,#5696,#5697);
#5025=AXIS2_PLACEMENT_3D('',#7891,#5701,#5702);
#5026=AXIS2_PLACEMENT_3D('',#7892,#5703,#5704);
#5027=AXIS2_PLACEMENT_3D('',#7893,#5705,#5706);
#5028=AXIS2_PLACEMENT_3D('',#7894,#5707,#5708);
#5029=AXIS2_PLACEMENT_3D('',#7927,#5710,#5711);
#5030=AXIS2_PLACEMENT_3D('',#7978,#5716,#5717);
#5031=AXIS2_PLACEMENT_3D('',#7983,#5719,#5720);
#5032=AXIS2_PLACEMENT_3D('',#7986,#5722,#5723);
#5033=AXIS2_PLACEMENT_3D('',#8059,#5726,#5727);
#5034=AXIS2_PLACEMENT_3D('',#8118,#5731,#5732);
#5035=AXIS2_PLACEMENT_3D('',#8121,#5735,#5736);
#5036=AXIS2_PLACEMENT_3D('',#8123,#5738,#5739);
#5037=AXIS2_PLACEMENT_3D('',#8125,#5741,#5742);
#5038=AXIS2_PLACEMENT_3D('',#8127,#5744,#5745);
#5039=AXIS2_PLACEMENT_3D('',#8128,#5746,#5747);
#5040=AXIS2_PLACEMENT_3D('',#8129,#5748,#5749);
#5041=AXIS2_PLACEMENT_3D('',#8131,#5751,#5752);
#5042=AXIS2_PLACEMENT_3D('',#8132,#5753,#5754);
#5043=AXIS2_PLACEMENT_3D('',#8134,#5755,#5756);
#5044=AXIS2_PLACEMENT_3D('',#8136,#5758,#5759);
#5045=AXIS2_PLACEMENT_3D('',#8138,#5760,#5761);
#5046=AXIS2_PLACEMENT_3D('',#8139,#5762,#5763);
#5047=AXIS2_PLACEMENT_3D('',#8142,#5765,#5766);
#5048=AXIS2_PLACEMENT_3D('',#8143,#5767,#5768);
#5049=AXIS2_PLACEMENT_3D('',#8145,#5770,#5771);
#5050=AXIS2_PLACEMENT_3D('',#8147,#5772,#5773);
#5051=AXIS2_PLACEMENT_3D('',#8150,#5775,#5776);
#5052=AXIS2_PLACEMENT_3D('',#8151,#5777,#5778);
#5053=AXIS2_PLACEMENT_3D('',#8154,#5779,#5780);
#5054=AXIS2_PLACEMENT_3D('',#8156,#5781,#5782);
#5055=AXIS2_PLACEMENT_3D('',#8158,#5783,#5784);
#5056=AXIS2_PLACEMENT_3D('',#8159,#5785,#5786);
#5057=AXIS2_PLACEMENT_3D('',#8160,#5787,#5788);
#5058=AXIS2_PLACEMENT_3D('',#8163,#5790,#5791);
#5059=AXIS2_PLACEMENT_3D('',#8164,#5792,#5793);
#5060=AXIS2_PLACEMENT_3D('',#8166,#5794,#5795);
#5061=AXIS2_PLACEMENT_3D('',#8169,#5797,#5798);
#5062=AXIS2_PLACEMENT_3D('',#8170,#5799,#5800);
#5063=AXIS2_PLACEMENT_3D('',#8173,#5801,#5802);
#5064=AXIS2_PLACEMENT_3D('',#8177,#5804,#5805);
#5065=AXIS2_PLACEMENT_3D('',#8179,#5807,#5808);
#5066=AXIS2_PLACEMENT_3D('',#8182,#5810,#5811);
#5067=AXIS2_PLACEMENT_3D('',#8183,#5812,#5813);
#5068=AXIS2_PLACEMENT_3D('',#8185,#5814,#5815);
#5069=AXIS2_PLACEMENT_3D('',#8188,#5817,#5818);
#5070=AXIS2_PLACEMENT_3D('',#8189,#5819,#5820);
#5071=AXIS2_PLACEMENT_3D('',#8192,#5821,#5822);
#5072=AXIS2_PLACEMENT_3D('',#8194,#5823,#5824);
#5073=AXIS2_PLACEMENT_3D('',#8196,#5825,#5826);
#5074=AXIS2_PLACEMENT_3D('',#8197,#5827,#5828);
#5075=AXIS2_PLACEMENT_3D('',#8198,#5829,#5830);
#5076=AXIS2_PLACEMENT_3D('',#8201,#5832,#5833);
#5077=AXIS2_PLACEMENT_3D('',#8202,#5834,#5835);
#5078=AXIS2_PLACEMENT_3D('',#8205,#5836,#5837);
#5079=AXIS2_PLACEMENT_3D('',#8209,#5839,#5840);
#5080=AXIS2_PLACEMENT_3D('',#8211,#5842,#5843);
#5081=AXIS2_PLACEMENT_3D('',#8213,#5844,#5845);
#5082=AXIS2_PLACEMENT_3D('',#8215,#5846,#5847);
#5083=AXIS2_PLACEMENT_3D('',#8217,#5848,#5849);
#5084=AXIS2_PLACEMENT_3D('',#8219,#5850,#5851);
#5085=AXIS2_PLACEMENT_3D('',#8221,#5852,#5853);
#5086=AXIS2_PLACEMENT_3D('',#8223,#5854,#5855);
#5087=AXIS2_PLACEMENT_3D('',#8225,#5856,#5857);
#5088=AXIS2_PLACEMENT_3D('',#8227,#5858,#5859);
#5089=AXIS2_PLACEMENT_3D('',#8229,#5860,#5861);
#5090=AXIS2_PLACEMENT_3D('',#8231,#5862,#5863);
#5091=AXIS2_PLACEMENT_3D('',#8232,#5864,#5865);
#5092=AXIS2_PLACEMENT_3D('',#8241,#5870,#5871);
#5093=AXIS2_PLACEMENT_3D('',#8243,#5872,#5873);
#5094=AXIS2_PLACEMENT_3D('',#8269,#5875,#5876);
#5095=AXIS2_PLACEMENT_3D('',#8295,#5878,#5879);
#5096=AXIS2_PLACEMENT_3D('',#8310,#5881,#5882);
#5097=AXIS2_PLACEMENT_3D('',#8314,#5884,#5885);
#5098=AXIS2_PLACEMENT_3D('',#8340,#5887,#5888);
#5099=AXIS2_PLACEMENT_3D('',#8366,#5890,#5891);
#5100=AXIS2_PLACEMENT_3D('',#8392,#5893,#5894);
#5101=AXIS2_PLACEMENT_3D('',#8418,#5896,#5897);
#5102=AXIS2_PLACEMENT_3D('',#8444,#5899,#5900);
#5103=AXIS2_PLACEMENT_3D('',#8452,#5906,#5907);
#5104=AXIS2_PLACEMENT_3D('',#8478,#5909,#5910);
#5105=AXIS2_PLACEMENT_3D('',#8502,#5912,#5913);
#5106=AXIS2_PLACEMENT_3D('',#8504,#5914,#5915);
#5107=AXIS2_PLACEMENT_3D('',#8506,#5917,#5918);
#5108=AXIS2_PLACEMENT_3D('',#8511,#5922,#5923);
#5109=AXIS2_PLACEMENT_3D('',#8513,#5925,#5926);
#5110=AXIS2_PLACEMENT_3D('',#8515,#5928,#5929);
#5111=AXIS2_PLACEMENT_3D('',#8517,#5931,#5932);
#5112=AXIS2_PLACEMENT_3D('',#8519,#5934,#5935);
#5113=AXIS2_PLACEMENT_3D('',#8520,#5936,#5937);
#5114=AXIS2_PLACEMENT_3D('',#8522,#5938,#5939);
#5115=AXIS2_PLACEMENT_3D('',#8524,#5941,#5942);
#5116=AXIS2_PLACEMENT_3D('',#8525,#5943,#5944);
#5117=AXIS2_PLACEMENT_3D('',#8528,#5947,#5948);
#5118=AXIS2_PLACEMENT_3D('',#8529,#5949,#5950);
#5119=AXIS2_PLACEMENT_3D('',#8534,#5952,#5953);
#5120=AXIS2_PLACEMENT_3D('',#8537,#5955,#5956);
#5121=AXIS2_PLACEMENT_3D('',#8538,#5957,#5958);
#5122=AXIS2_PLACEMENT_3D('',#8541,#5959,#5960);
#5123=AXIS2_PLACEMENT_3D('',#8544,#5963,#5964);
#5124=AXIS2_PLACEMENT_3D('',#8549,#5967,#5968);
#5125=AXIS2_PLACEMENT_3D('',#8550,#5969,#5970);
#5126=AXIS2_PLACEMENT_3D('',#8555,#5972,#5973);
#5127=AXIS2_PLACEMENT_3D('',#8558,#5975,#5976);
#5128=AXIS2_PLACEMENT_3D('',#8559,#5977,#5978);
#5129=AXIS2_PLACEMENT_3D('',#8562,#5979,#5980);
#5130=AXIS2_PLACEMENT_3D('',#8565,#5983,#5984);
#5131=AXIS2_PLACEMENT_3D('',#8570,#5987,#5988);
#5132=AXIS2_PLACEMENT_3D('',#8571,#5989,#5990);
#5133=AXIS2_PLACEMENT_3D('',#8576,#5992,#5993);
#5134=AXIS2_PLACEMENT_3D('',#8579,#5995,#5996);
#5135=AXIS2_PLACEMENT_3D('',#8580,#5997,#5998);
#5136=AXIS2_PLACEMENT_3D('',#8583,#5999,#6000);
#5137=AXIS2_PLACEMENT_3D('',#8586,#6003,#6004);
#5138=AXIS2_PLACEMENT_3D('',#8591,#6007,#6008);
#5139=AXIS2_PLACEMENT_3D('',#8592,#6009,#6010);
#5140=AXIS2_PLACEMENT_3D('',#8597,#6012,#6013);
#5141=AXIS2_PLACEMENT_3D('',#8600,#6015,#6016);
#5142=AXIS2_PLACEMENT_3D('',#8601,#6017,#6018);
#5143=AXIS2_PLACEMENT_3D('',#8604,#6019,#6020);
#5144=AXIS2_PLACEMENT_3D('',#8607,#6023,#6024);
#5145=AXIS2_PLACEMENT_3D('',#8612,#6027,#6028);
#5146=AXIS2_PLACEMENT_3D('',#8613,#6029,#6030);
#5147=AXIS2_PLACEMENT_3D('',#8617,#6032,#6033);
#5148=AXIS2_PLACEMENT_3D('',#8619,#6035,#6036);
#5149=AXIS2_PLACEMENT_3D('',#8623,#6039,#6040);
#5150=AXIS2_PLACEMENT_3D('',#8625,#6041,#6042);
#5151=AXIS2_PLACEMENT_3D('',#8627,#6044,#6045);
#5152=AXIS2_PLACEMENT_3D('',#8629,#6047,#6048);
#5153=AXIS2_PLACEMENT_3D('',#8633,#6050,#6051);
#5154=AXIS2_PLACEMENT_3D('',#8635,#6053,#6054);
#5155=AXIS2_PLACEMENT_3D('',#8639,#6057,#6058);
#5156=AXIS2_PLACEMENT_3D('',#8641,#6059,#6060);
#5157=AXIS2_PLACEMENT_3D('',#8643,#6062,#6063);
#5158=AXIS2_PLACEMENT_3D('',#8645,#6065,#6066);
#5159=AXIS2_PLACEMENT_3D('',#8649,#6068,#6069);
#5160=AXIS2_PLACEMENT_3D('',#8651,#6071,#6072);
#5161=AXIS2_PLACEMENT_3D('',#8655,#6075,#6076);
#5162=AXIS2_PLACEMENT_3D('',#8657,#6077,#6078);
#5163=AXIS2_PLACEMENT_3D('',#8659,#6080,#6081);
#5164=AXIS2_PLACEMENT_3D('',#8661,#6083,#6084);
#5165=AXIS2_PLACEMENT_3D('',#8665,#6086,#6087);
#5166=AXIS2_PLACEMENT_3D('',#8667,#6089,#6090);
#5167=AXIS2_PLACEMENT_3D('',#8671,#6093,#6094);
#5168=AXIS2_PLACEMENT_3D('',#8673,#6095,#6096);
#5169=AXIS2_PLACEMENT_3D('',#8675,#6098,#6099);
#5170=AXIS2_PLACEMENT_3D('',#8677,#6101,#6102);
#5171=AXIS2_PLACEMENT_3D('',#8679,#6103,#6104);
#5172=AXIS2_PLACEMENT_3D('',#8682,#6106,#6107);
#5173=AXIS2_PLACEMENT_3D('',#8683,#6108,#6109);
#5174=AXIS2_PLACEMENT_3D('',#8685,#6110,#6111);
#5175=AXIS2_PLACEMENT_3D('',#8688,#6113,#6114);
#5176=AXIS2_PLACEMENT_3D('',#8689,#6115,#6116);
#5177=AXIS2_PLACEMENT_3D('',#8692,#6117,#6118);
#5178=AXIS2_PLACEMENT_3D('',#8695,#6120,#6121);
#5179=AXIS2_PLACEMENT_3D('',#8787,#6122,#6123);
#5180=AXIS2_PLACEMENT_3D('',#8829,#6124,#6125);
#5181=AXIS2_PLACEMENT_3D('',#8835,#6126,#6127);
#5182=AXIS2_PLACEMENT_3D('',#8837,#6128,#6129);
#5183=AXIS2_PLACEMENT_3D('',#8841,#6130,#6131);
#5184=AXIS2_PLACEMENT_3D('',#8844,#6132,#6133);
#5185=AXIS2_PLACEMENT_3D('',#8866,#6135,#6136);
#5186=AXIS2_PLACEMENT_3D('',#8886,#6138,#6139);
#5187=AXIS2_PLACEMENT_3D('',#8889,#6140,#6141);
#5188=AXIS2_PLACEMENT_3D('',#8911,#6143,#6144);
#5189=AXIS2_PLACEMENT_3D('',#8931,#6146,#6147);
#5190=AXIS2_PLACEMENT_3D('',#8934,#6148,#6149);
#5191=AXIS2_PLACEMENT_3D('',#8956,#6151,#6152);
#5192=AXIS2_PLACEMENT_3D('',#8976,#6154,#6155);
#5193=AXIS2_PLACEMENT_3D('',#8979,#6156,#6157);
#5194=AXIS2_PLACEMENT_3D('',#9001,#6159,#6160);
#5195=AXIS2_PLACEMENT_3D('',#9062,#6163,#6164);
#5196=AXIS2_PLACEMENT_3D('',#9065,#6166,#6167);
#5197=AXIS2_PLACEMENT_3D('',#9066,#6168,#6169);
#5198=AXIS2_PLACEMENT_3D('',#9067,#6170,#6171);
#5199=AXIS2_PLACEMENT_3D('',#9068,#6172,#6173);
#5200=AXIS2_PLACEMENT_3D('',#9077,#6178,#6179);
#5201=AXIS2_PLACEMENT_3D('',#9079,#6180,#6181);
#5202=AXIS2_PLACEMENT_3D('',#9081,#6183,#6184);
#5203=AXIS2_PLACEMENT_3D('',#9088,#6188,#6189);
#5204=AXIS2_PLACEMENT_3D('',#9092,#6191,#6192);
#5205=AXIS2_PLACEMENT_3D('',#9096,#6194,#6195);
#5206=AXIS2_PLACEMENT_3D('',#9099,#6197,#6198);
#5207=AXIS2_PLACEMENT_3D('',#9100,#6199,#6200);
#5208=AXIS2_PLACEMENT_3D('',#9110,#6206,#6207);
#5209=AXIS2_PLACEMENT_3D('',#9175,#6213,#6214);
#5210=AXIS2_PLACEMENT_3D('',#9178,#6216,#6217);
#5211=AXIS2_PLACEMENT_3D('',#9238,#6220,#6221);
#5212=AXIS2_PLACEMENT_3D('',#9348,#6225,#6226);
#5213=AXIS2_PLACEMENT_3D('',#9349,#6227,#6228);
#5214=AXIS2_PLACEMENT_3D('',#9358,#6229,#6230);
#5215=AXIS2_PLACEMENT_3D('',#9365,#6231,#6232);
#5216=AXIS2_PLACEMENT_3D('',#9428,#6237,#6238);
#5217=AXIS2_PLACEMENT_3D('',#9431,#6240,#6241);
#5218=AXIS2_PLACEMENT_3D('',#9491,#6244,#6245);
#5219=AXIS2_PLACEMENT_3D('',#9581,#6249,#6250);
#5220=AXIS2_PLACEMENT_3D('',#9590,#6251,#6252);
#5221=AXIS2_PLACEMENT_3D('',#9597,#6253,#6254);
#5222=AXIS2_PLACEMENT_3D('',#9598,#6255,#6256);
#5223=AXIS2_PLACEMENT_3D('',#9661,#6261,#6262);
#5224=AXIS2_PLACEMENT_3D('',#9664,#6264,#6265);
#5225=AXIS2_PLACEMENT_3D('',#9724,#6268,#6269);
#5226=AXIS2_PLACEMENT_3D('',#9834,#6273,#6274);
#5227=AXIS2_PLACEMENT_3D('',#9843,#6275,#6276);
#5228=AXIS2_PLACEMENT_3D('',#9850,#6277,#6278);
#5229=AXIS2_PLACEMENT_3D('',#9851,#6279,#6280);
#5230=AXIS2_PLACEMENT_3D('',#9914,#6285,#6286);
#5231=AXIS2_PLACEMENT_3D('',#9917,#6288,#6289);
#5232=AXIS2_PLACEMENT_3D('',#9977,#6292,#6293);
#5233=AXIS2_PLACEMENT_3D('',#10033,#6296,#6297);
#5234=AXIS2_PLACEMENT_3D('',#10035,#6298,#6299);
#5235=AXIS2_PLACEMENT_3D('',#10039,#6301,#6302);
#5236=AXIS2_PLACEMENT_3D('',#10040,#6303,#6304);
#5237=AXIS2_PLACEMENT_3D('',#10041,#6305,#6306);
#5238=AXIS2_PLACEMENT_3D('',#10045,#6309,#6310);
#5239=AXIS2_PLACEMENT_3D('',#10046,#6311,#6312);
#5240=AXIS2_PLACEMENT_3D('',#10050,#6314,#6315);
#5241=AXIS2_PLACEMENT_3D('',#10058,#6316,#6317);
#5242=AXIS2_PLACEMENT_3D('',#10059,#6318,#6319);
#5243=AXIS2_PLACEMENT_3D('',#10061,#6321,#6322);
#5244=AXIS2_PLACEMENT_3D('',#10064,#6325,#6326);
#5245=AXIS2_PLACEMENT_3D('',#10066,#6328,#6329);
#5246=AXIS2_PLACEMENT_3D('',#10068,#6331,#6332);
#5247=AXIS2_PLACEMENT_3D('',#10069,#6333,#6334);
#5248=AXIS2_PLACEMENT_3D('',#10070,#6335,#6336);
#5249=AXIS2_PLACEMENT_3D('',#10073,#6339,#6340);
#5250=AXIS2_PLACEMENT_3D('',#10075,#6342,#6343);
#5251=AXIS2_PLACEMENT_3D('',#10077,#6345,#6346);
#5252=AXIS2_PLACEMENT_3D('',#10079,#6348,#6349);
#5253=AXIS2_PLACEMENT_3D('',#10081,#6351,#6352);
#5254=AXIS2_PLACEMENT_3D('',#10083,#6354,#6355);
#5255=AXIS2_PLACEMENT_3D('',#10085,#6357,#6358);
#5256=AXIS2_PLACEMENT_3D('',#10086,#6359,#6360);
#5257=AXIS2_PLACEMENT_3D('',#10089,#6363,#6364);
#5258=AXIS2_PLACEMENT_3D('',#10091,#6366,#6367);
#5259=AXIS2_PLACEMENT_3D('',#10093,#6369,#6370);
#5260=AXIS2_PLACEMENT_3D('',#10095,#6372,#6373);
#5261=AXIS2_PLACEMENT_3D('',#10097,#6375,#6376);
#5262=AXIS2_PLACEMENT_3D('',#10099,#6378,#6379);
#5263=AXIS2_PLACEMENT_3D('',#10101,#6381,#6382);
#5264=AXIS2_PLACEMENT_3D('',#10103,#6384,#6385);
#5265=AXIS2_PLACEMENT_3D('',#10105,#6387,#6388);
#5266=AXIS2_PLACEMENT_3D('',#10107,#6390,#6391);
#5267=AXIS2_PLACEMENT_3D('',#10109,#6393,#6394);
#5268=AXIS2_PLACEMENT_3D('',#10111,#6396,#6397);
#5269=AXIS2_PLACEMENT_3D('',#10113,#6399,#6400);
#5270=AXIS2_PLACEMENT_3D('',#10115,#6402,#6403);
#5271=AXIS2_PLACEMENT_3D('',#10117,#6405,#6406);
#5272=AXIS2_PLACEMENT_3D('',#10119,#6408,#6409);
#5273=AXIS2_PLACEMENT_3D('',#10121,#6411,#6412);
#5274=AXIS2_PLACEMENT_3D('',#10123,#6414,#6415);
#5275=AXIS2_PLACEMENT_3D('',#10125,#6417,#6418);
#5276=AXIS2_PLACEMENT_3D('',#10127,#6420,#6421);
#5277=AXIS2_PLACEMENT_3D('',#10129,#6423,#6424);
#5278=AXIS2_PLACEMENT_3D('',#10131,#6426,#6427);
#5279=AXIS2_PLACEMENT_3D('',#10133,#6429,#6430);
#5280=AXIS2_PLACEMENT_3D('',#10135,#6432,#6433);
#5281=AXIS2_PLACEMENT_3D('',#10137,#6435,#6436);
#5282=AXIS2_PLACEMENT_3D('',#10139,#6438,#6439);
#5283=AXIS2_PLACEMENT_3D('',#10141,#6441,#6442);
#5284=AXIS2_PLACEMENT_3D('',#10143,#6444,#6445);
#5285=AXIS2_PLACEMENT_3D('',#10145,#6447,#6448);
#5286=AXIS2_PLACEMENT_3D('',#10147,#6450,#6451);
#5287=AXIS2_PLACEMENT_3D('',#10149,#6453,#6454);
#5288=AXIS2_PLACEMENT_3D('',#10151,#6456,#6457);
#5289=AXIS2_PLACEMENT_3D('',#10152,#6458,#6459);
#5290=DIRECTION('axis',(0.,0.,1.));
#5291=DIRECTION('refdir',(1.,0.,0.));
#5292=DIRECTION('axis',(0.,0.,1.));
#5293=DIRECTION('refdir',(1.,0.,0.));
#5294=DIRECTION('center_axis',(0.,0.,-1.));
#5295=DIRECTION('ref_axis',(1.,0.,0.));
#5296=DIRECTION('center_axis',(0.,0.,1.));
#5297=DIRECTION('ref_axis',(1.,0.,0.));
#5298=DIRECTION('',(-0.21189800763102,-2.5950021679103E-17,-0.977291785682252));
#5299=DIRECTION('center_axis',(0.,0.,-1.));
#5300=DIRECTION('ref_axis',(1.,0.,0.));
#5301=DIRECTION('center_axis',(0.,0.,-1.));
#5302=DIRECTION('ref_axis',(1.,0.,0.));
#5303=DIRECTION('',(0.,0.,-1.));
#5304=DIRECTION('',(0.,0.,1.));
#5305=DIRECTION('center_axis',(0.,0.,1.));
#5306=DIRECTION('ref_axis',(6.12323399573676E-17,1.,0.));
#5307=DIRECTION('',(0.,0.,1.));
#5308=DIRECTION('center_axis',(0.,0.,1.));
#5309=DIRECTION('ref_axis',(6.12323399573676E-17,1.,0.));
#5310=DIRECTION('',(0.,0.,-1.));
#5311=DIRECTION('center_axis',(0.,0.,1.));
#5312=DIRECTION('ref_axis',(1.,0.,0.));
#5313=DIRECTION('',(0.,0.,1.));
#5314=DIRECTION('center_axis',(0.,0.,1.));
#5315=DIRECTION('ref_axis',(1.,0.,0.));
#5316=DIRECTION('',(0.,0.,-1.));
#5317=DIRECTION('center_axis',(0.,0.,1.));
#5318=DIRECTION('ref_axis',(1.,0.,0.));
#5319=DIRECTION('',(0.,0.,1.));
#5320=DIRECTION('center_axis',(0.,0.,1.));
#5321=DIRECTION('ref_axis',(-1.83697019872103E-16,-1.,0.));
#5322=DIRECTION('',(0.,0.,-1.));
#5323=DIRECTION('center_axis',(0.,0.,1.));
#5324=DIRECTION('ref_axis',(1.,0.,0.));
#5325=DIRECTION('',(0.,0.,1.));
#5326=DIRECTION('center_axis',(0.,0.,1.));
#5327=DIRECTION('ref_axis',(-1.,1.22464679914735E-16,0.));
#5328=DIRECTION('',(0.,0.,-1.));
#5329=DIRECTION('center_axis',(0.,0.,1.));
#5330=DIRECTION('ref_axis',(1.,0.,0.));
#5331=DIRECTION('',(0.,0.,1.));
#5332=DIRECTION('center_axis',(0.,0.,-1.));
#5333=DIRECTION('ref_axis',(1.,0.,0.));
#5334=DIRECTION('center_axis',(0.,0.,1.));
#5335=DIRECTION('ref_axis',(1.,0.,0.));
#5336=DIRECTION('center_axis',(0.,0.,-1.));
#5337=DIRECTION('ref_axis',(1.,0.,0.));
#5338=DIRECTION('center_axis',(-0.313520502757565,0.949581431131972,0.));
#5339=DIRECTION('ref_axis',(0.949581431131972,0.313520502757565,0.));
#5340=DIRECTION('center_axis',(0.313520502757565,-0.949581431131972,0.));
#5341=DIRECTION('ref_axis',(0.949581431131972,0.313520502757565,-1.78677148204903E-18));
#5342=DIRECTION('',(0.949581431131972,0.313520502757565,0.));
#5343=DIRECTION('',(0.,0.,1.));
#5344=DIRECTION('',(-0.949581431131972,-0.313520502757565,0.));
#5345=DIRECTION('',(-0.474790715565987,-0.156760251378783,0.866025403784438));
#5346=DIRECTION('',(-0.474790715565987,-0.156760251378783,-0.866025403784438));
#5347=DIRECTION('center_axis',(0.564335095108806,-0.825545819702659,0.));
#5348=DIRECTION('ref_axis',(-0.825545819702659,-0.564335095108806,0.));
#5349=DIRECTION('',(0.825545819702659,0.564335095108806,0.));
#5350=DIRECTION('',(0.,0.,-1.));
#5351=DIRECTION('',(-0.825545819702659,-0.564335095108806,0.));
#5352=DIRECTION('',(0.825545819702659,0.564335095108806,0.));
#5353=DIRECTION('',(0.41277290985133,0.282167547554404,0.866025403784438));
#5354=DIRECTION('',(0.41277290985133,0.282167547554404,-0.866025403784438));
#5355=DIRECTION('center_axis',(0.,0.,1.));
#5356=DIRECTION('ref_axis',(1.,0.,0.));
#5357=DIRECTION('center_axis',(0.,0.,1.));
#5358=DIRECTION('ref_axis',(1.,0.,0.));
#5359=DIRECTION('center_axis',(0.,0.,1.));
#5360=DIRECTION('ref_axis',(1.,0.,0.));
#5361=DIRECTION('center_axis',(0.,0.,1.));
#5362=DIRECTION('ref_axis',(1.,0.,0.));
#5363=DIRECTION('',(0.,0.,-1.));
#5364=DIRECTION('center_axis',(0.,0.,-1.));
#5365=DIRECTION('ref_axis',(1.,0.,0.));
#5366=DIRECTION('center_axis',(0.,0.,-1.));
#5367=DIRECTION('ref_axis',(1.,0.,0.));
#5368=DIRECTION('center_axis',(0.,0.,1.));
#5369=DIRECTION('ref_axis',(1.,0.,0.));
#5370=DIRECTION('center_axis',(0.,0.,1.));
#5371=DIRECTION('ref_axis',(0.,-1.,0.));
#5372=DIRECTION('center_axis',(0.,0.,1.));
#5373=DIRECTION('ref_axis',(0.896379483867189,0.443287514940351,0.));
#5374=DIRECTION('center_axis',(0.,0.,1.));
#5375=DIRECTION('ref_axis',(1.,0.,0.));
#5376=DIRECTION('center_axis',(0.,0.,-1.));
#5377=DIRECTION('ref_axis',(-1.,1.22464679914735E-16,0.));
#5378=DIRECTION('center_axis',(0.,0.,1.));
#5379=DIRECTION('ref_axis',(1.,0.,0.));
#5380=DIRECTION('center_axis',(0.,0.,-1.));
#5381=DIRECTION('ref_axis',(-1.83697019872103E-16,-1.,0.));
#5382=DIRECTION('center_axis',(0.,0.,1.));
#5383=DIRECTION('ref_axis',(1.,0.,0.));
#5384=DIRECTION('center_axis',(0.,0.,-1.));
#5385=DIRECTION('ref_axis',(1.,0.,0.));
#5386=DIRECTION('center_axis',(0.,0.,1.));
#5387=DIRECTION('ref_axis',(1.,0.,0.));
#5388=DIRECTION('center_axis',(0.,0.,-1.));
#5389=DIRECTION('ref_axis',(6.12323399573677E-17,1.,0.));
#5390=DIRECTION('center_axis',(0.,0.,1.));
#5391=DIRECTION('ref_axis',(1.,0.,0.));
#5392=DIRECTION('center_axis',(0.,0.,-1.));
#5393=DIRECTION('ref_axis',(0.,-1.,0.));
#5394=DIRECTION('center_axis',(0.,0.,-1.));
#5395=DIRECTION('ref_axis',(0.,-1.,0.));
#5396=DIRECTION('center_axis',(0.,0.,-1.));
#5397=DIRECTION('ref_axis',(0.,-1.,0.));
#5398=DIRECTION('center_axis',(0.,0.,-1.));
#5399=DIRECTION('ref_axis',(0.,-1.,0.));
#5400=DIRECTION('center_axis',(0.,0.,-1.));
#5401=DIRECTION('ref_axis',(0.,-1.,0.));
#5402=DIRECTION('center_axis',(0.,0.,-1.));
#5403=DIRECTION('ref_axis',(0.,-1.,0.));
#5404=DIRECTION('center_axis',(0.,0.,-1.));
#5405=DIRECTION('ref_axis',(0.,-1.,0.));
#5406=DIRECTION('center_axis',(0.,0.,-1.));
#5407=DIRECTION('ref_axis',(0.,-1.,0.));
#5408=DIRECTION('center_axis',(0.,0.,-1.));
#5409=DIRECTION('ref_axis',(0.,-1.,0.));
#5410=DIRECTION('',(0.46380864167132,0.885935406173049,-3.06677464117839E-14));
#5411=DIRECTION('center_axis',(0.,0.,-1.));
#5412=DIRECTION('ref_axis',(-1.,1.22464679914735E-16,0.));
#5413=DIRECTION('',(0.,0.,1.));
#5414=DIRECTION('center_axis',(0.,0.,-1.));
#5415=DIRECTION('ref_axis',(-1.,1.22464679914735E-16,0.));
#5416=DIRECTION('',(0.,0.,-1.));
#5417=DIRECTION('',(0.,0.,-1.));
#5418=DIRECTION('center_axis',(0.,0.,-1.));
#5419=DIRECTION('ref_axis',(-1.,1.22464679914735E-16,0.));
#5420=DIRECTION('',(0.,0.,1.));
#5421=DIRECTION('center_axis',(0.,0.,1.));
#5422=DIRECTION('ref_axis',(-1.,1.22464679914735E-16,0.));
#5423=DIRECTION('',(-0.463808641671325,0.885935406173046,0.));
#5424=DIRECTION('',(0.885935406173048,-0.463808641671323,-3.06677464117837E-14));
#5425=DIRECTION('center_axis',(0.,0.,-1.));
#5426=DIRECTION('ref_axis',(6.12323399573677E-17,1.,0.));
#5427=DIRECTION('',(0.,0.,1.));
#5428=DIRECTION('center_axis',(0.,0.,-1.));
#5429=DIRECTION('ref_axis',(6.12323399573677E-17,1.,0.));
#5430=DIRECTION('',(0.,0.,-1.));
#5431=DIRECTION('',(0.,0.,-1.));
#5432=DIRECTION('center_axis',(0.,0.,-1.));
#5433=DIRECTION('ref_axis',(6.12323399573677E-17,1.,0.));
#5434=DIRECTION('',(0.,0.,1.));
#5435=DIRECTION('center_axis',(0.,0.,1.));
#5436=DIRECTION('ref_axis',(6.12323399573677E-17,1.,0.));
#5437=DIRECTION('',(0.885935406173048,0.463808641671323,0.));
#5438=DIRECTION('center_axis',(0.,0.,1.));
#5439=DIRECTION('ref_axis',(1.,0.,0.));
#5440=DIRECTION('',(0.294827865547989,0.95555038051189,0.));
#5441=DIRECTION('center_axis',(0.,0.,1.));
#5442=DIRECTION('ref_axis',(1.,0.,0.));
#5443=DIRECTION('',(-0.294827865547989,0.95555038051189,0.));
#5444=DIRECTION('',(0.95555038051189,-0.294827865547989,0.));
#5445=DIRECTION('center_axis',(0.,0.,1.));
#5446=DIRECTION('ref_axis',(1.,0.,0.));
#5447=DIRECTION('',(0.95555038051189,0.294827865547989,0.));
#5448=DIRECTION('',(-0.294827865547989,-0.95555038051189,0.));
#5449=DIRECTION('center_axis',(0.,0.,1.));
#5450=DIRECTION('ref_axis',(1.,0.,0.));
#5451=DIRECTION('',(0.294827865547989,-0.95555038051189,0.));
#5452=DIRECTION('',(-0.95555038051189,0.294827865547989,0.));
#5453=DIRECTION('center_axis',(0.,0.,-1.));
#5454=DIRECTION('ref_axis',(1.,-1.83697019872103E-16,0.));
#5455=DIRECTION('',(-0.703851401832744,0.0677731815549783,0.707106781186546));
#5456=DIRECTION('center_axis',(0.,0.,1.));
#5457=DIRECTION('ref_axis',(1.,-1.83697019872103E-16,0.));
#5458=DIRECTION('',(0.703851401832744,0.067773181554978,-0.707106781186546));
#5459=DIRECTION('center_axis',(0.,0.,-1.));
#5460=DIRECTION('ref_axis',(1.,-1.83697019872103E-16,0.));
#5461=DIRECTION('center_axis',(-0.0958457525202241,-0.995396198367179,0.));
#5462=DIRECTION('ref_axis',(-0.995396198367179,0.0958457525202241,0.));
#5463=DIRECTION('',(0.,0.,-1.));
#5464=DIRECTION('',(0.703851401832744,-0.0677731815549783,0.707106781186546));
#5465=DIRECTION('',(-0.995396198367179,0.0958457525202241,0.));
#5466=DIRECTION('',(0.,0.,1.));
#5467=DIRECTION('',(0.995396198367179,-0.0958457525202241,0.));
#5468=DIRECTION('center_axis',(0.,0.,-1.));
#5469=DIRECTION('ref_axis',(1.,-1.83697019872103E-16,0.));
#5470=DIRECTION('',(0.,0.,1.));
#5471=DIRECTION('center_axis',(0.,0.,1.));
#5472=DIRECTION('ref_axis',(1.,-1.83697019872103E-16,0.));
#5473=DIRECTION('center_axis',(0.,0.,1.));
#5474=DIRECTION('ref_axis',(1.,-1.83697019872103E-16,0.));
#5475=DIRECTION('',(-0.703851401832744,-0.067773181554978,-0.707106781186546));
#5476=DIRECTION('center_axis',(0.,0.,-1.));
#5477=DIRECTION('ref_axis',(1.,-1.83697019872103E-16,0.));
#5478=DIRECTION('center_axis',(0.0958457525202238,-0.995396198367179,0.));
#5479=DIRECTION('ref_axis',(-0.995396198367179,-0.0958457525202238,0.));
#5480=DIRECTION('',(-0.995396198367179,-0.0958457525202238,0.));
#5481=DIRECTION('',(0.,0.,-1.));
#5482=DIRECTION('',(0.995396198367179,0.0958457525202238,0.));
#5483=DIRECTION('center_axis',(0.,0.,-1.));
#5484=DIRECTION('ref_axis',(-1.22464679914735E-16,-1.,0.));
#5485=DIRECTION('',(0.0677731815549782,0.703851401832744,0.707106781186546));
#5486=DIRECTION('center_axis',(0.,0.,1.));
#5487=DIRECTION('ref_axis',(-1.22464679914735E-16,-1.,0.));
#5488=DIRECTION('',(0.0677731815549781,-0.703851401832744,-0.707106781186546));
#5489=DIRECTION('center_axis',(0.,0.,-1.));
#5490=DIRECTION('ref_axis',(-1.22464679914735E-16,-1.,0.));
#5491=DIRECTION('center_axis',(-0.995396198367179,0.0958457525202241,0.));
#5492=DIRECTION('ref_axis',(0.0958457525202241,0.995396198367179,0.));
#5493=DIRECTION('',(0.,0.,-1.));
#5494=DIRECTION('',(-0.0677731815549782,-0.703851401832744,0.707106781186546));
#5495=DIRECTION('',(0.0958457525202241,0.995396198367179,0.));
#5496=DIRECTION('',(-0.0958457525202241,-0.995396198367179,0.));
#5497=DIRECTION('center_axis',(0.,0.,-1.));
#5498=DIRECTION('ref_axis',(-1.22464679914735E-16,-1.,0.));
#5499=DIRECTION('',(0.,0.,1.));
#5500=DIRECTION('center_axis',(0.,0.,1.));
#5501=DIRECTION('ref_axis',(-1.22464679914735E-16,-1.,0.));
#5502=DIRECTION('center_axis',(0.,0.,1.));
#5503=DIRECTION('ref_axis',(-1.22464679914735E-16,-1.,0.));
#5504=DIRECTION('',(-0.0677731815549781,0.703851401832744,-0.707106781186546));
#5505=DIRECTION('center_axis',(0.,0.,-1.));
#5506=DIRECTION('ref_axis',(-1.22464679914735E-16,-1.,0.));
#5507=DIRECTION('center_axis',(-0.995396198367179,-0.0958457525202239,0.));
#5508=DIRECTION('ref_axis',(-0.0958457525202239,0.995396198367179,0.));
#5509=DIRECTION('',(-0.0958457525202239,0.995396198367179,0.));
#5510=DIRECTION('',(0.0958457525202239,-0.995396198367179,0.));
#5511=DIRECTION('center_axis',(0.,0.,-1.));
#5512=DIRECTION('ref_axis',(-1.,6.12323399573677E-17,0.));
#5513=DIRECTION('',(0.703851401832744,-0.0677731815549782,0.707106781186546));
#5514=DIRECTION('center_axis',(0.,0.,1.));
#5515=DIRECTION('ref_axis',(-1.,6.12323399573677E-17,0.));
#5516=DIRECTION('',(-0.703851401832744,-0.0677731815549781,-0.707106781186546));
#5517=DIRECTION('center_axis',(0.,0.,-1.));
#5518=DIRECTION('ref_axis',(-1.,6.12323399573677E-17,0.));
#5519=DIRECTION('center_axis',(0.095845752520224,0.995396198367179,0.));
#5520=DIRECTION('ref_axis',(0.995396198367179,-0.095845752520224,0.));
#5521=DIRECTION('',(0.,0.,-1.));
#5522=DIRECTION('',(-0.703851401832744,0.0677731815549782,0.707106781186546));
#5523=DIRECTION('',(0.995396198367179,-0.095845752520224,0.));
#5524=DIRECTION('',(-0.995396198367179,0.095845752520224,0.));
#5525=DIRECTION('center_axis',(0.,0.,-1.));
#5526=DIRECTION('ref_axis',(-1.,6.12323399573677E-17,0.));
#5527=DIRECTION('',(0.,0.,1.));
#5528=DIRECTION('center_axis',(0.,0.,1.));
#5529=DIRECTION('ref_axis',(-1.,6.12323399573677E-17,0.));
#5530=DIRECTION('center_axis',(0.,0.,1.));
#5531=DIRECTION('ref_axis',(-1.,6.12323399573677E-17,0.));
#5532=DIRECTION('',(0.703851401832744,0.0677731815549781,-0.707106781186546));
#5533=DIRECTION('center_axis',(0.,0.,-1.));
#5534=DIRECTION('ref_axis',(-1.,6.12323399573677E-17,0.));
#5535=DIRECTION('center_axis',(-0.0958457525202239,0.995396198367179,0.));
#5536=DIRECTION('ref_axis',(0.995396198367179,0.0958457525202239,0.));
#5537=DIRECTION('',(0.995396198367179,0.0958457525202239,0.));
#5538=DIRECTION('',(-0.995396198367179,-0.0958457525202239,0.));
#5539=DIRECTION('center_axis',(0.,0.,1.));
#5540=DIRECTION('ref_axis',(-1.83697019872103E-16,-1.,0.));
#5541=DIRECTION('center_axis',(0.,0.,1.));
#5542=DIRECTION('ref_axis',(-1.83697019872103E-16,-1.,0.));
#5543=DIRECTION('center_axis',(0.,0.,-1.));
#5544=DIRECTION('ref_axis',(1.83697019872103E-16,1.,0.));
#5545=DIRECTION('center_axis',(0.,0.,-1.));
#5546=DIRECTION('ref_axis',(-1.83697019872103E-16,-1.,0.));
#5547=DIRECTION('center_axis',(0.,0.,1.));
#5548=DIRECTION('ref_axis',(-1.,1.22464679914735E-16,0.));
#5549=DIRECTION('center_axis',(0.,0.,-1.));
#5550=DIRECTION('ref_axis',(1.,-1.22464679914735E-16,0.));
#5551=DIRECTION('center_axis',(0.,0.,1.));
#5552=DIRECTION('ref_axis',(6.12323399573677E-17,1.,0.));
#5553=DIRECTION('center_axis',(0.,0.,-1.));
#5554=DIRECTION('ref_axis',(-6.12323399573677E-17,-1.,0.));
#5555=DIRECTION('',(-0.885935406173047,0.463808641671324,-3.06677464117841E-14));
#5556=DIRECTION('center_axis',(0.46380864167133,0.885935406173044,0.));
#5557=DIRECTION('ref_axis',(0.,0.,1.));
#5558=DIRECTION('',(-0.885935406173043,0.463808641671331,0.));
#5559=DIRECTION('',(0.,0.,1.));
#5560=DIRECTION('',(0.,0.,-1.));
#5561=DIRECTION('',(-0.678627839747181,-0.198743205274429,-0.707082310256253));
#5562=DIRECTION('center_axis',(0.,0.,1.));
#5563=DIRECTION('ref_axis',(-1.83697019872103E-16,-1.,0.));
#5564=DIRECTION('',(0.678669151245945,0.198514944392373,0.707106781186549));
#5565=DIRECTION('center_axis',(0.,0.,-1.));
#5566=DIRECTION('ref_axis',(-1.83697019872103E-16,-1.,0.));
#5567=DIRECTION('',(-0.678669151245947,0.198514944392377,-0.707106781186545));
#5568=DIRECTION('center_axis',(0.,0.,1.));
#5569=DIRECTION('ref_axis',(-1.83697019872103E-16,-1.,0.));
#5570=DIRECTION('',(-0.885935406173048,-0.463808641671321,0.));
#5571=DIRECTION('',(0.678627839747181,-0.198743205274431,0.707082310256253));
#5572=DIRECTION('center_axis',(0.463808641671324,-0.885935406173047,0.));
#5573=DIRECTION('ref_axis',(0.,0.,-1.));
#5574=DIRECTION('',(0.,0.,1.));
#5575=DIRECTION('',(-0.885935406173046,-0.463808641671326,0.));
#5576=DIRECTION('',(0.,0.,-1.));
#5577=DIRECTION('center_axis',(-0.95555038051189,-0.294827865547989,0.));
#5578=DIRECTION('ref_axis',(-0.208474783011739,0.675676153825343,-0.707106781186547));
#5579=DIRECTION('',(-0.95555038051189,-0.294827865547989,0.));
#5580=DIRECTION('',(0.95555038051189,0.294827865547989,0.));
#5581=DIRECTION('center_axis',(0.,0.,-1.));
#5582=DIRECTION('ref_axis',(1.83697019872103E-16,1.,0.));
#5583=DIRECTION('',(0.95555038051189,-0.294827865547989,0.));
#5584=DIRECTION('center_axis',(-0.95555038051189,0.294827865547989,0.));
#5585=DIRECTION('ref_axis',(-0.208474783011739,-0.675676153825343,-0.707106781186547));
#5586=DIRECTION('',(-0.95555038051189,0.294827865547989,0.));
#5587=DIRECTION('center_axis',(-0.294827865547989,-0.95555038051189,0.));
#5588=DIRECTION('ref_axis',(-0.95555038051189,0.294827865547989,0.));
#5589=DIRECTION('',(0.95555038051189,-0.294827865547989,0.));
#5590=DIRECTION('center_axis',(-0.95555038051189,0.294827865547989,0.));
#5591=DIRECTION('ref_axis',(0.208474783011739,0.675676153825342,0.707106781186548));
#5592=DIRECTION('center_axis',(0.885935406173043,-0.463808641671331,0.));
#5593=DIRECTION('ref_axis',(0.,0.,-1.));
#5594=DIRECTION('',(0.463808641671332,0.885935406173042,0.));
#5595=DIRECTION('',(0.,0.,1.));
#5596=DIRECTION('',(-0.198743205274426,0.678627839747181,-0.707082310256254));
#5597=DIRECTION('center_axis',(0.,0.,1.));
#5598=DIRECTION('ref_axis',(-1.,1.22464679914735E-16,0.));
#5599=DIRECTION('',(0.198514944392375,-0.678669151245944,0.707106781186549));
#5600=DIRECTION('',(0.198514944392375,0.678669151245947,-0.707106781186546));
#5601=DIRECTION('center_axis',(0.,0.,1.));
#5602=DIRECTION('ref_axis',(-1.,1.22464679914735E-16,0.));
#5603=DIRECTION('',(-0.463808641671323,0.885935406173048,0.));
#5604=DIRECTION('',(-0.198743205274429,-0.678627839747181,0.707082310256253));
#5605=DIRECTION('center_axis',(-0.885935406173048,-0.463808641671323,0.));
#5606=DIRECTION('ref_axis',(0.,0.,1.));
#5607=DIRECTION('',(0.,0.,-1.));
#5608=DIRECTION('center_axis',(-0.294827865547989,0.95555038051189,0.));
#5609=DIRECTION('ref_axis',(0.675676153825343,0.208474783011739,-0.707106781186547));
#5610=DIRECTION('',(-0.294827865547989,0.95555038051189,0.));
#5611=DIRECTION('',(0.294827865547989,-0.95555038051189,0.));
#5612=DIRECTION('center_axis',(0.,0.,-1.));
#5613=DIRECTION('ref_axis',(1.,-1.22464679914735E-16,0.));
#5614=DIRECTION('',(-0.294827865547989,-0.95555038051189,0.));
#5615=DIRECTION('center_axis',(0.294827865547989,0.95555038051189,0.));
#5616=DIRECTION('ref_axis',(-0.675676153825343,0.208474783011739,-0.707106781186547));
#5617=DIRECTION('',(0.294827865547989,0.95555038051189,0.));
#5618=DIRECTION('center_axis',(-0.95555038051189,0.294827865547989,0.));
#5619=DIRECTION('ref_axis',(0.294827865547989,0.95555038051189,0.));
#5620=DIRECTION('',(-0.294827865547989,-0.95555038051189,0.));
#5621=DIRECTION('center_axis',(0.294827865547989,0.95555038051189,0.));
#5622=DIRECTION('ref_axis',(0.675676153825343,-0.208474783011739,0.707106781186547));
#5623=DIRECTION('center_axis',(-0.463808641671321,-0.885935406173048,0.));
#5624=DIRECTION('ref_axis',(0.,0.,-1.));
#5625=DIRECTION('',(0.885935406173048,-0.463808641671321,0.));
#5626=DIRECTION('',(0.,0.,1.));
#5627=DIRECTION('',(0.678627839747181,0.198743205274428,-0.707082310256254));
#5628=DIRECTION('center_axis',(0.,0.,1.));
#5629=DIRECTION('ref_axis',(6.12323399573677E-17,1.,0.));
#5630=DIRECTION('',(-0.678669151245944,-0.198514944392375,0.707106781186549));
#5631=DIRECTION('',(0.678669151245947,-0.198514944392375,-0.707106781186546));
#5632=DIRECTION('center_axis',(0.,0.,1.));
#5633=DIRECTION('ref_axis',(6.12323399573677E-17,1.,0.));
#5634=DIRECTION('',(0.885935406173046,0.463808641671326,0.));
#5635=DIRECTION('',(-0.678627839747181,0.198743205274429,0.707082310256253));
#5636=DIRECTION('center_axis',(-0.463808641671324,0.885935406173047,0.));
#5637=DIRECTION('ref_axis',(0.,0.,1.));
#5638=DIRECTION('',(0.,0.,-1.));
#5639=DIRECTION('center_axis',(0.95555038051189,0.294827865547989,0.));
#5640=DIRECTION('ref_axis',(0.208474783011739,-0.675676153825343,-0.707106781186547));
#5641=DIRECTION('',(0.95555038051189,0.294827865547989,0.));
#5642=DIRECTION('',(-0.95555038051189,-0.294827865547989,0.));
#5643=DIRECTION('center_axis',(0.,0.,-1.));
#5644=DIRECTION('ref_axis',(-6.12323399573677E-17,-1.,0.));
#5645=DIRECTION('',(-0.95555038051189,0.294827865547989,0.));
#5646=DIRECTION('center_axis',(0.95555038051189,-0.294827865547989,0.));
#5647=DIRECTION('ref_axis',(0.208474783011739,0.675676153825343,-0.707106781186547));
#5648=DIRECTION('',(0.95555038051189,-0.294827865547989,0.));
#5649=DIRECTION('center_axis',(0.294827865547989,0.95555038051189,0.));
#5650=DIRECTION('ref_axis',(0.95555038051189,-0.294827865547989,0.));
#5651=DIRECTION('',(-0.95555038051189,0.294827865547989,0.));
#5652=DIRECTION('center_axis',(0.95555038051189,-0.294827865547989,0.));
#5653=DIRECTION('ref_axis',(-0.208474783011739,-0.675676153825342,0.707106781186548));
#5654=DIRECTION('center_axis',(-0.95555038051189,-0.294827865547989,0.));
#5655=DIRECTION('ref_axis',(0.208474783011739,-0.675676153825342,0.707106781186548));
#5656=DIRECTION('',(-0.95555038051189,-0.294827865547989,0.));
#5657=DIRECTION('center_axis',(-0.294827865547989,0.95555038051189,0.));
#5658=DIRECTION('ref_axis',(0.95555038051189,0.294827865547989,0.));
#5659=DIRECTION('center_axis',(0.,0.,-1.));
#5660=DIRECTION('ref_axis',(-1.83697019872103E-16,-1.,0.));
#5661=DIRECTION('center_axis',(-0.294827865547989,0.95555038051189,0.));
#5662=DIRECTION('ref_axis',(-0.675676153825342,-0.20847478301174,0.707106781186548));
#5663=DIRECTION('',(-0.294827865547989,0.95555038051189,0.));
#5664=DIRECTION('center_axis',(0.95555038051189,0.294827865547989,0.));
#5665=DIRECTION('ref_axis',(0.294827865547989,-0.95555038051189,0.));
#5666=DIRECTION('center_axis',(0.95555038051189,0.294827865547989,0.));
#5667=DIRECTION('ref_axis',(-0.20847478301174,0.675676153825342,0.707106781186548));
#5668=DIRECTION('',(0.95555038051189,0.294827865547989,0.));
#5669=DIRECTION('center_axis',(0.294827865547989,-0.95555038051189,0.));
#5670=DIRECTION('ref_axis',(-0.95555038051189,-0.294827865547989,0.));
#5671=DIRECTION('center_axis',(0.,0.,-1.));
#5672=DIRECTION('ref_axis',(0.,1.,0.));
#5673=DIRECTION('',(-0.0677731815549781,-0.703851401832744,0.707106781186546));
#5674=DIRECTION('center_axis',(0.,0.,1.));
#5675=DIRECTION('ref_axis',(0.,1.,0.));
#5676=DIRECTION('',(-0.0677731815549781,0.703851401832744,-0.707106781186546));
#5677=DIRECTION('center_axis',(0.,0.,-1.));
#5678=DIRECTION('ref_axis',(0.,1.,0.));
#5679=DIRECTION('center_axis',(0.995396198367179,-0.095845752520224,0.));
#5680=DIRECTION('ref_axis',(-0.095845752520224,-0.995396198367179,0.));
#5681=DIRECTION('',(0.,0.,-1.));
#5682=DIRECTION('',(0.0677731815549781,0.703851401832744,0.707106781186546));
#5683=DIRECTION('',(-0.095845752520224,-0.995396198367179,0.));
#5684=DIRECTION('',(0.,0.,1.));
#5685=DIRECTION('',(0.095845752520224,0.995396198367179,0.));
#5686=DIRECTION('center_axis',(0.,0.,-1.));
#5687=DIRECTION('ref_axis',(0.,1.,0.));
#5688=DIRECTION('',(0.,0.,1.));
#5689=DIRECTION('center_axis',(0.,0.,1.));
#5690=DIRECTION('ref_axis',(0.,1.,0.));
#5691=DIRECTION('center_axis',(0.,0.,1.));
#5692=DIRECTION('ref_axis',(0.,1.,0.));
#5693=DIRECTION('',(0.0677731815549781,-0.703851401832744,-0.707106781186546));
#5694=DIRECTION('center_axis',(0.,0.,-1.));
#5695=DIRECTION('ref_axis',(0.,1.,0.));
#5696=DIRECTION('center_axis',(0.995396198367179,0.095845752520224,0.));
#5697=DIRECTION('ref_axis',(0.095845752520224,-0.995396198367179,0.));
#5698=DIRECTION('',(0.095845752520224,-0.995396198367179,0.));
#5699=DIRECTION('',(0.,0.,-1.));
#5700=DIRECTION('',(-0.095845752520224,0.995396198367179,0.));
#5701=DIRECTION('center_axis',(0.,0.,1.));
#5702=DIRECTION('ref_axis',(1.,0.,0.));
#5703=DIRECTION('center_axis',(0.,0.,1.));
#5704=DIRECTION('ref_axis',(1.,0.,0.));
#5705=DIRECTION('center_axis',(0.,0.,-1.));
#5706=DIRECTION('ref_axis',(-1.,0.,0.));
#5707=DIRECTION('center_axis',(0.,0.,-1.));
#5708=DIRECTION('ref_axis',(1.,0.,0.));
#5709=DIRECTION('',(-0.463808641671323,-0.885935406173047,-1.22670985647136E-14));
#5710=DIRECTION('center_axis',(-0.885935406173046,0.463808641671325,0.));
#5711=DIRECTION('ref_axis',(0.,0.,1.));
#5712=DIRECTION('',(-0.463808641671325,-0.885935406173046,0.));
#5713=DIRECTION('',(0.,0.,1.));
#5714=DIRECTION('',(0.,0.,-1.));
#5715=DIRECTION('',(0.198743205274428,-0.678627839747181,-0.707082310256254));
#5716=DIRECTION('center_axis',(0.,0.,1.));
#5717=DIRECTION('ref_axis',(1.,0.,0.));
#5718=DIRECTION('',(-0.198514944392376,0.678669151245944,0.707106781186549));
#5719=DIRECTION('center_axis',(0.,0.,-1.));
#5720=DIRECTION('ref_axis',(1.,0.,0.));
#5721=DIRECTION('',(-0.198514944392376,-0.678669151245944,-0.707106781186549));
#5722=DIRECTION('center_axis',(0.,0.,1.));
#5723=DIRECTION('ref_axis',(1.,0.,0.));
#5724=DIRECTION('',(0.463808641671326,-0.885935406173046,3.0667746411784E-15));
#5725=DIRECTION('',(0.198743205274432,0.67862783974718,0.707082310256253));
#5726=DIRECTION('center_axis',(0.885935406173048,0.463808641671323,0.));
#5727=DIRECTION('ref_axis',(0.,0.,-1.));
#5728=DIRECTION('',(0.,0.,1.));
#5729=DIRECTION('',(0.463808641671323,-0.885935406173048,0.));
#5730=DIRECTION('',(0.,0.,-1.));
#5731=DIRECTION('center_axis',(0.294827865547989,-0.95555038051189,0.));
#5732=DIRECTION('ref_axis',(-0.675676153825343,-0.208474783011739,-0.707106781186547));
#5733=DIRECTION('',(0.294827865547989,-0.95555038051189,0.));
#5734=DIRECTION('',(-0.294827865547989,0.95555038051189,0.));
#5735=DIRECTION('center_axis',(0.,0.,-1.));
#5736=DIRECTION('ref_axis',(-1.,0.,0.));
#5737=DIRECTION('',(0.294827865547989,0.95555038051189,0.));
#5738=DIRECTION('center_axis',(-0.294827865547989,-0.95555038051189,0.));
#5739=DIRECTION('ref_axis',(0.675676153825343,-0.208474783011739,-0.707106781186547));
#5740=DIRECTION('',(-0.294827865547989,-0.95555038051189,0.));
#5741=DIRECTION('center_axis',(0.95555038051189,-0.294827865547989,0.));
#5742=DIRECTION('ref_axis',(-0.294827865547989,-0.95555038051189,0.));
#5743=DIRECTION('',(0.294827865547989,0.95555038051189,0.));
#5744=DIRECTION('center_axis',(-0.294827865547989,-0.95555038051189,0.));
#5745=DIRECTION('ref_axis',(-0.675676153825343,0.208474783011739,0.707106781186547));
#5746=DIRECTION('center_axis',(0.,0.,-1.));
#5747=DIRECTION('ref_axis',(1.,0.,0.));
#5748=DIRECTION('center_axis',(0.294827865547989,-0.95555038051189,0.));
#5749=DIRECTION('ref_axis',(0.675676153825343,0.208474783011739,0.707106781186547));
#5750=DIRECTION('',(0.294827865547989,-0.95555038051189,0.));
#5751=DIRECTION('center_axis',(-0.95555038051189,-0.294827865547989,0.));
#5752=DIRECTION('ref_axis',(-0.294827865547989,0.95555038051189,0.));
#5753=DIRECTION('center_axis',(0.,0.,-1.));
#5754=DIRECTION('ref_axis',(1.,0.,0.));
#5755=DIRECTION('center_axis',(0.,0.,-1.));
#5756=DIRECTION('ref_axis',(1.,0.,0.));
#5757=DIRECTION('',(-0.707106781186548,-8.65956056235493E-17,-0.707106781186548));
#5758=DIRECTION('center_axis',(0.,0.,1.));
#5759=DIRECTION('ref_axis',(1.,0.,0.));
#5760=DIRECTION('center_axis',(0.,0.,1.));
#5761=DIRECTION('ref_axis',(1.,0.,0.));
#5762=DIRECTION('center_axis',(0.,0.,1.));
#5763=DIRECTION('ref_axis',(1.,0.,0.));
#5764=DIRECTION('',(0.707106781186548,8.65956056235494E-17,-0.707106781186548));
#5765=DIRECTION('center_axis',(0.,0.,-1.));
#5766=DIRECTION('ref_axis',(1.,0.,0.));
#5767=DIRECTION('center_axis',(0.,0.,1.));
#5768=DIRECTION('ref_axis',(1.,0.,0.));
#5769=DIRECTION('',(0.,0.,-1.));
#5770=DIRECTION('center_axis',(0.,0.,1.));
#5771=DIRECTION('ref_axis',(1.,0.,0.));
#5772=DIRECTION('center_axis',(0.,0.,1.));
#5773=DIRECTION('ref_axis',(1.,0.,0.));
#5774=DIRECTION('',(0.707106781186547,8.65956056235493E-17,-0.707106781186547));
#5775=DIRECTION('center_axis',(0.,0.,-1.));
#5776=DIRECTION('ref_axis',(1.,0.,0.));
#5777=DIRECTION('center_axis',(0.,0.,1.));
#5778=DIRECTION('ref_axis',(1.,0.,0.));
#5779=DIRECTION('center_axis',(0.,0.,-1.));
#5780=DIRECTION('ref_axis',(1.,0.,0.));
#5781=DIRECTION('center_axis',(0.,0.,1.));
#5782=DIRECTION('ref_axis',(-0.35760727665034,-0.933872066016929,0.));
#5783=DIRECTION('center_axis',(0.,0.,1.));
#5784=DIRECTION('ref_axis',(1.,0.,0.));
#5785=DIRECTION('center_axis',(0.,0.,1.));
#5786=DIRECTION('ref_axis',(-0.80224663253354,-0.596992747517585,0.));
#5787=DIRECTION('center_axis',(0.,0.,1.));
#5788=DIRECTION('ref_axis',(1.,0.,0.));
#5789=DIRECTION('',(0.,0.,-1.));
#5790=DIRECTION('center_axis',(-7.88860905221012E-31,-3.94430452610506E-31,
1.));
#5791=DIRECTION('ref_axis',(1.,0.,0.));
#5792=DIRECTION('center_axis',(0.,0.,1.));
#5793=DIRECTION('ref_axis',(1.,0.,0.));
#5794=DIRECTION('center_axis',(0.,0.,1.));
#5795=DIRECTION('ref_axis',(1.,0.,0.));
#5796=DIRECTION('',(0.707106781186547,8.65956056235493E-17,-0.707106781186548));
#5797=DIRECTION('center_axis',(0.,0.,-1.));
#5798=DIRECTION('ref_axis',(1.,0.,0.));
#5799=DIRECTION('center_axis',(0.,0.,1.));
#5800=DIRECTION('ref_axis',(1.,0.,0.));
#5801=DIRECTION('center_axis',(0.,0.,1.));
#5802=DIRECTION('ref_axis',(1.,0.,0.));
#5803=DIRECTION('',(-0.133366301983885,0.991066813840088,0.));
#5804=DIRECTION('center_axis',(0.,0.,1.));
#5805=DIRECTION('ref_axis',(1.,0.,0.));
#5806=DIRECTION('',(-0.133806903615956,-0.991007423052275,0.));
#5807=DIRECTION('center_axis',(0.,0.,1.));
#5808=DIRECTION('ref_axis',(1.,0.,0.));
#5809=DIRECTION('',(0.,0.,-1.));
#5810=DIRECTION('center_axis',(-7.88860905221012E-31,-3.94430452610506E-31,
1.));
#5811=DIRECTION('ref_axis',(1.,0.,0.));
#5812=DIRECTION('center_axis',(0.,0.,1.));
#5813=DIRECTION('ref_axis',(1.,0.,0.));
#5814=DIRECTION('center_axis',(0.,0.,1.));
#5815=DIRECTION('ref_axis',(1.,0.,0.));
#5816=DIRECTION('',(0.707106781186547,8.65956056235493E-17,-0.707106781186547));
#5817=DIRECTION('center_axis',(0.,0.,-1.));
#5818=DIRECTION('ref_axis',(1.,0.,0.));
#5819=DIRECTION('center_axis',(0.,0.,1.));
#5820=DIRECTION('ref_axis',(1.,0.,0.));
#5821=DIRECTION('center_axis',(0.,0.,-1.));
#5822=DIRECTION('ref_axis',(1.,0.,0.));
#5823=DIRECTION('center_axis',(0.,0.,1.));
#5824=DIRECTION('ref_axis',(0.802296973115884,-0.596925093231211,0.));
#5825=DIRECTION('center_axis',(0.,0.,1.));
#5826=DIRECTION('ref_axis',(1.,0.,0.));
#5827=DIRECTION('center_axis',(0.,0.,1.));
#5828=DIRECTION('ref_axis',(0.35795098714098,-0.933740376552711,0.));
#5829=DIRECTION('center_axis',(0.,0.,1.));
#5830=DIRECTION('ref_axis',(1.,0.,0.));
#5831=DIRECTION('',(0.,0.,-1.));
#5832=DIRECTION('center_axis',(-7.88860905221012E-31,-3.94430452610506E-31,
1.));
#5833=DIRECTION('ref_axis',(1.,0.,0.));
#5834=DIRECTION('center_axis',(0.,0.,1.));
#5835=DIRECTION('ref_axis',(-0.282298768810582,0.959326537279163,0.));
#5836=DIRECTION('center_axis',(0.,0.,1.));
#5837=DIRECTION('ref_axis',(-0.282298768810582,0.959326537279163,0.));
#5838=DIRECTION('',(0.,0.,-1.));
#5839=DIRECTION('center_axis',(0.,0.,1.));
#5840=DIRECTION('ref_axis',(-0.282298768810582,0.959326537279163,0.));
#5841=DIRECTION('',(0.,0.,-1.));
#5842=DIRECTION('center_axis',(0.,0.,1.));
#5843=DIRECTION('ref_axis',(1.,0.,0.));
#5844=DIRECTION('center_axis',(0.,0.,1.));
#5845=DIRECTION('ref_axis',(1.,0.,0.));
#5846=DIRECTION('center_axis',(0.,0.,1.));
#5847=DIRECTION('ref_axis',(-0.80224663253354,-0.596992747517585,0.));
#5848=DIRECTION('center_axis',(0.,0.,-1.));
#5849=DIRECTION('ref_axis',(1.,0.,0.));
#5850=DIRECTION('center_axis',(0.,0.,1.));
#5851=DIRECTION('ref_axis',(-0.35760727665034,-0.933872066016929,0.));
#5852=DIRECTION('center_axis',(0.,0.,1.));
#5853=DIRECTION('ref_axis',(1.,0.,0.));
#5854=DIRECTION('center_axis',(0.,0.,1.));
#5855=DIRECTION('ref_axis',(0.35795098714098,-0.933740376552711,0.));
#5856=DIRECTION('center_axis',(0.,0.,-1.));
#5857=DIRECTION('ref_axis',(1.,0.,0.));
#5858=DIRECTION('center_axis',(0.,0.,1.));
#5859=DIRECTION('ref_axis',(0.802296973115884,-0.596925093231211,0.));
#5860=DIRECTION('center_axis',(0.,0.,1.));
#5861=DIRECTION('ref_axis',(1.,0.,0.));
#5862=DIRECTION('center_axis',(0.,0.,1.));
#5863=DIRECTION('ref_axis',(0.282725244425949,0.959200936282011,0.));
#5864=DIRECTION('center_axis',(0.,0.,-1.));
#5865=DIRECTION('ref_axis',(1.,0.,0.));
#5866=DIRECTION('',(1.,-1.85095191646548E-29,0.));
#5867=DIRECTION('',(4.55635778122422E-31,-1.,0.));
#5868=DIRECTION('',(-1.,1.85095191646548E-29,0.));
#5869=DIRECTION('',(-1.00929365875015E-16,1.,0.));
#5870=DIRECTION('center_axis',(0.,0.,1.));
#5871=DIRECTION('ref_axis',(-0.000222293196583378,-0.999999975292867,0.));
#5872=DIRECTION('center_axis',(0.,0.,1.));
#5873=DIRECTION('ref_axis',(1.,0.,0.));
#5874=DIRECTION('',(0.,0.,1.));
#5875=DIRECTION('center_axis',(0.,0.,-1.));
#5876=DIRECTION('ref_axis',(1.,0.,0.));
#5877=DIRECTION('',(0.,0.,-1.));
#5878=DIRECTION('center_axis',(0.,0.,1.));
#5879=DIRECTION('ref_axis',(1.,0.,0.));
#5880=DIRECTION('',(0.,0.,1.));
#5881=DIRECTION('center_axis',(0.,0.,1.));
#5882=DIRECTION('ref_axis',(1.,0.,0.));
#5883=DIRECTION('',(0.,0.,1.));
#5884=DIRECTION('center_axis',(0.,0.,-1.));
#5885=DIRECTION('ref_axis',(1.,0.,0.));
#5886=DIRECTION('',(0.,0.,-1.));
#5887=DIRECTION('center_axis',(0.,0.,1.));
#5888=DIRECTION('ref_axis',(1.,0.,0.));
#5889=DIRECTION('',(0.,0.,1.));
#5890=DIRECTION('center_axis',(0.,0.,-1.));
#5891=DIRECTION('ref_axis',(1.,0.,0.));
#5892=DIRECTION('',(0.,0.,-1.));
#5893=DIRECTION('center_axis',(0.,0.,1.));
#5894=DIRECTION('ref_axis',(1.,0.,0.));
#5895=DIRECTION('',(0.,0.,1.));
#5896=DIRECTION('center_axis',(0.,0.,-1.));
#5897=DIRECTION('ref_axis',(1.,0.,0.));
#5898=DIRECTION('',(0.,0.,-1.));
#5899=DIRECTION('center_axis',(0.,0.,1.));
#5900=DIRECTION('ref_axis',(1.,0.,0.));
#5901=DIRECTION('',(0.,0.,1.));
#5902=DIRECTION('',(0.,0.,-1.));
#5903=DIRECTION('',(0.,0.,1.));
#5904=DIRECTION('',(0.,0.,-1.));
#5905=DIRECTION('',(0.,0.,1.));
#5906=DIRECTION('center_axis',(0.,8.86520737737386E-17,1.));
#5907=DIRECTION('ref_axis',(1.,0.,0.));
#5908=DIRECTION('',(0.,0.,1.));
#5909=DIRECTION('center_axis',(0.,0.,-1.));
#5910=DIRECTION('ref_axis',(1.,0.,0.));
#5911=DIRECTION('',(0.,0.,-1.));
#5912=DIRECTION('center_axis',(0.,0.,-1.));
#5913=DIRECTION('ref_axis',(0.282725244425949,0.959200936282011,0.));
#5914=DIRECTION('center_axis',(0.,0.,1.));
#5915=DIRECTION('ref_axis',(0.282725244425949,0.959200936282011,0.));
#5916=DIRECTION('',(0.,0.,1.));
#5917=DIRECTION('center_axis',(0.991007423052275,-0.133806903615956,0.));
#5918=DIRECTION('ref_axis',(0.133806903615956,0.991007423052275,0.));
#5919=DIRECTION('',(0.133806903615956,0.991007423052275,0.));
#5920=DIRECTION('',(0.,0.,1.));
#5921=DIRECTION('',(0.,0.,1.));
#5922=DIRECTION('center_axis',(0.,0.,-1.));
#5923=DIRECTION('ref_axis',(0.35795098714098,-0.933740376552711,0.));
#5924=DIRECTION('',(0.,0.,1.));
#5925=DIRECTION('center_axis',(0.,0.,1.));
#5926=DIRECTION('ref_axis',(-0.35760727665034,-0.933872066016929,0.));
#5927=DIRECTION('',(0.,0.,-1.));
#5928=DIRECTION('center_axis',(0.,0.,1.));
#5929=DIRECTION('ref_axis',(0.802296973115884,-0.596925093231211,0.));
#5930=DIRECTION('',(0.,0.,-1.));
#5931=DIRECTION('center_axis',(0.,0.,-1.));
#5932=DIRECTION('ref_axis',(-0.80224663253354,-0.596992747517585,0.));
#5933=DIRECTION('',(0.,0.,1.));
#5934=DIRECTION('center_axis',(0.,0.,1.));
#5935=DIRECTION('ref_axis',(1.,0.,0.));
#5936=DIRECTION('center_axis',(0.,0.,1.));
#5937=DIRECTION('ref_axis',(1.,0.,0.));
#5938=DIRECTION('center_axis',(0.,0.,1.));
#5939=DIRECTION('ref_axis',(1.,0.,0.));
#5940=DIRECTION('',(0.,0.,1.));
#5941=DIRECTION('center_axis',(0.,0.,1.));
#5942=DIRECTION('ref_axis',(-0.604073642934722,0.796928499874094,0.));
#5943=DIRECTION('center_axis',(-0.991066813840088,-0.133366301983885,0.));
#5944=DIRECTION('ref_axis',(0.133366301983885,-0.991066813840088,0.));
#5945=DIRECTION('',(0.133366301983885,-0.991066813840088,0.));
#5946=DIRECTION('',(0.,0.,-1.));
#5947=DIRECTION('center_axis',(0.,0.,1.));
#5948=DIRECTION('ref_axis',(-0.000222293198544231,-0.999999975292867,0.));
#5949=DIRECTION('center_axis',(0.,0.,1.));
#5950=DIRECTION('ref_axis',(-1.22464679914735E-16,-1.,0.));
#5951=DIRECTION('',(-0.0616284167162194,0.70441602640276,-0.707106781186546));
#5952=DIRECTION('center_axis',(0.,0.,-1.));
#5953=DIRECTION('ref_axis',(-1.22464679914735E-16,-1.,0.));
#5954=DIRECTION('',(-0.0616284167162196,-0.70441602640276,0.707106781186546));
#5955=DIRECTION('center_axis',(0.,0.,1.));
#5956=DIRECTION('ref_axis',(-1.22464679914735E-16,-1.,0.));
#5957=DIRECTION('center_axis',(0.,0.,-1.));
#5958=DIRECTION('ref_axis',(-1.22464679914735E-16,-1.,0.));
#5959=DIRECTION('center_axis',(0.,0.,1.));
#5960=DIRECTION('ref_axis',(-1.22464679914735E-16,-1.,0.));
#5961=DIRECTION('',(0.,0.,-1.));
#5962=DIRECTION('',(0.,0.,1.));
#5963=DIRECTION('center_axis',(0.,0.,-1.));
#5964=DIRECTION('ref_axis',(-1.22464679914735E-16,-1.,0.));
#5965=DIRECTION('',(0.0616284167162196,0.70441602640276,0.707106781186546));
#5966=DIRECTION('',(0.0616284167162194,-0.70441602640276,-0.707106781186546));
#5967=DIRECTION('center_axis',(0.,0.,-1.));
#5968=DIRECTION('ref_axis',(-1.22464679914735E-16,-1.,0.));
#5969=DIRECTION('center_axis',(0.,0.,1.));
#5970=DIRECTION('ref_axis',(1.,-1.83697019872103E-16,0.));
#5971=DIRECTION('',(-0.70441602640276,-0.0616284167162194,-0.707106781186546));
#5972=DIRECTION('center_axis',(0.,0.,-1.));
#5973=DIRECTION('ref_axis',(1.,-1.83697019872103E-16,0.));
#5974=DIRECTION('',(0.70441602640276,-0.0616284167162196,0.707106781186546));
#5975=DIRECTION('center_axis',(0.,0.,1.));
#5976=DIRECTION('ref_axis',(1.,-1.83697019872103E-16,0.));
#5977=DIRECTION('center_axis',(0.,0.,-1.));
#5978=DIRECTION('ref_axis',(1.,-1.83697019872103E-16,0.));
#5979=DIRECTION('center_axis',(0.,0.,1.));
#5980=DIRECTION('ref_axis',(1.,-1.83697019872103E-16,0.));
#5981=DIRECTION('',(0.,0.,-1.));
#5982=DIRECTION('',(0.,0.,1.));
#5983=DIRECTION('center_axis',(0.,0.,-1.));
#5984=DIRECTION('ref_axis',(1.,-1.83697019872103E-16,0.));
#5985=DIRECTION('',(-0.70441602640276,0.0616284167162196,0.707106781186546));
#5986=DIRECTION('',(0.70441602640276,0.0616284167162194,-0.707106781186546));
#5987=DIRECTION('center_axis',(0.,0.,-1.));
#5988=DIRECTION('ref_axis',(1.,-1.83697019872103E-16,0.));
#5989=DIRECTION('center_axis',(0.,0.,1.));
#5990=DIRECTION('ref_axis',(0.,1.,0.));
#5991=DIRECTION('',(0.0616284167162195,-0.70441602640276,-0.707106781186546));
#5992=DIRECTION('center_axis',(0.,0.,-1.));
#5993=DIRECTION('ref_axis',(0.,1.,0.));
#5994=DIRECTION('',(0.0616284167162195,0.70441602640276,0.707106781186546));
#5995=DIRECTION('center_axis',(0.,0.,1.));
#5996=DIRECTION('ref_axis',(0.,1.,0.));
#5997=DIRECTION('center_axis',(0.,0.,-1.));
#5998=DIRECTION('ref_axis',(0.,1.,0.));
#5999=DIRECTION('center_axis',(0.,0.,1.));
#6000=DIRECTION('ref_axis',(0.,1.,0.));
#6001=DIRECTION('',(0.,0.,-1.));
#6002=DIRECTION('',(0.,0.,1.));
#6003=DIRECTION('center_axis',(0.,0.,-1.));
#6004=DIRECTION('ref_axis',(0.,1.,0.));
#6005=DIRECTION('',(-0.0616284167162195,-0.70441602640276,0.707106781186546));
#6006=DIRECTION('',(-0.0616284167162195,0.70441602640276,-0.707106781186546));
#6007=DIRECTION('center_axis',(0.,0.,-1.));
#6008=DIRECTION('ref_axis',(0.,1.,0.));
#6009=DIRECTION('center_axis',(0.,0.,1.));
#6010=DIRECTION('ref_axis',(-1.,6.12323399573677E-17,0.));
#6011=DIRECTION('',(0.70441602640276,0.0616284167162195,-0.707106781186546));
#6012=DIRECTION('center_axis',(0.,0.,-1.));
#6013=DIRECTION('ref_axis',(-1.,6.12323399573677E-17,0.));
#6014=DIRECTION('',(-0.70441602640276,0.0616284167162195,0.707106781186546));
#6015=DIRECTION('center_axis',(0.,0.,1.));
#6016=DIRECTION('ref_axis',(-1.,6.12323399573677E-17,0.));
#6017=DIRECTION('center_axis',(0.,0.,-1.));
#6018=DIRECTION('ref_axis',(-1.,6.12323399573677E-17,0.));
#6019=DIRECTION('center_axis',(0.,0.,1.));
#6020=DIRECTION('ref_axis',(-1.,6.12323399573677E-17,0.));
#6021=DIRECTION('',(0.,0.,-1.));
#6022=DIRECTION('',(0.,0.,1.));
#6023=DIRECTION('center_axis',(0.,0.,-1.));
#6024=DIRECTION('ref_axis',(-1.,6.12323399573677E-17,0.));
#6025=DIRECTION('',(0.70441602640276,-0.0616284167162195,0.707106781186546));
#6026=DIRECTION('',(-0.70441602640276,-0.0616284167162195,-0.707106781186546));
#6027=DIRECTION('center_axis',(0.,0.,-1.));
#6028=DIRECTION('ref_axis',(-1.,6.12323399573677E-17,0.));
#6029=DIRECTION('center_axis',(0.,0.,-1.));
#6030=DIRECTION('ref_axis',(1.,-1.22464679914735E-16,0.));
#6031=DIRECTION('',(-0.0871557427476581,0.996194698091746,0.));
#6032=DIRECTION('center_axis',(0.,0.,1.));
#6033=DIRECTION('ref_axis',(-1.,1.22464679914735E-16,0.));
#6034=DIRECTION('',(-0.0871557427476583,-0.996194698091746,0.));
#6035=DIRECTION('center_axis',(-0.996194698091746,0.0871557427476583,0.));
#6036=DIRECTION('ref_axis',(0.0871557427476583,0.996194698091746,0.));
#6037=DIRECTION('',(0.,0.,-1.));
#6038=DIRECTION('',(0.0871557427476583,0.996194698091746,0.));
#6039=DIRECTION('center_axis',(0.,0.,1.));
#6040=DIRECTION('ref_axis',(-1.,1.22464679914735E-16,0.));
#6041=DIRECTION('center_axis',(0.,0.,-1.));
#6042=DIRECTION('ref_axis',(-1.,1.22464679914735E-16,0.));
#6043=DIRECTION('',(0.0871557427476581,-0.996194698091746,0.));
#6044=DIRECTION('center_axis',(-0.996194698091746,-0.0871557427476581,0.));
#6045=DIRECTION('ref_axis',(-0.0871557427476581,0.996194698091746,0.));
#6046=DIRECTION('',(0.,0.,1.));
#6047=DIRECTION('center_axis',(0.,0.,-1.));
#6048=DIRECTION('ref_axis',(1.83697019872103E-16,1.,0.));
#6049=DIRECTION('',(-0.996194698091746,-0.087155742747658,0.));
#6050=DIRECTION('center_axis',(0.,0.,1.));
#6051=DIRECTION('ref_axis',(-1.,1.22464679914735E-16,0.));
#6052=DIRECTION('',(0.996194698091746,-0.0871557427476584,0.));
#6053=DIRECTION('center_axis',(-0.0871557427476584,-0.996194698091746,0.));
#6054=DIRECTION('ref_axis',(-0.996194698091746,0.0871557427476584,0.));
#6055=DIRECTION('',(0.,0.,-1.));
#6056=DIRECTION('',(-0.996194698091746,0.0871557427476584,0.));
#6057=DIRECTION('center_axis',(0.,0.,1.));
#6058=DIRECTION('ref_axis',(-1.83697019872103E-16,-1.,0.));
#6059=DIRECTION('center_axis',(0.,0.,-1.));
#6060=DIRECTION('ref_axis',(-1.,1.22464679914735E-16,0.));
#6061=DIRECTION('',(0.996194698091746,0.087155742747658,0.));
#6062=DIRECTION('center_axis',(0.087155742747658,-0.996194698091746,0.));
#6063=DIRECTION('ref_axis',(-0.996194698091746,-0.087155742747658,0.));
#6064=DIRECTION('',(0.,0.,1.));
#6065=DIRECTION('center_axis',(0.,0.,-1.));
#6066=DIRECTION('ref_axis',(-1.,0.,0.));
#6067=DIRECTION('',(0.0871557427476582,-0.996194698091746,0.));
#6068=DIRECTION('center_axis',(0.,0.,1.));
#6069=DIRECTION('ref_axis',(-1.,1.22464679914735E-16,0.));
#6070=DIRECTION('',(0.0871557427476582,0.996194698091746,0.));
#6071=DIRECTION('center_axis',(0.996194698091746,-0.0871557427476582,0.));
#6072=DIRECTION('ref_axis',(-0.0871557427476582,-0.996194698091746,0.));
#6073=DIRECTION('',(0.,0.,-1.));
#6074=DIRECTION('',(-0.0871557427476582,-0.996194698091746,0.));
#6075=DIRECTION('center_axis',(0.,0.,1.));
#6076=DIRECTION('ref_axis',(1.,0.,0.));
#6077=DIRECTION('center_axis',(0.,0.,-1.));
#6078=DIRECTION('ref_axis',(-1.,1.22464679914735E-16,0.));
#6079=DIRECTION('',(-0.0871557427476582,0.996194698091746,0.));
#6080=DIRECTION('center_axis',(0.996194698091746,0.0871557427476582,0.));
#6081=DIRECTION('ref_axis',(0.0871557427476582,-0.996194698091746,0.));
#6082=DIRECTION('',(0.,0.,1.));
#6083=DIRECTION('center_axis',(0.,0.,-1.));
#6084=DIRECTION('ref_axis',(-6.12323399573677E-17,-1.,0.));
#6085=DIRECTION('',(0.996194698091746,0.0871557427476581,0.));
#6086=DIRECTION('center_axis',(0.,0.,1.));
#6087=DIRECTION('ref_axis',(-1.,1.22464679914735E-16,0.));
#6088=DIRECTION('',(-0.996194698091746,0.0871557427476582,0.));
#6089=DIRECTION('center_axis',(0.0871557427476582,0.996194698091746,0.));
#6090=DIRECTION('ref_axis',(0.996194698091746,-0.0871557427476582,0.));
#6091=DIRECTION('',(0.,0.,-1.));
#6092=DIRECTION('',(0.996194698091746,-0.0871557427476582,0.));
#6093=DIRECTION('center_axis',(0.,0.,1.));
#6094=DIRECTION('ref_axis',(6.12323399573677E-17,1.,0.));
#6095=DIRECTION('center_axis',(0.,0.,-1.));
#6096=DIRECTION('ref_axis',(-1.,1.22464679914735E-16,0.));
#6097=DIRECTION('',(-0.996194698091746,-0.0871557427476581,0.));
#6098=DIRECTION('center_axis',(-0.0871557427476581,0.996194698091746,0.));
#6099=DIRECTION('ref_axis',(0.996194698091746,0.0871557427476581,0.));
#6100=DIRECTION('',(0.,0.,1.));
#6101=DIRECTION('center_axis',(0.,0.,1.));
#6102=DIRECTION('ref_axis',(1.,0.,0.));
#6103=DIRECTION('center_axis',(7.88860905221012E-31,3.94430452610506E-31,
-1.));
#6104=DIRECTION('ref_axis',(1.,0.,0.));
#6105=DIRECTION('',(0.,0.,-1.));
#6106=DIRECTION('center_axis',(0.,0.,-1.));
#6107=DIRECTION('ref_axis',(1.,0.,0.));
#6108=DIRECTION('center_axis',(0.,0.,1.));
#6109=DIRECTION('ref_axis',(1.,0.,0.));
#6110=DIRECTION('center_axis',(7.88860905221012E-31,3.94430452610506E-31,
-1.));
#6111=DIRECTION('ref_axis',(1.,0.,0.));
#6112=DIRECTION('',(0.,0.,-1.));
#6113=DIRECTION('center_axis',(0.,0.,-1.));
#6114=DIRECTION('ref_axis',(1.,0.,0.));
#6115=DIRECTION('center_axis',(0.,0.,1.));
#6116=DIRECTION('ref_axis',(1.,0.,0.));
#6117=DIRECTION('center_axis',(0.,0.,1.));
#6118=DIRECTION('ref_axis',(-1.,0.,0.));
#6119=DIRECTION('',(0.,-1.,0.));
#6120=DIRECTION('center_axis',(0.,0.,-1.));
#6121=DIRECTION('ref_axis',(1.,0.,0.));
#6122=DIRECTION('center_axis',(0.,0.,1.));
#6123=DIRECTION('ref_axis',(1.,0.,0.));
#6124=DIRECTION('center_axis',(0.,0.,1.));
#6125=DIRECTION('ref_axis',(-1.,0.,0.));
#6126=DIRECTION('center_axis',(0.,0.,-1.));
#6127=DIRECTION('ref_axis',(-1.,0.,0.));
#6128=DIRECTION('center_axis',(0.,0.,-1.));
#6129=DIRECTION('ref_axis',(-1.,0.,0.));
#6130=DIRECTION('center_axis',(0.,0.,-1.));
#6131=DIRECTION('ref_axis',(-1.,1.22464679914735E-16,0.));
#6132=DIRECTION('center_axis',(0.,0.,1.));
#6133=DIRECTION('ref_axis',(-1.,1.22464679914735E-16,0.));
#6134=DIRECTION('',(0.,0.,1.));
#6135=DIRECTION('center_axis',(0.,0.,1.));
#6136=DIRECTION('ref_axis',(-1.,1.22464679914735E-16,0.));
#6137=DIRECTION('',(0.,0.,-1.));
#6138=DIRECTION('center_axis',(0.,0.,-1.));
#6139=DIRECTION('ref_axis',(1.,-8.88178419700125E-16,0.));
#6140=DIRECTION('center_axis',(0.,0.,1.));
#6141=DIRECTION('ref_axis',(-1.,1.22464679914735E-16,0.));
#6142=DIRECTION('',(0.,0.,1.));
#6143=DIRECTION('center_axis',(0.,0.,1.));
#6144=DIRECTION('ref_axis',(1.,-1.22464679914735E-16,0.));
#6145=DIRECTION('',(0.,0.,-1.));
#6146=DIRECTION('center_axis',(0.,0.,-1.));
#6147=DIRECTION('ref_axis',(-1.,1.22464679914735E-16,0.));
#6148=DIRECTION('center_axis',(0.,0.,1.));
#6149=DIRECTION('ref_axis',(-1.,1.22464679914735E-16,0.));
#6150=DIRECTION('',(0.,0.,1.));
#6151=DIRECTION('center_axis',(0.,0.,1.));
#6152=DIRECTION('ref_axis',(-1.,1.22464679914735E-16,0.));
#6153=DIRECTION('',(0.,0.,-1.));
#6154=DIRECTION('center_axis',(0.,0.,-1.));
#6155=DIRECTION('ref_axis',(-1.,1.22464679914735E-16,0.));
#6156=DIRECTION('center_axis',(0.,0.,1.));
#6157=DIRECTION('ref_axis',(-1.,1.22464679914735E-16,0.));
#6158=DIRECTION('',(0.,0.,1.));
#6159=DIRECTION('center_axis',(0.,0.,1.));
#6160=DIRECTION('ref_axis',(-1.,1.22464679914735E-16,0.));
#6161=DIRECTION('',(0.,0.,-1.));
#6162=DIRECTION('',(0.8868247216553,-0.462105954366527,0.));
#6163=DIRECTION('center_axis',(0.,0.,-1.));
#6164=DIRECTION('ref_axis',(0.,-1.,0.));
#6165=DIRECTION('',(0.474790715565988,0.156760251378783,0.866025403784438));
#6166=DIRECTION('center_axis',(0.,0.,1.));
#6167=DIRECTION('ref_axis',(1.,0.,0.));
#6168=DIRECTION('center_axis',(7.88860905221012E-31,3.94430452610506E-31,
-1.));
#6169=DIRECTION('ref_axis',(-1.,0.,-7.88860905221012E-31));
#6170=DIRECTION('center_axis',(7.88860905221012E-31,3.94430452610506E-31,
-1.));
#6171=DIRECTION('ref_axis',(-1.,0.,-7.88860905221012E-31));
#6172=DIRECTION('center_axis',(-6.01321826716908E-15,3.18495230189467E-15,
-1.));
#6173=DIRECTION('ref_axis',(1.,1.75873904917086E-44,-6.01321826716908E-15));
#6174=DIRECTION('',(-1.91518133618152E-29,-1.,-3.18495230189467E-15));
#6175=DIRECTION('',(1.,1.75873904917086E-44,-6.01321826716908E-15));
#6176=DIRECTION('',(-1.00929365874996E-16,1.,3.18495230189467E-15));
#6177=DIRECTION('',(-1.,-2.00998748476669E-44,6.01321826716908E-15));
#6178=DIRECTION('center_axis',(0.,0.,1.));
#6179=DIRECTION('ref_axis',(1.,0.,0.));
#6180=DIRECTION('center_axis',(7.88860905221012E-31,3.94430452610506E-31,
-1.));
#6181=DIRECTION('ref_axis',(1.,0.,0.));
#6182=DIRECTION('',(0.,0.,-1.));
#6183=DIRECTION('center_axis',(-1.,0.,0.));
#6184=DIRECTION('ref_axis',(0.,0.,1.));
#6185=DIRECTION('',(0.,0.,-1.));
#6186=DIRECTION('',(0.,0.,1.));
#6187=DIRECTION('',(0.,-1.,8.86520737737386E-17));
#6188=DIRECTION('center_axis',(-1.,0.,0.));
#6189=DIRECTION('ref_axis',(0.,-1.,-3.0625416973123E-16));
#6190=DIRECTION('',(0.,9.55324233775901E-16,1.));
#6191=DIRECTION('center_axis',(-1.,0.,0.));
#6192=DIRECTION('ref_axis',(0.,0.,1.));
#6193=DIRECTION('',(0.,1.,0.));
#6194=DIRECTION('center_axis',(-1.,0.,0.));
#6195=DIRECTION('ref_axis',(0.,1.,-6.12508339462461E-16));
#6196=DIRECTION('',(0.,-9.55324233775902E-16,-1.));
#6197=DIRECTION('center_axis',(-1.,0.,0.));
#6198=DIRECTION('ref_axis',(0.,6.12508339462461E-16,-1.));
#6199=DIRECTION('center_axis',(-0.313520502757565,0.949581431131972,0.));
#6200=DIRECTION('ref_axis',(0.949581431131972,0.313520502757565,0.));
#6201=DIRECTION('',(0.474790715565988,0.156760251378783,-0.866025403784438));
#6202=DIRECTION('',(0.949581431131972,0.313520502757565,0.));
#6203=DIRECTION('',(0.,0.,1.));
#6204=DIRECTION('',(0.949581431131972,0.313520502757565,0.));
#6205=DIRECTION('',(0.,0.,-1.));
#6206=DIRECTION('center_axis',(0.462105954366528,0.8868247216553,0.));
#6207=DIRECTION('ref_axis',(0.,0.,1.));
#6208=DIRECTION('',(0.8868247216553,-0.462105954366528,0.));
#6209=DIRECTION('',(0.,0.,-1.));
#6210=DIRECTION('',(0.886824721655297,-0.462105954366534,3.22548563060272E-15));
#6211=DIRECTION('',(-0.677947792815285,-0.201012716528562,0.707093118344883));
#6212=DIRECTION('',(0.677982188092141,0.200848581348705,-0.707106781186551));
#6213=DIRECTION('center_axis',(0.,0.,1.));
#6214=DIRECTION('ref_axis',(-1.,1.22464679914735E-16,0.));
#6215=DIRECTION('',(-0.677982188092145,0.200848581348702,0.707106781186549));
#6216=DIRECTION('center_axis',(0.,0.,-1.));
#6217=DIRECTION('ref_axis',(-1.,1.22464679914735E-16,0.));
#6218=DIRECTION('',(0.677947792815282,-0.201012716528561,-0.707093118344887));
#6219=DIRECTION('',(0.886824721655299,0.46210595436653,0.));
#6220=DIRECTION('center_axis',(0.46210595436653,-0.886824721655299,0.));
#6221=DIRECTION('ref_axis',(0.,0.,-1.));
#6222=DIRECTION('',(0.,0.,1.));
#6223=DIRECTION('',(0.886824721655299,0.462105954366531,-1.29019425224108E-14));
#6224=DIRECTION('',(-0.462105954366528,-0.8868247216553,0.));
#6225=DIRECTION('center_axis',(0.,0.,-1.));
#6226=DIRECTION('ref_axis',(0.,-1.,0.));
#6227=DIRECTION('center_axis',(0.,0.,1.));
#6228=DIRECTION('ref_axis',(1.,0.,0.));
#6229=DIRECTION('center_axis',(0.,0.,1.));
#6230=DIRECTION('ref_axis',(0.,-1.,0.));
#6231=DIRECTION('center_axis',(0.8868247216553,-0.462105954366528,0.));
#6232=DIRECTION('ref_axis',(0.,0.,-1.));
#6233=DIRECTION('',(0.,0.,-1.));
#6234=DIRECTION('',(-0.462105954366531,-0.886824721655299,3.2254856306027E-15));
#6235=DIRECTION('',(-0.201012716528561,0.677947792815282,0.707093118344887));
#6236=DIRECTION('',(0.200848581348701,-0.677982188092141,-0.707106781186552));
#6237=DIRECTION('center_axis',(0.,0.,1.));
#6238=DIRECTION('ref_axis',(-1.,1.22464679914735E-16,0.));
#6239=DIRECTION('',(0.200848581348701,0.677982188092145,0.707106781186549));
#6240=DIRECTION('center_axis',(0.,0.,-1.));
#6241=DIRECTION('ref_axis',(-1.,1.22464679914735E-16,0.));
#6242=DIRECTION('',(-0.201012716528558,-0.677947792815282,-0.707093118344887));
#6243=DIRECTION('',(0.462105954366524,-0.886824721655302,0.));
#6244=DIRECTION('center_axis',(-0.886824721655302,-0.462105954366524,0.));
#6245=DIRECTION('ref_axis',(0.,0.,1.));
#6246=DIRECTION('',(0.,0.,1.));
#6247=DIRECTION('',(0.462105954366529,-0.8868247216553,-2.25783994142191E-14));
#6248=DIRECTION('',(-0.8868247216553,0.462105954366528,0.));
#6249=DIRECTION('center_axis',(0.,0.,-1.));
#6250=DIRECTION('ref_axis',(0.,-1.,0.));
#6251=DIRECTION('center_axis',(0.,0.,1.));
#6252=DIRECTION('ref_axis',(0.,-1.,0.));
#6253=DIRECTION('center_axis',(0.,0.,1.));
#6254=DIRECTION('ref_axis',(1.,0.,0.));
#6255=DIRECTION('center_axis',(-0.46210595436653,-0.886824721655299,0.));
#6256=DIRECTION('ref_axis',(0.,0.,-1.));
#6257=DIRECTION('',(0.,0.,-1.));
#6258=DIRECTION('',(-0.886824721655296,0.462105954366535,3.22548563060272E-15));
#6259=DIRECTION('',(0.677947792815278,0.201012716528562,0.70709311834489));
#6260=DIRECTION('',(-0.677982188092144,-0.200848581348705,-0.707106781186548));
#6261=DIRECTION('center_axis',(0.,0.,1.));
#6262=DIRECTION('ref_axis',(1.,-1.22464679914735E-16,0.));
#6263=DIRECTION('',(0.677982188092148,-0.200848581348701,0.707106781186545));
#6264=DIRECTION('center_axis',(0.,0.,-1.));
#6265=DIRECTION('ref_axis',(1.,-1.22464679914735E-16,0.));
#6266=DIRECTION('',(-0.677947792815283,0.201012716528557,-0.707093118344887));
#6267=DIRECTION('',(-0.886824721655302,-0.462105954366524,0.));
#6268=DIRECTION('center_axis',(-0.462105954366524,0.886824721655302,0.));
#6269=DIRECTION('ref_axis',(0.,0.,1.));
#6270=DIRECTION('',(0.,0.,1.));
#6271=DIRECTION('',(-0.886824721655302,-0.462105954366523,-1.29019425224109E-14));
#6272=DIRECTION('',(0.46210595436653,0.886824721655299,0.));
#6273=DIRECTION('center_axis',(0.,0.,-1.));
#6274=DIRECTION('ref_axis',(0.,-1.,0.));
#6275=DIRECTION('center_axis',(0.,0.,1.));
#6276=DIRECTION('ref_axis',(0.,-1.,0.));
#6277=DIRECTION('center_axis',(0.,0.,1.));
#6278=DIRECTION('ref_axis',(1.,0.,0.));
#6279=DIRECTION('center_axis',(-0.886824721655299,0.46210595436653,0.));
#6280=DIRECTION('ref_axis',(0.,0.,1.));
#6281=DIRECTION('',(0.,0.,-1.));
#6282=DIRECTION('',(0.462105954366528,0.8868247216553,3.22548563060271E-15));
#6283=DIRECTION('',(0.201012716528564,-0.677947792815278,0.70709311834489));
#6284=DIRECTION('',(-0.200848581348703,0.677982188092141,-0.707106781186552));
#6285=DIRECTION('center_axis',(0.,0.,1.));
#6286=DIRECTION('ref_axis',(-1.,1.22464679914735E-16,0.));
#6287=DIRECTION('',(-0.200848581348703,-0.677982188092148,0.707106781186545));
#6288=DIRECTION('center_axis',(0.,0.,-1.));
#6289=DIRECTION('ref_axis',(-1.,1.22464679914735E-16,0.));
#6290=DIRECTION('',(0.201012716528563,0.677947792815282,-0.707093118344886));
#6291=DIRECTION('',(-0.46210595436653,0.886824721655299,0.));
#6292=DIRECTION('center_axis',(0.886824721655299,0.46210595436653,0.));
#6293=DIRECTION('ref_axis',(0.,0.,-1.));
#6294=DIRECTION('',(-0.462105954366528,0.8868247216553,-1.93529137836163E-14));
#6295=DIRECTION('',(0.,0.,1.));
#6296=DIRECTION('center_axis',(0.,0.,1.));
#6297=DIRECTION('ref_axis',(1.,0.,0.));
#6298=DIRECTION('center_axis',(0.,0.,-1.));
#6299=DIRECTION('ref_axis',(0.,-1.,0.));
#6300=DIRECTION('',(-0.825545819702659,-0.564335095108806,0.));
#6301=DIRECTION('center_axis',(0.,0.,1.));
#6302=DIRECTION('ref_axis',(1.,0.,0.));
#6303=DIRECTION('center_axis',(0.,0.,1.));
#6304=DIRECTION('ref_axis',(1.,0.,0.));
#6305=DIRECTION('center_axis',(0.,0.,1.));
#6306=DIRECTION('ref_axis',(1.,0.,0.));
#6307=DIRECTION('',(0.,0.,-1.));
#6308=DIRECTION('',(0.,0.,-1.));
#6309=DIRECTION('center_axis',(0.,0.,-1.));
#6310=DIRECTION('ref_axis',(1.,0.,0.));
#6311=DIRECTION('center_axis',(0.,0.,-1.));
#6312=DIRECTION('ref_axis',(0.,-1.,0.));
#6313=DIRECTION('',(-0.412772909851331,-0.282167547554404,-0.866025403784438));
#6314=DIRECTION('center_axis',(0.,0.,1.));
#6315=DIRECTION('ref_axis',(1.,0.,0.));
#6316=DIRECTION('center_axis',(0.,0.,1.));
#6317=DIRECTION('ref_axis',(0.,-1.,0.));
#6318=DIRECTION('center_axis',(0.,0.,1.));
#6319=DIRECTION('ref_axis',(0.896379483867189,0.443287514940351,0.));
#6320=DIRECTION('',(-0.412772909851331,-0.282167547554404,0.866025403784438));
#6321=DIRECTION('center_axis',(-1.,-1.00929365875015E-16,6.15627716882088E-15));
#6322=DIRECTION('ref_axis',(-1.00929365874996E-16,1.,3.18495230189467E-15));
#6323=DIRECTION('',(-6.15627716882087E-15,3.07813858441044E-15,-1.));
#6324=DIRECTION('',(-6.15627716882087E-15,3.07813858441044E-15,-1.));
#6325=DIRECTION('center_axis',(-1.85095191646548E-29,-1.,-3.07813858441044E-15));
#6326=DIRECTION('ref_axis',(-1.,-2.00998748476669E-44,6.01321826716908E-15));
#6327=DIRECTION('',(-6.15627716882087E-15,3.07813858441044E-15,-1.));
#6328=DIRECTION('center_axis',(1.,4.55635778122422E-31,-6.15627716882088E-15));
#6329=DIRECTION('ref_axis',(-1.91518133618152E-29,-1.,-3.18495230189467E-15));
#6330=DIRECTION('',(-6.15627716882087E-15,3.07813858441044E-15,-1.));
#6331=DIRECTION('center_axis',(1.85095191646548E-29,1.,3.07813858441044E-15));
#6332=DIRECTION('ref_axis',(1.,1.75873904917086E-44,-6.01321826716908E-15));
#6333=DIRECTION('center_axis',(7.88860905221012E-31,3.94430452610506E-31,
-1.));
#6334=DIRECTION('ref_axis',(-1.,0.,-7.88860905221012E-31));
#6335=DIRECTION('center_axis',(-1.,0.,0.));
#6336=DIRECTION('ref_axis',(0.,-1.,-3.0625416973123E-16));
#6337=DIRECTION('',(-1.,0.,0.));
#6338=DIRECTION('',(-1.,0.,0.));
#6339=DIRECTION('center_axis',(0.,-1.,9.55324233775901E-16));
#6340=DIRECTION('ref_axis',(0.,9.55324233775901E-16,1.));
#6341=DIRECTION('',(-1.,0.,0.));
#6342=DIRECTION('center_axis',(-1.,0.,0.));
#6343=DIRECTION('ref_axis',(0.,0.,1.));
#6344=DIRECTION('',(-1.,0.,0.));
#6345=DIRECTION('center_axis',(0.,0.,1.));
#6346=DIRECTION('ref_axis',(0.,1.,0.));
#6347=DIRECTION('',(-1.,0.,0.));
#6348=DIRECTION('center_axis',(-1.,0.,0.));
#6349=DIRECTION('ref_axis',(0.,1.,-6.12508339462461E-16));
#6350=DIRECTION('',(-1.,0.,0.));
#6351=DIRECTION('center_axis',(0.,1.,-9.55324233775902E-16));
#6352=DIRECTION('ref_axis',(0.,-9.55324233775902E-16,-1.));
#6353=DIRECTION('',(-1.,0.,0.));
#6354=DIRECTION('center_axis',(-1.,0.,0.));
#6355=DIRECTION('ref_axis',(0.,6.12508339462461E-16,-1.));
#6356=DIRECTION('',(-1.,0.,0.));
#6357=DIRECTION('center_axis',(0.,-8.86520737737386E-17,-1.));
#6358=DIRECTION('ref_axis',(0.,-1.,8.86520737737386E-17));
#6359=DIRECTION('center_axis',(0.,0.,1.));
#6360=DIRECTION('ref_axis',(1.,0.,0.));
#6361=DIRECTION('',(-0.825545819702659,-0.564335095108806,0.));
#6362=DIRECTION('',(0.95555038051189,0.294827865547989,0.));
#6363=DIRECTION('center_axis',(0.294827865547989,-0.95555038051189,0.));
#6364=DIRECTION('ref_axis',(-0.95555038051189,-0.294827865547989,0.));
#6365=DIRECTION('',(0.95555038051189,0.294827865547989,0.));
#6366=DIRECTION('center_axis',(-0.95555038051189,-0.294827865547989,0.));
#6367=DIRECTION('ref_axis',(0.208474783011739,-0.675676153825343,-0.707106781186547));
#6368=DIRECTION('',(-0.95555038051189,-0.294827865547989,0.));
#6369=DIRECTION('center_axis',(0.,0.,1.));
#6370=DIRECTION('ref_axis',(1.,0.,0.));
#6371=DIRECTION('',(0.95555038051189,-0.294827865547989,0.));
#6372=DIRECTION('center_axis',(0.95555038051189,-0.294827865547989,0.));
#6373=DIRECTION('ref_axis',(0.20847478301174,0.675676153825342,-0.707106781186548));
#6374=DIRECTION('',(-0.95555038051189,0.294827865547989,0.));
#6375=DIRECTION('center_axis',(0.294827865547989,0.95555038051189,0.));
#6376=DIRECTION('ref_axis',(0.95555038051189,-0.294827865547989,0.));
#6377=DIRECTION('',(0.95555038051189,-0.294827865547989,0.));
#6378=DIRECTION('center_axis',(0.95555038051189,-0.294827865547989,0.));
#6379=DIRECTION('ref_axis',(-0.208474783011739,-0.675676153825343,0.707106781186547));
#6380=DIRECTION('',(-0.95555038051189,0.294827865547989,0.));
#6381=DIRECTION('center_axis',(0.,0.,1.));
#6382=DIRECTION('ref_axis',(1.,0.,0.));
#6383=DIRECTION('',(0.294827865547989,-0.95555038051189,0.));
#6384=DIRECTION('center_axis',(-0.294827865547989,0.95555038051189,0.));
#6385=DIRECTION('ref_axis',(0.675676153825343,0.208474783011739,0.707106781186547));
#6386=DIRECTION('',(-0.294827865547989,0.95555038051189,0.));
#6387=DIRECTION('center_axis',(-0.95555038051189,-0.294827865547989,0.));
#6388=DIRECTION('ref_axis',(-0.294827865547989,0.95555038051189,0.));
#6389=DIRECTION('',(0.294827865547989,-0.95555038051189,0.));
#6390=DIRECTION('center_axis',(-0.294827865547989,0.95555038051189,0.));
#6391=DIRECTION('ref_axis',(-0.675676153825343,-0.208474783011739,-0.707106781186547));
#6392=DIRECTION('',(-0.294827865547989,0.95555038051189,0.));
#6393=DIRECTION('center_axis',(0.,0.,1.));
#6394=DIRECTION('ref_axis',(1.,0.,0.));
#6395=DIRECTION('',(-0.294827865547989,-0.95555038051189,0.));
#6396=DIRECTION('center_axis',(-0.294827865547989,-0.95555038051189,0.));
#6397=DIRECTION('ref_axis',(0.675676153825343,-0.208474783011739,-0.707106781186547));
#6398=DIRECTION('',(0.294827865547989,0.95555038051189,0.));
#6399=DIRECTION('center_axis',(0.95555038051189,-0.294827865547989,0.));
#6400=DIRECTION('ref_axis',(-0.294827865547989,-0.95555038051189,0.));
#6401=DIRECTION('',(-0.294827865547989,-0.95555038051189,0.));
#6402=DIRECTION('center_axis',(-0.294827865547989,-0.95555038051189,0.));
#6403=DIRECTION('ref_axis',(-0.675676153825342,0.208474783011739,0.707106781186548));
#6404=DIRECTION('',(0.294827865547989,0.95555038051189,0.));
#6405=DIRECTION('center_axis',(0.,0.,1.));
#6406=DIRECTION('ref_axis',(1.,0.,0.));
#6407=DIRECTION('',(-0.95555038051189,-0.294827865547989,0.));
#6408=DIRECTION('center_axis',(0.95555038051189,0.294827865547989,0.));
#6409=DIRECTION('ref_axis',(0.208474783011739,-0.675676153825342,0.707106781186548));
#6410=DIRECTION('',(0.95555038051189,0.294827865547989,0.));
#6411=DIRECTION('center_axis',(-0.294827865547989,0.95555038051189,0.));
#6412=DIRECTION('ref_axis',(0.95555038051189,0.294827865547989,0.));
#6413=DIRECTION('',(-0.95555038051189,-0.294827865547989,0.));
#6414=DIRECTION('center_axis',(0.95555038051189,0.294827865547989,0.));
#6415=DIRECTION('ref_axis',(-0.20847478301174,0.675676153825342,-0.707106781186548));
#6416=DIRECTION('',(0.95555038051189,0.294827865547989,0.));
#6417=DIRECTION('center_axis',(0.,0.,1.));
#6418=DIRECTION('ref_axis',(1.,0.,0.));
#6419=DIRECTION('',(-0.95555038051189,0.294827865547989,0.));
#6420=DIRECTION('center_axis',(-0.95555038051189,0.294827865547989,0.));
#6421=DIRECTION('ref_axis',(-0.20847478301174,-0.675676153825342,-0.707106781186548));
#6422=DIRECTION('',(0.95555038051189,-0.294827865547989,0.));
#6423=DIRECTION('center_axis',(-0.294827865547989,-0.95555038051189,0.));
#6424=DIRECTION('ref_axis',(-0.95555038051189,0.294827865547989,0.));
#6425=DIRECTION('',(-0.95555038051189,0.294827865547989,0.));
#6426=DIRECTION('center_axis',(-0.95555038051189,0.294827865547989,0.));
#6427=DIRECTION('ref_axis',(0.208474783011739,0.675676153825343,0.707106781186547));
#6428=DIRECTION('',(0.95555038051189,-0.294827865547989,0.));
#6429=DIRECTION('center_axis',(0.,0.,1.));
#6430=DIRECTION('ref_axis',(1.,0.,0.));
#6431=DIRECTION('',(-0.294827865547989,0.95555038051189,0.));
#6432=DIRECTION('center_axis',(0.294827865547989,-0.95555038051189,0.));
#6433=DIRECTION('ref_axis',(-0.675676153825343,-0.208474783011739,0.707106781186547));
#6434=DIRECTION('',(0.294827865547989,-0.95555038051189,0.));
#6435=DIRECTION('center_axis',(0.95555038051189,0.294827865547989,0.));
#6436=DIRECTION('ref_axis',(0.294827865547989,-0.95555038051189,0.));
#6437=DIRECTION('',(-0.294827865547989,0.95555038051189,0.));
#6438=DIRECTION('center_axis',(0.294827865547989,-0.95555038051189,0.));
#6439=DIRECTION('ref_axis',(0.675676153825342,0.20847478301174,-0.707106781186548));
#6440=DIRECTION('',(0.294827865547989,-0.95555038051189,0.));
#6441=DIRECTION('center_axis',(0.,0.,1.));
#6442=DIRECTION('ref_axis',(1.,0.,0.));
#6443=DIRECTION('',(0.294827865547989,0.95555038051189,0.));
#6444=DIRECTION('center_axis',(0.294827865547989,0.95555038051189,0.));
#6445=DIRECTION('ref_axis',(-0.675676153825342,0.20847478301174,-0.707106781186548));
#6446=DIRECTION('',(-0.294827865547989,-0.95555038051189,0.));
#6447=DIRECTION('center_axis',(-0.95555038051189,0.294827865547989,0.));
#6448=DIRECTION('ref_axis',(0.294827865547989,0.95555038051189,0.));
#6449=DIRECTION('',(0.294827865547989,0.95555038051189,0.));
#6450=DIRECTION('center_axis',(0.294827865547989,0.95555038051189,0.));
#6451=DIRECTION('ref_axis',(0.675676153825342,-0.208474783011739,0.707106781186548));
#6452=DIRECTION('',(-0.294827865547989,-0.95555038051189,0.));
#6453=DIRECTION('center_axis',(0.,0.,1.));
#6454=DIRECTION('ref_axis',(1.,0.,0.));
#6455=DIRECTION('',(-0.825545819702659,-0.564335095108806,0.));
#6456=DIRECTION('center_axis',(0.564335095108806,-0.825545819702659,0.));
#6457=DIRECTION('ref_axis',(-0.825545819702659,-0.564335095108806,0.));
#6458=DIRECTION('',(0.,0.,1.));
#6459=DIRECTION('',(1.,0.,0.));
#6460=CARTESIAN_POINT('',(0.,0.,0.));
#6461=CARTESIAN_POINT('',(0.,0.,0.));
#6462=CARTESIAN_POINT('Origin',(0.,0.,18.99366738056));
#6463=CARTESIAN_POINT('',(-21.48625979108,-2.63130792787946E-15,20.17666738056));
#6464=CARTESIAN_POINT('Origin',(0.,0.,20.17666738056));
#6465=CARTESIAN_POINT('',(-21.99925979108,2.69413230867572E-15,17.81066738056));
#6466=CARTESIAN_POINT('',(-21.74275979108,-2.66272011827759E-15,18.99366738056));
#6467=CARTESIAN_POINT('Origin',(0.,0.,17.81066738056));
#6468=CARTESIAN_POINT('Origin',(0.,0.,20.64566738056));
#6469=CARTESIAN_POINT('',(-20.8900885964573,-6.89721899005956,16.129));
#6470=CARTESIAN_POINT('',(-20.8900885962578,-6.89721898999372,15.3860679201448));
#6471=CARTESIAN_POINT('',(-20.8900885962578,-6.89721898999368,20.64566738056));
#6472=CARTESIAN_POINT('',(-20.8902032271438,-6.89687178973633,15.36246738056));
#6473=CARTESIAN_POINT('Ctrl Pts',(-20.8902032271438,-6.89687178973633,15.36246738056));
#6474=CARTESIAN_POINT('Ctrl Pts',(-20.8902032271438,-6.89687178973633,15.3702940121776));
#6475=CARTESIAN_POINT('Ctrl Pts',(-20.890165401635,-6.89698636418655,15.3781635603598));
#6476=CARTESIAN_POINT('Ctrl Pts',(-20.8900885962578,-6.89721898999375,15.3860679201448));
#6477=CARTESIAN_POINT('',(-20.8902032271438,-6.89687178973633,13.76697475494));
#6478=CARTESIAN_POINT('',(-20.8902032271438,-6.89687178973633,20.64566738056));
#6479=CARTESIAN_POINT('',(-21.1165269551213,-6.1692560904102,13.00497475494));
#6480=CARTESIAN_POINT('Ctrl Pts',(-21.1165269551213,-6.1692560904102,13.00497475494));
#6481=CARTESIAN_POINT('Ctrl Pts',(-21.0896957722592,-6.26109559064207,13.00497475494));
#6482=CARTESIAN_POINT('Ctrl Pts',(-21.0604162928617,-6.35886061870649,13.0240925619901));
#6483=CARTESIAN_POINT('Ctrl Pts',(-21.0053848015651,-6.5383524021689,13.1018513025338));
#6484=CARTESIAN_POINT('Ctrl Pts',(-20.9796668849847,-6.62008960840144,13.1604922380771));
#6485=CARTESIAN_POINT('Ctrl Pts',(-20.9385491817868,-6.74901235101192,13.2957992278949));
#6486=CARTESIAN_POINT('Ctrl Pts',(-20.9204146601222,-6.80479201022024,13.3814851660279));
#6487=CARTESIAN_POINT('Ctrl Pts',(-20.8962246033071,-6.87871653598026,13.5692307061334));
#6488=CARTESIAN_POINT('Ctrl Pts',(-20.8902032271438,-6.89687178973633,13.6712906176737));
#6489=CARTESIAN_POINT('Ctrl Pts',(-20.8902032271438,-6.89687178973633,13.76697475494));
#6490=CARTESIAN_POINT('',(-21.99925979108,2.69413230867572E-15,13.00497475494));
#6491=CARTESIAN_POINT('Origin',(0.,0.,13.00497475494));
#6492=CARTESIAN_POINT('',(-21.99925979108,2.69413230867572E-15,20.64566738056));
#6493=CARTESIAN_POINT('',(-21.1165269551213,6.16925609041023,13.00497475494));
#6494=CARTESIAN_POINT('Origin',(0.,0.,13.00497475494));
#6495=CARTESIAN_POINT('',(-20.8902032271438,6.89687178973637,13.76697475494));
#6496=CARTESIAN_POINT('Ctrl Pts',(-20.8902032271438,6.89687178973637,13.76697475494));
#6497=CARTESIAN_POINT('Ctrl Pts',(-20.8902032271438,6.89687178973637,13.6712943073327));
#6498=CARTESIAN_POINT('Ctrl Pts',(-20.8962241411657,6.87871792429382,13.5692380789152));
#6499=CARTESIAN_POINT('Ctrl Pts',(-20.9204124976926,6.80479864256177,13.3814981636582));
#6500=CARTESIAN_POINT('Ctrl Pts',(-20.9385457859959,6.74902284053256,13.2958141673002));
#6501=CARTESIAN_POINT('Ctrl Pts',(-20.9796623910532,6.62010385672359,13.1605032623587));
#6502=CARTESIAN_POINT('Ctrl Pts',(-21.0053809499491,6.53836481639871,13.101858277332));
#6503=CARTESIAN_POINT('Ctrl Pts',(-21.0604141732433,6.35886768035472,13.0240940246301));
#6504=CARTESIAN_POINT('Ctrl Pts',(-21.0896947375515,6.26109913230624,13.00497475494));
#6505=CARTESIAN_POINT('Ctrl Pts',(-21.1165269551213,6.16925609041023,13.00497475494));
#6506=CARTESIAN_POINT('',(-20.8902032271438,6.89687178973637,15.36246738056));
#6507=CARTESIAN_POINT('',(-20.8902032271438,6.89687178973637,20.64566738056));
#6508=CARTESIAN_POINT('',(-20.6386367577584,7.61669903151842,16.12446738056));
#6509=CARTESIAN_POINT('Ctrl Pts',(-20.6386367577584,7.61669903151842,16.12446738056));
#6510=CARTESIAN_POINT('Ctrl Pts',(-20.6717930556971,7.52685685887155,16.12446738056));
#6511=CARTESIAN_POINT('Ctrl Pts',(-20.7065157000435,7.43077848418936,16.1053657174853));
#6512=CARTESIAN_POINT('Ctrl Pts',(-20.7692387921846,7.25361849771398,16.0276002329306));
#6513=CARTESIAN_POINT('Ctrl Pts',(-20.7972726998011,7.17254948781578,15.968934694394));
#6514=CARTESIAN_POINT('Ctrl Pts',(-20.8410178496836,7.04442928908047,15.8335838205463));
#6515=CARTESIAN_POINT('Ctrl Pts',(-20.8596573354086,6.98882244845118,15.7479103459448));
#6516=CARTESIAN_POINT('Ctrl Pts',(-20.8842329739849,6.91503842754454,15.5601881161359));
#6517=CARTESIAN_POINT('Ctrl Pts',(-20.8902032271438,6.89687178973637,15.4581396831578));
#6518=CARTESIAN_POINT('Ctrl Pts',(-20.8902032271438,6.89687178973637,15.36246738056));
#6519=CARTESIAN_POINT('',(-7.61669903151839,20.6386367577584,16.12446738056));
#6520=CARTESIAN_POINT('Origin',(0.,0.,16.12446738056));
#6521=CARTESIAN_POINT('',(-6.89687178973633,20.8902032271438,15.36246738056));
#6522=CARTESIAN_POINT('Ctrl Pts',(-6.89687178973633,20.8902032271438,15.36246738056));
#6523=CARTESIAN_POINT('Ctrl Pts',(-6.89687178973633,20.8902032271438,15.4581396831578));
#6524=CARTESIAN_POINT('Ctrl Pts',(-6.91503842754451,20.8842329739849,15.5601881161359));
#6525=CARTESIAN_POINT('Ctrl Pts',(-6.98882244845115,20.8596573354086,15.7479103459448));
#6526=CARTESIAN_POINT('Ctrl Pts',(-7.04442928908043,20.8410178496836,15.8335838205463));
#6527=CARTESIAN_POINT('Ctrl Pts',(-7.17254948781575,20.7972726998011,15.968934694394));
#6528=CARTESIAN_POINT('Ctrl Pts',(-7.25361849771395,20.7692387921846,16.0276002329306));
#6529=CARTESIAN_POINT('Ctrl Pts',(-7.43077848418932,20.7065157000436,16.1053657174853));
#6530=CARTESIAN_POINT('Ctrl Pts',(-7.52685685887152,20.6717930556971,16.12446738056));
#6531=CARTESIAN_POINT('Ctrl Pts',(-7.61669903151838,20.6386367577584,16.12446738056));
#6532=CARTESIAN_POINT('',(-6.89687178973633,20.8902032271438,13.76697475494));
#6533=CARTESIAN_POINT('',(-6.89687178973633,20.8902032271438,20.64566738056));
#6534=CARTESIAN_POINT('',(-6.1692560904102,21.1165269551213,13.00497475494));
#6535=CARTESIAN_POINT('Ctrl Pts',(-6.1692560904102,21.1165269551213,13.00497475494));
#6536=CARTESIAN_POINT('Ctrl Pts',(-6.26109559064207,21.0896957722592,13.00497475494));
#6537=CARTESIAN_POINT('Ctrl Pts',(-6.35886061870649,21.0604162928617,13.0240925619901));
#6538=CARTESIAN_POINT('Ctrl Pts',(-6.53835240216891,21.0053848015651,13.1018513025338));
#6539=CARTESIAN_POINT('Ctrl Pts',(-6.62008960840144,20.9796668849847,13.1604922380771));
#6540=CARTESIAN_POINT('Ctrl Pts',(-6.74901235101192,20.9385491817868,13.2957992278949));
#6541=CARTESIAN_POINT('Ctrl Pts',(-6.80479201022025,20.9204146601222,13.3814851660279));
#6542=CARTESIAN_POINT('Ctrl Pts',(-6.87871653598027,20.8962246033071,13.5692307061334));
#6543=CARTESIAN_POINT('Ctrl Pts',(-6.89687178973633,20.8902032271438,13.6712906176737));
#6544=CARTESIAN_POINT('Ctrl Pts',(-6.89687178973633,20.8902032271438,13.76697475494));
#6545=CARTESIAN_POINT('',(6.16925609041023,21.1165269551213,13.00497475494));
#6546=CARTESIAN_POINT('Origin',(0.,0.,13.00497475494));
#6547=CARTESIAN_POINT('',(6.89687178973637,20.8902032271438,13.76697475494));
#6548=CARTESIAN_POINT('Ctrl Pts',(6.89687178973637,20.8902032271438,13.76697475494));
#6549=CARTESIAN_POINT('Ctrl Pts',(6.89687178973637,20.8902032271438,13.6712906176737));
#6550=CARTESIAN_POINT('Ctrl Pts',(6.87871653598029,20.8962246033071,13.5692307061334));
#6551=CARTESIAN_POINT('Ctrl Pts',(6.80479201022028,20.9204146601221,13.3814851660279));
#6552=CARTESIAN_POINT('Ctrl Pts',(6.74901235101196,20.9385491817868,13.2957992278949));
#6553=CARTESIAN_POINT('Ctrl Pts',(6.62008960840147,20.9796668849847,13.1604922380771));
#6554=CARTESIAN_POINT('Ctrl Pts',(6.53835240216894,21.0053848015651,13.1018513025338));
#6555=CARTESIAN_POINT('Ctrl Pts',(6.35886061870652,21.0604162928617,13.0240925619901));
#6556=CARTESIAN_POINT('Ctrl Pts',(6.2610955906421,21.0896957722592,13.00497475494));
#6557=CARTESIAN_POINT('Ctrl Pts',(6.16925609041023,21.1165269551213,13.00497475494));
#6558=CARTESIAN_POINT('',(6.89687178973637,20.8902032271438,15.36246738056));
#6559=CARTESIAN_POINT('',(6.89687178973637,20.8902032271438,20.64566738056));
#6560=CARTESIAN_POINT('',(7.61669903151842,20.6386367577584,16.12446738056));
#6561=CARTESIAN_POINT('Ctrl Pts',(7.61669903151842,20.6386367577584,16.12446738056));
#6562=CARTESIAN_POINT('Ctrl Pts',(7.52685685887155,20.6717930556971,16.12446738056));
#6563=CARTESIAN_POINT('Ctrl Pts',(7.43077848418936,20.7065157000435,16.1053657174853));
#6564=CARTESIAN_POINT('Ctrl Pts',(7.25361849771398,20.7692387921846,16.0276002329306));
#6565=CARTESIAN_POINT('Ctrl Pts',(7.17254948781578,20.7972726998011,15.968934694394));
#6566=CARTESIAN_POINT('Ctrl Pts',(7.04442928908047,20.8410178496836,15.8335838205463));
#6567=CARTESIAN_POINT('Ctrl Pts',(6.98882244845118,20.8596573354086,15.7479103459448));
#6568=CARTESIAN_POINT('Ctrl Pts',(6.91503842754454,20.8842329739849,15.5601881161359));
#6569=CARTESIAN_POINT('Ctrl Pts',(6.89687178973637,20.8902032271438,15.4581396831578));
#6570=CARTESIAN_POINT('Ctrl Pts',(6.89687178973636,20.8902032271438,15.36246738056));
#6571=CARTESIAN_POINT('',(20.6386367577584,7.61669903151838,16.12446738056));
#6572=CARTESIAN_POINT('Origin',(0.,0.,16.12446738056));
#6573=CARTESIAN_POINT('',(20.8902032271438,6.89687178973633,15.36246738056));
#6574=CARTESIAN_POINT('Ctrl Pts',(20.8902032271438,6.89687178973633,15.36246738056));
#6575=CARTESIAN_POINT('Ctrl Pts',(20.8902032271438,6.89687178973633,15.4581396831578));
#6576=CARTESIAN_POINT('Ctrl Pts',(20.8842329739849,6.91503842754451,15.5601881161359));
#6577=CARTESIAN_POINT('Ctrl Pts',(20.8596573354086,6.98882244845115,15.7479103459448));
#6578=CARTESIAN_POINT('Ctrl Pts',(20.8410178496836,7.04442928908043,15.8335838205463));
#6579=CARTESIAN_POINT('Ctrl Pts',(20.7972726998011,7.17254948781575,15.968934694394));
#6580=CARTESIAN_POINT('Ctrl Pts',(20.7692387921846,7.25361849771395,16.0276002329306));
#6581=CARTESIAN_POINT('Ctrl Pts',(20.7065157000436,7.43077848418932,16.1053657174853));
#6582=CARTESIAN_POINT('Ctrl Pts',(20.6717930556971,7.52685685887151,16.12446738056));
#6583=CARTESIAN_POINT('Ctrl Pts',(20.6386367577584,7.61669903151838,16.12446738056));
#6584=CARTESIAN_POINT('',(20.8902032271438,6.89687178973633,13.76697475494));
#6585=CARTESIAN_POINT('',(20.8902032271438,6.89687178973633,20.64566738056));
#6586=CARTESIAN_POINT('',(21.1165269551213,6.16925609041019,13.00497475494));
#6587=CARTESIAN_POINT('Ctrl Pts',(21.1165269551213,6.16925609041019,13.00497475494));
#6588=CARTESIAN_POINT('Ctrl Pts',(21.0896957722592,6.26109559064206,13.00497475494));
#6589=CARTESIAN_POINT('Ctrl Pts',(21.0604162928617,6.35886061870649,13.0240925619901));
#6590=CARTESIAN_POINT('Ctrl Pts',(21.0053848015651,6.5383524021689,13.1018513025338));
#6591=CARTESIAN_POINT('Ctrl Pts',(20.9796668849847,6.62008960840143,13.1604922380771));
#6592=CARTESIAN_POINT('Ctrl Pts',(20.9385491817868,6.74901235101192,13.2957992278949));
#6593=CARTESIAN_POINT('Ctrl Pts',(20.9204146601221,6.80479201022025,13.3814851660279));
#6594=CARTESIAN_POINT('Ctrl Pts',(20.8962246033071,6.87871653598026,13.5692307061334));
#6595=CARTESIAN_POINT('Ctrl Pts',(20.8902032271438,6.89687178973633,13.6712906176737));
#6596=CARTESIAN_POINT('Ctrl Pts',(20.8902032271438,6.89687178973633,13.76697475494));
#6597=CARTESIAN_POINT('',(21.1165269551213,-6.16925609041023,13.00497475494));
#6598=CARTESIAN_POINT('Origin',(0.,0.,13.00497475494));
#6599=CARTESIAN_POINT('',(20.8902032271438,-6.89687178973637,13.76697475494));
#6600=CARTESIAN_POINT('Ctrl Pts',(20.8902032271438,-6.89687178973637,13.76697475494));
#6601=CARTESIAN_POINT('Ctrl Pts',(20.8902032271438,-6.89687178973637,13.6712943073327));
#6602=CARTESIAN_POINT('Ctrl Pts',(20.8962241411657,-6.87871792429381,13.5692380789152));
#6603=CARTESIAN_POINT('Ctrl Pts',(20.9204124976926,-6.80479864256177,13.3814981636582));
#6604=CARTESIAN_POINT('Ctrl Pts',(20.9385457859959,-6.74902284053256,13.2958141673002));
#6605=CARTESIAN_POINT('Ctrl Pts',(20.9796623910532,-6.6201038567236,13.1605032623587));
#6606=CARTESIAN_POINT('Ctrl Pts',(21.0053809499491,-6.53836481639872,13.101858277332));
#6607=CARTESIAN_POINT('Ctrl Pts',(21.0604141732434,-6.35886768035472,13.0240940246301));
#6608=CARTESIAN_POINT('Ctrl Pts',(21.0896947375515,-6.26109913230624,13.00497475494));
#6609=CARTESIAN_POINT('Ctrl Pts',(21.1165269551213,-6.16925609041023,13.00497475494));
#6610=CARTESIAN_POINT('',(20.8902032271438,-6.89687178973637,15.36246738056));
#6611=CARTESIAN_POINT('',(20.8902032271438,-6.89687178973637,20.64566738056));
#6612=CARTESIAN_POINT('',(20.6386367577584,-7.61669903151842,16.12446738056));
#6613=CARTESIAN_POINT('Ctrl Pts',(20.6386367577584,-7.61669903151842,16.12446738056));
#6614=CARTESIAN_POINT('Ctrl Pts',(20.6717930556971,-7.52685685887155,16.12446738056));
#6615=CARTESIAN_POINT('Ctrl Pts',(20.7065157000435,-7.43077848418936,16.1053657174853));
#6616=CARTESIAN_POINT('Ctrl Pts',(20.7692387921846,-7.25361849771398,16.0276002329306));
#6617=CARTESIAN_POINT('Ctrl Pts',(20.7972726998011,-7.17254948781578,15.968934694394));
#6618=CARTESIAN_POINT('Ctrl Pts',(20.8410178496836,-7.04442928908047,15.8335838205463));
#6619=CARTESIAN_POINT('Ctrl Pts',(20.8596573354086,-6.98882244845118,15.7479103459448));
#6620=CARTESIAN_POINT('Ctrl Pts',(20.8842329739849,-6.91503842754455,15.5601881161359));
#6621=CARTESIAN_POINT('Ctrl Pts',(20.8902032271438,-6.89687178973637,15.4581396831578));
#6622=CARTESIAN_POINT('Ctrl Pts',(20.8902032271438,-6.89687178973637,15.36246738056));
#6623=CARTESIAN_POINT('',(7.61669903151839,-20.6386367577584,16.12446738056));
#6624=CARTESIAN_POINT('Origin',(0.,0.,16.12446738056));
#6625=CARTESIAN_POINT('',(6.89687178973633,-20.8902032271438,15.36246738056));
#6626=CARTESIAN_POINT('Ctrl Pts',(6.89687178973633,-20.8902032271438,15.36246738056));
#6627=CARTESIAN_POINT('Ctrl Pts',(6.89687178973633,-20.8902032271438,15.4581396831578));
#6628=CARTESIAN_POINT('Ctrl Pts',(6.91503842754451,-20.8842329739849,15.5601881161359));
#6629=CARTESIAN_POINT('Ctrl Pts',(6.98882244845115,-20.8596573354086,15.7479103459448));
#6630=CARTESIAN_POINT('Ctrl Pts',(7.04442928908043,-20.8410178496836,15.8335838205463));
#6631=CARTESIAN_POINT('Ctrl Pts',(7.17254948781575,-20.7972726998011,15.968934694394));
#6632=CARTESIAN_POINT('Ctrl Pts',(7.25361849771395,-20.7692387921846,16.0276002329306));
#6633=CARTESIAN_POINT('Ctrl Pts',(7.43077848418932,-20.7065157000436,16.1053657174853));
#6634=CARTESIAN_POINT('Ctrl Pts',(7.52685685887152,-20.6717930556971,16.12446738056));
#6635=CARTESIAN_POINT('Ctrl Pts',(7.61669903151838,-20.6386367577584,16.12446738056));
#6636=CARTESIAN_POINT('',(6.89687178973633,-20.8902032271438,13.76697475494));
#6637=CARTESIAN_POINT('',(6.89687178973633,-20.8902032271438,20.64566738056));
#6638=CARTESIAN_POINT('',(6.1692560904102,-21.1165269551213,13.00497475494));
#6639=CARTESIAN_POINT('Ctrl Pts',(6.1692560904102,-21.1165269551213,13.00497475494));
#6640=CARTESIAN_POINT('Ctrl Pts',(6.26109559064207,-21.0896957722592,13.00497475494));
#6641=CARTESIAN_POINT('Ctrl Pts',(6.35886061870649,-21.0604162928617,13.0240925619901));
#6642=CARTESIAN_POINT('Ctrl Pts',(6.5383524021689,-21.0053848015651,13.1018513025338));
#6643=CARTESIAN_POINT('Ctrl Pts',(6.62008960840144,-20.9796668849847,13.1604922380771));
#6644=CARTESIAN_POINT('Ctrl Pts',(6.74901235101192,-20.9385491817868,13.2957992278949));
#6645=CARTESIAN_POINT('Ctrl Pts',(6.80479201022024,-20.9204146601222,13.3814851660279));
#6646=CARTESIAN_POINT('Ctrl Pts',(6.87871653598026,-20.8962246033071,13.5692307061334));
#6647=CARTESIAN_POINT('Ctrl Pts',(6.89687178973633,-20.8902032271438,13.6712906176737));
#6648=CARTESIAN_POINT('Ctrl Pts',(6.89687178973633,-20.8902032271438,13.76697475494));
#6649=CARTESIAN_POINT('',(-6.16925609041023,-21.1165269551213,13.00497475494));
#6650=CARTESIAN_POINT('Origin',(0.,0.,13.00497475494));
#6651=CARTESIAN_POINT('',(-6.89687178973637,-20.8902032271438,13.76697475494));
#6652=CARTESIAN_POINT('Ctrl Pts',(-6.89687178973637,-20.8902032271438,13.76697475494));
#6653=CARTESIAN_POINT('Ctrl Pts',(-6.89687178973637,-20.8902032271438,13.6712906176737));
#6654=CARTESIAN_POINT('Ctrl Pts',(-6.8787165359803,-20.8962246033071,13.5692307061334));
#6655=CARTESIAN_POINT('Ctrl Pts',(-6.80479201022028,-20.9204146601221,13.3814851660279));
#6656=CARTESIAN_POINT('Ctrl Pts',(-6.74901235101196,-20.9385491817868,13.2957992278949));
#6657=CARTESIAN_POINT('Ctrl Pts',(-6.62008960840147,-20.9796668849847,13.1604922380771));
#6658=CARTESIAN_POINT('Ctrl Pts',(-6.53835240216894,-21.0053848015651,13.1018513025338));
#6659=CARTESIAN_POINT('Ctrl Pts',(-6.35886061870653,-21.0604162928617,13.0240925619901));
#6660=CARTESIAN_POINT('Ctrl Pts',(-6.2610955906421,-21.0896957722592,13.00497475494));
#6661=CARTESIAN_POINT('Ctrl Pts',(-6.16925609041023,-21.1165269551213,13.00497475494));
#6662=CARTESIAN_POINT('',(-6.89687178973637,-20.8902032271438,15.36246738056));
#6663=CARTESIAN_POINT('',(-6.89687178973637,-20.8902032271438,20.64566738056));
#6664=CARTESIAN_POINT('',(-7.61669903151842,-20.6386367577584,16.12446738056));
#6665=CARTESIAN_POINT('Ctrl Pts',(-7.61669903151842,-20.6386367577584,16.12446738056));
#6666=CARTESIAN_POINT('Ctrl Pts',(-7.52685685887155,-20.6717930556971,16.12446738056));
#6667=CARTESIAN_POINT('Ctrl Pts',(-7.43077848418936,-20.7065157000435,16.1053657174853));
#6668=CARTESIAN_POINT('Ctrl Pts',(-7.25361849771398,-20.7692387921846,16.0276002329306));
#6669=CARTESIAN_POINT('Ctrl Pts',(-7.17254948781578,-20.7972726998011,15.968934694394));
#6670=CARTESIAN_POINT('Ctrl Pts',(-7.04442928908047,-20.8410178496836,15.8335838205463));
#6671=CARTESIAN_POINT('Ctrl Pts',(-6.98882244845118,-20.8596573354086,15.7479103459448));
#6672=CARTESIAN_POINT('Ctrl Pts',(-6.91503842754454,-20.8842329739849,15.5601881161359));
#6673=CARTESIAN_POINT('Ctrl Pts',(-6.89687178973637,-20.8902032271438,15.4581396831578));
#6674=CARTESIAN_POINT('Ctrl Pts',(-6.89687178973637,-20.8902032271438,15.36246738056));
#6675=CARTESIAN_POINT('',(-18.1613969572524,-12.414954366641,16.12446738056));
#6676=CARTESIAN_POINT('Origin',(0.,0.,16.12446738056));
#6677=CARTESIAN_POINT('',(-18.1613969572524,-12.414954366641,16.129));
#6678=CARTESIAN_POINT('',(-18.1613969570789,-12.4149543665225,20.64566738056));
#6679=CARTESIAN_POINT('Origin',(0.,0.,16.129));
#6680=CARTESIAN_POINT('Origin',(0.,0.,20.17666738056));
#6681=CARTESIAN_POINT('',(-19.45925979108,2.38307202169229E-15,20.17666738056));
#6682=CARTESIAN_POINT('Origin',(0.,0.,20.17666738056));
#6683=CARTESIAN_POINT('Origin',(-22.7862332089806,-7.52326346895242,16.129));
#6684=CARTESIAN_POINT('',(-21.3523716369372,-7.04984961934425,15.4850092562489));
#6685=CARTESIAN_POINT('Origin',(-57.7492159422449,-19.0668884441902,15.36246738056));
#6686=CARTESIAN_POINT('',(-22.7862332089806,-7.52326346895242,16.129));
#6687=CARTESIAN_POINT('',(-21.1969579057738,-6.99853712559122,16.129));
#6688=CARTESIAN_POINT('',(-22.7862332089806,-7.52326346895242,16.12446738056));
#6689=CARTESIAN_POINT('',(-22.7862332094798,-7.52326346911725,20.64566738056));
#6690=CARTESIAN_POINT('',(-22.204489943248,-7.33119100926785,16.12446738056));
#6691=CARTESIAN_POINT('',(-11.3931166044903,-3.76163173447621,16.12446738056));
#6692=CARTESIAN_POINT('',(-21.8331247549679,-7.20857845944424,15.4470916935724));
#6693=CARTESIAN_POINT('',(-22.0200498608541,-7.27029497079766,15.7880458971726));
#6694=CARTESIAN_POINT('',(-21.5448638697914,-7.11340421247299,15.9728838822058));
#6695=CARTESIAN_POINT('',(-21.6461996490817,-7.14686194809081,15.7880458971726));
#6696=CARTESIAN_POINT('Ctrl Pts',(-21.3520998012996,-7.05072255462742,15.4846489360895));
#6697=CARTESIAN_POINT('Ctrl Pts',(-21.3555907241687,-7.05212134280157,15.5085734749652));
#6698=CARTESIAN_POINT('Ctrl Pts',(-21.3600800107316,-7.05381867086429,15.5322717320325));
#6699=CARTESIAN_POINT('Ctrl Pts',(-21.3654809080909,-7.05574871625376,15.5558032475345));
#6700=CARTESIAN_POINT('Ctrl Pts',(-21.3673479990691,-7.05641593321687,15.5639380957595));
#6701=CARTESIAN_POINT('Ctrl Pts',(-21.3693239128429,-7.05711135908206,15.5720527749));
#6702=CARTESIAN_POINT('Ctrl Pts',(-21.3714047302121,-7.05783333678289,15.5801489240654));
#6703=CARTESIAN_POINT('Ctrl Pts',(-21.3779475711123,-7.06010349527926,15.6056061394262));
#6704=CARTESIAN_POINT('Ctrl Pts',(-21.385508999467,-7.06262714866742,15.630803686964));
#6705=CARTESIAN_POINT('Ctrl Pts',(-21.3939233668516,-7.06536487400174,15.6557267008375));
#6706=CARTESIAN_POINT('Ctrl Pts',(-21.3983419400498,-7.06680251503084,15.6688143348906));
#6707=CARTESIAN_POINT('Ctrl Pts',(-21.4029956156065,-7.06829942793392,15.6818253464838));
#6708=CARTESIAN_POINT('Ctrl Pts',(-21.4078601501496,-7.06985016050456,15.6947519313069));
#6709=CARTESIAN_POINT('Ctrl Pts',(-21.4189361110452,-7.07338099231579,15.72418421239));
#6710=CARTESIAN_POINT('Ctrl Pts',(-21.4313533213602,-7.07726772740405,15.753841215021));
#6711=CARTESIAN_POINT('Ctrl Pts',(-21.4450523964504,-7.08154915713901,15.7838275822583));
#6712=CARTESIAN_POINT('Ctrl Pts',(-21.4598667404008,-7.08617914655617,15.8162551990972));
#6713=CARTESIAN_POINT('Ctrl Pts',(-21.4761797630524,-7.09127212115375,15.8490684536915));
#6714=CARTESIAN_POINT('Ctrl Pts',(-21.4939044769304,-7.09690516469217,15.882343256319));
#6715=CARTESIAN_POINT('Ctrl Pts',(-21.5097806669114,-7.10195073383383,15.9121478044619));
#6716=CARTESIAN_POINT('Ctrl Pts',(-21.5267890890243,-7.10743055660748,15.942321485361));
#6717=CARTESIAN_POINT('Ctrl Pts',(-21.5448638690757,-7.11340421317947,15.9728838825639));
#6718=CARTESIAN_POINT('Origin',(-18.1613969572524,-12.414954366641,16.129));
#6719=CARTESIAN_POINT('',(-19.8098645947822,-13.5418308146912,16.12446738056));
#6720=CARTESIAN_POINT('',(-19.3041094215863,-13.1961014960326,16.12446738056));
#6721=CARTESIAN_POINT('',(-9.08069847862618,-6.20747718332052,16.12446738056));
#6722=CARTESIAN_POINT('',(-19.8098645947822,-13.5418308146912,16.129));
#6723=CARTESIAN_POINT('',(-19.8098645952162,-13.5418308149879,20.64566738056));
#6724=CARTESIAN_POINT('',(-19.2622089429982,-13.1674587362913,16.129));
#6725=CARTESIAN_POINT('',(-18.6583954918135,-12.7546977322746,16.12446738056));
#6726=CARTESIAN_POINT('',(-9.08069847862618,-6.20747718332052,16.12446738056));
#6727=CARTESIAN_POINT('',(-18.9812524566999,-12.9753996141536,15.4470916935724));
#6728=CARTESIAN_POINT('',(-18.8187437610761,-12.8643102499874,15.7880458971726));
#6729=CARTESIAN_POINT('',(-19.1437611523237,-13.0864889783199,15.7880458971726));
#6730=CARTESIAN_POINT('Origin',(-20.4738150831165,-10.2195249023754,16.129));
#6731=CARTESIAN_POINT('Origin',(0.,0.,16.129));
#6732=CARTESIAN_POINT('Origin',(0.,0.,20.64566738056));
#6733=CARTESIAN_POINT('',(-23.99608128638,-2.9386724139445E-15,21.80294959866));
#6734=CARTESIAN_POINT('Origin',(0.,0.,21.80294959866));
#6735=CARTESIAN_POINT('',(-23.99608128638,-2.9386724139445E-15,16.12446738056));
#6736=CARTESIAN_POINT('',(-23.99608128638,-2.9386724139445E-15,20.64566738056));
#6737=CARTESIAN_POINT('Origin',(0.,0.,16.12446738056));
#6738=CARTESIAN_POINT('Origin',(0.,0.,16.12446738056));
#6739=CARTESIAN_POINT('Origin',(0.,0.,16.12446738056));
#6740=CARTESIAN_POINT('Origin',(0.,0.,16.12446738056));
#6741=CARTESIAN_POINT('Origin',(0.,0.,15.7880458971726));
#6742=CARTESIAN_POINT('',(-6.70969336434124,-21.9915655406447,15.4470916935724));
#6743=CARTESIAN_POINT('Origin',(0.,0.,15.4470916935724));
#6744=CARTESIAN_POINT('',(-6.70772968737584,-21.9959750706073,15.4534046140375));
#6745=CARTESIAN_POINT('Ctrl Pts',(-6.70772968736867,-21.9959750705971,15.4534046139899));
#6746=CARTESIAN_POINT('Ctrl Pts',(-6.70838003509466,-21.9945056296088,15.4512987203744));
#6747=CARTESIAN_POINT('Ctrl Pts',(-6.70903459162887,-21.9930357833785,15.4491944064932));
#6748=CARTESIAN_POINT('Ctrl Pts',(-6.70969336434125,-21.9915655406447,15.4470916935724));
#6749=CARTESIAN_POINT('',(6.7077296873758,-21.9959750706073,15.4534046140375));
#6750=CARTESIAN_POINT('Origin',(0.,0.,15.4534046139899));
#6751=CARTESIAN_POINT('',(6.7096933643412,-21.9915655406447,15.4470916935724));
#6752=CARTESIAN_POINT('Ctrl Pts',(6.70969336434121,-21.9915655406447,15.4470916935724));
#6753=CARTESIAN_POINT('Ctrl Pts',(6.70903459162749,-21.9930357833815,15.4491944064974));
#6754=CARTESIAN_POINT('Ctrl Pts',(6.70838003509198,-21.9945056296148,15.451298720383));
#6755=CARTESIAN_POINT('Ctrl Pts',(6.70772968736864,-21.9959750705972,15.4534046139899));
#6756=CARTESIAN_POINT('',(21.9915655406447,-6.70969336434125,15.4470916935724));
#6757=CARTESIAN_POINT('Origin',(0.,0.,15.4470916935724));
#6758=CARTESIAN_POINT('',(21.9959750706073,-6.70772968737584,15.4534046140375));
#6759=CARTESIAN_POINT('Ctrl Pts',(21.9959750705971,-6.70772968736867,15.4534046139899));
#6760=CARTESIAN_POINT('Ctrl Pts',(21.9945056296106,-6.70838003509384,15.451298720377));
#6761=CARTESIAN_POINT('Ctrl Pts',(21.9930357833794,-6.70903459162845,15.4491944064945));
#6762=CARTESIAN_POINT('Ctrl Pts',(21.9915655406447,-6.70969336434125,15.4470916935724));
#6763=CARTESIAN_POINT('',(21.9959750706073,6.7077296873758,15.4534046140375));
#6764=CARTESIAN_POINT('Origin',(0.,0.,15.4534046139899));
#6765=CARTESIAN_POINT('',(21.9915655406447,6.70969336434121,15.4470916935724));
#6766=CARTESIAN_POINT('Ctrl Pts',(21.9915655406447,6.70969336434121,15.4470916935725));
#6767=CARTESIAN_POINT('Ctrl Pts',(21.9930357833798,6.70903459162823,15.4491944064951));
#6768=CARTESIAN_POINT('Ctrl Pts',(21.9945056296115,6.70838003509344,15.4512987203782));
#6769=CARTESIAN_POINT('Ctrl Pts',(21.9959750705972,6.70772968736864,15.4534046139899));
#6770=CARTESIAN_POINT('',(6.70969336434124,21.9915655406447,15.4470916935724));
#6771=CARTESIAN_POINT('Origin',(0.,0.,15.4470916935724));
#6772=CARTESIAN_POINT('',(6.70772968737584,21.9959750706073,15.4534046140375));
#6773=CARTESIAN_POINT('Ctrl Pts',(6.70772968736867,21.9959750705971,15.4534046139899));
#6774=CARTESIAN_POINT('Ctrl Pts',(6.70838003509417,21.9945056296099,15.451298720376));
#6775=CARTESIAN_POINT('Ctrl Pts',(6.70903459162862,21.993035783379,15.4491944064939));
#6776=CARTESIAN_POINT('Ctrl Pts',(6.70969336434124,21.9915655406447,15.4470916935724));
#6777=CARTESIAN_POINT('',(-6.70772968737581,21.9959750706073,15.4534046140375));
#6778=CARTESIAN_POINT('Origin',(0.,0.,15.4534046139899));
#6779=CARTESIAN_POINT('',(-6.70969336434121,21.9915655406447,15.4470916935724));
#6780=CARTESIAN_POINT('Ctrl Pts',(-6.70969336434121,21.9915655406447,15.4470916935724));
#6781=CARTESIAN_POINT('Ctrl Pts',(-6.70903459162803,21.9930357833803,15.4491944064957));
#6782=CARTESIAN_POINT('Ctrl Pts',(-6.70838003509305,21.9945056296124,15.4512987203795));
#6783=CARTESIAN_POINT('Ctrl Pts',(-6.70772968736864,21.9959750705972,15.4534046139899));
#6784=CARTESIAN_POINT('',(-21.9915655406447,6.70969336434124,15.4470916935724));
#6785=CARTESIAN_POINT('Origin',(0.,0.,15.4470916935724));
#6786=CARTESIAN_POINT('',(-21.9959750706073,6.70772968737584,15.4534046140375));
#6787=CARTESIAN_POINT('Ctrl Pts',(-21.9959750705971,6.70772968736867,15.4534046139899));
#6788=CARTESIAN_POINT('Ctrl Pts',(-21.9945056296081,6.70838003509494,15.4512987203735));
#6789=CARTESIAN_POINT('Ctrl Pts',(-21.9930357833782,6.70903459162901,15.4491944064927));
#6790=CARTESIAN_POINT('Ctrl Pts',(-21.9915655406447,6.70969336434125,15.4470916935724));
#6791=CARTESIAN_POINT('',(-21.9959750706073,-6.7077296873758,15.4534046140375));
#6792=CARTESIAN_POINT('Origin',(0.,0.,15.4534046139899));
#6793=CARTESIAN_POINT('',(-21.9915655406447,-6.70969336434121,15.4470916935724));
#6794=CARTESIAN_POINT('Ctrl Pts',(-21.9915655406447,-6.70969336434121,15.4470916935724));
#6795=CARTESIAN_POINT('Ctrl Pts',(-21.9930357833815,-6.70903459162747,15.4491944064975));
#6796=CARTESIAN_POINT('Ctrl Pts',(-21.9945056296148,-6.70838003509195,15.4512987203831));
#6797=CARTESIAN_POINT('Ctrl Pts',(-21.9959750705972,-6.70772968736864,15.4534046139899));
#6798=CARTESIAN_POINT('Origin',(0.,0.,15.4470916935724));
#6799=CARTESIAN_POINT('Origin',(0.,0.,15.7880458971726));
#6800=CARTESIAN_POINT('',(-7.38434779212024,-21.3609326635245,16.12446738056));
#6801=CARTESIAN_POINT('Origin',(0.,0.,16.12446738056));
#6802=CARTESIAN_POINT('Ctrl Pts',(-6.70969336434125,-21.9915655406447,15.4470916935724));
#6803=CARTESIAN_POINT('Ctrl Pts',(-6.78495194361781,-21.8656468394246,15.6176564545775));
#6804=CARTESIAN_POINT('Ctrl Pts',(-6.89029794757336,-21.7380635932474,15.7745468540646));
#6805=CARTESIAN_POINT('Ctrl Pts',(-7.13029817845181,-21.5258801881608,15.9955074801903));
#6806=CARTESIAN_POINT('Ctrl Pts',(-7.24931910087251,-21.4393993485231,16.0724304292118));
#6807=CARTESIAN_POINT('Ctrl Pts',(-7.38434779212024,-21.3609326635245,16.1244673805599));
#6808=CARTESIAN_POINT('Origin',(0.,0.,15.7880458971726));
#6809=CARTESIAN_POINT('Ctrl Pts',(-21.5448638697914,-7.11340421247299,15.9728838822058));
#6810=CARTESIAN_POINT('Ctrl Pts',(-21.5579969266456,-7.09681987254585,15.9602894889597));
#6811=CARTESIAN_POINT('Ctrl Pts',(-21.5712352074896,-7.08061419998444,15.9472712109811));
#6812=CARTESIAN_POINT('Ctrl Pts',(-21.7078362871405,-6.91844769569702,15.8097828139418));
#6813=CARTESIAN_POINT('Ctrl Pts',(-21.8449871724524,-6.79729972968596,15.6456412664077));
#6814=CARTESIAN_POINT('Ctrl Pts',(-21.9915655406447,-6.70969336434121,15.4470916935724));
#6815=CARTESIAN_POINT('Origin',(0.,0.,15.7880458971726));
#6816=CARTESIAN_POINT('',(-7.38434779164748,21.3609326638675,16.1244673805012));
#6817=CARTESIAN_POINT('Ctrl Pts',(-7.38434779165278,21.3609326637961,16.1244673803798));
#6818=CARTESIAN_POINT('Ctrl Pts',(-7.26509852462325,21.4302297486648,16.0785114560652));
#6819=CARTESIAN_POINT('Ctrl Pts',(-7.15825490593202,21.5058336707806,16.0130981897165));
#6820=CARTESIAN_POINT('Ctrl Pts',(-6.91844322325209,21.707841351434,15.809776754863));
#6821=CARTESIAN_POINT('Ctrl Pts',(-6.79729810599463,21.8449898891275,15.6456375865013));
#6822=CARTESIAN_POINT('Ctrl Pts',(-6.70969336434121,21.9915655406447,15.4470916935724));
#6823=CARTESIAN_POINT('',(-21.3609326635245,7.38434779212024,16.12446738056));
#6824=CARTESIAN_POINT('Origin',(0.,0.,16.12446738056));
#6825=CARTESIAN_POINT('Ctrl Pts',(-21.9915655406447,6.70969336434125,15.4470916935724));
#6826=CARTESIAN_POINT('Ctrl Pts',(-21.8656468394246,6.7849519436178,15.6176564545775));
#6827=CARTESIAN_POINT('Ctrl Pts',(-21.7380635932474,6.89029794757335,15.7745468540646));
#6828=CARTESIAN_POINT('Ctrl Pts',(-21.5258801881608,7.13029817845181,15.9955074801903));
#6829=CARTESIAN_POINT('Ctrl Pts',(-21.4393993485231,7.24931910087251,16.0724304292118));
#6830=CARTESIAN_POINT('Ctrl Pts',(-21.3609326635245,7.38434779212023,16.1244673805599));
#6831=CARTESIAN_POINT('Origin',(0.,0.,15.7880458971726));
#6832=CARTESIAN_POINT('',(21.3609326638675,7.38434779164749,16.1244673805012));
#6833=CARTESIAN_POINT('Ctrl Pts',(21.3609326637961,7.38434779165279,16.1244673803798));
#6834=CARTESIAN_POINT('Ctrl Pts',(21.4302297486648,7.26509852462326,16.0785114560652));
#6835=CARTESIAN_POINT('Ctrl Pts',(21.5058336707806,7.15825490593202,16.0130981897165));
#6836=CARTESIAN_POINT('Ctrl Pts',(21.7078413514343,6.91844322325167,15.8097767548627));
#6837=CARTESIAN_POINT('Ctrl Pts',(21.8449898891279,6.79729810599437,15.6456375865007));
#6838=CARTESIAN_POINT('Ctrl Pts',(21.9915655406447,6.70969336434121,15.4470916935725));
#6839=CARTESIAN_POINT('',(7.38434779211985,21.3609326635248,16.1244673805599));
#6840=CARTESIAN_POINT('Origin',(0.,0.,16.12446738056));
#6841=CARTESIAN_POINT('Ctrl Pts',(6.70969336434124,21.9915655406447,15.4470916935724));
#6842=CARTESIAN_POINT('Ctrl Pts',(6.78494951180147,21.8656509082119,15.6176509431504));
#6843=CARTESIAN_POINT('Ctrl Pts',(6.89029114225387,21.738071829956,15.7745367214059));
#6844=CARTESIAN_POINT('Ctrl Pts',(7.13028779737419,21.5258877310928,15.9955007705252));
#6845=CARTESIAN_POINT('Ctrl Pts',(7.24931319127839,21.4394027826545,16.0724281517902));
#6846=CARTESIAN_POINT('Ctrl Pts',(7.38434779211986,21.3609326635247,16.1244673805598));
#6847=CARTESIAN_POINT('Origin',(0.,0.,15.7880458971726));
#6848=CARTESIAN_POINT('',(21.3609326635248,-7.38434779211986,16.1244673805599));
#6849=CARTESIAN_POINT('Ctrl Pts',(21.9915655406447,-6.70969336434125,15.4470916935724));
#6850=CARTESIAN_POINT('Ctrl Pts',(21.8656509082119,-6.78494951180146,15.6176509431504));
#6851=CARTESIAN_POINT('Ctrl Pts',(21.738071829956,-6.89029114225386,15.7745367214059));
#6852=CARTESIAN_POINT('Ctrl Pts',(21.5258877310928,-7.13028779737419,15.9955007705252));
#6853=CARTESIAN_POINT('Ctrl Pts',(21.4394027826545,-7.24931319127839,16.0724281517902));
#6854=CARTESIAN_POINT('Ctrl Pts',(21.3609326635247,-7.38434779211986,16.1244673805598));
#6855=CARTESIAN_POINT('',(7.38434779173694,-21.3609326638026,16.1244673805123));
#6856=CARTESIAN_POINT('Ctrl Pts',(7.38434779174123,-21.3609326637447,16.1244673804139));
#6857=CARTESIAN_POINT('Ctrl Pts',(7.26510196645224,-21.4302277485728,16.078512782479));
#6858=CARTESIAN_POINT('Ctrl Pts',(7.15826105551654,-21.5058293189938,16.013101955432));
#6859=CARTESIAN_POINT('Ctrl Pts',(6.91844769569646,-21.7078362871409,15.8097828139413));
#6860=CARTESIAN_POINT('Ctrl Pts',(6.79729972968562,-21.844987172453,15.6456412664069));
#6861=CARTESIAN_POINT('Ctrl Pts',(6.7096933643412,-21.9915655406447,15.4470916935724));
#6862=CARTESIAN_POINT('Origin',(0.,0.,16.12446738056));
#6863=CARTESIAN_POINT('Ctrl Pts',(7.76040903064602,-21.1044073323765,16.12446738056));
#6864=CARTESIAN_POINT('Ctrl Pts',(7.68335456698407,-21.1327384338808,16.12446738056));
#6865=CARTESIAN_POINT('Ctrl Pts',(7.57688840704169,-21.1712581816677,16.1070162760978));
#6866=CARTESIAN_POINT('Ctrl Pts',(7.37302295338911,-21.2432860350713,16.0172241852274));
#6867=CARTESIAN_POINT('Ctrl Pts',(7.20633546995459,-21.3003653606795,15.8783311307674));
#6868=CARTESIAN_POINT('Ctrl Pts',(7.06851026799115,-21.3462700990759,15.6228083755575));
#6869=CARTESIAN_POINT('Ctrl Pts',(7.04042877632012,-21.3554778812214,15.4453913000176));
#6870=CARTESIAN_POINT('Ctrl Pts',(7.04042877632012,-21.3554778812214,15.36246738056));
#6871=CARTESIAN_POINT('Ctrl Pts',(7.82473131705029,-21.2618875487741,16.2942062388193));
#6872=CARTESIAN_POINT('Ctrl Pts',(7.72966122917146,-21.2968832372069,16.2958581923675));
#6873=CARTESIAN_POINT('Ctrl Pts',(7.59745412586146,-21.3445031320653,16.2763561713652));
#6874=CARTESIAN_POINT('Ctrl Pts',(7.34318406479517,-21.4332231030611,16.1681641769959));
#6875=CARTESIAN_POINT('Ctrl Pts',(7.13483808479317,-21.5029498491295,15.9975317439559));
#6876=CARTESIAN_POINT('Ctrl Pts',(6.9633265982641,-21.5582836335351,15.6827444685026));
#6877=CARTESIAN_POINT('Ctrl Pts',(6.92849118862576,-21.5692933717277,15.4644808521619));
#6878=CARTESIAN_POINT('Ctrl Pts',(6.92849118862576,-21.5692933717277,15.36246738056));
#6879=CARTESIAN_POINT('Ctrl Pts',(7.88905360345457,-21.4193677651717,16.4639450970786));
#6880=CARTESIAN_POINT('Ctrl Pts',(7.77596789135885,-21.461028040533,16.467249004175));
#6881=CARTESIAN_POINT('Ctrl Pts',(7.61801984468123,-21.5177480824629,16.4456960666326));
#6882=CARTESIAN_POINT('Ctrl Pts',(7.31334517620123,-21.6231601710508,16.3191041687643));
#6883=CARTESIAN_POINT('Ctrl Pts',(7.06334069963174,-21.7055343375795,16.1167323571444));
#6884=CARTESIAN_POINT('Ctrl Pts',(6.85814292853705,-21.7702971679943,15.7426805614476));
#6885=CARTESIAN_POINT('Ctrl Pts',(6.8165536009314,-21.7831088622341,15.4835704043061));
#6886=CARTESIAN_POINT('Ctrl Pts',(6.8165536009314,-21.7831088622341,15.36246738056));
#6887=CARTESIAN_POINT('Ctrl Pts',(7.95337588985885,-21.5768479815693,16.633683955338));
#6888=CARTESIAN_POINT('Ctrl Pts',(7.82227455354623,-21.6251728438591,16.6386398159825));
#6889=CARTESIAN_POINT('Ctrl Pts',(7.638585563501,-21.6909930328605,16.6150359619));
#6890=CARTESIAN_POINT('Ctrl Pts',(7.2835062876073,-21.8130972390406,16.4700441605328));
#6891=CARTESIAN_POINT('Ctrl Pts',(6.99184331447031,-21.9081188260296,16.2359329703329));
#6892=CARTESIAN_POINT('Ctrl Pts',(6.75295925881,-21.9823107024535,15.8026166543926));
#6893=CARTESIAN_POINT('Ctrl Pts',(6.70461601323704,-21.9969243527404,15.5026599564503));
#6894=CARTESIAN_POINT('Ctrl Pts',(6.70461601323704,-21.9969243527404,15.36246738056));
#6895=CARTESIAN_POINT('',(6.70461601323704,-21.9969243527404,15.36246738056));
#6896=CARTESIAN_POINT('Ctrl Pts',(6.7079160988974,-21.9959238833944,15.4533901196192));
#6897=CARTESIAN_POINT('Ctrl Pts',(6.70571741916507,-21.9965914094126,15.422764886302));
#6898=CARTESIAN_POINT('Ctrl Pts',(6.70461601323704,-21.9969243527404,15.3923931838058));
#6899=CARTESIAN_POINT('Ctrl Pts',(6.70461601323704,-21.9969243527404,15.36246738056));
#6900=CARTESIAN_POINT('',(7.04042877632012,-21.3554778812214,15.36246738056));
#6901=CARTESIAN_POINT('',(6.70461601323704,-21.9969243527404,15.36246738056));
#6902=CARTESIAN_POINT('',(7.76040903064596,-21.1044073323766,16.12446738056));
#6903=CARTESIAN_POINT('Ctrl Pts',(7.04042877632012,-21.3554778812214,15.36246738056));
#6904=CARTESIAN_POINT('Ctrl Pts',(7.04042877632012,-21.3554778812214,15.4453913000176));
#6905=CARTESIAN_POINT('Ctrl Pts',(7.06851026799115,-21.3462700990759,15.6228083755575));
#6906=CARTESIAN_POINT('Ctrl Pts',(7.20633546995459,-21.3003653606795,15.8783311307674));
#6907=CARTESIAN_POINT('Ctrl Pts',(7.37302295338911,-21.2432860350713,16.0172241852274));
#6908=CARTESIAN_POINT('Ctrl Pts',(7.57688840704169,-21.1712581816677,16.1070162760978));
#6909=CARTESIAN_POINT('Ctrl Pts',(7.68335456698407,-21.1327384338808,16.12446738056));
#6910=CARTESIAN_POINT('Ctrl Pts',(7.76040903064602,-21.1044073323765,16.12446738056));
#6911=CARTESIAN_POINT('Ctrl Pts',(7.38429054345087,-21.3609551820318,16.1244991413641));
#6912=CARTESIAN_POINT('Ctrl Pts',(7.40479711863672,-21.3403345309758,16.1243065035148));
#6913=CARTESIAN_POINT('Ctrl Pts',(7.42509528089668,-21.3209718669651,16.1241877637418));
#6914=CARTESIAN_POINT('Ctrl Pts',(7.44533010485737,-21.3027675760032,16.1241984770558));
#6915=CARTESIAN_POINT('Ctrl Pts',(7.46870514617912,-21.2817381835908,16.1242108529557));
#6916=CARTESIAN_POINT('Ctrl Pts',(7.49199560906036,-21.2622545999326,16.1243984534792));
#6917=CARTESIAN_POINT('Ctrl Pts',(7.51505869308035,-21.2442903610087,16.1245276172938));
#6918=CARTESIAN_POINT('Ctrl Pts',(7.51946011383399,-21.2408620175159,16.1245522672623));
#6919=CARTESIAN_POINT('Ctrl Pts',(7.52385332126734,-21.2374889842941,16.1245746548566));
#6920=CARTESIAN_POINT('Ctrl Pts',(7.52823739942985,-21.2341710459178,16.1245929513304));
#6921=CARTESIAN_POINT('Ctrl Pts',(7.53692254680969,-21.2275979916227,16.1246291978492));
#6922=CARTESIAN_POINT('Ctrl Pts',(7.54557186610417,-21.2212411718143,16.1246494574618));
#6923=CARTESIAN_POINT('Ctrl Pts',(7.55419446766546,-21.2150936901316,16.1246592445224));
#6924=CARTESIAN_POINT('Ctrl Pts',(7.57423325615713,-21.2008070407578,16.124681989495));
#6925=CARTESIAN_POINT('Ctrl Pts',(7.59466373466228,-21.1872670198142,16.1246483625954));
#6926=CARTESIAN_POINT('Ctrl Pts',(7.61559149951666,-21.1745647723135,16.1246073332915));
#6927=CARTESIAN_POINT('Ctrl Pts',(7.63109202364378,-21.1651566250401,16.1245769442022));
#6928=CARTESIAN_POINT('Ctrl Pts',(7.64686647011483,-21.156207681318,16.1245426767818));
#6929=CARTESIAN_POINT('Ctrl Pts',(7.66297393098994,-21.1477484076825,16.124518257667));
#6930=CARTESIAN_POINT('Ctrl Pts',(7.68414337926462,-21.136630692913,16.1244861645152));
#6931=CARTESIAN_POINT('Ctrl Pts',(7.70575878286535,-21.1264253576874,16.1244723716457));
#6932=CARTESIAN_POINT('Ctrl Pts',(7.72798755085551,-21.117137211265,16.1244700079721));
#6933=CARTESIAN_POINT('Ctrl Pts',(7.73872966261506,-21.1126486895911,16.1244688657205));
#6934=CARTESIAN_POINT('Ctrl Pts',(7.74954856099371,-21.1084004580758,16.1244673695049));
#6935=CARTESIAN_POINT('Ctrl Pts',(7.76040903064602,-21.1044073323765,16.12446738056));
#6936=CARTESIAN_POINT('Origin',(0.,0.,16.12446738056));
#6937=CARTESIAN_POINT('',(-6.70461601323707,-21.9969243527404,15.36246738056));
#6938=CARTESIAN_POINT('Ctrl Pts',(-6.70461601323707,-21.9969243527404,15.36246738056));
#6939=CARTESIAN_POINT('Ctrl Pts',(-6.70461601323707,-21.9969243527404,15.3923968309484));
#6940=CARTESIAN_POINT('Ctrl Pts',(-6.70571524871915,-21.9965923388195,15.4227697704675));
#6941=CARTESIAN_POINT('Ctrl Pts',(-6.70790731410711,-21.9959272360428,15.453390863105));
#6942=CARTESIAN_POINT('',(-6.70461601323707,-21.9969243527404,13.76697475494));
#6943=CARTESIAN_POINT('',(-6.70461601323707,-21.9969243527404,16.12446738056));
#6944=CARTESIAN_POINT('',(-6.46315811597725,-22.0690766465889,13.51499205184));
#6945=CARTESIAN_POINT('Ctrl Pts',(-6.46315811597725,-22.0690766465889,13.51499205184));
#6946=CARTESIAN_POINT('Ctrl Pts',(-6.49787553830303,-22.0589092891836,13.51499205184));
#6947=CARTESIAN_POINT('Ctrl Pts',(-6.55397683627092,-22.0423226735083,13.5280113551168));
#6948=CARTESIAN_POINT('Ctrl Pts',(-6.63065275634746,-22.0193679753512,13.5789905313215));
#6949=CARTESIAN_POINT('Ctrl Pts',(-6.68716970986963,-22.0022510978113,13.6520422756954));
#6950=CARTESIAN_POINT('Ctrl Pts',(-6.70461601323707,-21.9969243527404,13.730822658882));
#6951=CARTESIAN_POINT('Ctrl Pts',(-6.70461601323707,-21.9969243527404,13.76697475494));
#6952=CARTESIAN_POINT('',(-6.45595844536886,-22.0711838698519,13.51499205184));
#6953=CARTESIAN_POINT('Ctrl Pts',(-6.45595844536886,-22.0711838698519,13.51499205184));
#6954=CARTESIAN_POINT('Ctrl Pts',(-6.45835845011935,-22.0704818535473,13.51499205184));
#6955=CARTESIAN_POINT('Ctrl Pts',(-6.46075834036471,-22.0697794457805,13.51499205184));
#6956=CARTESIAN_POINT('Ctrl Pts',(-6.46315811597725,-22.0690766465889,13.51499205184));
#6957=CARTESIAN_POINT('',(6.45595844536882,-22.0711838698519,13.51499205184));
#6958=CARTESIAN_POINT('Origin',(0.,0.,13.51499205184));
#6959=CARTESIAN_POINT('',(6.46315811597722,-22.0690766465889,13.51499205184));
#6960=CARTESIAN_POINT('Ctrl Pts',(6.46315811597722,-22.0690766465889,13.51499205184));
#6961=CARTESIAN_POINT('Ctrl Pts',(6.46075834036468,-22.0697794457805,13.51499205184));
#6962=CARTESIAN_POINT('Ctrl Pts',(6.45835845011931,-22.0704818535473,13.51499205184));
#6963=CARTESIAN_POINT('Ctrl Pts',(6.45595844536882,-22.0711838698519,13.51499205184));
#6964=CARTESIAN_POINT('',(6.70461601323703,-21.9969243527404,13.76697475494));
#6965=CARTESIAN_POINT('Ctrl Pts',(6.70461601323703,-21.9969243527404,13.76697475494));
#6966=CARTESIAN_POINT('Ctrl Pts',(6.70461601323703,-21.9969243527404,13.7398606828965));
#6967=CARTESIAN_POINT('Ctrl Pts',(6.69563547460171,-21.9996656873727,13.6822025364645));
#6968=CARTESIAN_POINT('Ctrl Pts',(6.65039844261868,-22.0134018735708,13.5978795398706));
#6969=CARTESIAN_POINT('Ctrl Pts',(6.57353000819687,-22.0365324054184,13.5335727024848));
#6970=CARTESIAN_POINT('Ctrl Pts',(6.49787553830299,-22.0589092891836,13.51499205184));
#6971=CARTESIAN_POINT('Ctrl Pts',(6.46315811597722,-22.0690766465889,13.51499205184));
#6972=CARTESIAN_POINT('',(6.70461601323703,-21.9969243527404,16.12446738056));
#6973=CARTESIAN_POINT('',(2.2040700520992,-22.890142683491,15.0313829851944));
#6974=CARTESIAN_POINT('',(2.2040700520992,-22.890142683491,13.9694709709142));
#6975=CARTESIAN_POINT('',(2.2040700520992,-22.890142683491,16.12446738056));
#6976=CARTESIAN_POINT('',(-2.20407005209921,-22.890142683491,13.9694709709142));
#6977=CARTESIAN_POINT('Origin',(0.,0.,13.9694709709142));
#6978=CARTESIAN_POINT('',(-2.20407005209921,-22.890142683491,15.0313829851944));
#6979=CARTESIAN_POINT('',(-2.20407005209921,-22.890142683491,16.12446738056));
#6980=CARTESIAN_POINT('Origin',(0.,0.,15.0313829851944));
#6981=CARTESIAN_POINT('Ctrl Pts',(-7.04042877632015,-21.3554778812214,15.36246738056));
#6982=CARTESIAN_POINT('Ctrl Pts',(-7.04042877632015,-21.3554778812214,15.4453913000176));
#6983=CARTESIAN_POINT('Ctrl Pts',(-7.06844983025662,-21.3462939909978,15.6227348458087));
#6984=CARTESIAN_POINT('Ctrl Pts',(-7.20514035249193,-21.3007537337806,15.8768110588671));
#6985=CARTESIAN_POINT('Ctrl Pts',(-7.4361128249291,-21.221705228097,16.070061739049));
#6986=CARTESIAN_POINT('Ctrl Pts',(-7.65766974576342,-21.1421821343822,16.12446738056));
#6987=CARTESIAN_POINT('Ctrl Pts',(-7.76040903064601,-21.1044073323765,16.12446738056));
#6988=CARTESIAN_POINT('Ctrl Pts',(-6.92849118862579,-21.5692933717277,15.36246738056));
#6989=CARTESIAN_POINT('Ctrl Pts',(-6.92849118862579,-21.5692933717277,15.4644808521618));
#6990=CARTESIAN_POINT('Ctrl Pts',(-6.9632506317864,-21.5583143432276,15.6826586054881));
#6991=CARTESIAN_POINT('Ctrl Pts',(-7.13330841604351,-21.5034264983535,15.9956356192522));
#6992=CARTESIAN_POINT('Ctrl Pts',(-7.422063189227,-21.4068637395239,16.2331082575966));
#6993=CARTESIAN_POINT('Ctrl Pts',(-7.6979711998785,-21.3085484666845,16.2964088435502));
#6994=CARTESIAN_POINT('Ctrl Pts',(-7.82473131705028,-21.2618875487741,16.2942062388193));
#6995=CARTESIAN_POINT('Ctrl Pts',(-6.81655360093143,-21.7831088622341,15.36246738056));
#6996=CARTESIAN_POINT('Ctrl Pts',(-6.81655360093143,-21.7831088622341,15.4835704043061));
#6997=CARTESIAN_POINT('Ctrl Pts',(-6.85805143331617,-21.7703346954573,15.7425823651674));
#6998=CARTESIAN_POINT('Ctrl Pts',(-7.0614764795951,-21.7060992629264,16.1144601796373));
#6999=CARTESIAN_POINT('Ctrl Pts',(-7.4080135535249,-21.5920222509509,16.3961547761443));
#7000=CARTESIAN_POINT('Ctrl Pts',(-7.73827265399359,-21.4749147989867,16.4683503065404));
#7001=CARTESIAN_POINT('Ctrl Pts',(-7.88905360345455,-21.4193677651717,16.4639450970786));
#7002=CARTESIAN_POINT('Ctrl Pts',(-6.70461601323707,-21.9969243527404,15.36246738056));
#7003=CARTESIAN_POINT('Ctrl Pts',(-6.70461601323707,-21.9969243527404,15.5026599564503));
#7004=CARTESIAN_POINT('Ctrl Pts',(-6.75285223484594,-21.9823550476871,15.8025061248467));
#7005=CARTESIAN_POINT('Ctrl Pts',(-6.98964454314668,-21.9087720274994,16.2332847400224));
#7006=CARTESIAN_POINT('Ctrl Pts',(-7.39396391782281,-21.7771807623779,16.559201294692));
#7007=CARTESIAN_POINT('Ctrl Pts',(-7.77857410810867,-21.641281131289,16.6402917695306));
#7008=CARTESIAN_POINT('Ctrl Pts',(-7.95337588985882,-21.5768479815693,16.633683955338));
#7009=CARTESIAN_POINT('',(-7.760409030646,-21.1044073323765,16.12446738056));
#7010=CARTESIAN_POINT('Ctrl Pts',(-7.76040903064601,-21.1044073323765,16.12446738056));
#7011=CARTESIAN_POINT('Ctrl Pts',(-7.75279263113656,-21.1072076995988,16.12446737821));
#7012=CARTESIAN_POINT('Ctrl Pts',(-7.74517498537671,-21.1101411461688,16.1244471379998));
#7013=CARTESIAN_POINT('Ctrl Pts',(-7.73755892612625,-21.1132062476903,16.1244089268159));
#7014=CARTESIAN_POINT('Ctrl Pts',(-7.71622297971912,-21.121792951082,16.1243018804097));
#7015=CARTESIAN_POINT('Ctrl Pts',(-7.69530266573829,-21.1312607455484,16.124068612939));
#7016=CARTESIAN_POINT('Ctrl Pts',(-7.67478741550398,-21.1415671452707,16.1238256262257));
#7017=CARTESIAN_POINT('Ctrl Pts',(-7.65317110938583,-21.1524266906736,16.123569598387));
#7018=CARTESIAN_POINT('Ctrl Pts',(-7.63211891922174,-21.1641575461127,16.1233034169969));
#7019=CARTESIAN_POINT('Ctrl Pts',(-7.61156289852143,-21.1766777701533,16.1230922597477));
#7020=CARTESIAN_POINT('Ctrl Pts',(-7.60007846799073,-21.1836726864028,16.1229742884344));
#7021=CARTESIAN_POINT('Ctrl Pts',(-7.58874911008308,-21.1909138498867,16.1228724146701));
#7022=CARTESIAN_POINT('Ctrl Pts',(-7.57756554723257,-21.1983857004237,16.1227917709643));
#7023=CARTESIAN_POINT('Ctrl Pts',(-7.55642019858655,-21.2125131199898,16.1226392936814));
#7024=CARTESIAN_POINT('Ctrl Pts',(-7.5358297332794,-21.2274578856673,16.12257802635));
#7025=CARTESIAN_POINT('Ctrl Pts',(-7.51576621665112,-21.243055988839,16.1225910088292));
#7026=CARTESIAN_POINT('Ctrl Pts',(-7.49463386372357,-21.2594850439909,16.1226046829191));
#7027=CARTESIAN_POINT('Ctrl Pts',(-7.47408620771232,-21.2766387125977,16.1226988829095));
#7028=CARTESIAN_POINT('Ctrl Pts',(-7.45414422447567,-21.2943075663661,16.12285022809));
#7029=CARTESIAN_POINT('Ctrl Pts',(-7.45085178969291,-21.2972247059519,16.1228752152806));
#7030=CARTESIAN_POINT('Ctrl Pts',(-7.44757597176964,-21.3001558558492,16.1229017873889));
#7031=CARTESIAN_POINT('Ctrl Pts',(-7.44431698576042,-21.3031000377035,16.122929880959));
#7032=CARTESIAN_POINT('Ctrl Pts',(-7.42805742647243,-21.3177889928815,16.1230700439016));
#7033=CARTESIAN_POINT('Ctrl Pts',(-7.4122138315082,-21.3328033221306,16.1232466953117));
#7034=CARTESIAN_POINT('Ctrl Pts',(-7.39677211798267,-21.3480387640758,16.1234561581524));
#7035=CARTESIAN_POINT('Ctrl Pts',(-7.39239298791973,-21.3523593973873,16.1235155599164));
#7036=CARTESIAN_POINT('Ctrl Pts',(-7.38800455284255,-21.3567391475413,16.1235784416454));
#7037=CARTESIAN_POINT('Ctrl Pts',(-7.38359849457513,-21.3611814684739,16.1236401553888));
#7038=CARTESIAN_POINT('',(-7.04042877632015,-21.3554778812214,15.36246738056));
#7039=CARTESIAN_POINT('Ctrl Pts',(-7.76040903064601,-21.1044073323765,16.12446738056));
#7040=CARTESIAN_POINT('Ctrl Pts',(-7.65766974576342,-21.1421821343822,16.12446738056));
#7041=CARTESIAN_POINT('Ctrl Pts',(-7.4361128249291,-21.221705228097,16.070061739049));
#7042=CARTESIAN_POINT('Ctrl Pts',(-7.20514035249193,-21.3007537337806,15.8768110588671));
#7043=CARTESIAN_POINT('Ctrl Pts',(-7.06844983025662,-21.3462939909978,15.6227348458087));
#7044=CARTESIAN_POINT('Ctrl Pts',(-7.04042877632015,-21.3554778812214,15.4453913000176));
#7045=CARTESIAN_POINT('Ctrl Pts',(-7.04042877632015,-21.3554778812214,15.36246738056));
#7046=CARTESIAN_POINT('',(-6.70461601323707,-21.9969243527404,15.36246738056));
#7047=CARTESIAN_POINT('Ctrl Pts',(-21.3020433034951,-7.20053734234265,15.8406864292739));
#7048=CARTESIAN_POINT('Ctrl Pts',(-21.3358858268798,-7.10042022131336,15.7096290295979));
#7049=CARTESIAN_POINT('Ctrl Pts',(-21.3554778812214,-7.04042877632012,15.5277778488136));
#7050=CARTESIAN_POINT('Ctrl Pts',(-21.3554778812214,-7.04042877632012,15.36246738056));
#7051=CARTESIAN_POINT('Ctrl Pts',(-21.5048229191176,-7.12777240829577,15.9510846103355));
#7052=CARTESIAN_POINT('Ctrl Pts',(-21.5459067065508,-7.00290501620318,15.7897752275909));
#7053=CARTESIAN_POINT('Ctrl Pts',(-21.5692933717277,-6.92849118862576,15.5658332473566));
#7054=CARTESIAN_POINT('Ctrl Pts',(-21.5692933717277,-6.92849118862576,15.36246738056));
#7055=CARTESIAN_POINT('Ctrl Pts',(-21.7076025347402,-7.05500747424889,16.061482791397));
#7056=CARTESIAN_POINT('Ctrl Pts',(-21.7559275862218,-6.905389811093,15.8699214255838));
#7057=CARTESIAN_POINT('Ctrl Pts',(-21.7831088622341,-6.8165536009314,15.6038886458996));
#7058=CARTESIAN_POINT('Ctrl Pts',(-21.7831088622341,-6.8165536009314,15.36246738056));
#7059=CARTESIAN_POINT('Ctrl Pts',(-21.9103821503627,-6.982242540202,16.1718809724585));
#7060=CARTESIAN_POINT('Ctrl Pts',(-21.9659484658928,-6.80787460598281,15.9500676235768));
#7061=CARTESIAN_POINT('Ctrl Pts',(-21.9969243527404,-6.70461601323704,15.6419440444426));
#7062=CARTESIAN_POINT('Ctrl Pts',(-21.9969243527404,-6.70461601323703,15.36246738056));
#7063=CARTESIAN_POINT('',(-21.9969243527404,-6.70461601323703,15.36246738056));
#7064=CARTESIAN_POINT('Ctrl Pts',(-21.9958602245149,-6.70814984055399,15.4533697244679));
#7065=CARTESIAN_POINT('Ctrl Pts',(-21.9965670059685,-6.70580723416873,15.4228334247767));
#7066=CARTESIAN_POINT('Ctrl Pts',(-21.9969243527404,-6.70461601323703,15.3924851631267));
#7067=CARTESIAN_POINT('Ctrl Pts',(-21.9969243527404,-6.70461601323703,15.36246738056));
#7068=CARTESIAN_POINT('',(-21.3554778812214,-7.04042877632012,15.36246738056));
#7069=CARTESIAN_POINT('',(-21.9969243527404,-6.70461601323703,15.36246738056));
#7070=CARTESIAN_POINT('Ctrl Pts',(-21.3554778812214,-7.04042877632012,15.36246738056));
#7071=CARTESIAN_POINT('Ctrl Pts',(-21.3554778812214,-7.04042877632012,15.4026071541378));
#7072=CARTESIAN_POINT('Ctrl Pts',(-21.3543227559073,-7.04396580390949,15.4437221493756));
#7073=CARTESIAN_POINT('Ctrl Pts',(-21.352088975766,-7.05075545943197,15.4848484012293));
#7074=CARTESIAN_POINT('Origin',(0.,0.,16.12446738056));
#7075=CARTESIAN_POINT('',(-21.9969243527404,6.70461601323707,15.36246738056));
#7076=CARTESIAN_POINT('Ctrl Pts',(-21.9969243527404,6.70461601323707,15.36246738056));
#7077=CARTESIAN_POINT('Ctrl Pts',(-21.9969243527404,6.70461601323707,15.3923968309484));
#7078=CARTESIAN_POINT('Ctrl Pts',(-21.9965923388195,6.70571524871916,15.4227697704675));
#7079=CARTESIAN_POINT('Ctrl Pts',(-21.9959272360428,6.70790731410711,15.453390863105));
#7080=CARTESIAN_POINT('',(-21.9969243527404,6.70461601323707,13.76697475494));
#7081=CARTESIAN_POINT('',(-21.9969243527404,6.70461601323707,16.12446738056));
#7082=CARTESIAN_POINT('',(-22.0690766465889,6.46315811597725,13.51499205184));
#7083=CARTESIAN_POINT('Ctrl Pts',(-22.0690766465889,6.46315811597725,13.51499205184));
#7084=CARTESIAN_POINT('Ctrl Pts',(-22.0589092891836,6.49787553830303,13.51499205184));
#7085=CARTESIAN_POINT('Ctrl Pts',(-22.0423226735083,6.55397683627092,13.5280113551168));
#7086=CARTESIAN_POINT('Ctrl Pts',(-22.0193679753512,6.63065275634746,13.5789905313215));
#7087=CARTESIAN_POINT('Ctrl Pts',(-22.0022510978113,6.68716970986963,13.6520422756954));
#7088=CARTESIAN_POINT('Ctrl Pts',(-21.9969243527404,6.70461601323707,13.730822658882));
#7089=CARTESIAN_POINT('Ctrl Pts',(-21.9969243527404,6.70461601323707,13.76697475494));
#7090=CARTESIAN_POINT('',(-22.0711838698519,6.45595844536885,13.51499205184));
#7091=CARTESIAN_POINT('Ctrl Pts',(-22.0711838698519,6.45595844536885,13.51499205184));
#7092=CARTESIAN_POINT('Ctrl Pts',(-22.0704818535473,6.45835845011935,13.51499205184));
#7093=CARTESIAN_POINT('Ctrl Pts',(-22.0697794457805,6.46075834036471,13.51499205184));
#7094=CARTESIAN_POINT('Ctrl Pts',(-22.0690766465889,6.46315811597725,13.51499205184));
#7095=CARTESIAN_POINT('',(-22.0711838698519,-6.45595844536882,13.51499205184));
#7096=CARTESIAN_POINT('Origin',(0.,0.,13.51499205184));
#7097=CARTESIAN_POINT('',(-22.0690766465889,-6.46315811597722,13.51499205184));
#7098=CARTESIAN_POINT('Ctrl Pts',(-22.0690766465889,-6.46315811597722,13.51499205184));
#7099=CARTESIAN_POINT('Ctrl Pts',(-22.0697794457805,-6.46075834036468,13.51499205184));
#7100=CARTESIAN_POINT('Ctrl Pts',(-22.0704818535473,-6.45835845011931,13.51499205184));
#7101=CARTESIAN_POINT('Ctrl Pts',(-22.0711838698519,-6.45595844536882,13.51499205184));
#7102=CARTESIAN_POINT('',(-21.9969243527404,-6.70461601323704,13.76697475494));
#7103=CARTESIAN_POINT('Ctrl Pts',(-21.9969243527404,-6.70461601323703,13.76697475494));
#7104=CARTESIAN_POINT('Ctrl Pts',(-21.9969243527404,-6.70461601323703,13.7398606828965));
#7105=CARTESIAN_POINT('Ctrl Pts',(-21.9996656873727,-6.6956354746017,13.6822025364644));
#7106=CARTESIAN_POINT('Ctrl Pts',(-22.0134018735708,-6.65039844261868,13.5978795398706));
#7107=CARTESIAN_POINT('Ctrl Pts',(-22.0365324054184,-6.57353000819687,13.5335727024848));
#7108=CARTESIAN_POINT('Ctrl Pts',(-22.0589092891836,-6.49787553830299,13.51499205184));
#7109=CARTESIAN_POINT('Ctrl Pts',(-22.0690766465889,-6.46315811597722,13.51499205184));
#7110=CARTESIAN_POINT('',(-21.9969243527404,-6.70461601323704,16.12446738056));
#7111=CARTESIAN_POINT('',(-22.890142683491,-2.2040700520992,15.0313829851944));
#7112=CARTESIAN_POINT('',(-22.890142683491,-2.2040700520992,13.9694709709142));
#7113=CARTESIAN_POINT('',(-22.890142683491,-2.2040700520992,16.12446738056));
#7114=CARTESIAN_POINT('',(-22.890142683491,2.2040700520992,13.9694709709142));
#7115=CARTESIAN_POINT('Origin',(0.,0.,13.9694709709142));
#7116=CARTESIAN_POINT('',(-22.890142683491,2.2040700520992,15.0313829851944));
#7117=CARTESIAN_POINT('',(-22.890142683491,2.2040700520992,16.12446738056));
#7118=CARTESIAN_POINT('Origin',(0.,0.,15.0313829851944));
#7119=CARTESIAN_POINT('Ctrl Pts',(-21.3554778812214,7.04042877632015,15.36246738056));
#7120=CARTESIAN_POINT('Ctrl Pts',(-21.3554778812214,7.04042877632015,15.4453913000176));
#7121=CARTESIAN_POINT('Ctrl Pts',(-21.3462939909978,7.06844983025662,15.6227348458087));
#7122=CARTESIAN_POINT('Ctrl Pts',(-21.3007537337806,7.20514035249193,15.8768110588671));
#7123=CARTESIAN_POINT('Ctrl Pts',(-21.2217052280969,7.4361128249291,16.0700617390489));
#7124=CARTESIAN_POINT('Ctrl Pts',(-21.1421821343822,7.65766974576342,16.12446738056));
#7125=CARTESIAN_POINT('Ctrl Pts',(-21.1044073323765,7.760409030646,16.12446738056));
#7126=CARTESIAN_POINT('Ctrl Pts',(-21.5692933717277,6.92849118862579,15.36246738056));
#7127=CARTESIAN_POINT('Ctrl Pts',(-21.5692933717277,6.92849118862579,15.4644808521618));
#7128=CARTESIAN_POINT('Ctrl Pts',(-21.5583143432276,6.9632506317864,15.6826586054881));
#7129=CARTESIAN_POINT('Ctrl Pts',(-21.5034264983535,7.13330841604351,15.9956356192522));
#7130=CARTESIAN_POINT('Ctrl Pts',(-21.4068637395239,7.422063189227,16.2331082575966));
#7131=CARTESIAN_POINT('Ctrl Pts',(-21.3085484666845,7.69797119987851,16.2964088435502));
#7132=CARTESIAN_POINT('Ctrl Pts',(-21.2618875487741,7.82473131705027,16.2942062388193));
#7133=CARTESIAN_POINT('Ctrl Pts',(-21.7831088622341,6.81655360093143,15.36246738056));
#7134=CARTESIAN_POINT('Ctrl Pts',(-21.7831088622341,6.81655360093143,15.483570404306));
#7135=CARTESIAN_POINT('Ctrl Pts',(-21.7703346954573,6.85805143331617,15.7425823651674));
#7136=CARTESIAN_POINT('Ctrl Pts',(-21.7060992629264,7.0614764795951,16.1144601796373));
#7137=CARTESIAN_POINT('Ctrl Pts',(-21.5920222509509,7.4080135535249,16.3961547761443));
#7138=CARTESIAN_POINT('Ctrl Pts',(-21.4749147989867,7.73827265399359,16.4683503065404));
#7139=CARTESIAN_POINT('Ctrl Pts',(-21.4193677651717,7.88905360345454,16.4639450970786));
#7140=CARTESIAN_POINT('Ctrl Pts',(-21.9969243527404,6.70461601323707,15.36246738056));
#7141=CARTESIAN_POINT('Ctrl Pts',(-21.9969243527404,6.70461601323707,15.5026599564503));
#7142=CARTESIAN_POINT('Ctrl Pts',(-21.9823550476871,6.75285223484595,15.8025061248467));
#7143=CARTESIAN_POINT('Ctrl Pts',(-21.9087720274994,6.98964454314668,16.2332847400224));
#7144=CARTESIAN_POINT('Ctrl Pts',(-21.7771807623779,7.39396391782281,16.559201294692));
#7145=CARTESIAN_POINT('Ctrl Pts',(-21.641281131289,7.77857410810868,16.6402917695306));
#7146=CARTESIAN_POINT('Ctrl Pts',(-21.5768479815693,7.95337588985881,16.633683955338));
#7147=CARTESIAN_POINT('',(-21.1044073323765,7.760409030646,16.12446738056));
#7148=CARTESIAN_POINT('Ctrl Pts',(-21.1044073323765,7.760409030646,16.12446738056));
#7149=CARTESIAN_POINT('Ctrl Pts',(-21.1072076995988,7.75279263113658,16.12446737821));
#7150=CARTESIAN_POINT('Ctrl Pts',(-21.1101411461688,7.74517498537673,16.1244471379998));
#7151=CARTESIAN_POINT('Ctrl Pts',(-21.1132062476903,7.73755892612625,16.1244089268159));
#7152=CARTESIAN_POINT('Ctrl Pts',(-21.121792951082,7.71622297971917,16.1243018804097));
#7153=CARTESIAN_POINT('Ctrl Pts',(-21.1312607455484,7.69530266573838,16.124068612939));
#7154=CARTESIAN_POINT('Ctrl Pts',(-21.1415671452707,7.67478741550399,16.1238256262257));
#7155=CARTESIAN_POINT('Ctrl Pts',(-21.1524266906743,7.65317110938427,16.123569598387));
#7156=CARTESIAN_POINT('Ctrl Pts',(-21.1641575461144,7.63211891921871,16.1233034169969));
#7157=CARTESIAN_POINT('Ctrl Pts',(-21.176677770156,7.61156289851703,16.1230922597477));
#7158=CARTESIAN_POINT('Ctrl Pts',(-21.1836726864047,7.60007846798782,16.1229742884343));
#7159=CARTESIAN_POINT('Ctrl Pts',(-21.1909138498877,7.58874911008163,16.1228724146701));
#7160=CARTESIAN_POINT('Ctrl Pts',(-21.1983857004237,7.57756554723257,16.1227917709643));
#7161=CARTESIAN_POINT('Ctrl Pts',(-21.2125131199898,7.5564201985866,16.1226392936814));
#7162=CARTESIAN_POINT('Ctrl Pts',(-21.2274578856672,7.53582973327949,16.12257802635));
#7163=CARTESIAN_POINT('Ctrl Pts',(-21.2430559888389,7.51576621665126,16.1225910088292));
#7164=CARTESIAN_POINT('Ctrl Pts',(-21.2594850439908,7.49463386372367,16.1226046829191));
#7165=CARTESIAN_POINT('Ctrl Pts',(-21.2766387125976,7.47408620771238,16.1226988829094));
#7166=CARTESIAN_POINT('Ctrl Pts',(-21.2943075663661,7.45414422447569,16.12285022809));
#7167=CARTESIAN_POINT('Ctrl Pts',(-21.2972247059519,7.45085178969292,16.1228752152806));
#7168=CARTESIAN_POINT('Ctrl Pts',(-21.3001558558492,7.44757597176965,16.1229017873889));
#7169=CARTESIAN_POINT('Ctrl Pts',(-21.3031000377035,7.44431698576042,16.122929880959));
#7170=CARTESIAN_POINT('Ctrl Pts',(-21.3177889928815,7.42805742647243,16.1230700439016));
#7171=CARTESIAN_POINT('Ctrl Pts',(-21.3328033221306,7.4122138315082,16.1232466953117));
#7172=CARTESIAN_POINT('Ctrl Pts',(-21.3480387640759,7.39677211798267,16.1234561581524));
#7173=CARTESIAN_POINT('Ctrl Pts',(-21.3523593973873,7.39239298791973,16.1235155599164));
#7174=CARTESIAN_POINT('Ctrl Pts',(-21.3567391475413,7.38800455284255,16.1235784416454));
#7175=CARTESIAN_POINT('Ctrl Pts',(-21.3611814684739,7.38359849457513,16.1236401553888));
#7176=CARTESIAN_POINT('',(-21.3554778812214,7.04042877632015,15.36246738056));
#7177=CARTESIAN_POINT('Ctrl Pts',(-21.1044073323765,7.760409030646,16.12446738056));
#7178=CARTESIAN_POINT('Ctrl Pts',(-21.1421821343822,7.65766974576342,16.12446738056));
#7179=CARTESIAN_POINT('Ctrl Pts',(-21.2217052280969,7.4361128249291,16.0700617390489));
#7180=CARTESIAN_POINT('Ctrl Pts',(-21.3007537337806,7.20514035249193,15.8768110588671));
#7181=CARTESIAN_POINT('Ctrl Pts',(-21.3462939909978,7.06844983025662,15.6227348458087));
#7182=CARTESIAN_POINT('Ctrl Pts',(-21.3554778812214,7.04042877632015,15.4453913000176));
#7183=CARTESIAN_POINT('Ctrl Pts',(-21.3554778812214,7.04042877632015,15.36246738056));
#7184=CARTESIAN_POINT('',(-21.9969243527404,6.70461601323707,15.36246738056));
#7185=CARTESIAN_POINT('Origin',(0.,0.,16.12446738056));
#7186=CARTESIAN_POINT('',(-4.52935987940019,-10.6324316248326,16.12446738056));
#7187=CARTESIAN_POINT('Origin',(0.,0.,16.12446738056));
#7188=CARTESIAN_POINT('',(-7.76040903064597,21.1044073323765,16.12446738056));
#7189=CARTESIAN_POINT('Ctrl Pts',(-7.38434779168075,21.3609326639637,16.12446738056));
#7190=CARTESIAN_POINT('Ctrl Pts',(-7.44300864574927,21.3023034248797,16.12446738056));
#7191=CARTESIAN_POINT('Ctrl Pts',(-7.4995771601567,21.2539125510212,16.12446738056));
#7192=CARTESIAN_POINT('Ctrl Pts',(-7.59016487542267,21.189515044106,16.12446738056));
#7193=CARTESIAN_POINT('Ctrl Pts',(-7.62619476480504,21.1670484043122,16.1244673805595));
#7194=CARTESIAN_POINT('Ctrl Pts',(-7.68491221067644,21.1362979628894,16.1244673805595));
#7195=CARTESIAN_POINT('Ctrl Pts',(-7.70632291862826,21.1262020550802,16.12446738056));
#7196=CARTESIAN_POINT('Ctrl Pts',(-7.7388603490332,21.1125997358938,16.12446738056));
#7197=CARTESIAN_POINT('Ctrl Pts',(-7.74958969059855,21.1083853474911,16.12446738056));
#7198=CARTESIAN_POINT('Ctrl Pts',(-7.76040903064597,21.1044073323765,16.12446738056));
#7199=CARTESIAN_POINT('',(-4.38238733512733,10.156086994573,16.12446738056));
#7200=CARTESIAN_POINT('',(-10.6324316248326,4.52935987940019,16.12446738056));
#7201=CARTESIAN_POINT('Origin',(0.,0.,16.12446738056));
#7202=CARTESIAN_POINT('',(21.1044073323766,7.76040903064597,16.12446738056));
#7203=CARTESIAN_POINT('Ctrl Pts',(21.3609326639637,7.38434779168076,16.12446738056));
#7204=CARTESIAN_POINT('Ctrl Pts',(21.3023034248797,7.44300864574923,16.12446738056));
#7205=CARTESIAN_POINT('Ctrl Pts',(21.2539125510213,7.49957716015667,16.12446738056));
#7206=CARTESIAN_POINT('Ctrl Pts',(21.189515044106,7.59016487542272,16.12446738056));
#7207=CARTESIAN_POINT('Ctrl Pts',(21.1670484043122,7.62619476480506,16.1244673805595));
#7208=CARTESIAN_POINT('Ctrl Pts',(21.1362979628895,7.68491221067631,16.1244673805595));
#7209=CARTESIAN_POINT('Ctrl Pts',(21.1262020550802,7.70632291862819,16.12446738056));
#7210=CARTESIAN_POINT('Ctrl Pts',(21.1125997358938,7.73886034903323,16.12446738056));
#7211=CARTESIAN_POINT('Ctrl Pts',(21.1083853474911,7.74958969059858,16.12446738056));
#7212=CARTESIAN_POINT('Ctrl Pts',(21.1044073323766,7.76040903064596,16.12446738056));
#7213=CARTESIAN_POINT('',(10.156086994573,4.38238733512733,16.12446738056));
#7214=CARTESIAN_POINT('',(7.760409030646,21.1044073323765,16.12446738056));
#7215=CARTESIAN_POINT('',(4.52935987940019,10.6324316248327,16.12446738056));
#7216=CARTESIAN_POINT('Ctrl Pts',(7.760409030646,21.1044073323765,16.12446738056));
#7217=CARTESIAN_POINT('Ctrl Pts',(7.75344813107797,21.1069666903014,16.12446738056));
#7218=CARTESIAN_POINT('Ctrl Pts',(7.74652167693014,21.1096249231387,16.12446738056));
#7219=CARTESIAN_POINT('Ctrl Pts',(7.71887477498687,21.1206830116434,16.12446738056));
#7220=CARTESIAN_POINT('Ctrl Pts',(7.69853519380754,21.1298347514094,16.1244673805598));
#7221=CARTESIAN_POINT('Ctrl Pts',(7.64616452569066,21.15597527925,16.1244673805598));
#7222=CARTESIAN_POINT('Ctrl Pts',(7.61499353276008,21.1741578417278,16.12446738056));
#7223=CARTESIAN_POINT('Ctrl Pts',(7.52194617883607,21.2355462057339,16.12446738056));
#7224=CARTESIAN_POINT('Ctrl Pts',(7.4635379935989,21.2844557026884,16.12446738056));
#7225=CARTESIAN_POINT('Ctrl Pts',(7.40109179795529,21.3443647734902,16.12446738056));
#7226=CARTESIAN_POINT('Ctrl Pts',(7.39274438217398,21.3525405987783,16.12446738056));
#7227=CARTESIAN_POINT('Ctrl Pts',(7.38434779211988,21.3609326635248,16.12446738056));
#7228=CARTESIAN_POINT('Origin',(0.,0.,16.12446738056));
#7229=CARTESIAN_POINT('',(4.38238733512733,-10.156086994573,16.12446738056));
#7230=CARTESIAN_POINT('',(21.1044073323765,-7.760409030646,16.12446738056));
#7231=CARTESIAN_POINT('',(10.6324316248326,-4.52935987940019,16.12446738056));
#7232=CARTESIAN_POINT('Ctrl Pts',(21.1044073323765,-7.76040903064601,16.12446738056));
#7233=CARTESIAN_POINT('Ctrl Pts',(21.1069666903015,-7.75344813107794,16.12446738056));
#7234=CARTESIAN_POINT('Ctrl Pts',(21.1096249231387,-7.7465216769301,16.12446738056));
#7235=CARTESIAN_POINT('Ctrl Pts',(21.1206830116434,-7.71887477498688,16.12446738056));
#7236=CARTESIAN_POINT('Ctrl Pts',(21.1298347514094,-7.69853519380756,16.1244673805598));
#7237=CARTESIAN_POINT('Ctrl Pts',(21.15597527925,-7.64616452569066,16.1244673805598));
#7238=CARTESIAN_POINT('Ctrl Pts',(21.1741578417278,-7.61499353276009,16.12446738056));
#7239=CARTESIAN_POINT('Ctrl Pts',(21.2355462057339,-7.52194617883606,16.12446738056));
#7240=CARTESIAN_POINT('Ctrl Pts',(21.2844557026884,-7.46353799359888,16.12446738056));
#7241=CARTESIAN_POINT('Ctrl Pts',(21.3443647734902,-7.40109179795528,16.12446738056));
#7242=CARTESIAN_POINT('Ctrl Pts',(21.3525405987783,-7.39274438217398,16.12446738056));
#7243=CARTESIAN_POINT('Ctrl Pts',(21.3609326635248,-7.38434779211989,16.12446738056));
#7244=CARTESIAN_POINT('Origin',(0.,0.,14.2131854709642));
#7245=CARTESIAN_POINT('',(22.889539139647,-2.20401193743693,13.9694709709142));
#7246=CARTESIAN_POINT('',(22.4043541659736,-2.15729393812216,14.4568999710142));
#7247=CARTESIAN_POINT('',(22.6469466528103,-2.18065293777954,14.2131854709642));
#7248=CARTESIAN_POINT('',(22.8895391396471,2.20401193743692,13.9694709709142));
#7249=CARTESIAN_POINT('Origin',(0.,0.,13.9694709709142));
#7250=CARTESIAN_POINT('',(22.4043541659736,2.15729393812215,14.4568999710142));
#7251=CARTESIAN_POINT('',(22.6469466528103,2.18065293777954,14.2131854709642));
#7252=CARTESIAN_POINT('Origin',(0.,0.,14.4568999710142));
#7253=CARTESIAN_POINT('Origin',(22.7274177321184,-2.18840142141355,14.5004269780543));
#7254=CARTESIAN_POINT('',(22.4043541659736,-2.15729393812216,14.5439539850944));
#7255=CARTESIAN_POINT('',(22.4043541659736,-2.15729393812216,15.0313829851944));
#7256=CARTESIAN_POINT('',(22.8895391396471,-2.20401193743693,15.0313829851944));
#7257=CARTESIAN_POINT('',(22.6469466528103,-2.18065293777954,14.7876684851444));
#7258=CARTESIAN_POINT('',(22.890142683491,-2.20407005209921,15.0313829851944));
#7259=CARTESIAN_POINT('',(23.0504812982632,-2.21950890470493,15.0313829851944));
#7260=CARTESIAN_POINT('',(22.890142683491,-2.20407005209921,13.9694709709142));
#7261=CARTESIAN_POINT('',(22.890142683491,-2.20407005209921,16.12446738056));
#7262=CARTESIAN_POINT('',(22.4043541659736,-2.15729393812216,13.9694709709142));
#7263=CARTESIAN_POINT('Origin',(0.,0.,14.5004269780543));
#7264=CARTESIAN_POINT('',(22.4043541659736,2.15729393812215,14.5439539850944));
#7265=CARTESIAN_POINT('',(22.4043541659736,2.15729393812215,15.0313829851944));
#7266=CARTESIAN_POINT('Origin',(0.,0.,14.5439539850944));
#7267=CARTESIAN_POINT('Origin',(0.,0.,14.7876684851444));
#7268=CARTESIAN_POINT('',(22.8895391396471,2.20401193743692,15.0313829851944));
#7269=CARTESIAN_POINT('',(22.6469466528103,2.18065293777954,14.7876684851444));
#7270=CARTESIAN_POINT('Origin',(0.,0.,15.0313829851944));
#7271=CARTESIAN_POINT('Origin',(22.7274177321184,2.18840142141354,14.5004269780543));
#7272=CARTESIAN_POINT('',(22.890142683491,2.2040700520992,13.9694709709142));
#7273=CARTESIAN_POINT('',(22.4043541659736,2.15729393812215,13.9694709709142));
#7274=CARTESIAN_POINT('',(22.890142683491,2.2040700520992,15.0313829851944));
#7275=CARTESIAN_POINT('',(22.890142683491,2.2040700520992,16.12446738056));
#7276=CARTESIAN_POINT('',(23.0504812982632,2.21950890470493,15.0313829851944));
#7277=CARTESIAN_POINT('Origin',(0.,0.,14.2131854709642));
#7278=CARTESIAN_POINT('',(-2.20401193743692,-22.889539139647,13.9694709709142));
#7279=CARTESIAN_POINT('',(-2.15729393812216,-22.4043541659736,14.4568999710142));
#7280=CARTESIAN_POINT('',(-2.18065293777954,-22.6469466528103,14.2131854709642));
#7281=CARTESIAN_POINT('',(2.20401193743692,-22.8895391396471,13.9694709709142));
#7282=CARTESIAN_POINT('Origin',(0.,0.,13.9694709709142));
#7283=CARTESIAN_POINT('',(2.15729393812215,-22.4043541659736,14.4568999710142));
#7284=CARTESIAN_POINT('',(2.18065293777954,-22.6469466528103,14.2131854709642));
#7285=CARTESIAN_POINT('Origin',(0.,0.,14.4568999710142));
#7286=CARTESIAN_POINT('Origin',(-2.18840142141355,-22.7274177321184,14.5004269780543));
#7287=CARTESIAN_POINT('',(-2.15729393812216,-22.4043541659736,14.5439539850944));
#7288=CARTESIAN_POINT('',(-2.15729393812216,-22.4043541659736,15.0313829851944));
#7289=CARTESIAN_POINT('',(-2.20401193743692,-22.8895391396471,15.0313829851944));
#7290=CARTESIAN_POINT('',(-2.18065293777954,-22.6469466528103,14.7876684851444));
#7291=CARTESIAN_POINT('',(-2.21950890470493,-23.0504812982632,15.0313829851944));
#7292=CARTESIAN_POINT('',(-2.15729393812216,-22.4043541659736,13.9694709709142));
#7293=CARTESIAN_POINT('Origin',(0.,0.,14.5004269780543));
#7294=CARTESIAN_POINT('',(2.15729393812215,-22.4043541659736,14.5439539850944));
#7295=CARTESIAN_POINT('',(2.15729393812215,-22.4043541659736,15.0313829851944));
#7296=CARTESIAN_POINT('Origin',(0.,0.,14.5439539850944));
#7297=CARTESIAN_POINT('Origin',(0.,0.,14.7876684851444));
#7298=CARTESIAN_POINT('',(2.20401193743692,-22.8895391396471,15.0313829851944));
#7299=CARTESIAN_POINT('',(2.18065293777954,-22.6469466528103,14.7876684851444));
#7300=CARTESIAN_POINT('Origin',(0.,0.,15.0313829851944));
#7301=CARTESIAN_POINT('Origin',(2.18840142141354,-22.7274177321184,14.5004269780543));
#7302=CARTESIAN_POINT('',(2.15729393812215,-22.4043541659736,13.9694709709142));
#7303=CARTESIAN_POINT('',(2.21950890470493,-23.0504812982632,15.0313829851944));
#7304=CARTESIAN_POINT('Origin',(0.,0.,14.2131854709642));
#7305=CARTESIAN_POINT('',(-22.8895391396471,2.20401193743692,13.9694709709142));
#7306=CARTESIAN_POINT('',(-22.4043541659736,2.15729393812216,14.4568999710142));
#7307=CARTESIAN_POINT('',(-22.6469466528103,2.18065293777954,14.2131854709642));
#7308=CARTESIAN_POINT('',(-22.8895391396471,-2.20401193743692,13.9694709709142));
#7309=CARTESIAN_POINT('Origin',(0.,0.,13.9694709709142));
#7310=CARTESIAN_POINT('',(-22.4043541659736,-2.15729393812216,14.4568999710142));
#7311=CARTESIAN_POINT('',(-22.6469466528103,-2.18065293777954,14.2131854709642));
#7312=CARTESIAN_POINT('Origin',(0.,0.,14.4568999710142));
#7313=CARTESIAN_POINT('Origin',(-22.7274177321184,2.18840142141354,14.5004269780543));
#7314=CARTESIAN_POINT('',(-22.4043541659736,2.15729393812216,14.5439539850944));
#7315=CARTESIAN_POINT('',(-22.4043541659736,2.15729393812216,15.0313829851944));
#7316=CARTESIAN_POINT('',(-22.8895391396471,2.20401193743692,15.0313829851944));
#7317=CARTESIAN_POINT('',(-22.6469466528103,2.18065293777954,14.7876684851444));
#7318=CARTESIAN_POINT('',(-23.0504812982632,2.21950890470493,15.0313829851944));
#7319=CARTESIAN_POINT('',(-22.4043541659736,2.15729393812216,13.9694709709142));
#7320=CARTESIAN_POINT('Origin',(0.,0.,14.5004269780543));
#7321=CARTESIAN_POINT('',(-22.4043541659736,-2.15729393812216,14.5439539850944));
#7322=CARTESIAN_POINT('',(-22.4043541659736,-2.15729393812216,15.0313829851944));
#7323=CARTESIAN_POINT('Origin',(0.,0.,14.5439539850944));
#7324=CARTESIAN_POINT('Origin',(0.,0.,14.7876684851444));
#7325=CARTESIAN_POINT('',(-22.8895391396471,-2.20401193743692,15.0313829851944));
#7326=CARTESIAN_POINT('',(-22.6469466528103,-2.18065293777954,14.7876684851444));
#7327=CARTESIAN_POINT('Origin',(0.,0.,15.0313829851944));
#7328=CARTESIAN_POINT('Origin',(-22.7274177321184,-2.18840142141354,14.5004269780543));
#7329=CARTESIAN_POINT('',(-22.4043541659736,-2.15729393812216,13.9694709709142));
#7330=CARTESIAN_POINT('',(-23.0504812982632,-2.21950890470493,15.0313829851944));
#7331=CARTESIAN_POINT('Origin',(23.1570919560217,-4.25388878122544E-15,
15.0313829851944));
#7332=CARTESIAN_POINT('Origin',(0.,0.,15.0313829851944));
#7333=CARTESIAN_POINT('Origin',(22.5079764245886,-4.13464819254848E-15,
13.9694709709142));
#7334=CARTESIAN_POINT('Origin',(0.,0.,13.9694709709142));
#7335=CARTESIAN_POINT('Origin',(-2.83592585415029E-15,-23.1570919560217,
15.0313829851944));
#7336=CARTESIAN_POINT('Origin',(-2.75643212836565E-15,-22.5079764245886,
13.9694709709142));
#7337=CARTESIAN_POINT('Origin',(-23.1570919560217,1.41796292707515E-15,
15.0313829851944));
#7338=CARTESIAN_POINT('Origin',(-22.5079764245886,1.37821606418283E-15,
13.9694709709142));
#7339=CARTESIAN_POINT('Ctrl Pts',(21.1044073322772,7.76040903091614,16.12446738056));
#7340=CARTESIAN_POINT('Ctrl Pts',(21.1809583320252,7.55220688151274,16.1244673806435));
#7341=CARTESIAN_POINT('Ctrl Pts',(21.3116918834563,7.17618947189377,15.9413741592725));
#7342=CARTESIAN_POINT('Ctrl Pts',(21.3554778812214,7.04042877632012,15.5282892693408));
#7343=CARTESIAN_POINT('Ctrl Pts',(21.3554778812214,7.04042877632012,15.36246738056));
#7344=CARTESIAN_POINT('Ctrl Pts',(21.2618875486514,7.82473131738357,16.2942062388135));
#7345=CARTESIAN_POINT('Ctrl Pts',(21.3564463477857,7.5678507202142,16.2986698385988));
#7346=CARTESIAN_POINT('Ctrl Pts',(21.5174039317745,7.09649315062652,16.0758999531041));
#7347=CARTESIAN_POINT('Ctrl Pts',(21.5692933717277,6.92849118862576,15.5664623997625));
#7348=CARTESIAN_POINT('Ctrl Pts',(21.5692933717277,6.92849118862576,15.36246738056));
#7349=CARTESIAN_POINT('Ctrl Pts',(21.4193677650256,7.88905360385101,16.4639450970671));
#7350=CARTESIAN_POINT('Ctrl Pts',(21.5319343635462,7.58349455891567,16.4728722965542));
#7351=CARTESIAN_POINT('Ctrl Pts',(21.7231159800926,7.01679682935927,16.2104257469357));
#7352=CARTESIAN_POINT('Ctrl Pts',(21.7831088622341,6.8165536009314,15.6046355301841));
#7353=CARTESIAN_POINT('Ctrl Pts',(21.7831088622341,6.8165536009314,15.36246738056));
#7354=CARTESIAN_POINT('Ctrl Pts',(21.5768479813999,7.95337589031844,16.6336839553206));
#7355=CARTESIAN_POINT('Ctrl Pts',(21.7074223793066,7.59913839761713,16.6470747545095));
#7356=CARTESIAN_POINT('Ctrl Pts',(21.9288280284108,6.93710050809203,16.3449515407673));
#7357=CARTESIAN_POINT('Ctrl Pts',(21.9969243527404,6.70461601323704,15.6428086606058));
#7358=CARTESIAN_POINT('Ctrl Pts',(21.9969243527404,6.70461601323704,15.36246738056));
#7359=CARTESIAN_POINT('',(21.9969243527404,6.70461601323704,15.36246738056));
#7360=CARTESIAN_POINT('Ctrl Pts',(21.9959159148683,6.70803752471685,15.4533803562169));
#7361=CARTESIAN_POINT('Ctrl Pts',(21.9965877835165,6.70576507857619,15.4229163765935));
#7362=CARTESIAN_POINT('Ctrl Pts',(21.9969243527404,6.70461601323704,15.3925732247829));
#7363=CARTESIAN_POINT('Ctrl Pts',(21.9969243527404,6.70461601323704,15.36246738056));
#7364=CARTESIAN_POINT('',(21.3554778812214,7.04042877632012,15.36246738056));
#7365=CARTESIAN_POINT('',(21.9969243527404,6.70461601323704,15.36246738056));
#7366=CARTESIAN_POINT('Ctrl Pts',(21.3554778812214,7.04042877632012,15.36246738056));
#7367=CARTESIAN_POINT('Ctrl Pts',(21.3554778812214,7.04042877632012,15.5282892693408));
#7368=CARTESIAN_POINT('Ctrl Pts',(21.3116918834563,7.17618947189377,15.9413741592725));
#7369=CARTESIAN_POINT('Ctrl Pts',(21.1809583320252,7.55220688151274,16.1244673806435));
#7370=CARTESIAN_POINT('Ctrl Pts',(21.1044073322772,7.76040903091614,16.12446738056));
#7371=CARTESIAN_POINT('Origin',(21.6762011169809,6.87252239477858,16.12446738056));
#7372=CARTESIAN_POINT('',(21.9969243527404,6.70461601323703,13.76697475494));
#7373=CARTESIAN_POINT('',(21.3554778812214,7.04042877632012,13.76697475494));
#7374=CARTESIAN_POINT('',(21.9969243527404,6.70461601323703,13.76697475494));
#7375=CARTESIAN_POINT('',(21.3554778812214,7.04042877632012,16.12446738056));
#7376=CARTESIAN_POINT('',(21.9969243527404,6.70461601323703,16.12446738056));
#7377=CARTESIAN_POINT('Ctrl Pts',(21.3554778812214,7.04042877632012,13.76697475494));
#7378=CARTESIAN_POINT('Ctrl Pts',(21.3554778812214,7.04042877632012,13.6839326518342));
#7379=CARTESIAN_POINT('Ctrl Pts',(21.364652839611,7.01265223198365,13.5073365549431));
#7380=CARTESIAN_POINT('Ctrl Pts',(21.4095765010935,6.87464550067489,13.2522070510838));
#7381=CARTESIAN_POINT('Ctrl Pts',(21.4824310861549,6.64499022278269,13.0616235884765));
#7382=CARTESIAN_POINT('Ctrl Pts',(21.549567106401,6.42242474298353,13.0060391402445));
#7383=CARTESIAN_POINT('Ctrl Pts',(21.579617391354,6.3198148937586,13.0050100547903));
#7384=CARTESIAN_POINT('Ctrl Pts',(21.5692933717277,6.92849118862575,13.76697475494));
#7385=CARTESIAN_POINT('Ctrl Pts',(21.5692933717277,6.92849118862575,13.702575328855));
#7386=CARTESIAN_POINT('Ctrl Pts',(21.5763237888649,6.906979979523,13.5656252154502));
#7387=CARTESIAN_POINT('Ctrl Pts',(21.6108516252526,6.79989648132282,13.3674312140128));
#7388=CARTESIAN_POINT('Ctrl Pts',(21.6671315259094,6.62117015125408,13.2189399598126));
#7389=CARTESIAN_POINT('Ctrl Pts',(21.7193478339952,6.44757500809002,13.1756901107763));
#7390=CARTESIAN_POINT('Ctrl Pts',(21.7427704764323,6.36759596783147,13.1750040538068));
#7391=CARTESIAN_POINT('Ctrl Pts',(21.7831088622341,6.81655360093139,13.76697475494));
#7392=CARTESIAN_POINT('Ctrl Pts',(21.7831088622341,6.81655360093139,13.7212180058757));
#7393=CARTESIAN_POINT('Ctrl Pts',(21.7879947381188,6.80130772706235,13.6239138759573));
#7394=CARTESIAN_POINT('Ctrl Pts',(21.8121267494117,6.72514746197075,13.4826553769417));
#7395=CARTESIAN_POINT('Ctrl Pts',(21.8518319656639,6.59735007972547,13.3762563311487));
#7396=CARTESIAN_POINT('Ctrl Pts',(21.8891285615894,6.4727252731965,13.3453410813081));
#7397=CARTESIAN_POINT('Ctrl Pts',(21.9059235615106,6.41537704190434,13.3449980528234));
#7398=CARTESIAN_POINT('Ctrl Pts',(21.9969243527404,6.70461601323703,13.76697475494));
#7399=CARTESIAN_POINT('Ctrl Pts',(21.9969243527404,6.70461601323703,13.7398606828965));
#7400=CARTESIAN_POINT('Ctrl Pts',(21.9996656873727,6.6956354746017,13.6822025364644));
#7401=CARTESIAN_POINT('Ctrl Pts',(22.0134018735708,6.65039844261868,13.5978795398706));
#7402=CARTESIAN_POINT('Ctrl Pts',(22.0365324054184,6.57353000819687,13.5335727024848));
#7403=CARTESIAN_POINT('Ctrl Pts',(22.0589092891836,6.49787553830299,13.51499205184));
#7404=CARTESIAN_POINT('Ctrl Pts',(22.0690766465889,6.46315811597721,13.51499205184));
#7405=CARTESIAN_POINT('',(22.0690766465889,6.46315811597721,13.51499205184));
#7406=CARTESIAN_POINT('',(21.579617391354,6.3198148937586,13.0050100547903));
#7407=CARTESIAN_POINT('',(22.0690766465889,6.46315811597721,13.51499205184));
#7408=CARTESIAN_POINT('Ctrl Pts',(21.579617391354,6.3198148937586,13.0050100547903));
#7409=CARTESIAN_POINT('Ctrl Pts',(21.549567106401,6.42242474298353,13.0060391402445));
#7410=CARTESIAN_POINT('Ctrl Pts',(21.4824310861549,6.64499022278269,13.0616235884765));
#7411=CARTESIAN_POINT('Ctrl Pts',(21.4095765010935,6.87464550067489,13.2522070510838));
#7412=CARTESIAN_POINT('Ctrl Pts',(21.364652839611,7.01265223198365,13.5073365549431));
#7413=CARTESIAN_POINT('Ctrl Pts',(21.3554778812214,7.04042877632012,13.6839326518342));
#7414=CARTESIAN_POINT('Ctrl Pts',(21.3554778812214,7.04042877632012,13.76697475494));
#7415=CARTESIAN_POINT('Ctrl Pts',(21.9969243527404,6.70461601323703,13.76697475494));
#7416=CARTESIAN_POINT('Ctrl Pts',(21.9969243527404,6.70461601323703,13.7398606828965));
#7417=CARTESIAN_POINT('Ctrl Pts',(21.9996656873727,6.6956354746017,13.6822025364644));
#7418=CARTESIAN_POINT('Ctrl Pts',(22.0134018735708,6.65039844261868,13.5978795398706));
#7419=CARTESIAN_POINT('Ctrl Pts',(22.0365324054184,6.57353000819687,13.5335727024848));
#7420=CARTESIAN_POINT('Ctrl Pts',(22.0589092891836,6.49787553830299,13.51499205184));
#7421=CARTESIAN_POINT('Ctrl Pts',(22.0690766465889,6.46315811597721,13.51499205184));
#7422=CARTESIAN_POINT('Origin',(0.,0.,13.25998340339));
#7423=CARTESIAN_POINT('',(21.5816778783706,6.31277490077976,13.00497475494));
#7424=CARTESIAN_POINT('',(22.0711838698519,6.45595844536882,13.51499205184));
#7425=CARTESIAN_POINT('',(21.5816778783706,6.31277490077976,13.00497475494));
#7426=CARTESIAN_POINT('',(22.0711838698519,-6.45595844536886,13.51499205184));
#7427=CARTESIAN_POINT('Origin',(0.,0.,13.51499205184));
#7428=CARTESIAN_POINT('',(21.5816778783706,-6.31277490077979,13.00497475494));
#7429=CARTESIAN_POINT('',(22.0711838698519,-6.45595844536886,13.51499205184));
#7430=CARTESIAN_POINT('Origin',(0.,0.,13.00497475494));
#7431=CARTESIAN_POINT('Ctrl Pts',(21.579617391354,6.3198148937586,13.0050100547903));
#7432=CARTESIAN_POINT('Ctrl Pts',(21.580304601943,6.31746834113766,13.0049865209561));
#7433=CARTESIAN_POINT('Ctrl Pts',(21.5809914317422,6.31512167699879,13.00497475494));
#7434=CARTESIAN_POINT('Ctrl Pts',(21.5816778783706,6.31277490077975,13.00497475494));
#7435=CARTESIAN_POINT('Ctrl Pts',(21.7427704764323,6.36759596783148,13.1750040538068));
#7436=CARTESIAN_POINT('Ctrl Pts',(21.7434628832222,6.36523167421333,13.1749883645841));
#7437=CARTESIAN_POINT('Ctrl Pts',(21.7441549056773,6.36286726803896,13.1749805205733));
#7438=CARTESIAN_POINT('Ctrl Pts',(21.7448465421977,6.36050274897611,13.1749805205733));
#7439=CARTESIAN_POINT('Ctrl Pts',(21.9059235615106,6.41537704190434,13.3449980528234));
#7440=CARTESIAN_POINT('Ctrl Pts',(21.9066211645013,6.412995007289,13.344990208212));
#7441=CARTESIAN_POINT('Ctrl Pts',(21.9073183796123,6.41061285907913,13.3449862862066));
#7442=CARTESIAN_POINT('Ctrl Pts',(21.9080152060248,6.40823059717246,13.3449862862066));
#7443=CARTESIAN_POINT('Ctrl Pts',(22.0690766465889,6.46315811597721,13.51499205184));
#7444=CARTESIAN_POINT('Ctrl Pts',(22.0697794457805,6.46075834036467,13.51499205184));
#7445=CARTESIAN_POINT('Ctrl Pts',(22.0704818535473,6.45835845011931,13.51499205184));
#7446=CARTESIAN_POINT('Ctrl Pts',(22.0711838698519,6.45595844536882,13.51499205184));
#7447=CARTESIAN_POINT('Ctrl Pts',(21.5816778783706,6.31277490077975,13.00497475494));
#7448=CARTESIAN_POINT('Ctrl Pts',(21.5809914317422,6.31512167699879,13.00497475494));
#7449=CARTESIAN_POINT('Ctrl Pts',(21.580304601943,6.31746834113766,13.0049865209561));
#7450=CARTESIAN_POINT('Ctrl Pts',(21.579617391354,6.3198148937586,13.0050100547903));
#7451=CARTESIAN_POINT('Ctrl Pts',(22.0690766465889,6.46315811597721,13.51499205184));
#7452=CARTESIAN_POINT('Ctrl Pts',(22.0697794457805,6.46075834036467,13.51499205184));
#7453=CARTESIAN_POINT('Ctrl Pts',(22.0704818535473,6.45835845011931,13.51499205184));
#7454=CARTESIAN_POINT('Ctrl Pts',(22.0711838698519,6.45595844536882,13.51499205184));
#7455=CARTESIAN_POINT('Ctrl Pts',(21.579617391354,-6.31981489375864,13.0050100547903));
#7456=CARTESIAN_POINT('Ctrl Pts',(21.549567106401,-6.42242474298357,13.0060391402445));
#7457=CARTESIAN_POINT('Ctrl Pts',(21.4998289696033,-6.58750950724003,13.0450888616286));
#7458=CARTESIAN_POINT('Ctrl Pts',(21.4286197735305,-6.81530980466996,13.1962434604081));
#7459=CARTESIAN_POINT('Ctrl Pts',(21.3733330852532,-6.98640306039975,13.4151950936536));
#7460=CARTESIAN_POINT('Ctrl Pts',(21.3554778812214,-7.04042877632015,13.656251950799));
#7461=CARTESIAN_POINT('Ctrl Pts',(21.3554778812214,-7.04042877632015,13.76697475494));
#7462=CARTESIAN_POINT('Ctrl Pts',(21.7427704764323,-6.36759596783151,13.1750040538068));
#7463=CARTESIAN_POINT('Ctrl Pts',(21.7193478339952,-6.44757500809006,13.1756901107763));
#7464=CARTESIAN_POINT('Ctrl Pts',(21.6806602042383,-6.57633195025033,13.2060630261247));
#7465=CARTESIAN_POINT('Ctrl Pts',(21.6255358408041,-6.75375745522913,13.3238258173792));
#7466=CARTESIAN_POINT('Ctrl Pts',(21.5829724227726,-6.88665861022304,13.4941441543342));
#7467=CARTESIAN_POINT('Ctrl Pts',(21.5692933717277,-6.92849118862579,13.6811088534933));
#7468=CARTESIAN_POINT('Ctrl Pts',(21.5692933717277,-6.92849118862579,13.76697475494));
#7469=CARTESIAN_POINT('Ctrl Pts',(21.9059235615106,-6.41537704190438,13.3449980528234));
#7470=CARTESIAN_POINT('Ctrl Pts',(21.8891285615894,-6.47272527319654,13.3453410813081));
#7471=CARTESIAN_POINT('Ctrl Pts',(21.8614914388733,-6.56515439326063,13.3670371906207));
#7472=CARTESIAN_POINT('Ctrl Pts',(21.8224519080777,-6.6922051057883,13.4514081743504));
#7473=CARTESIAN_POINT('Ctrl Pts',(21.7926117602919,-6.78691416004634,13.5730932150148));
#7474=CARTESIAN_POINT('Ctrl Pts',(21.7831088622341,-6.81655360093143,13.7059657561877));
#7475=CARTESIAN_POINT('Ctrl Pts',(21.7831088622341,-6.81655360093143,13.76697475494));
#7476=CARTESIAN_POINT('Ctrl Pts',(22.0690766465889,-6.46315811597726,13.51499205184));
#7477=CARTESIAN_POINT('Ctrl Pts',(22.0589092891836,-6.49787553830303,13.51499205184));
#7478=CARTESIAN_POINT('Ctrl Pts',(22.0423226735083,-6.55397683627093,13.5280113551168));
#7479=CARTESIAN_POINT('Ctrl Pts',(22.0193679753512,-6.63065275634746,13.5789905313215));
#7480=CARTESIAN_POINT('Ctrl Pts',(22.0022510978113,-6.68716970986963,13.6520422756954));
#7481=CARTESIAN_POINT('Ctrl Pts',(21.9969243527404,-6.70461601323707,13.730822658882));
#7482=CARTESIAN_POINT('Ctrl Pts',(21.9969243527404,-6.70461601323707,13.76697475494));
#7483=CARTESIAN_POINT('',(21.9969243527404,-6.70461601323707,13.76697475494));
#7484=CARTESIAN_POINT('',(21.3554778812214,-7.04042877632015,13.76697475494));
#7485=CARTESIAN_POINT('',(21.9969243527404,-6.70461601323707,13.76697475494));
#7486=CARTESIAN_POINT('',(21.579617391354,-6.31981489375864,13.0050100547903));
#7487=CARTESIAN_POINT('Ctrl Pts',(21.3554778812214,-7.04042877632015,13.76697475494));
#7488=CARTESIAN_POINT('Ctrl Pts',(21.3554778812214,-7.04042877632015,13.656251950799));
#7489=CARTESIAN_POINT('Ctrl Pts',(21.3733330852532,-6.98640306039975,13.4151950936536));
#7490=CARTESIAN_POINT('Ctrl Pts',(21.4286197735305,-6.81530980466996,13.1962434604081));
#7491=CARTESIAN_POINT('Ctrl Pts',(21.4998289696033,-6.58750950724003,13.0450888616286));
#7492=CARTESIAN_POINT('Ctrl Pts',(21.549567106401,-6.42242474298357,13.0060391402445));
#7493=CARTESIAN_POINT('Ctrl Pts',(21.579617391354,-6.31981489375864,13.0050100547903));
#7494=CARTESIAN_POINT('',(22.0690766465889,-6.46315811597726,13.51499205184));
#7495=CARTESIAN_POINT('',(21.579617391354,-6.31981489375864,13.0050100547903));
#7496=CARTESIAN_POINT('Ctrl Pts',(22.0690766465889,-6.46315811597726,13.51499205184));
#7497=CARTESIAN_POINT('Ctrl Pts',(22.0589092891836,-6.49787553830303,13.51499205184));
#7498=CARTESIAN_POINT('Ctrl Pts',(22.0423226735083,-6.55397683627093,13.5280113551168));
#7499=CARTESIAN_POINT('Ctrl Pts',(22.0193679753512,-6.63065275634746,13.5789905313215));
#7500=CARTESIAN_POINT('Ctrl Pts',(22.0022510978113,-6.68716970986963,13.6520422756954));
#7501=CARTESIAN_POINT('Ctrl Pts',(21.9969243527404,-6.70461601323707,13.730822658882));
#7502=CARTESIAN_POINT('Ctrl Pts',(21.9969243527404,-6.70461601323707,13.76697475494));
#7503=CARTESIAN_POINT('Origin',(21.6762011169809,-6.87252239477861,16.12446738056));
#7504=CARTESIAN_POINT('',(21.9969243527404,-6.70461601323707,15.36246738056));
#7505=CARTESIAN_POINT('',(21.9969243527404,-6.70461601323707,16.12446738056));
#7506=CARTESIAN_POINT('',(21.3554778812214,-7.04042877632015,15.36246738056));
#7507=CARTESIAN_POINT('',(21.9969243527404,-6.70461601323707,15.36246738056));
#7508=CARTESIAN_POINT('',(21.3554778812214,-7.04042877632015,16.12446738056));
#7509=CARTESIAN_POINT('Ctrl Pts',(21.3554778812214,-7.04042877632015,15.36246738056));
#7510=CARTESIAN_POINT('Ctrl Pts',(21.3554778812214,-7.04042877632015,15.5282892692998));
#7511=CARTESIAN_POINT('Ctrl Pts',(21.3116918834789,-7.1761894718228,15.9413741591366));
#7512=CARTESIAN_POINT('Ctrl Pts',(21.1809583320928,-7.55220688132122,16.12446738056));
#7513=CARTESIAN_POINT('Ctrl Pts',(21.1044073323765,-7.76040903064601,16.12446738056));
#7514=CARTESIAN_POINT('Ctrl Pts',(21.5692933717277,-6.92849118862579,15.36246738056));
#7515=CARTESIAN_POINT('Ctrl Pts',(21.5692933717277,-6.92849118862579,15.566462399712));
#7516=CARTESIAN_POINT('Ctrl Pts',(21.5174039318012,-7.0964931505384,16.0758999529353));
#7517=CARTESIAN_POINT('Ctrl Pts',(21.3564463478693,-7.56785071997404,16.2986698384989));
#7518=CARTESIAN_POINT('Ctrl Pts',(21.2618875487741,-7.82473131705028,16.2942062388193));
#7519=CARTESIAN_POINT('Ctrl Pts',(21.7831088622341,-6.81655360093143,15.36246738056));
#7520=CARTESIAN_POINT('Ctrl Pts',(21.7831088622341,-6.81655360093143,15.6046355301242));
#7521=CARTESIAN_POINT('Ctrl Pts',(21.7231159801235,-7.01679682925399,16.210425746734));
#7522=CARTESIAN_POINT('Ctrl Pts',(21.5319343636459,-7.58349455862686,16.4728722964378));
#7523=CARTESIAN_POINT('Ctrl Pts',(21.4193677651717,-7.88905360345455,16.4639450970786));
#7524=CARTESIAN_POINT('Ctrl Pts',(21.9969243527404,-6.70461601323707,15.36246738056));
#7525=CARTESIAN_POINT('Ctrl Pts',(21.9969243527404,-6.70461601323707,15.6428086605364));
#7526=CARTESIAN_POINT('Ctrl Pts',(21.9288280284457,-6.93710050796959,16.3449515405327));
#7527=CARTESIAN_POINT('Ctrl Pts',(21.7074223794225,-7.59913839727968,16.6470747543767));
#7528=CARTESIAN_POINT('Ctrl Pts',(21.5768479815693,-7.95337588985881,16.633683955338));
#7529=CARTESIAN_POINT('Ctrl Pts',(21.1044073323765,-7.76040903064601,16.12446738056));
#7530=CARTESIAN_POINT('Ctrl Pts',(21.1809583320928,-7.55220688132122,16.12446738056));
#7531=CARTESIAN_POINT('Ctrl Pts',(21.3116918834789,-7.1761894718228,15.9413741591366));
#7532=CARTESIAN_POINT('Ctrl Pts',(21.3554778812214,-7.04042877632015,15.5282892692998));
#7533=CARTESIAN_POINT('Ctrl Pts',(21.3554778812214,-7.04042877632015,15.36246738056));
#7534=CARTESIAN_POINT('Ctrl Pts',(21.9969243527404,-6.70461601323707,15.36246738056));
#7535=CARTESIAN_POINT('Ctrl Pts',(21.9969243527404,-6.70461601323707,15.3925732247828));
#7536=CARTESIAN_POINT('Ctrl Pts',(21.9965877835165,-6.70576507857618,15.4229163765934));
#7537=CARTESIAN_POINT('Ctrl Pts',(21.9959159148683,-6.70803752471678,15.4533803562169));
#7538=CARTESIAN_POINT('Ctrl Pts',(21.5816778783706,-6.31277490077979,13.00497475494));
#7539=CARTESIAN_POINT('Ctrl Pts',(21.5809914317422,-6.31512167699883,13.00497475494));
#7540=CARTESIAN_POINT('Ctrl Pts',(21.580304601943,-6.3174683411377,13.0049865209561));
#7541=CARTESIAN_POINT('Ctrl Pts',(21.579617391354,-6.31981489375864,13.0050100547903));
#7542=CARTESIAN_POINT('Ctrl Pts',(21.7448465421977,-6.36050274897615,13.1749805205733));
#7543=CARTESIAN_POINT('Ctrl Pts',(21.7441549056772,-6.362867268039,13.1749805205733));
#7544=CARTESIAN_POINT('Ctrl Pts',(21.7434628832221,-6.36523167421337,13.1749883645841));
#7545=CARTESIAN_POINT('Ctrl Pts',(21.7427704764323,-6.36759596783152,13.1750040538068));
#7546=CARTESIAN_POINT('Ctrl Pts',(21.9080152060248,-6.4082305971725,13.3449862862066));
#7547=CARTESIAN_POINT('Ctrl Pts',(21.9073183796123,-6.41061285907917,13.3449862862066));
#7548=CARTESIAN_POINT('Ctrl Pts',(21.9066211645013,-6.41299500728904,13.344990208212));
#7549=CARTESIAN_POINT('Ctrl Pts',(21.9059235615106,-6.41537704190439,13.3449980528234));
#7550=CARTESIAN_POINT('Ctrl Pts',(22.0711838698519,-6.45595844536886,13.51499205184));
#7551=CARTESIAN_POINT('Ctrl Pts',(22.0704818535473,-6.45835845011935,13.51499205184));
#7552=CARTESIAN_POINT('Ctrl Pts',(22.0697794457805,-6.46075834036472,13.51499205184));
#7553=CARTESIAN_POINT('Ctrl Pts',(22.0690766465889,-6.46315811597726,13.51499205184));
#7554=CARTESIAN_POINT('Ctrl Pts',(21.579617391354,-6.31981489375864,13.0050100547903));
#7555=CARTESIAN_POINT('Ctrl Pts',(21.580304601943,-6.3174683411377,13.0049865209561));
#7556=CARTESIAN_POINT('Ctrl Pts',(21.5809914317422,-6.31512167699883,13.00497475494));
#7557=CARTESIAN_POINT('Ctrl Pts',(21.5816778783706,-6.31277490077979,13.00497475494));
#7558=CARTESIAN_POINT('Ctrl Pts',(22.0711838698519,-6.45595844536886,13.51499205184));
#7559=CARTESIAN_POINT('Ctrl Pts',(22.0704818535473,-6.45835845011935,13.51499205184));
#7560=CARTESIAN_POINT('Ctrl Pts',(22.0697794457805,-6.46075834036472,13.51499205184));
#7561=CARTESIAN_POINT('Ctrl Pts',(22.0690766465889,-6.46315811597726,13.51499205184));
#7562=CARTESIAN_POINT('Origin',(20.6177898948832,6.01537453069492,13.76697475494));
#7563=CARTESIAN_POINT('',(20.6177898948832,6.01537453069492,13.00497475494));
#7564=CARTESIAN_POINT('',(20.3931310613356,6.74350392064498,13.76697475494));
#7565=CARTESIAN_POINT('Origin',(21.9310975752361,-1.84615765872222E-14,
13.00497475494));
#7566=CARTESIAN_POINT('',(21.0941345251428,-6.16234707496779,13.00497475494));
#7567=CARTESIAN_POINT('Origin',(21.0941345251428,-6.16234707496779,13.76697475494));
#7568=CARTESIAN_POINT('',(20.8694756915953,-6.89047646491785,13.76697475494));
#7569=CARTESIAN_POINT('Origin',(21.8413385343663,-7.19033741770831,16.12446738056));
#7570=CARTESIAN_POINT('',(10.8570904583802,-3.80123048945013,15.36246738056));
#7571=CARTESIAN_POINT('Origin',(10.6324316248326,-4.52935987940019,15.36246738056));
#7572=CARTESIAN_POINT('Origin',(6.87252239477858,-21.6762011169809,16.12446738056));
#7573=CARTESIAN_POINT('',(7.04042877632012,-21.3554778812214,13.76697475494));
#7574=CARTESIAN_POINT('',(6.70461601323703,-21.9969243527404,13.76697475494));
#7575=CARTESIAN_POINT('',(7.04042877632012,-21.3554778812214,16.12446738056));
#7576=CARTESIAN_POINT('Ctrl Pts',(7.04042877632012,-21.3554778812214,13.76697475494));
#7577=CARTESIAN_POINT('Ctrl Pts',(7.04042877632012,-21.3554778812214,13.6839326518342));
#7578=CARTESIAN_POINT('Ctrl Pts',(7.01265223198366,-21.3646528396111,13.5073365549431));
#7579=CARTESIAN_POINT('Ctrl Pts',(6.87464550067489,-21.4095765010935,13.2522070510838));
#7580=CARTESIAN_POINT('Ctrl Pts',(6.64499022278269,-21.4824310861549,13.0616235884765));
#7581=CARTESIAN_POINT('Ctrl Pts',(6.42242474298353,-21.549567106401,13.0060391402445));
#7582=CARTESIAN_POINT('Ctrl Pts',(6.3198148937586,-21.579617391354,13.0050100547903));
#7583=CARTESIAN_POINT('Ctrl Pts',(6.92849118862576,-21.5692933717277,13.76697475494));
#7584=CARTESIAN_POINT('Ctrl Pts',(6.92849118862576,-21.5692933717277,13.702575328855));
#7585=CARTESIAN_POINT('Ctrl Pts',(6.90697997952301,-21.5763237888649,13.5656252154502));
#7586=CARTESIAN_POINT('Ctrl Pts',(6.79989648132282,-21.6108516252526,13.3674312140128));
#7587=CARTESIAN_POINT('Ctrl Pts',(6.62117015125409,-21.6671315259094,13.2189399598126));
#7588=CARTESIAN_POINT('Ctrl Pts',(6.44757500809002,-21.7193478339952,13.1756901107763));
#7589=CARTESIAN_POINT('Ctrl Pts',(6.36759596783147,-21.7427704764323,13.1750040538068));
#7590=CARTESIAN_POINT('Ctrl Pts',(6.81655360093139,-21.7831088622341,13.76697475494));
#7591=CARTESIAN_POINT('Ctrl Pts',(6.81655360093139,-21.7831088622341,13.7212180058757));
#7592=CARTESIAN_POINT('Ctrl Pts',(6.80130772706236,-21.7879947381188,13.6239138759573));
#7593=CARTESIAN_POINT('Ctrl Pts',(6.72514746197075,-21.8121267494117,13.4826553769417));
#7594=CARTESIAN_POINT('Ctrl Pts',(6.59735007972548,-21.8518319656639,13.3762563311487));
#7595=CARTESIAN_POINT('Ctrl Pts',(6.4727252731965,-21.8891285615894,13.3453410813081));
#7596=CARTESIAN_POINT('Ctrl Pts',(6.41537704190435,-21.9059235615106,13.3449980528234));
#7597=CARTESIAN_POINT('Ctrl Pts',(6.70461601323703,-21.9969243527404,13.76697475494));
#7598=CARTESIAN_POINT('Ctrl Pts',(6.70461601323703,-21.9969243527404,13.7398606828965));
#7599=CARTESIAN_POINT('Ctrl Pts',(6.69563547460171,-21.9996656873727,13.6822025364645));
#7600=CARTESIAN_POINT('Ctrl Pts',(6.65039844261868,-22.0134018735708,13.5978795398706));
#7601=CARTESIAN_POINT('Ctrl Pts',(6.57353000819687,-22.0365324054184,13.5335727024848));
#7602=CARTESIAN_POINT('Ctrl Pts',(6.49787553830299,-22.0589092891836,13.51499205184));
#7603=CARTESIAN_POINT('Ctrl Pts',(6.46315811597722,-22.0690766465889,13.51499205184));
#7604=CARTESIAN_POINT('',(6.31981489375861,-21.579617391354,13.0050100547903));
#7605=CARTESIAN_POINT('',(6.46315811597722,-22.0690766465889,13.51499205184));
#7606=CARTESIAN_POINT('Ctrl Pts',(6.3198148937586,-21.579617391354,13.0050100547903));
#7607=CARTESIAN_POINT('Ctrl Pts',(6.42242474298353,-21.549567106401,13.0060391402445));
#7608=CARTESIAN_POINT('Ctrl Pts',(6.64499022278269,-21.4824310861549,13.0616235884765));
#7609=CARTESIAN_POINT('Ctrl Pts',(6.87464550067489,-21.4095765010935,13.2522070510838));
#7610=CARTESIAN_POINT('Ctrl Pts',(7.01265223198366,-21.3646528396111,13.5073365549431));
#7611=CARTESIAN_POINT('Ctrl Pts',(7.04042877632012,-21.3554778812214,13.6839326518342));
#7612=CARTESIAN_POINT('Ctrl Pts',(7.04042877632012,-21.3554778812214,13.76697475494));
#7613=CARTESIAN_POINT('Origin',(0.,0.,13.25998340339));
#7614=CARTESIAN_POINT('',(6.31277490077976,-21.5816778783706,13.00497475494));
#7615=CARTESIAN_POINT('',(6.31277490077976,-21.5816778783706,13.00497475494));
#7616=CARTESIAN_POINT('',(-6.31277490077979,-21.5816778783706,13.00497475494));
#7617=CARTESIAN_POINT('',(-6.45595844536886,-22.0711838698519,13.51499205184));
#7618=CARTESIAN_POINT('Origin',(0.,0.,13.00497475494));
#7619=CARTESIAN_POINT('Ctrl Pts',(6.31981489375861,-21.579617391354,13.0050100547903));
#7620=CARTESIAN_POINT('Ctrl Pts',(6.31746834113766,-21.580304601943,13.0049865209561));
#7621=CARTESIAN_POINT('Ctrl Pts',(6.31512167699879,-21.5809914317422,13.00497475494));
#7622=CARTESIAN_POINT('Ctrl Pts',(6.31277490077976,-21.5816778783706,13.00497475494));
#7623=CARTESIAN_POINT('Ctrl Pts',(6.36759596783148,-21.7427704764323,13.1750040538068));
#7624=CARTESIAN_POINT('Ctrl Pts',(6.36523167421333,-21.7434628832222,13.1749883645841));
#7625=CARTESIAN_POINT('Ctrl Pts',(6.36286726803896,-21.7441549056773,13.1749805205733));
#7626=CARTESIAN_POINT('Ctrl Pts',(6.36050274897611,-21.7448465421977,13.1749805205733));
#7627=CARTESIAN_POINT('Ctrl Pts',(6.41537704190435,-21.9059235615106,13.3449980528234));
#7628=CARTESIAN_POINT('Ctrl Pts',(6.412995007289,-21.9066211645013,13.344990208212));
#7629=CARTESIAN_POINT('Ctrl Pts',(6.41061285907914,-21.9073183796123,13.3449862862066));
#7630=CARTESIAN_POINT('Ctrl Pts',(6.40823059717246,-21.9080152060248,13.3449862862066));
#7631=CARTESIAN_POINT('Ctrl Pts',(6.46315811597722,-22.0690766465889,13.51499205184));
#7632=CARTESIAN_POINT('Ctrl Pts',(6.46075834036468,-22.0697794457805,13.51499205184));
#7633=CARTESIAN_POINT('Ctrl Pts',(6.45835845011931,-22.0704818535473,13.51499205184));
#7634=CARTESIAN_POINT('Ctrl Pts',(6.45595844536882,-22.0711838698519,13.51499205184));
#7635=CARTESIAN_POINT('Ctrl Pts',(6.31277490077976,-21.5816778783706,13.00497475494));
#7636=CARTESIAN_POINT('Ctrl Pts',(6.31512167699879,-21.5809914317422,13.00497475494));
#7637=CARTESIAN_POINT('Ctrl Pts',(6.31746834113766,-21.580304601943,13.0049865209561));
#7638=CARTESIAN_POINT('Ctrl Pts',(6.31981489375861,-21.579617391354,13.0050100547903));
#7639=CARTESIAN_POINT('Ctrl Pts',(-6.31981489375864,-21.579617391354,13.0050100547903));
#7640=CARTESIAN_POINT('Ctrl Pts',(-6.42242474298357,-21.549567106401,13.0060391402445));
#7641=CARTESIAN_POINT('Ctrl Pts',(-6.58750950724003,-21.4998289696034,13.0450888616286));
#7642=CARTESIAN_POINT('Ctrl Pts',(-6.81530980466996,-21.4286197735306,13.1962434604081));
#7643=CARTESIAN_POINT('Ctrl Pts',(-6.98640306039974,-21.3733330852532,13.4151950936536));
#7644=CARTESIAN_POINT('Ctrl Pts',(-7.04042877632015,-21.3554778812214,13.656251950799));
#7645=CARTESIAN_POINT('Ctrl Pts',(-7.04042877632015,-21.3554778812214,13.76697475494));
#7646=CARTESIAN_POINT('Ctrl Pts',(-6.36759596783151,-21.7427704764323,13.1750040538068));
#7647=CARTESIAN_POINT('Ctrl Pts',(-6.44757500809006,-21.7193478339952,13.1756901107763));
#7648=CARTESIAN_POINT('Ctrl Pts',(-6.57633195025033,-21.6806602042384,13.2060630261247));
#7649=CARTESIAN_POINT('Ctrl Pts',(-6.75375745522913,-21.6255358408041,13.3238258173792));
#7650=CARTESIAN_POINT('Ctrl Pts',(-6.88665861022304,-21.5829724227726,13.4941441543342));
#7651=CARTESIAN_POINT('Ctrl Pts',(-6.92849118862579,-21.5692933717277,13.6811088534933));
#7652=CARTESIAN_POINT('Ctrl Pts',(-6.92849118862579,-21.5692933717277,13.76697475494));
#7653=CARTESIAN_POINT('Ctrl Pts',(-6.41537704190438,-21.9059235615106,13.3449980528234));
#7654=CARTESIAN_POINT('Ctrl Pts',(-6.47272527319654,-21.8891285615894,13.3453410813081));
#7655=CARTESIAN_POINT('Ctrl Pts',(-6.56515439326062,-21.8614914388734,13.3670371906207));
#7656=CARTESIAN_POINT('Ctrl Pts',(-6.6922051057883,-21.8224519080777,13.4514081743504));
#7657=CARTESIAN_POINT('Ctrl Pts',(-6.78691416004633,-21.792611760292,13.5730932150148));
#7658=CARTESIAN_POINT('Ctrl Pts',(-6.81655360093143,-21.7831088622341,13.7059657561877));
#7659=CARTESIAN_POINT('Ctrl Pts',(-6.81655360093143,-21.7831088622341,13.76697475494));
#7660=CARTESIAN_POINT('Ctrl Pts',(-6.46315811597725,-22.0690766465889,13.51499205184));
#7661=CARTESIAN_POINT('Ctrl Pts',(-6.49787553830303,-22.0589092891836,13.51499205184));
#7662=CARTESIAN_POINT('Ctrl Pts',(-6.55397683627092,-22.0423226735083,13.5280113551168));
#7663=CARTESIAN_POINT('Ctrl Pts',(-6.63065275634746,-22.0193679753512,13.5789905313215));
#7664=CARTESIAN_POINT('Ctrl Pts',(-6.68716970986963,-22.0022510978113,13.6520422756954));
#7665=CARTESIAN_POINT('Ctrl Pts',(-6.70461601323707,-21.9969243527404,13.730822658882));
#7666=CARTESIAN_POINT('Ctrl Pts',(-6.70461601323707,-21.9969243527404,13.76697475494));
#7667=CARTESIAN_POINT('',(-7.04042877632015,-21.3554778812214,13.76697475494));
#7668=CARTESIAN_POINT('',(-6.70461601323707,-21.9969243527404,13.76697475494));
#7669=CARTESIAN_POINT('',(-6.31981489375864,-21.579617391354,13.0050100547903));
#7670=CARTESIAN_POINT('Ctrl Pts',(-7.04042877632015,-21.3554778812214,13.76697475494));
#7671=CARTESIAN_POINT('Ctrl Pts',(-7.04042877632015,-21.3554778812214,13.656251950799));
#7672=CARTESIAN_POINT('Ctrl Pts',(-6.98640306039974,-21.3733330852532,13.4151950936536));
#7673=CARTESIAN_POINT('Ctrl Pts',(-6.81530980466996,-21.4286197735306,13.1962434604081));
#7674=CARTESIAN_POINT('Ctrl Pts',(-6.58750950724003,-21.4998289696034,13.0450888616286));
#7675=CARTESIAN_POINT('Ctrl Pts',(-6.42242474298357,-21.549567106401,13.0060391402445));
#7676=CARTESIAN_POINT('Ctrl Pts',(-6.31981489375864,-21.579617391354,13.0050100547903));
#7677=CARTESIAN_POINT('',(-6.31981489375864,-21.579617391354,13.0050100547903));
#7678=CARTESIAN_POINT('Origin',(-6.87252239477861,-21.6762011169809,16.12446738056));
#7679=CARTESIAN_POINT('',(-7.04042877632015,-21.3554778812214,16.12446738056));
#7680=CARTESIAN_POINT('Ctrl Pts',(-6.31277490077979,-21.5816778783706,13.00497475494));
#7681=CARTESIAN_POINT('Ctrl Pts',(-6.31512167699882,-21.5809914317422,13.00497475494));
#7682=CARTESIAN_POINT('Ctrl Pts',(-6.3174683411377,-21.580304601943,13.0049865209561));
#7683=CARTESIAN_POINT('Ctrl Pts',(-6.31981489375864,-21.579617391354,13.0050100547903));
#7684=CARTESIAN_POINT('Ctrl Pts',(-6.36050274897615,-21.7448465421977,13.1749805205733));
#7685=CARTESIAN_POINT('Ctrl Pts',(-6.362867268039,-21.7441549056772,13.1749805205733));
#7686=CARTESIAN_POINT('Ctrl Pts',(-6.36523167421337,-21.7434628832221,13.1749883645841));
#7687=CARTESIAN_POINT('Ctrl Pts',(-6.36759596783151,-21.7427704764323,13.1750040538068));
#7688=CARTESIAN_POINT('Ctrl Pts',(-6.4082305971725,-21.9080152060248,13.3449862862066));
#7689=CARTESIAN_POINT('Ctrl Pts',(-6.41061285907917,-21.9073183796123,13.3449862862066));
#7690=CARTESIAN_POINT('Ctrl Pts',(-6.41299500728904,-21.9066211645013,13.344990208212));
#7691=CARTESIAN_POINT('Ctrl Pts',(-6.41537704190438,-21.9059235615106,13.3449980528234));
#7692=CARTESIAN_POINT('Ctrl Pts',(-6.45595844536886,-22.0711838698519,13.51499205184));
#7693=CARTESIAN_POINT('Ctrl Pts',(-6.45835845011935,-22.0704818535473,13.51499205184));
#7694=CARTESIAN_POINT('Ctrl Pts',(-6.46075834036471,-22.0697794457805,13.51499205184));
#7695=CARTESIAN_POINT('Ctrl Pts',(-6.46315811597725,-22.0690766465889,13.51499205184));
#7696=CARTESIAN_POINT('Ctrl Pts',(-6.31981489375864,-21.579617391354,13.0050100547903));
#7697=CARTESIAN_POINT('Ctrl Pts',(-6.3174683411377,-21.580304601943,13.0049865209561));
#7698=CARTESIAN_POINT('Ctrl Pts',(-6.31512167699882,-21.5809914317422,13.00497475494));
#7699=CARTESIAN_POINT('Ctrl Pts',(-6.31277490077979,-21.5816778783706,13.00497475494));
#7700=CARTESIAN_POINT('Origin',(6.01537453069492,-20.6177898948832,13.76697475494));
#7701=CARTESIAN_POINT('',(6.01537453069492,-20.6177898948832,13.00497475494));
#7702=CARTESIAN_POINT('',(6.74350392064498,-20.3931310613356,13.76697475494));
#7703=CARTESIAN_POINT('Origin',(-1.71186841648572E-14,-21.9310975752361,
13.00497475494));
#7704=CARTESIAN_POINT('',(-6.16234707496779,-21.0941345251428,13.00497475494));
#7705=CARTESIAN_POINT('Origin',(-6.16234707496779,-21.0941345251428,13.76697475494));
#7706=CARTESIAN_POINT('',(-6.89047646491785,-20.8694756915953,13.76697475494));
#7707=CARTESIAN_POINT('Origin',(-7.19033741770831,-21.8413385343663,16.12446738056));
#7708=CARTESIAN_POINT('',(-3.80123048945013,-10.8570904583802,15.36246738056));
#7709=CARTESIAN_POINT('Origin',(-4.52935987940019,-10.6324316248326,15.36246738056));
#7710=CARTESIAN_POINT('Origin',(-21.6762011169809,-6.87252239477858,16.12446738056));
#7711=CARTESIAN_POINT('',(-21.3554778812214,-7.04042877632012,13.76697475494));
#7712=CARTESIAN_POINT('',(-21.9969243527404,-6.70461601323704,13.76697475494));
#7713=CARTESIAN_POINT('',(-21.3554778812214,-7.04042877632012,16.12446738056));
#7714=CARTESIAN_POINT('Ctrl Pts',(-21.3554778812214,-7.04042877632012,13.76697475494));
#7715=CARTESIAN_POINT('Ctrl Pts',(-21.3554778812214,-7.04042877632012,13.6839326518342));
#7716=CARTESIAN_POINT('Ctrl Pts',(-21.3646528396111,-7.01265223198366,13.5073365549431));
#7717=CARTESIAN_POINT('Ctrl Pts',(-21.4095765010935,-6.87464550067489,13.2522070510838));
#7718=CARTESIAN_POINT('Ctrl Pts',(-21.4824310861549,-6.6449902227827,13.0616235884765));
#7719=CARTESIAN_POINT('Ctrl Pts',(-21.549567106401,-6.42242474298353,13.0060391402445));
#7720=CARTESIAN_POINT('Ctrl Pts',(-21.579617391354,-6.3198148937586,13.0050100547903));
#7721=CARTESIAN_POINT('Ctrl Pts',(-21.5692933717277,-6.92849118862576,13.76697475494));
#7722=CARTESIAN_POINT('Ctrl Pts',(-21.5692933717277,-6.92849118862576,13.702575328855));
#7723=CARTESIAN_POINT('Ctrl Pts',(-21.5763237888649,-6.906979979523,13.5656252154502));
#7724=CARTESIAN_POINT('Ctrl Pts',(-21.6108516252526,-6.79989648132282,13.3674312140128));
#7725=CARTESIAN_POINT('Ctrl Pts',(-21.6671315259094,-6.62117015125409,13.2189399598126));
#7726=CARTESIAN_POINT('Ctrl Pts',(-21.7193478339952,-6.44757500809002,13.1756901107763));
#7727=CARTESIAN_POINT('Ctrl Pts',(-21.7427704764323,-6.36759596783148,13.1750040538068));
#7728=CARTESIAN_POINT('Ctrl Pts',(-21.7831088622341,-6.8165536009314,13.76697475494));
#7729=CARTESIAN_POINT('Ctrl Pts',(-21.7831088622341,-6.8165536009314,13.7212180058757));
#7730=CARTESIAN_POINT('Ctrl Pts',(-21.7879947381188,-6.80130772706235,13.6239138759573));
#7731=CARTESIAN_POINT('Ctrl Pts',(-21.8121267494117,-6.72514746197075,13.4826553769417));
#7732=CARTESIAN_POINT('Ctrl Pts',(-21.8518319656639,-6.59735007972548,13.3762563311487));
#7733=CARTESIAN_POINT('Ctrl Pts',(-21.8891285615894,-6.47272527319651,13.3453410813081));
#7734=CARTESIAN_POINT('Ctrl Pts',(-21.9059235615106,-6.41537704190435,13.3449980528234));
#7735=CARTESIAN_POINT('Ctrl Pts',(-21.9969243527404,-6.70461601323703,13.76697475494));
#7736=CARTESIAN_POINT('Ctrl Pts',(-21.9969243527404,-6.70461601323703,13.7398606828965));
#7737=CARTESIAN_POINT('Ctrl Pts',(-21.9996656873727,-6.6956354746017,13.6822025364644));
#7738=CARTESIAN_POINT('Ctrl Pts',(-22.0134018735708,-6.65039844261868,13.5978795398706));
#7739=CARTESIAN_POINT('Ctrl Pts',(-22.0365324054184,-6.57353000819687,13.5335727024848));
#7740=CARTESIAN_POINT('Ctrl Pts',(-22.0589092891836,-6.49787553830299,13.51499205184));
#7741=CARTESIAN_POINT('Ctrl Pts',(-22.0690766465889,-6.46315811597722,13.51499205184));
#7742=CARTESIAN_POINT('',(-21.579617391354,-6.31981489375861,13.0050100547903));
#7743=CARTESIAN_POINT('',(-22.0690766465889,-6.46315811597722,13.51499205184));
#7744=CARTESIAN_POINT('Ctrl Pts',(-21.579617391354,-6.3198148937586,13.0050100547903));
#7745=CARTESIAN_POINT('Ctrl Pts',(-21.549567106401,-6.42242474298353,13.0060391402445));
#7746=CARTESIAN_POINT('Ctrl Pts',(-21.4824310861549,-6.6449902227827,13.0616235884765));
#7747=CARTESIAN_POINT('Ctrl Pts',(-21.4095765010935,-6.87464550067489,13.2522070510838));
#7748=CARTESIAN_POINT('Ctrl Pts',(-21.3646528396111,-7.01265223198366,13.5073365549431));
#7749=CARTESIAN_POINT('Ctrl Pts',(-21.3554778812214,-7.04042877632012,13.6839326518342));
#7750=CARTESIAN_POINT('Ctrl Pts',(-21.3554778812214,-7.04042877632012,13.76697475494));
#7751=CARTESIAN_POINT('Origin',(0.,0.,13.25998340339));
#7752=CARTESIAN_POINT('',(-21.5816778783706,-6.31277490077976,13.00497475494));
#7753=CARTESIAN_POINT('',(-21.5816778783706,-6.31277490077976,13.00497475494));
#7754=CARTESIAN_POINT('',(-21.5816778783706,6.31277490077979,13.00497475494));
#7755=CARTESIAN_POINT('',(-22.0711838698519,6.45595844536885,13.51499205184));
#7756=CARTESIAN_POINT('Origin',(0.,0.,13.00497475494));
#7757=CARTESIAN_POINT('Ctrl Pts',(-21.579617391354,-6.31981489375861,13.0050100547903));
#7758=CARTESIAN_POINT('Ctrl Pts',(-21.580304601943,-6.31746834113766,13.0049865209561));
#7759=CARTESIAN_POINT('Ctrl Pts',(-21.5809914317422,-6.31512167699879,13.00497475494));
#7760=CARTESIAN_POINT('Ctrl Pts',(-21.5816778783706,-6.31277490077976,13.00497475494));
#7761=CARTESIAN_POINT('Ctrl Pts',(-21.7427704764323,-6.36759596783148,13.1750040538068));
#7762=CARTESIAN_POINT('Ctrl Pts',(-21.7434628832222,-6.36523167421334,13.1749883645841));
#7763=CARTESIAN_POINT('Ctrl Pts',(-21.7441549056773,-6.36286726803896,13.1749805205733));
#7764=CARTESIAN_POINT('Ctrl Pts',(-21.7448465421977,-6.36050274897611,13.1749805205733));
#7765=CARTESIAN_POINT('Ctrl Pts',(-21.9059235615106,-6.41537704190435,13.3449980528234));
#7766=CARTESIAN_POINT('Ctrl Pts',(-21.9066211645013,-6.41299500728901,13.344990208212));
#7767=CARTESIAN_POINT('Ctrl Pts',(-21.9073183796123,-6.41061285907914,13.3449862862066));
#7768=CARTESIAN_POINT('Ctrl Pts',(-21.9080152060248,-6.40823059717247,13.3449862862066));
#7769=CARTESIAN_POINT('Ctrl Pts',(-22.0690766465889,-6.46315811597722,13.51499205184));
#7770=CARTESIAN_POINT('Ctrl Pts',(-22.0697794457805,-6.46075834036468,13.51499205184));
#7771=CARTESIAN_POINT('Ctrl Pts',(-22.0704818535473,-6.45835845011931,13.51499205184));
#7772=CARTESIAN_POINT('Ctrl Pts',(-22.0711838698519,-6.45595844536882,13.51499205184));
#7773=CARTESIAN_POINT('Ctrl Pts',(-21.5816778783706,-6.31277490077976,13.00497475494));
#7774=CARTESIAN_POINT('Ctrl Pts',(-21.5809914317422,-6.31512167699879,13.00497475494));
#7775=CARTESIAN_POINT('Ctrl Pts',(-21.580304601943,-6.31746834113766,13.0049865209561));
#7776=CARTESIAN_POINT('Ctrl Pts',(-21.579617391354,-6.31981489375861,13.0050100547903));
#7777=CARTESIAN_POINT('Ctrl Pts',(-21.579617391354,6.31981489375864,13.0050100547903));
#7778=CARTESIAN_POINT('Ctrl Pts',(-21.549567106401,6.42242474298357,13.0060391402445));
#7779=CARTESIAN_POINT('Ctrl Pts',(-21.4998289696034,6.58750950724003,13.0450888616286));
#7780=CARTESIAN_POINT('Ctrl Pts',(-21.4286197735305,6.81530980466996,13.1962434604081));
#7781=CARTESIAN_POINT('Ctrl Pts',(-21.3733330852532,6.98640306039975,13.4151950936536));
#7782=CARTESIAN_POINT('Ctrl Pts',(-21.3554778812214,7.04042877632015,13.656251950799));
#7783=CARTESIAN_POINT('Ctrl Pts',(-21.3554778812214,7.04042877632015,13.76697475494));
#7784=CARTESIAN_POINT('Ctrl Pts',(-21.7427704764323,6.36759596783151,13.1750040538068));
#7785=CARTESIAN_POINT('Ctrl Pts',(-21.7193478339952,6.44757500809005,13.1756901107763));
#7786=CARTESIAN_POINT('Ctrl Pts',(-21.6806602042384,6.57633195025033,13.2060630261247));
#7787=CARTESIAN_POINT('Ctrl Pts',(-21.6255358408041,6.75375745522912,13.3238258173792));
#7788=CARTESIAN_POINT('Ctrl Pts',(-21.5829724227726,6.88665861022304,13.4941441543342));
#7789=CARTESIAN_POINT('Ctrl Pts',(-21.5692933717277,6.92849118862579,13.6811088534933));
#7790=CARTESIAN_POINT('Ctrl Pts',(-21.5692933717277,6.92849118862579,13.76697475494));
#7791=CARTESIAN_POINT('Ctrl Pts',(-21.9059235615106,6.41537704190438,13.3449980528234));
#7792=CARTESIAN_POINT('Ctrl Pts',(-21.8891285615894,6.47272527319654,13.3453410813081));
#7793=CARTESIAN_POINT('Ctrl Pts',(-21.8614914388733,6.56515439326063,13.3670371906207));
#7794=CARTESIAN_POINT('Ctrl Pts',(-21.8224519080776,6.69220510578829,13.4514081743504));
#7795=CARTESIAN_POINT('Ctrl Pts',(-21.7926117602919,6.78691416004633,13.5730932150148));
#7796=CARTESIAN_POINT('Ctrl Pts',(-21.7831088622341,6.81655360093143,13.7059657561877));
#7797=CARTESIAN_POINT('Ctrl Pts',(-21.7831088622341,6.81655360093143,13.76697475494));
#7798=CARTESIAN_POINT('Ctrl Pts',(-22.0690766465889,6.46315811597725,13.51499205184));
#7799=CARTESIAN_POINT('Ctrl Pts',(-22.0589092891836,6.49787553830303,13.51499205184));
#7800=CARTESIAN_POINT('Ctrl Pts',(-22.0423226735083,6.55397683627092,13.5280113551168));
#7801=CARTESIAN_POINT('Ctrl Pts',(-22.0193679753512,6.63065275634746,13.5789905313215));
#7802=CARTESIAN_POINT('Ctrl Pts',(-22.0022510978113,6.68716970986963,13.6520422756954));
#7803=CARTESIAN_POINT('Ctrl Pts',(-21.9969243527404,6.70461601323707,13.730822658882));
#7804=CARTESIAN_POINT('Ctrl Pts',(-21.9969243527404,6.70461601323707,13.76697475494));
#7805=CARTESIAN_POINT('',(-21.3554778812214,7.04042877632015,13.76697475494));
#7806=CARTESIAN_POINT('',(-21.9969243527404,6.70461601323707,13.76697475494));
#7807=CARTESIAN_POINT('',(-21.579617391354,6.31981489375864,13.0050100547903));
#7808=CARTESIAN_POINT('Ctrl Pts',(-21.3554778812214,7.04042877632015,13.76697475494));
#7809=CARTESIAN_POINT('Ctrl Pts',(-21.3554778812214,7.04042877632015,13.656251950799));
#7810=CARTESIAN_POINT('Ctrl Pts',(-21.3733330852532,6.98640306039975,13.4151950936536));
#7811=CARTESIAN_POINT('Ctrl Pts',(-21.4286197735305,6.81530980466996,13.1962434604081));
#7812=CARTESIAN_POINT('Ctrl Pts',(-21.4998289696034,6.58750950724003,13.0450888616286));
#7813=CARTESIAN_POINT('Ctrl Pts',(-21.549567106401,6.42242474298357,13.0060391402445));
#7814=CARTESIAN_POINT('Ctrl Pts',(-21.579617391354,6.31981489375864,13.0050100547903));
#7815=CARTESIAN_POINT('',(-21.579617391354,6.31981489375864,13.0050100547903));
#7816=CARTESIAN_POINT('Origin',(-21.6762011169809,6.87252239477861,16.12446738056));
#7817=CARTESIAN_POINT('',(-21.3554778812214,7.04042877632015,16.12446738056));
#7818=CARTESIAN_POINT('Ctrl Pts',(-21.5816778783706,6.31277490077979,13.00497475494));
#7819=CARTESIAN_POINT('Ctrl Pts',(-21.5809914317422,6.31512167699882,13.00497475494));
#7820=CARTESIAN_POINT('Ctrl Pts',(-21.580304601943,6.3174683411377,13.0049865209561));
#7821=CARTESIAN_POINT('Ctrl Pts',(-21.579617391354,6.31981489375864,13.0050100547903));
#7822=CARTESIAN_POINT('Ctrl Pts',(-21.7448465421977,6.36050274897614,13.1749805205733));
#7823=CARTESIAN_POINT('Ctrl Pts',(-21.7441549056772,6.362867268039,13.1749805205733));
#7824=CARTESIAN_POINT('Ctrl Pts',(-21.7434628832221,6.36523167421337,13.1749883645841));
#7825=CARTESIAN_POINT('Ctrl Pts',(-21.7427704764323,6.36759596783151,13.1750040538068));
#7826=CARTESIAN_POINT('Ctrl Pts',(-21.9080152060248,6.4082305971725,13.3449862862066));
#7827=CARTESIAN_POINT('Ctrl Pts',(-21.9073183796123,6.41061285907917,13.3449862862066));
#7828=CARTESIAN_POINT('Ctrl Pts',(-21.9066211645013,6.41299500728904,13.344990208212));
#7829=CARTESIAN_POINT('Ctrl Pts',(-21.9059235615106,6.41537704190438,13.3449980528234));
#7830=CARTESIAN_POINT('Ctrl Pts',(-22.0711838698519,6.45595844536885,13.51499205184));
#7831=CARTESIAN_POINT('Ctrl Pts',(-22.0704818535473,6.45835845011935,13.51499205184));
#7832=CARTESIAN_POINT('Ctrl Pts',(-22.0697794457805,6.46075834036471,13.51499205184));
#7833=CARTESIAN_POINT('Ctrl Pts',(-22.0690766465889,6.46315811597725,13.51499205184));
#7834=CARTESIAN_POINT('Ctrl Pts',(-21.579617391354,6.31981489375864,13.0050100547903));
#7835=CARTESIAN_POINT('Ctrl Pts',(-21.580304601943,6.3174683411377,13.0049865209561));
#7836=CARTESIAN_POINT('Ctrl Pts',(-21.5809914317422,6.31512167699882,13.00497475494));
#7837=CARTESIAN_POINT('Ctrl Pts',(-21.5816778783706,6.31277490077979,13.00497475494));
#7838=CARTESIAN_POINT('Origin',(-20.6177898948832,-6.01537453069492,13.76697475494));
#7839=CARTESIAN_POINT('',(-20.6177898948832,-6.01537453069492,13.00497475494));
#7840=CARTESIAN_POINT('',(-20.3931310613356,-6.74350392064498,13.76697475494));
#7841=CARTESIAN_POINT('Origin',(-21.9310975752361,1.57757917424921E-14,
13.00497475494));
#7842=CARTESIAN_POINT('',(-21.0941345251428,6.16234707496778,13.00497475494));
#7843=CARTESIAN_POINT('Origin',(-21.0941345251428,6.16234707496778,13.76697475494));
#7844=CARTESIAN_POINT('',(-20.8694756915953,6.89047646491785,13.76697475494));
#7845=CARTESIAN_POINT('Origin',(-21.8413385343663,7.1903374177083,16.12446738056));
#7846=CARTESIAN_POINT('',(-10.8570904583802,3.80123048945013,15.36246738056));
#7847=CARTESIAN_POINT('Origin',(-10.6324316248326,4.52935987940019,15.36246738056));
#7848=CARTESIAN_POINT('Origin',(10.156086994573,4.38238733512733,15.36246738056));
#7849=CARTESIAN_POINT('',(10.3807458281206,3.65425794517727,15.36246738056));
#7850=CARTESIAN_POINT('Origin',(20.888649273847,6.89639232916261,16.12446738056));
#7851=CARTESIAN_POINT('Origin',(0.,0.,16.12446738056));
#7852=CARTESIAN_POINT('Origin',(4.38238733512733,-10.156086994573,15.36246738056));
#7853=CARTESIAN_POINT('',(3.65425794517727,-10.3807458281206,15.36246738056));
#7854=CARTESIAN_POINT('Origin',(6.89639232916261,-20.888649273847,16.12446738056));
#7855=CARTESIAN_POINT('Origin',(-10.156086994573,-4.38238733512733,15.36246738056));
#7856=CARTESIAN_POINT('',(-10.3807458281206,-3.65425794517727,15.36246738056));
#7857=CARTESIAN_POINT('Origin',(-20.888649273847,-6.89639232916262,16.12446738056));
#7858=CARTESIAN_POINT('Origin',(0.,0.,14.2131854709642));
#7859=CARTESIAN_POINT('',(2.20401193743692,22.8895391396471,13.9694709709142));
#7860=CARTESIAN_POINT('',(2.15729393812216,22.4043541659736,14.4568999710142));
#7861=CARTESIAN_POINT('',(2.18065293777954,22.6469466528103,14.2131854709642));
#7862=CARTESIAN_POINT('',(-2.20401193743692,22.8895391396471,13.9694709709142));
#7863=CARTESIAN_POINT('Origin',(0.,0.,13.9694709709142));
#7864=CARTESIAN_POINT('',(-2.15729393812216,22.4043541659736,14.4568999710142));
#7865=CARTESIAN_POINT('',(-2.18065293777954,22.6469466528103,14.2131854709642));
#7866=CARTESIAN_POINT('Origin',(0.,0.,14.4568999710142));
#7867=CARTESIAN_POINT('Origin',(2.18840142141354,22.7274177321184,14.5004269780543));
#7868=CARTESIAN_POINT('',(2.15729393812216,22.4043541659736,14.5439539850944));
#7869=CARTESIAN_POINT('',(2.15729393812216,22.4043541659736,15.0313829851944));
#7870=CARTESIAN_POINT('',(2.20401193743692,22.8895391396471,15.0313829851944));
#7871=CARTESIAN_POINT('',(2.18065293777954,22.6469466528103,14.7876684851444));
#7872=CARTESIAN_POINT('',(2.2040700520992,22.890142683491,15.0313829851944));
#7873=CARTESIAN_POINT('',(2.21950890470493,23.0504812982632,15.0313829851944));
#7874=CARTESIAN_POINT('',(2.2040700520992,22.890142683491,13.9694709709142));
#7875=CARTESIAN_POINT('',(2.2040700520992,22.890142683491,16.12446738056));
#7876=CARTESIAN_POINT('',(2.15729393812216,22.4043541659736,13.9694709709142));
#7877=CARTESIAN_POINT('Origin',(0.,0.,14.5004269780543));
#7878=CARTESIAN_POINT('',(-2.15729393812216,22.4043541659736,14.5439539850944));
#7879=CARTESIAN_POINT('',(-2.15729393812216,22.4043541659736,15.0313829851944));
#7880=CARTESIAN_POINT('Origin',(0.,0.,14.5439539850944));
#7881=CARTESIAN_POINT('Origin',(0.,0.,14.7876684851444));
#7882=CARTESIAN_POINT('',(-2.20401193743692,22.8895391396471,15.0313829851944));
#7883=CARTESIAN_POINT('',(-2.18065293777954,22.6469466528103,14.7876684851444));
#7884=CARTESIAN_POINT('Origin',(0.,0.,15.0313829851944));
#7885=CARTESIAN_POINT('Origin',(-2.18840142141354,22.7274177321184,14.5004269780543));
#7886=CARTESIAN_POINT('',(-2.2040700520992,22.890142683491,13.9694709709142));
#7887=CARTESIAN_POINT('',(-2.15729393812216,22.4043541659736,13.9694709709142));
#7888=CARTESIAN_POINT('',(-2.2040700520992,22.890142683491,15.0313829851944));
#7889=CARTESIAN_POINT('',(-2.2040700520992,22.890142683491,16.12446738056));
#7890=CARTESIAN_POINT('',(-2.21950890470493,23.0504812982632,15.0313829851944));
#7891=CARTESIAN_POINT('Origin',(0.,23.1570919560217,15.0313829851944));
#7892=CARTESIAN_POINT('Origin',(0.,0.,15.0313829851944));
#7893=CARTESIAN_POINT('Origin',(0.,22.5079764245886,13.9694709709142));
#7894=CARTESIAN_POINT('Origin',(0.,0.,13.9694709709142));
#7895=CARTESIAN_POINT('Ctrl Pts',(-7.76040903091614,21.1044073322772,16.12446738056));
#7896=CARTESIAN_POINT('Ctrl Pts',(-7.55220688151273,21.1809583320252,16.1244673806435));
#7897=CARTESIAN_POINT('Ctrl Pts',(-7.17618947189378,21.3116918834563,15.9413741592725));
#7898=CARTESIAN_POINT('Ctrl Pts',(-7.04042877632012,21.3554778812214,15.5282892693408));
#7899=CARTESIAN_POINT('Ctrl Pts',(-7.04042877632012,21.3554778812214,15.36246738056));
#7900=CARTESIAN_POINT('Ctrl Pts',(-7.82473131738358,21.2618875486514,16.2942062388135));
#7901=CARTESIAN_POINT('Ctrl Pts',(-7.5678507202142,21.3564463477857,16.2986698385988));
#7902=CARTESIAN_POINT('Ctrl Pts',(-7.09649315062653,21.5174039317745,16.0758999531041));
#7903=CARTESIAN_POINT('Ctrl Pts',(-6.92849118862576,21.5692933717277,15.5664623997624));
#7904=CARTESIAN_POINT('Ctrl Pts',(-6.92849118862576,21.5692933717277,15.36246738056));
#7905=CARTESIAN_POINT('Ctrl Pts',(-7.88905360385101,21.4193677650256,16.4639450970671));
#7906=CARTESIAN_POINT('Ctrl Pts',(-7.58349455891566,21.5319343635462,16.4728722965542));
#7907=CARTESIAN_POINT('Ctrl Pts',(-7.01679682935929,21.7231159800926,16.2104257469357));
#7908=CARTESIAN_POINT('Ctrl Pts',(-6.8165536009314,21.7831088622341,15.6046355301841));
#7909=CARTESIAN_POINT('Ctrl Pts',(-6.8165536009314,21.7831088622341,15.36246738056));
#7910=CARTESIAN_POINT('Ctrl Pts',(-7.95337589031844,21.5768479813999,16.6336839553206));
#7911=CARTESIAN_POINT('Ctrl Pts',(-7.59913839761713,21.7074223793066,16.6470747545095));
#7912=CARTESIAN_POINT('Ctrl Pts',(-6.93710050809204,21.9288280284108,16.3449515407673));
#7913=CARTESIAN_POINT('Ctrl Pts',(-6.70461601323704,21.9969243527404,15.6428086606058));
#7914=CARTESIAN_POINT('Ctrl Pts',(-6.70461601323704,21.9969243527404,15.36246738056));
#7915=CARTESIAN_POINT('',(-6.70461601323704,21.9969243527404,15.36246738056));
#7916=CARTESIAN_POINT('Ctrl Pts',(-6.70803752471686,21.9959159148683,15.4533803562169));
#7917=CARTESIAN_POINT('Ctrl Pts',(-6.70576507857619,21.9965877835165,15.4229163765935));
#7918=CARTESIAN_POINT('Ctrl Pts',(-6.70461601323704,21.9969243527404,15.3925732247829));
#7919=CARTESIAN_POINT('Ctrl Pts',(-6.70461601323704,21.9969243527404,15.36246738056));
#7920=CARTESIAN_POINT('',(-7.04042877632012,21.3554778812214,15.36246738056));
#7921=CARTESIAN_POINT('',(-6.70461601323704,21.9969243527404,15.36246738056));
#7922=CARTESIAN_POINT('Ctrl Pts',(-7.04042877632012,21.3554778812214,15.36246738056));
#7923=CARTESIAN_POINT('Ctrl Pts',(-7.04042877632012,21.3554778812214,15.5282892693408));
#7924=CARTESIAN_POINT('Ctrl Pts',(-7.17618947189378,21.3116918834563,15.9413741592725));
#7925=CARTESIAN_POINT('Ctrl Pts',(-7.55220688151273,21.1809583320252,16.1244673806435));
#7926=CARTESIAN_POINT('Ctrl Pts',(-7.76040903091614,21.1044073322772,16.12446738056));
#7927=CARTESIAN_POINT('Origin',(-6.87252239477858,21.6762011169809,16.12446738056));
#7928=CARTESIAN_POINT('',(-6.70461601323704,21.9969243527404,13.76697475494));
#7929=CARTESIAN_POINT('',(-7.04042877632012,21.3554778812214,13.76697475494));
#7930=CARTESIAN_POINT('',(-6.70461601323704,21.9969243527404,13.76697475494));
#7931=CARTESIAN_POINT('',(-7.04042877632012,21.3554778812214,16.12446738056));
#7932=CARTESIAN_POINT('',(-6.70461601323704,21.9969243527404,16.12446738056));
#7933=CARTESIAN_POINT('Ctrl Pts',(-7.04042877632012,21.3554778812214,13.76697475494));
#7934=CARTESIAN_POINT('Ctrl Pts',(-7.04042877632012,21.3554778812214,13.656251950799));
#7935=CARTESIAN_POINT('Ctrl Pts',(-6.98640306039972,21.3733330852533,13.4151950936536));
#7936=CARTESIAN_POINT('Ctrl Pts',(-6.81530980466993,21.4286197735306,13.1962434604081));
#7937=CARTESIAN_POINT('Ctrl Pts',(-6.58750950724,21.4998289696034,13.0450888616287));
#7938=CARTESIAN_POINT('Ctrl Pts',(-6.42242474298354,21.549567106401,13.0060391402445));
#7939=CARTESIAN_POINT('Ctrl Pts',(-6.31981489375861,21.579617391354,13.0050100547903));
#7940=CARTESIAN_POINT('Ctrl Pts',(-6.92849118862576,21.5692933717277,13.76697475494));
#7941=CARTESIAN_POINT('Ctrl Pts',(-6.92849118862576,21.5692933717277,13.6811088534933));
#7942=CARTESIAN_POINT('Ctrl Pts',(-6.88665861022301,21.5829724227726,13.4941441543342));
#7943=CARTESIAN_POINT('Ctrl Pts',(-6.75375745522909,21.6255358408041,13.3238258173792));
#7944=CARTESIAN_POINT('Ctrl Pts',(-6.5763319502503,21.6806602042384,13.2060630261247));
#7945=CARTESIAN_POINT('Ctrl Pts',(-6.44757500809002,21.7193478339952,13.1756901107763));
#7946=CARTESIAN_POINT('Ctrl Pts',(-6.36759596783148,21.7427704764323,13.1750040538068));
#7947=CARTESIAN_POINT('Ctrl Pts',(-6.8165536009314,21.7831088622341,13.76697475494));
#7948=CARTESIAN_POINT('Ctrl Pts',(-6.8165536009314,21.7831088622341,13.7059657561877));
#7949=CARTESIAN_POINT('Ctrl Pts',(-6.78691416004631,21.792611760292,13.5730932150148));
#7950=CARTESIAN_POINT('Ctrl Pts',(-6.69220510578826,21.8224519080777,13.4514081743504));
#7951=CARTESIAN_POINT('Ctrl Pts',(-6.5651543932606,21.8614914388734,13.3670371906207));
#7952=CARTESIAN_POINT('Ctrl Pts',(-6.47272527319651,21.8891285615894,13.3453410813081));
#7953=CARTESIAN_POINT('Ctrl Pts',(-6.41537704190435,21.9059235615106,13.3449980528234));
#7954=CARTESIAN_POINT('Ctrl Pts',(-6.70461601323703,21.9969243527404,13.76697475494));
#7955=CARTESIAN_POINT('Ctrl Pts',(-6.70461601323703,21.9969243527404,13.730822658882));
#7956=CARTESIAN_POINT('Ctrl Pts',(-6.6871697098696,22.0022510978113,13.6520422756954));
#7957=CARTESIAN_POINT('Ctrl Pts',(-6.63065275634743,22.0193679753512,13.5789905313215));
#7958=CARTESIAN_POINT('Ctrl Pts',(-6.5539768362709,22.0423226735084,13.5280113551168));
#7959=CARTESIAN_POINT('Ctrl Pts',(-6.49787553830299,22.0589092891836,13.51499205184));
#7960=CARTESIAN_POINT('Ctrl Pts',(-6.46315811597722,22.0690766465889,13.51499205184));
#7961=CARTESIAN_POINT('',(-6.46315811597722,22.0690766465889,13.51499205184));
#7962=CARTESIAN_POINT('',(-6.31981489375861,21.579617391354,13.0050100547903));
#7963=CARTESIAN_POINT('',(-6.46315811597722,22.0690766465889,13.51499205184));
#7964=CARTESIAN_POINT('Ctrl Pts',(-6.31981489375861,21.579617391354,13.0050100547903));
#7965=CARTESIAN_POINT('Ctrl Pts',(-6.42242474298354,21.549567106401,13.0060391402445));
#7966=CARTESIAN_POINT('Ctrl Pts',(-6.58750950724,21.4998289696034,13.0450888616287));
#7967=CARTESIAN_POINT('Ctrl Pts',(-6.81530980466993,21.4286197735306,13.1962434604081));
#7968=CARTESIAN_POINT('Ctrl Pts',(-6.98640306039972,21.3733330852533,13.4151950936536));
#7969=CARTESIAN_POINT('Ctrl Pts',(-7.04042877632012,21.3554778812214,13.656251950799));
#7970=CARTESIAN_POINT('Ctrl Pts',(-7.04042877632012,21.3554778812214,13.76697475494));
#7971=CARTESIAN_POINT('Ctrl Pts',(-6.70461601323703,21.9969243527404,13.76697475494));
#7972=CARTESIAN_POINT('Ctrl Pts',(-6.70461601323703,21.9969243527404,13.730822658882));
#7973=CARTESIAN_POINT('Ctrl Pts',(-6.6871697098696,22.0022510978113,13.6520422756954));
#7974=CARTESIAN_POINT('Ctrl Pts',(-6.63065275634743,22.0193679753512,13.5789905313215));
#7975=CARTESIAN_POINT('Ctrl Pts',(-6.5539768362709,22.0423226735084,13.5280113551168));
#7976=CARTESIAN_POINT('Ctrl Pts',(-6.49787553830299,22.0589092891836,13.51499205184));
#7977=CARTESIAN_POINT('Ctrl Pts',(-6.46315811597722,22.0690766465889,13.51499205184));
#7978=CARTESIAN_POINT('Origin',(0.,0.,13.25998340339));
#7979=CARTESIAN_POINT('',(-6.31277490077976,21.5816778783706,13.00497475494));
#7980=CARTESIAN_POINT('',(-6.45595844536882,22.0711838698519,13.51499205184));
#7981=CARTESIAN_POINT('',(-6.31277490077976,21.5816778783706,13.00497475494));
#7982=CARTESIAN_POINT('',(6.45595844536885,22.0711838698519,13.51499205184));
#7983=CARTESIAN_POINT('Origin',(0.,0.,13.51499205184));
#7984=CARTESIAN_POINT('',(6.31277490077979,21.5816778783706,13.00497475494));
#7985=CARTESIAN_POINT('',(6.45595844536885,22.0711838698519,13.51499205184));
#7986=CARTESIAN_POINT('Origin',(0.,0.,13.00497475494));
#7987=CARTESIAN_POINT('Ctrl Pts',(-6.31981489375861,21.579617391354,13.0050100547903));
#7988=CARTESIAN_POINT('Ctrl Pts',(-6.31746834113767,21.580304601943,13.0049865209561));
#7989=CARTESIAN_POINT('Ctrl Pts',(-6.31512167699879,21.5809914317422,13.00497475494));
#7990=CARTESIAN_POINT('Ctrl Pts',(-6.31277490077976,21.5816778783706,13.00497475494));
#7991=CARTESIAN_POINT('Ctrl Pts',(-6.36759596783148,21.7427704764323,13.1750040538068));
#7992=CARTESIAN_POINT('Ctrl Pts',(-6.36523167421334,21.7434628832222,13.1749883645841));
#7993=CARTESIAN_POINT('Ctrl Pts',(-6.36286726803896,21.7441549056773,13.1749805205733));
#7994=CARTESIAN_POINT('Ctrl Pts',(-6.36050274897611,21.7448465421977,13.1749805205733));
#7995=CARTESIAN_POINT('Ctrl Pts',(-6.41537704190435,21.9059235615106,13.3449980528234));
#7996=CARTESIAN_POINT('Ctrl Pts',(-6.41299500728901,21.9066211645013,13.344990208212));
#7997=CARTESIAN_POINT('Ctrl Pts',(-6.41061285907914,21.9073183796123,13.3449862862066));
#7998=CARTESIAN_POINT('Ctrl Pts',(-6.40823059717247,21.9080152060248,13.3449862862066));
#7999=CARTESIAN_POINT('Ctrl Pts',(-6.46315811597722,22.0690766465889,13.51499205184));
#8000=CARTESIAN_POINT('Ctrl Pts',(-6.46075834036468,22.0697794457805,13.51499205184));
#8001=CARTESIAN_POINT('Ctrl Pts',(-6.45835845011931,22.0704818535473,13.51499205184));
#8002=CARTESIAN_POINT('Ctrl Pts',(-6.45595844536882,22.0711838698519,13.51499205184));
#8003=CARTESIAN_POINT('Ctrl Pts',(-6.31277490077976,21.5816778783706,13.00497475494));
#8004=CARTESIAN_POINT('Ctrl Pts',(-6.31512167699879,21.5809914317422,13.00497475494));
#8005=CARTESIAN_POINT('Ctrl Pts',(-6.31746834113767,21.580304601943,13.0049865209561));
#8006=CARTESIAN_POINT('Ctrl Pts',(-6.31981489375861,21.579617391354,13.0050100547903));
#8007=CARTESIAN_POINT('Ctrl Pts',(-6.46315811597722,22.0690766465889,13.51499205184));
#8008=CARTESIAN_POINT('Ctrl Pts',(-6.46075834036468,22.0697794457805,13.51499205184));
#8009=CARTESIAN_POINT('Ctrl Pts',(-6.45835845011931,22.0704818535473,13.51499205184));
#8010=CARTESIAN_POINT('Ctrl Pts',(-6.45595844536882,22.0711838698519,13.51499205184));
#8011=CARTESIAN_POINT('Ctrl Pts',(6.31981489375864,21.579617391354,13.0050100547903));
#8012=CARTESIAN_POINT('Ctrl Pts',(6.42242474298357,21.549567106401,13.0060391402445));
#8013=CARTESIAN_POINT('Ctrl Pts',(6.58750950724003,21.4998289696034,13.0450888616286));
#8014=CARTESIAN_POINT('Ctrl Pts',(6.81530980466996,21.4286197735305,13.1962434604081));
#8015=CARTESIAN_POINT('Ctrl Pts',(6.98640306039975,21.3733330852532,13.4151950936536));
#8016=CARTESIAN_POINT('Ctrl Pts',(7.04042877632015,21.3554778812214,13.656251950799));
#8017=CARTESIAN_POINT('Ctrl Pts',(7.04042877632015,21.3554778812214,13.76697475494));
#8018=CARTESIAN_POINT('Ctrl Pts',(6.36759596783151,21.7427704764323,13.1750040538068));
#8019=CARTESIAN_POINT('Ctrl Pts',(6.44757500809006,21.7193478339952,13.1756901107763));
#8020=CARTESIAN_POINT('Ctrl Pts',(6.57633195025033,21.6806602042384,13.2060630261247));
#8021=CARTESIAN_POINT('Ctrl Pts',(6.75375745522913,21.6255358408041,13.3238258173792));
#8022=CARTESIAN_POINT('Ctrl Pts',(6.88665861022304,21.5829724227726,13.4941441543342));
#8023=CARTESIAN_POINT('Ctrl Pts',(6.92849118862579,21.5692933717277,13.6811088534933));
#8024=CARTESIAN_POINT('Ctrl Pts',(6.92849118862579,21.5692933717277,13.76697475494));
#8025=CARTESIAN_POINT('Ctrl Pts',(6.41537704190438,21.9059235615106,13.3449980528234));
#8026=CARTESIAN_POINT('Ctrl Pts',(6.47272527319654,21.8891285615894,13.3453410813081));
#8027=CARTESIAN_POINT('Ctrl Pts',(6.56515439326063,21.8614914388733,13.3670371906207));
#8028=CARTESIAN_POINT('Ctrl Pts',(6.69220510578829,21.8224519080777,13.4514081743504));
#8029=CARTESIAN_POINT('Ctrl Pts',(6.78691416004634,21.792611760292,13.5730932150148));
#8030=CARTESIAN_POINT('Ctrl Pts',(6.81655360093143,21.7831088622341,13.7059657561877));
#8031=CARTESIAN_POINT('Ctrl Pts',(6.81655360093143,21.7831088622341,13.76697475494));
#8032=CARTESIAN_POINT('Ctrl Pts',(6.46315811597725,22.0690766465889,13.51499205184));
#8033=CARTESIAN_POINT('Ctrl Pts',(6.49787553830303,22.0589092891836,13.51499205184));
#8034=CARTESIAN_POINT('Ctrl Pts',(6.55397683627092,22.0423226735083,13.5280113551168));
#8035=CARTESIAN_POINT('Ctrl Pts',(6.63065275634746,22.0193679753512,13.5789905313215));
#8036=CARTESIAN_POINT('Ctrl Pts',(6.68716970986963,22.0022510978113,13.6520422756954));
#8037=CARTESIAN_POINT('Ctrl Pts',(6.70461601323707,21.9969243527404,13.730822658882));
#8038=CARTESIAN_POINT('Ctrl Pts',(6.70461601323707,21.9969243527404,13.76697475494));
#8039=CARTESIAN_POINT('',(6.70461601323707,21.9969243527404,13.76697475494));
#8040=CARTESIAN_POINT('',(7.04042877632015,21.3554778812214,13.76697475494));
#8041=CARTESIAN_POINT('',(6.70461601323707,21.9969243527404,13.76697475494));
#8042=CARTESIAN_POINT('',(6.31981489375864,21.579617391354,13.0050100547903));
#8043=CARTESIAN_POINT('Ctrl Pts',(7.04042877632015,21.3554778812214,13.76697475494));
#8044=CARTESIAN_POINT('Ctrl Pts',(7.04042877632015,21.3554778812214,13.656251950799));
#8045=CARTESIAN_POINT('Ctrl Pts',(6.98640306039975,21.3733330852532,13.4151950936536));
#8046=CARTESIAN_POINT('Ctrl Pts',(6.81530980466996,21.4286197735305,13.1962434604081));
#8047=CARTESIAN_POINT('Ctrl Pts',(6.58750950724003,21.4998289696034,13.0450888616286));
#8048=CARTESIAN_POINT('Ctrl Pts',(6.42242474298357,21.549567106401,13.0060391402445));
#8049=CARTESIAN_POINT('Ctrl Pts',(6.31981489375864,21.579617391354,13.0050100547903));
#8050=CARTESIAN_POINT('',(6.46315811597725,22.0690766465889,13.51499205184));
#8051=CARTESIAN_POINT('',(6.31981489375864,21.579617391354,13.0050100547903));
#8052=CARTESIAN_POINT('Ctrl Pts',(6.46315811597725,22.0690766465889,13.51499205184));
#8053=CARTESIAN_POINT('Ctrl Pts',(6.49787553830303,22.0589092891836,13.51499205184));
#8054=CARTESIAN_POINT('Ctrl Pts',(6.55397683627092,22.0423226735083,13.5280113551168));
#8055=CARTESIAN_POINT('Ctrl Pts',(6.63065275634746,22.0193679753512,13.5789905313215));
#8056=CARTESIAN_POINT('Ctrl Pts',(6.68716970986963,22.0022510978113,13.6520422756954));
#8057=CARTESIAN_POINT('Ctrl Pts',(6.70461601323707,21.9969243527404,13.730822658882));
#8058=CARTESIAN_POINT('Ctrl Pts',(6.70461601323707,21.9969243527404,13.76697475494));
#8059=CARTESIAN_POINT('Origin',(6.87252239477861,21.6762011169809,16.12446738056));
#8060=CARTESIAN_POINT('',(6.70461601323707,21.9969243527404,15.36246738056));
#8061=CARTESIAN_POINT('',(6.70461601323707,21.9969243527404,16.12446738056));
#8062=CARTESIAN_POINT('',(7.04042877632015,21.3554778812214,15.36246738056));
#8063=CARTESIAN_POINT('',(6.70461601323707,21.9969243527404,15.36246738056));
#8064=CARTESIAN_POINT('',(7.04042877632015,21.3554778812214,16.12446738056));
#8065=CARTESIAN_POINT('Ctrl Pts',(7.04042877632015,21.3554778812214,15.36246738056));
#8066=CARTESIAN_POINT('Ctrl Pts',(7.04042877632015,21.3554778812214,15.5282892692998));
#8067=CARTESIAN_POINT('Ctrl Pts',(7.17618947182281,21.3116918834789,15.9413741591366));
#8068=CARTESIAN_POINT('Ctrl Pts',(7.55220688132122,21.1809583320928,16.12446738056));
#8069=CARTESIAN_POINT('Ctrl Pts',(7.760409030646,21.1044073323765,16.12446738056));
#8070=CARTESIAN_POINT('Ctrl Pts',(6.92849118862579,21.5692933717277,15.36246738056));
#8071=CARTESIAN_POINT('Ctrl Pts',(6.92849118862579,21.5692933717277,15.566462399712));
#8072=CARTESIAN_POINT('Ctrl Pts',(7.0964931505384,21.5174039318012,16.0758999529353));
#8073=CARTESIAN_POINT('Ctrl Pts',(7.56785071997404,21.3564463478693,16.2986698384989));
#8074=CARTESIAN_POINT('Ctrl Pts',(7.82473131705027,21.2618875487741,16.2942062388193));
#8075=CARTESIAN_POINT('Ctrl Pts',(6.81655360093143,21.7831088622341,15.36246738056));
#8076=CARTESIAN_POINT('Ctrl Pts',(6.81655360093143,21.7831088622341,15.6046355301242));
#8077=CARTESIAN_POINT('Ctrl Pts',(7.016796829254,21.7231159801234,16.210425746734));
#8078=CARTESIAN_POINT('Ctrl Pts',(7.58349455862685,21.5319343636459,16.4728722964378));
#8079=CARTESIAN_POINT('Ctrl Pts',(7.88905360345454,21.4193677651717,16.4639450970786));
#8080=CARTESIAN_POINT('Ctrl Pts',(6.70461601323707,21.9969243527404,15.36246738056));
#8081=CARTESIAN_POINT('Ctrl Pts',(6.70461601323707,21.9969243527404,15.6428086605364));
#8082=CARTESIAN_POINT('Ctrl Pts',(6.93710050796959,21.9288280284457,16.3449515405327));
#8083=CARTESIAN_POINT('Ctrl Pts',(7.59913839727967,21.7074223794225,16.6470747543767));
#8084=CARTESIAN_POINT('Ctrl Pts',(7.9533758898588,21.5768479815693,16.633683955338));
#8085=CARTESIAN_POINT('Ctrl Pts',(7.760409030646,21.1044073323765,16.12446738056));
#8086=CARTESIAN_POINT('Ctrl Pts',(7.55220688132122,21.1809583320928,16.12446738056));
#8087=CARTESIAN_POINT('Ctrl Pts',(7.17618947182281,21.3116918834789,15.9413741591366));
#8088=CARTESIAN_POINT('Ctrl Pts',(7.04042877632015,21.3554778812214,15.5282892692998));
#8089=CARTESIAN_POINT('Ctrl Pts',(7.04042877632015,21.3554778812214,15.36246738056));
#8090=CARTESIAN_POINT('Ctrl Pts',(6.70461601323707,21.9969243527404,15.36246738056));
#8091=CARTESIAN_POINT('Ctrl Pts',(6.70461601323707,21.9969243527404,15.3925732247828));
#8092=CARTESIAN_POINT('Ctrl Pts',(6.70576507857618,21.9965877835165,15.4229163765934));
#8093=CARTESIAN_POINT('Ctrl Pts',(6.70803752471678,21.9959159148683,15.4533803562169));
#8094=CARTESIAN_POINT('Ctrl Pts',(6.31277490077979,21.5816778783706,13.00497475494));
#8095=CARTESIAN_POINT('Ctrl Pts',(6.31512167699882,21.5809914317422,13.00497475494));
#8096=CARTESIAN_POINT('Ctrl Pts',(6.3174683411377,21.580304601943,13.0049865209561));
#8097=CARTESIAN_POINT('Ctrl Pts',(6.31981489375864,21.579617391354,13.0050100547903));
#8098=CARTESIAN_POINT('Ctrl Pts',(6.36050274897614,21.7448465421977,13.1749805205733));
#8099=CARTESIAN_POINT('Ctrl Pts',(6.362867268039,21.7441549056772,13.1749805205733));
#8100=CARTESIAN_POINT('Ctrl Pts',(6.36523167421337,21.7434628832221,13.1749883645841));
#8101=CARTESIAN_POINT('Ctrl Pts',(6.36759596783151,21.7427704764323,13.1750040538068));
#8102=CARTESIAN_POINT('Ctrl Pts',(6.4082305971725,21.9080152060248,13.3449862862066));
#8103=CARTESIAN_POINT('Ctrl Pts',(6.41061285907917,21.9073183796123,13.3449862862066));
#8104=CARTESIAN_POINT('Ctrl Pts',(6.41299500728904,21.9066211645013,13.344990208212));
#8105=CARTESIAN_POINT('Ctrl Pts',(6.41537704190438,21.9059235615106,13.3449980528234));
#8106=CARTESIAN_POINT('Ctrl Pts',(6.45595844536885,22.0711838698519,13.51499205184));
#8107=CARTESIAN_POINT('Ctrl Pts',(6.45835845011934,22.0704818535473,13.51499205184));
#8108=CARTESIAN_POINT('Ctrl Pts',(6.46075834036471,22.0697794457805,13.51499205184));
#8109=CARTESIAN_POINT('Ctrl Pts',(6.46315811597725,22.0690766465889,13.51499205184));
#8110=CARTESIAN_POINT('Ctrl Pts',(6.31981489375864,21.579617391354,13.0050100547903));
#8111=CARTESIAN_POINT('Ctrl Pts',(6.3174683411377,21.580304601943,13.0049865209561));
#8112=CARTESIAN_POINT('Ctrl Pts',(6.31512167699882,21.5809914317422,13.00497475494));
#8113=CARTESIAN_POINT('Ctrl Pts',(6.31277490077979,21.5816778783706,13.00497475494));
#8114=CARTESIAN_POINT('Ctrl Pts',(6.45595844536885,22.0711838698519,13.51499205184));
#8115=CARTESIAN_POINT('Ctrl Pts',(6.45835845011934,22.0704818535473,13.51499205184));
#8116=CARTESIAN_POINT('Ctrl Pts',(6.46075834036471,22.0697794457805,13.51499205184));
#8117=CARTESIAN_POINT('Ctrl Pts',(6.46315811597725,22.0690766465889,13.51499205184));
#8118=CARTESIAN_POINT('Origin',(-6.01537453069492,20.6177898948832,13.76697475494));
#8119=CARTESIAN_POINT('',(-6.01537453069492,20.6177898948832,13.00497475494));
#8120=CARTESIAN_POINT('',(-6.74350392064498,20.3931310613356,13.76697475494));
#8121=CARTESIAN_POINT('Origin',(1.4432899320127E-14,21.9310975752361,13.00497475494));
#8122=CARTESIAN_POINT('',(6.16234707496778,21.0941345251428,13.00497475494));
#8123=CARTESIAN_POINT('Origin',(6.16234707496778,21.0941345251428,13.76697475494));
#8124=CARTESIAN_POINT('',(6.89047646491784,20.8694756915953,13.76697475494));
#8125=CARTESIAN_POINT('Origin',(7.1903374177083,21.8413385343663,16.12446738056));
#8126=CARTESIAN_POINT('',(3.80123048945013,10.8570904583802,15.36246738056));
#8127=CARTESIAN_POINT('Origin',(4.52935987940019,10.6324316248327,15.36246738056));
#8128=CARTESIAN_POINT('Origin',(0.,0.,16.12446738056));
#8129=CARTESIAN_POINT('Origin',(-4.38238733512733,10.156086994573,15.36246738056));
#8130=CARTESIAN_POINT('',(-3.65425794517727,10.3807458281206,15.36246738056));
#8131=CARTESIAN_POINT('Origin',(-6.89639232916262,20.888649273847,16.12446738056));
#8132=CARTESIAN_POINT('Origin',(0.,0.,22.17680848961));
#8133=CARTESIAN_POINT('',(-23.24836350448,2.84710339511756E-15,22.55066738056));
#8134=CARTESIAN_POINT('Origin',(0.,0.,22.55066738056));
#8135=CARTESIAN_POINT('',(-23.62222239543,-2.89288790453103E-15,22.17680848961));
#8136=CARTESIAN_POINT('Origin',(0.,0.,22.55066738056));
#8137=CARTESIAN_POINT('',(-21.18645979108,-2.59459301684102E-15,22.55066738056));
#8138=CARTESIAN_POINT('Origin',(0.,0.,22.55066738056));
#8139=CARTESIAN_POINT('Origin',(0.,0.,21.68706738056));
#8140=CARTESIAN_POINT('',(-19.45925979108,2.38307202169229E-15,20.82346738056));
#8141=CARTESIAN_POINT('',(-20.32285979108,-2.48883251926666E-15,21.68706738056));
#8142=CARTESIAN_POINT('Origin',(0.,0.,20.82346738056));
#8143=CARTESIAN_POINT('Origin',(0.,0.,20.64566738056));
#8144=CARTESIAN_POINT('',(-19.45925979108,-2.38307202169229E-15,20.64566738056));
#8145=CARTESIAN_POINT('Origin',(-11.8082726168496,-15.5854706481766,12.7955));
#8146=CARTESIAN_POINT('',(-14.0622726168496,-15.5854706481766,12.955));
#8147=CARTESIAN_POINT('Origin',(-11.8082726168496,-15.5854706481766,12.955));
#8148=CARTESIAN_POINT('',(-13.7432726168496,-15.5854706481766,12.636));
#8149=CARTESIAN_POINT('',(-13.9027726168496,-15.5854706481766,12.7955));
#8150=CARTESIAN_POINT('Origin',(-11.8082726168496,-15.5854706481766,12.636));
#8151=CARTESIAN_POINT('Origin',(-9.95827261684964,-15.5854706481766,12.955));
#8152=CARTESIAN_POINT('',(-7.86709538228658,-20.5444941921353,12.955));
#8153=CARTESIAN_POINT('',(-17.648832085793,-13.1333985461554,12.955));
#8154=CARTESIAN_POINT('Origin',(0.,0.,12.955));
#8155=CARTESIAN_POINT('',(-10.0330071666647,-17.7274222305845,12.955));
#8156=CARTESIAN_POINT('Origin',(-6.65078339105166,-17.368161196858,12.955));
#8157=CARTESIAN_POINT('',(-14.3507288787274,-14.4561167813845,12.955));
#8158=CARTESIAN_POINT('Origin',(-11.8082726168496,-15.5854706481766,12.955));
#8159=CARTESIAN_POINT('Origin',(-14.9201901850509,-11.1028765604523,12.955));
#8160=CARTESIAN_POINT('Origin',(-11.8082726168496,-15.5854706481766,9.411));
#8161=CARTESIAN_POINT('',(-13.7432726168496,-15.5854706481766,11.8991037967402));
#8162=CARTESIAN_POINT('',(-13.7432726168496,-15.5854706481766,9.411));
#8163=CARTESIAN_POINT('Origin',(-11.8082726168496,-15.5854706481766,11.8991037967402));
#8164=CARTESIAN_POINT('Origin',(0.00432649894470949,19.4630286048996,12.7955));
#8165=CARTESIAN_POINT('',(-2.24967350105529,19.4630286048996,12.955));
#8166=CARTESIAN_POINT('Origin',(0.00432649894470949,19.4630286048996,12.955));
#8167=CARTESIAN_POINT('',(-1.93067350105529,19.4630286048996,12.636));
#8168=CARTESIAN_POINT('',(-2.09017350105529,19.4630286048996,12.7955));
#8169=CARTESIAN_POINT('Origin',(0.00432649894470949,19.4630286048996,12.636));
#8170=CARTESIAN_POINT('Origin',(1.85432649894471,19.4630286048996,12.955));
#8171=CARTESIAN_POINT('',(2.94365283447622,21.8014297548293,12.955));
#8172=CARTESIAN_POINT('',(-2.93395992478059,21.8027363081898,12.955));
#8173=CARTESIAN_POINT('Origin',(0.,0.,12.955));
#8174=CARTESIAN_POINT('',(-2.70444105283195,20.0971440127252,12.955));
#8175=CARTESIAN_POINT('',(-1.56098628317463,11.5999445067251,12.955));
#8176=CARTESIAN_POINT('',(2.71337570209539,20.0959396688799,12.955));
#8177=CARTESIAN_POINT('Origin',(0.00432649894470949,19.4630286048996,12.955));
#8178=CARTESIAN_POINT('',(1.38481248727547,10.256267930719,12.955));
#8179=CARTESIAN_POINT('Origin',(0.00432649894470949,19.4630286048996,9.411));
#8180=CARTESIAN_POINT('',(-1.93067350105529,19.4630286048996,11.8991037967402));
#8181=CARTESIAN_POINT('',(-1.93067350105529,19.4630286048996,9.411));
#8182=CARTESIAN_POINT('Origin',(0.00432649894470949,19.4630286048996,11.8991037967402));
#8183=CARTESIAN_POINT('Origin',(11.8138227366895,-15.5854706481766,12.7955));
#8184=CARTESIAN_POINT('',(9.55982273668947,-15.5854706481766,12.955));
#8185=CARTESIAN_POINT('Origin',(11.8138227366895,-15.5854706481766,12.955));
#8186=CARTESIAN_POINT('',(9.87882273668947,-15.5854706481766,12.636));
#8187=CARTESIAN_POINT('',(9.71932273668947,-15.5854706481766,12.7955));
#8188=CARTESIAN_POINT('Origin',(11.8138227366895,-15.5854706481766,12.636));
#8189=CARTESIAN_POINT('Origin',(13.6638227366895,-15.5854706481766,12.955));
#8190=CARTESIAN_POINT('',(17.6499395413421,-13.1319102019335,12.955));
#8191=CARTESIAN_POINT('',(7.87465675866316,-20.5415971214002,12.955));
#8192=CARTESIAN_POINT('Origin',(0.,0.,12.955));
#8193=CARTESIAN_POINT('',(14.3560494560174,-14.4556001655392,12.955));
#8194=CARTESIAN_POINT('Origin',(14.9211264196603,-11.1016183254176,12.955));
#8195=CARTESIAN_POINT('',(10.0390911125013,-17.72786455736,12.955));
#8196=CARTESIAN_POINT('Origin',(11.8138227366895,-15.5854706481766,12.955));
#8197=CARTESIAN_POINT('Origin',(6.65717572188981,-17.365712035002,12.955));
#8198=CARTESIAN_POINT('Origin',(11.8138227366895,-15.5854706481766,9.411));
#8199=CARTESIAN_POINT('',(9.87882273668947,-15.5854706481766,11.8991037967402));
#8200=CARTESIAN_POINT('',(9.87882273668947,-15.5854706481766,9.411));
#8201=CARTESIAN_POINT('Origin',(11.8138227366895,-15.5854706481766,11.8991037967402));
#8202=CARTESIAN_POINT('Origin',(-5.25019507574377,17.8415636854332,2.0066));
#8203=CARTESIAN_POINT('',(-2.70444105283195,20.0971440127252,12.954));
#8204=CARTESIAN_POINT('',(-6.21036395382535,21.1044737182831,12.954));
#8205=CARTESIAN_POINT('Origin',(-5.25019507574377,17.8415636854332,12.954));
#8206=CARTESIAN_POINT('',(-6.21036395382535,21.1044737182831,2.0066));
#8207=CARTESIAN_POINT('',(-6.21036395382535,21.1044737182831,2.0066));
#8208=CARTESIAN_POINT('',(-2.70444105283195,20.0971440127252,2.0066));
#8209=CARTESIAN_POINT('Origin',(-5.25019507574377,17.8415636854332,2.0066));
#8210=CARTESIAN_POINT('',(-2.70444105283195,20.0971440127252,2.0066));
#8211=CARTESIAN_POINT('Origin',(0.,0.,2.0066));
#8212=CARTESIAN_POINT('',(-17.648832085793,-13.1333985461554,2.0066));
#8213=CARTESIAN_POINT('Origin',(0.,0.,2.0066));
#8214=CARTESIAN_POINT('',(-14.3507288787274,-14.4561167813845,2.0066));
#8215=CARTESIAN_POINT('Origin',(-14.9201901850509,-11.1028765604523,2.0066));
#8216=CARTESIAN_POINT('',(-10.0330071666647,-17.7274222305845,2.0066));
#8217=CARTESIAN_POINT('Origin',(-11.8082726168496,-15.5854706481766,2.0066));
#8218=CARTESIAN_POINT('',(-7.86709538228658,-20.5444941921353,2.0066));
#8219=CARTESIAN_POINT('Origin',(-6.65078339105166,-17.368161196858,2.0066));
#8220=CARTESIAN_POINT('',(7.87465675866316,-20.5415971214002,2.0066));
#8221=CARTESIAN_POINT('Origin',(0.,0.,2.0066));
#8222=CARTESIAN_POINT('',(10.0390911125013,-17.72786455736,2.0066));
#8223=CARTESIAN_POINT('Origin',(6.65717572188981,-17.365712035002,2.0066));
#8224=CARTESIAN_POINT('',(14.3560494560174,-14.4556001655391,2.0066));
#8225=CARTESIAN_POINT('Origin',(11.8138227366895,-15.5854706481766,2.0066));
#8226=CARTESIAN_POINT('',(17.6499395413421,-13.1319102019335,2.0066));
#8227=CARTESIAN_POINT('Origin',(14.9211264196603,-11.1016183254176,2.0066));
#8228=CARTESIAN_POINT('',(6.21974610168246,21.1017105893167,2.0066));
#8229=CARTESIAN_POINT('Origin',(0.,0.,2.0066));
#8230=CARTESIAN_POINT('',(2.71337570209539,20.0959396688799,2.0066));
#8231=CARTESIAN_POINT('Origin',(5.25812667312607,17.8392277569432,2.0066));
#8232=CARTESIAN_POINT('Origin',(0.00432649894470949,19.4630286048996,2.0066));
#8233=CARTESIAN_POINT('',(3.11876358329261,5.53635341066094,2.0066));
#8234=CARTESIAN_POINT('',(13.1187635832927,5.53635341066094,2.0066));
#8235=CARTESIAN_POINT('',(1.55938179164631,5.53635341066094,2.0066));
#8236=CARTESIAN_POINT('',(13.1187635832927,-5.46364658933899,2.0066));
#8237=CARTESIAN_POINT('',(13.1187635832927,2.76817670533047,2.0066));
#8238=CARTESIAN_POINT('',(3.11876358329261,-5.46364658933899,2.0066));
#8239=CARTESIAN_POINT('',(6.55938179164633,-5.46364658933899,2.0066));
#8240=CARTESIAN_POINT('',(3.11876358329261,-2.7318232946695,2.0066));
#8241=CARTESIAN_POINT('Origin',(0.,0.,2.0066));
#8242=CARTESIAN_POINT('',(-6.24236786833576,21.0950296221893,12.954));
#8243=CARTESIAN_POINT('Origin',(0.,0.,12.954));
#8244=CARTESIAN_POINT('',(-6.96920526821999,20.8661833906944,13.716));
#8245=CARTESIAN_POINT('Ctrl Pts',(-6.96920526821999,20.8661833906944,13.716));
#8246=CARTESIAN_POINT('Ctrl Pts',(-6.96920526821999,20.8661833906944,13.6203151883137));
#8247=CARTESIAN_POINT('Ctrl Pts',(-6.95106930605946,20.8722681938045,13.5182551582472));
#8248=CARTESIAN_POINT('Ctrl Pts',(-6.87722443202877,20.8967157267058,13.3305104031233));
#8249=CARTESIAN_POINT('Ctrl Pts',(-6.82150517973948,20.9150442710802,13.2448252954015));
#8250=CARTESIAN_POINT('Ctrl Pts',(-6.69272316868091,20.9566091188383,13.1095202113864));
#8251=CARTESIAN_POINT('Ctrl Pts',(-6.61107536066461,20.982610069245,13.050879493806));
#8252=CARTESIAN_POINT('Ctrl Pts',(-6.43177593038469,21.038262787685,12.973119334456));
#8253=CARTESIAN_POINT('Ctrl Pts',(-6.33411369752239,21.0678805151994,12.954));
#8254=CARTESIAN_POINT('Ctrl Pts',(-6.24236786833576,21.0950296221893,12.954));
#8255=CARTESIAN_POINT('',(-6.96920526821999,20.8661833906944,15.367));
#8256=CARTESIAN_POINT('',(-6.96920526821999,20.8661833906944,2.0066));
#8257=CARTESIAN_POINT('',(-7.68825248066887,20.6120888111361,16.129));
#8258=CARTESIAN_POINT('Ctrl Pts',(-7.68825248066887,20.6120888111361,16.129));
#8259=CARTESIAN_POINT('Ctrl Pts',(-7.59851171324423,20.6455618707611,16.129));
#8260=CARTESIAN_POINT('Ctrl Pts',(-7.50253767241385,20.6806236128361,16.1098996651418));
#8261=CARTESIAN_POINT('Ctrl Pts',(-7.32556399398976,20.7439720572425,16.0321315706592));
#8262=CARTESIAN_POINT('Ctrl Pts',(-7.24457715309085,20.7722921579219,15.9734618999162));
#8263=CARTESIAN_POINT('Ctrl Pts',(-7.11659652572502,20.8164853671697,15.8381051664359));
#8264=CARTESIAN_POINT('Ctrl Pts',(-7.06105283286637,20.8353180049956,15.7524347264665));
#8265=CARTESIAN_POINT('Ctrl Pts',(-6.9873519171248,20.8601499674247,15.5647174045078));
#8266=CARTESIAN_POINT('Ctrl Pts',(-6.96920526821999,20.8661833906944,15.4626708833995));
#8267=CARTESIAN_POINT('Ctrl Pts',(-6.96920526821999,20.8661833906944,15.367));
#8268=CARTESIAN_POINT('',(-20.6120888111361,7.6882524806689,16.129));
#8269=CARTESIAN_POINT('Origin',(0.,0.,16.129));
#8270=CARTESIAN_POINT('',(-20.8661833906944,6.96920526822002,15.367));
#8271=CARTESIAN_POINT('Ctrl Pts',(-20.8661833906944,6.96920526822002,15.367));
#8272=CARTESIAN_POINT('Ctrl Pts',(-20.8661833906944,6.96920526822002,15.4626708833995));
#8273=CARTESIAN_POINT('Ctrl Pts',(-20.8601499674246,6.98735191712483,15.5647174045078));
#8274=CARTESIAN_POINT('Ctrl Pts',(-20.8353180049956,7.0610528328664,15.7524347264665));
#8275=CARTESIAN_POINT('Ctrl Pts',(-20.8164853671696,7.11659652572505,15.8381051664359));
#8276=CARTESIAN_POINT('Ctrl Pts',(-20.7722921579219,7.24457715309088,15.9734618999162));
#8277=CARTESIAN_POINT('Ctrl Pts',(-20.7439720572425,7.32556399398979,16.0321315706592));
#8278=CARTESIAN_POINT('Ctrl Pts',(-20.6806236128361,7.50253767241388,16.1098996651418));
#8279=CARTESIAN_POINT('Ctrl Pts',(-20.6455618707611,7.59851171324426,16.129));
#8280=CARTESIAN_POINT('Ctrl Pts',(-20.6120888111361,7.6882524806689,16.129));
#8281=CARTESIAN_POINT('',(-20.8661833906944,6.96920526822002,13.716));
#8282=CARTESIAN_POINT('',(-20.8661833906944,6.96920526822002,2.0066));
#8283=CARTESIAN_POINT('',(-21.0950296221893,6.24236786833579,12.954));
#8284=CARTESIAN_POINT('Ctrl Pts',(-21.0950296221893,6.24236786833579,12.954));
#8285=CARTESIAN_POINT('Ctrl Pts',(-21.0678805151994,6.33411369752242,12.954));
#8286=CARTESIAN_POINT('Ctrl Pts',(-21.0382627876849,6.43177593038472,12.973119334456));
#8287=CARTESIAN_POINT('Ctrl Pts',(-20.982610069245,6.61107536066464,13.050879493806));
#8288=CARTESIAN_POINT('Ctrl Pts',(-20.9566091188382,6.69272316868094,13.1095202113864));
#8289=CARTESIAN_POINT('Ctrl Pts',(-20.9150442710802,6.82150517973951,13.2448252954015));
#8290=CARTESIAN_POINT('Ctrl Pts',(-20.8967157267058,6.8772244320288,13.3305104031233));
#8291=CARTESIAN_POINT('Ctrl Pts',(-20.8722681938045,6.95106930605949,13.5182551582472));
#8292=CARTESIAN_POINT('Ctrl Pts',(-20.8661833906944,6.96920526822002,13.6203151883137));
#8293=CARTESIAN_POINT('Ctrl Pts',(-20.8661833906944,6.96920526822002,13.716));
#8294=CARTESIAN_POINT('',(-21.0950296221893,-6.24236786833576,12.954));
#8295=CARTESIAN_POINT('Origin',(0.,0.,12.954));
#8296=CARTESIAN_POINT('',(-20.8661833906944,-6.96920526821999,13.716));
#8297=CARTESIAN_POINT('Ctrl Pts',(-20.8661833906944,-6.96920526821999,13.716));
#8298=CARTESIAN_POINT('Ctrl Pts',(-20.8661833906944,-6.96920526821999,13.6203151883137));
#8299=CARTESIAN_POINT('Ctrl Pts',(-20.8722681938045,-6.95106930605946,13.5182551582472));
#8300=CARTESIAN_POINT('Ctrl Pts',(-20.8967157267058,-6.87722443202877,13.3305104031233));
#8301=CARTESIAN_POINT('Ctrl Pts',(-20.9150442710802,-6.82150517973948,13.2448252954015));
#8302=CARTESIAN_POINT('Ctrl Pts',(-20.9566091188383,-6.69272316868091,13.1095202113864));
#8303=CARTESIAN_POINT('Ctrl Pts',(-20.982610069245,-6.61107536066461,13.050879493806));
#8304=CARTESIAN_POINT('Ctrl Pts',(-21.0382627876849,-6.43177593038469,12.973119334456));
#8305=CARTESIAN_POINT('Ctrl Pts',(-21.0678805151994,-6.33411369752239,12.954));
#8306=CARTESIAN_POINT('Ctrl Pts',(-21.0950296221893,-6.24236786833576,12.954));
#8307=CARTESIAN_POINT('',(-20.8661833906944,-6.96920526821999,13.843));
#8308=CARTESIAN_POINT('',(-20.8661833906944,-6.96920526821999,2.0066));
#8309=CARTESIAN_POINT('',(-18.1613969572524,-12.414954366641,13.843));
#8310=CARTESIAN_POINT('Origin',(0.,0.,13.843));
#8311=CARTESIAN_POINT('',(-18.1613969572524,-12.414954366641,16.129));
#8312=CARTESIAN_POINT('',(-18.1613969572524,-12.414954366641,2.0066));
#8313=CARTESIAN_POINT('',(-7.6882524806689,-20.6120888111361,16.129));
#8314=CARTESIAN_POINT('Origin',(0.,0.,16.129));
#8315=CARTESIAN_POINT('',(-6.96920526822002,-20.8661833906944,15.367));
#8316=CARTESIAN_POINT('Ctrl Pts',(-6.96920526822002,-20.8661833906944,15.367));
#8317=CARTESIAN_POINT('Ctrl Pts',(-6.96920526822002,-20.8661833906944,15.4626708833995));
#8318=CARTESIAN_POINT('Ctrl Pts',(-6.98735191712483,-20.8601499674247,15.5647174045078));
#8319=CARTESIAN_POINT('Ctrl Pts',(-7.0610528328664,-20.8353180049956,15.7524347264665));
#8320=CARTESIAN_POINT('Ctrl Pts',(-7.11659652572505,-20.8164853671696,15.8381051664359));
#8321=CARTESIAN_POINT('Ctrl Pts',(-7.24457715309088,-20.7722921579219,15.9734618999162));
#8322=CARTESIAN_POINT('Ctrl Pts',(-7.32556399398979,-20.7439720572425,16.0321315706592));
#8323=CARTESIAN_POINT('Ctrl Pts',(-7.50253767241388,-20.6806236128361,16.1098996651418));
#8324=CARTESIAN_POINT('Ctrl Pts',(-7.59851171324426,-20.6455618707611,16.129));
#8325=CARTESIAN_POINT('Ctrl Pts',(-7.6882524806689,-20.6120888111361,16.129));
#8326=CARTESIAN_POINT('',(-6.96920526822002,-20.8661833906944,13.716));
#8327=CARTESIAN_POINT('',(-6.96920526822002,-20.8661833906944,2.0066));
#8328=CARTESIAN_POINT('',(-6.24236786833579,-21.0950296221893,12.954));
#8329=CARTESIAN_POINT('Ctrl Pts',(-6.24236786833579,-21.0950296221893,12.954));
#8330=CARTESIAN_POINT('Ctrl Pts',(-6.33411369752242,-21.0678805151994,12.954));
#8331=CARTESIAN_POINT('Ctrl Pts',(-6.43177593038472,-21.0382627876849,12.973119334456));
#8332=CARTESIAN_POINT('Ctrl Pts',(-6.61107536066464,-20.982610069245,13.050879493806));
#8333=CARTESIAN_POINT('Ctrl Pts',(-6.69272316868094,-20.9566091188382,13.1095202113864));
#8334=CARTESIAN_POINT('Ctrl Pts',(-6.82150517973951,-20.9150442710802,13.2448252954015));
#8335=CARTESIAN_POINT('Ctrl Pts',(-6.8772244320288,-20.8967157267058,13.3305104031233));
#8336=CARTESIAN_POINT('Ctrl Pts',(-6.95106930605949,-20.8722681938045,13.5182551582472));
#8337=CARTESIAN_POINT('Ctrl Pts',(-6.96920526822002,-20.8661833906944,13.6203151883137));
#8338=CARTESIAN_POINT('Ctrl Pts',(-6.96920526822002,-20.8661833906944,13.716));
#8339=CARTESIAN_POINT('',(6.24236786833576,-21.0950296221893,12.954));
#8340=CARTESIAN_POINT('Origin',(0.,0.,12.954));
#8341=CARTESIAN_POINT('',(6.96920526821999,-20.8661833906944,13.716));
#8342=CARTESIAN_POINT('Ctrl Pts',(6.96920526821999,-20.8661833906944,13.716));
#8343=CARTESIAN_POINT('Ctrl Pts',(6.96920526821999,-20.8661833906944,13.6203151883137));
#8344=CARTESIAN_POINT('Ctrl Pts',(6.95106930605946,-20.8722681938045,13.5182551582472));
#8345=CARTESIAN_POINT('Ctrl Pts',(6.87722443202877,-20.8967157267058,13.3305104031233));
#8346=CARTESIAN_POINT('Ctrl Pts',(6.82150517973948,-20.9150442710802,13.2448252954015));
#8347=CARTESIAN_POINT('Ctrl Pts',(6.69272316868091,-20.9566091188383,13.1095202113864));
#8348=CARTESIAN_POINT('Ctrl Pts',(6.61107536066461,-20.982610069245,13.050879493806));
#8349=CARTESIAN_POINT('Ctrl Pts',(6.43177593038469,-21.0382627876849,12.973119334456));
#8350=CARTESIAN_POINT('Ctrl Pts',(6.33411369752239,-21.0678805151994,12.954));
#8351=CARTESIAN_POINT('Ctrl Pts',(6.24236786833576,-21.0950296221893,12.954));
#8352=CARTESIAN_POINT('',(6.96920526821999,-20.8661833906944,15.367));
#8353=CARTESIAN_POINT('',(6.96920526821999,-20.8661833906944,2.0066));
#8354=CARTESIAN_POINT('',(7.68825248066887,-20.6120888111361,16.129));
#8355=CARTESIAN_POINT('Ctrl Pts',(7.68825248066887,-20.6120888111361,16.129));
#8356=CARTESIAN_POINT('Ctrl Pts',(7.59851171324423,-20.6455618707611,16.129));
#8357=CARTESIAN_POINT('Ctrl Pts',(7.50253767241385,-20.6806236128361,16.1098996651418));
#8358=CARTESIAN_POINT('Ctrl Pts',(7.32556399398976,-20.7439720572425,16.0321315706592));
#8359=CARTESIAN_POINT('Ctrl Pts',(7.24457715309085,-20.7722921579219,15.9734618999162));
#8360=CARTESIAN_POINT('Ctrl Pts',(7.11659652572502,-20.8164853671697,15.8381051664359));
#8361=CARTESIAN_POINT('Ctrl Pts',(7.06105283286637,-20.8353180049956,15.7524347264665));
#8362=CARTESIAN_POINT('Ctrl Pts',(6.9873519171248,-20.8601499674247,15.5647174045078));
#8363=CARTESIAN_POINT('Ctrl Pts',(6.96920526821999,-20.8661833906944,15.4626708833995));
#8364=CARTESIAN_POINT('Ctrl Pts',(6.96920526821999,-20.8661833906944,15.367));
#8365=CARTESIAN_POINT('',(20.6120888111361,-7.6882524806689,16.129));
#8366=CARTESIAN_POINT('Origin',(0.,0.,16.129));
#8367=CARTESIAN_POINT('',(20.8661833906944,-6.96920526822002,15.367));
#8368=CARTESIAN_POINT('Ctrl Pts',(20.8661833906944,-6.96920526822003,15.367));
#8369=CARTESIAN_POINT('Ctrl Pts',(20.8661833906944,-6.96920526822003,15.4626708833995));
#8370=CARTESIAN_POINT('Ctrl Pts',(20.8601499674247,-6.98735191712484,15.5647174045078));
#8371=CARTESIAN_POINT('Ctrl Pts',(20.8353180049956,-7.0610528328664,15.7524347264665));
#8372=CARTESIAN_POINT('Ctrl Pts',(20.8164853671696,-7.11659652572505,15.8381051664359));
#8373=CARTESIAN_POINT('Ctrl Pts',(20.7722921579219,-7.24457715309089,15.9734618999162));
#8374=CARTESIAN_POINT('Ctrl Pts',(20.7439720572425,-7.32556399398979,16.0321315706592));
#8375=CARTESIAN_POINT('Ctrl Pts',(20.6806236128361,-7.50253767241389,16.1098996651418));
#8376=CARTESIAN_POINT('Ctrl Pts',(20.6455618707611,-7.59851171324426,16.129));
#8377=CARTESIAN_POINT('Ctrl Pts',(20.6120888111361,-7.6882524806689,16.129));
#8378=CARTESIAN_POINT('',(20.8661833906944,-6.96920526822002,13.716));
#8379=CARTESIAN_POINT('',(20.8661833906944,-6.96920526822002,2.0066));
#8380=CARTESIAN_POINT('',(21.0950296221893,-6.2423678683358,12.954));
#8381=CARTESIAN_POINT('Ctrl Pts',(21.0950296221893,-6.2423678683358,12.954));
#8382=CARTESIAN_POINT('Ctrl Pts',(21.0678805151994,-6.33411369752242,12.954));
#8383=CARTESIAN_POINT('Ctrl Pts',(21.0382627876849,-6.43177593038473,12.973119334456));
#8384=CARTESIAN_POINT('Ctrl Pts',(20.982610069245,-6.61107536066465,13.050879493806));
#8385=CARTESIAN_POINT('Ctrl Pts',(20.9566091188382,-6.69272316868094,13.1095202113864));
#8386=CARTESIAN_POINT('Ctrl Pts',(20.9150442710802,-6.82150517973952,13.2448252954015));
#8387=CARTESIAN_POINT('Ctrl Pts',(20.8967157267058,-6.8772244320288,13.3305104031233));
#8388=CARTESIAN_POINT('Ctrl Pts',(20.8722681938045,-6.95106930605949,13.5182551582472));
#8389=CARTESIAN_POINT('Ctrl Pts',(20.8661833906944,-6.96920526822003,13.6203151883137));
#8390=CARTESIAN_POINT('Ctrl Pts',(20.8661833906944,-6.96920526822003,13.716));
#8391=CARTESIAN_POINT('',(21.0950296221893,6.24236786833576,12.954));
#8392=CARTESIAN_POINT('Origin',(0.,0.,12.954));
#8393=CARTESIAN_POINT('',(20.8661833906944,6.96920526821999,13.716));
#8394=CARTESIAN_POINT('Ctrl Pts',(20.8661833906944,6.96920526821999,13.716));
#8395=CARTESIAN_POINT('Ctrl Pts',(20.8661833906944,6.96920526821999,13.6203151883137));
#8396=CARTESIAN_POINT('Ctrl Pts',(20.8722681938045,6.95106930605945,13.5182551582472));
#8397=CARTESIAN_POINT('Ctrl Pts',(20.8967157267058,6.87722443202877,13.3305104031233));
#8398=CARTESIAN_POINT('Ctrl Pts',(20.9150442710802,6.82150517973948,13.2448252954015));
#8399=CARTESIAN_POINT('Ctrl Pts',(20.9566091188383,6.6927231686809,13.1095202113864));
#8400=CARTESIAN_POINT('Ctrl Pts',(20.982610069245,6.61107536066461,13.050879493806));
#8401=CARTESIAN_POINT('Ctrl Pts',(21.0382627876849,6.43177593038469,12.973119334456));
#8402=CARTESIAN_POINT('Ctrl Pts',(21.0678805151994,6.33411369752238,12.954));
#8403=CARTESIAN_POINT('Ctrl Pts',(21.0950296221893,6.24236786833576,12.954));
#8404=CARTESIAN_POINT('',(20.8661833906944,6.96920526821999,15.367));
#8405=CARTESIAN_POINT('',(20.8661833906944,6.96920526821999,2.0066));
#8406=CARTESIAN_POINT('',(20.6120888111361,7.68825248066886,16.129));
#8407=CARTESIAN_POINT('Ctrl Pts',(20.6120888111361,7.68825248066886,16.129));
#8408=CARTESIAN_POINT('Ctrl Pts',(20.6455618707611,7.59851171324423,16.129));
#8409=CARTESIAN_POINT('Ctrl Pts',(20.6806236128361,7.50253767241385,16.1098996651418));
#8410=CARTESIAN_POINT('Ctrl Pts',(20.7439720572426,7.32556399398976,16.0321315706592));
#8411=CARTESIAN_POINT('Ctrl Pts',(20.7722921579219,7.24457715309085,15.9734618999162));
#8412=CARTESIAN_POINT('Ctrl Pts',(20.8164853671697,7.11659652572502,15.8381051664359));
#8413=CARTESIAN_POINT('Ctrl Pts',(20.8353180049956,7.06105283286637,15.7524347264665));
#8414=CARTESIAN_POINT('Ctrl Pts',(20.8601499674247,6.9873519171248,15.5647174045078));
#8415=CARTESIAN_POINT('Ctrl Pts',(20.8661833906944,6.96920526821999,15.4626708833995));
#8416=CARTESIAN_POINT('Ctrl Pts',(20.8661833906944,6.96920526821999,15.367));
#8417=CARTESIAN_POINT('',(7.6882524806689,20.6120888111361,16.129));
#8418=CARTESIAN_POINT('Origin',(0.,0.,16.129));
#8419=CARTESIAN_POINT('',(6.96920526822002,20.8661833906944,15.367));
#8420=CARTESIAN_POINT('Ctrl Pts',(6.96920526822002,20.8661833906944,15.367));
#8421=CARTESIAN_POINT('Ctrl Pts',(6.96920526822002,20.8661833906944,15.4626708833995));
#8422=CARTESIAN_POINT('Ctrl Pts',(6.98735191712483,20.8601499674246,15.5647174045078));
#8423=CARTESIAN_POINT('Ctrl Pts',(7.0610528328664,20.8353180049956,15.7524347264665));
#8424=CARTESIAN_POINT('Ctrl Pts',(7.11659652572505,20.8164853671696,15.8381051664359));
#8425=CARTESIAN_POINT('Ctrl Pts',(7.24457715309088,20.7722921579219,15.9734618999162));
#8426=CARTESIAN_POINT('Ctrl Pts',(7.32556399398979,20.7439720572425,16.0321315706592));
#8427=CARTESIAN_POINT('Ctrl Pts',(7.50253767241388,20.6806236128361,16.1098996651418));
#8428=CARTESIAN_POINT('Ctrl Pts',(7.59851171324426,20.6455618707611,16.129));
#8429=CARTESIAN_POINT('Ctrl Pts',(7.6882524806689,20.6120888111361,16.129));
#8430=CARTESIAN_POINT('',(6.96920526822002,20.8661833906944,13.716));
#8431=CARTESIAN_POINT('',(6.96920526822002,20.8661833906944,2.0066));
#8432=CARTESIAN_POINT('',(6.2423678683358,21.0950296221893,12.954));
#8433=CARTESIAN_POINT('Ctrl Pts',(6.24236786833579,21.0950296221893,12.954));
#8434=CARTESIAN_POINT('Ctrl Pts',(6.33411369752242,21.0678805151994,12.954));
#8435=CARTESIAN_POINT('Ctrl Pts',(6.43177593038472,21.0382627876849,12.973119334456));
#8436=CARTESIAN_POINT('Ctrl Pts',(6.61107536066465,20.982610069245,13.050879493806));
#8437=CARTESIAN_POINT('Ctrl Pts',(6.69272316868094,20.9566091188382,13.1095202113864));
#8438=CARTESIAN_POINT('Ctrl Pts',(6.82150517973951,20.9150442710802,13.2448252954015));
#8439=CARTESIAN_POINT('Ctrl Pts',(6.8772244320288,20.8967157267058,13.3305104031233));
#8440=CARTESIAN_POINT('Ctrl Pts',(6.95106930605949,20.8722681938045,13.5182551582472));
#8441=CARTESIAN_POINT('Ctrl Pts',(6.96920526822002,20.8661833906944,13.6203151883137));
#8442=CARTESIAN_POINT('Ctrl Pts',(6.96920526822002,20.8661833906944,13.716));
#8443=CARTESIAN_POINT('',(6.21974610168246,21.1017105893167,12.954));
#8444=CARTESIAN_POINT('Origin',(0.,0.,12.954));
#8445=CARTESIAN_POINT('',(6.21974610168246,21.1017105893167,2.0066));
#8446=CARTESIAN_POINT('',(17.6499395413421,-13.1319102019335,2.0066));
#8447=CARTESIAN_POINT('',(7.87465675866316,-20.5415971214002,2.0066));
#8448=CARTESIAN_POINT('',(-7.86709538228658,-20.5444941921353,2.0066));
#8449=CARTESIAN_POINT('',(-17.648832085793,-13.1333985461554,2.0066));
#8450=CARTESIAN_POINT('',(21.7807755797551,-3.09277327151848,2.08906400345976));
#8451=CARTESIAN_POINT('',(21.7698281796938,3.16891344016924,2.08906400345976));
#8452=CARTESIAN_POINT('Origin',(0.,0.,2.08906400345976));
#8453=CARTESIAN_POINT('',(21.4278349635328,4.98149778081591,3.90164834410644));
#8454=CARTESIAN_POINT('Ctrl Pts',(21.7698281796938,3.16891344016923,2.08906400345976));
#8455=CARTESIAN_POINT('Ctrl Pts',(21.7365057143775,3.39783239240804,2.08906400345976));
#8456=CARTESIAN_POINT('Ctrl Pts',(21.6969812322729,3.64145037360306,2.13501887608937));
#8457=CARTESIAN_POINT('Ctrl Pts',(21.6170611213188,4.0892326783639,2.32136884219519));
#8458=CARTESIAN_POINT('Ctrl Pts',(21.5768617966996,4.29343792061546,2.46174974672165));
#8459=CARTESIAN_POINT('Ctrl Pts',(21.5106623469272,4.6135815199199,2.7839874683797));
#8460=CARTESIAN_POINT('Ctrl Pts',(21.4801085571971,4.75197441164577,2.98658579144144));
#8461=CARTESIAN_POINT('Ctrl Pts',(21.4385797342457,4.9359521364172,3.4315465801135));
#8462=CARTESIAN_POINT('Ctrl Pts',(21.4278349635328,4.98149778081591,3.67394670831273));
#8463=CARTESIAN_POINT('Ctrl Pts',(21.4278349635328,4.98149778081591,3.90164834410644));
#8464=CARTESIAN_POINT('',(21.4278349635328,4.98149778081591,4.48271966281308));
#8465=CARTESIAN_POINT('',(21.4278349635328,4.98149778081591,2.0066));
#8466=CARTESIAN_POINT('',(21.7698281796938,3.16891344016924,6.29530400345976));
#8467=CARTESIAN_POINT('Ctrl Pts',(21.4278349635328,4.98149778081591,4.48271966281308));
#8468=CARTESIAN_POINT('Ctrl Pts',(21.4278349635328,4.98149778081591,4.7104212986068));
#8469=CARTESIAN_POINT('Ctrl Pts',(21.4385797342457,4.9359521364172,4.95282142680603));
#8470=CARTESIAN_POINT('Ctrl Pts',(21.4801085571971,4.75197441164577,5.39778221547809));
#8471=CARTESIAN_POINT('Ctrl Pts',(21.5106623469272,4.6135815199199,5.60038053853982));
#8472=CARTESIAN_POINT('Ctrl Pts',(21.5768617966996,4.29343792061546,5.92261826019787));
#8473=CARTESIAN_POINT('Ctrl Pts',(21.6170611213188,4.0892326783639,6.06299916472434));
#8474=CARTESIAN_POINT('Ctrl Pts',(21.6969812322729,3.64145037360306,6.24934913083015));
#8475=CARTESIAN_POINT('Ctrl Pts',(21.7365057143775,3.39783239240805,6.29530400345976));
#8476=CARTESIAN_POINT('Ctrl Pts',(21.7698281796938,3.16891344016924,6.29530400345976));
#8477=CARTESIAN_POINT('',(21.7807755797551,-3.09277327151848,6.29530400345976));
#8478=CARTESIAN_POINT('Origin',(0.,0.,6.29530400345976));
#8479=CARTESIAN_POINT('',(21.4453933995497,-4.90535761216516,4.48271966281309));
#8480=CARTESIAN_POINT('Ctrl Pts',(21.7807755797551,-3.09277327151848,6.29530400345976));
#8481=CARTESIAN_POINT('Ctrl Pts',(21.7482749063711,-3.32165842119543,6.29530400345976));
#8482=CARTESIAN_POINT('Ctrl Pts',(21.7096310135773,-3.56524897614013,6.24936087013725));
#8483=CARTESIAN_POINT('Ctrl Pts',(21.6313448812789,-4.01297864911594,6.06306028559485));
#8484=CARTESIAN_POINT('Ctrl Pts',(21.591899056338,-4.21715799267406,5.92271702501789));
#8485=CARTESIAN_POINT('Ctrl Pts',(21.5268694895392,-4.53735688109238,5.60050679711835));
#8486=CARTESIAN_POINT('Ctrl Pts',(21.4968202304963,-4.67579237358042,5.39786432204448));
#8487=CARTESIAN_POINT('Ctrl Pts',(21.455967569407,-4.85981173288201,4.95284114752879));
#8488=CARTESIAN_POINT('Ctrl Pts',(21.4453933995497,-4.90535761216516,4.71042372786167));
#8489=CARTESIAN_POINT('Ctrl Pts',(21.4453933995497,-4.90535761216516,4.48271966281308));
#8490=CARTESIAN_POINT('',(21.4453933995497,-4.90535761216516,3.90164834410644));
#8491=CARTESIAN_POINT('',(21.4453933995497,-4.90535761216516,2.0066));
#8492=CARTESIAN_POINT('Ctrl Pts',(21.4453933995497,-4.90535761216516,3.90164834410644));
#8493=CARTESIAN_POINT('Ctrl Pts',(21.4453933995497,-4.90535761216516,3.67394427905786));
#8494=CARTESIAN_POINT('Ctrl Pts',(21.455967569407,-4.85981173288201,3.43152685939074));
#8495=CARTESIAN_POINT('Ctrl Pts',(21.4968202304963,-4.67579237358042,2.98650368487505));
#8496=CARTESIAN_POINT('Ctrl Pts',(21.5268694895392,-4.53735688109238,2.78386120980118));
#8497=CARTESIAN_POINT('Ctrl Pts',(21.591899056338,-4.21715799267406,2.46165098190164));
#8498=CARTESIAN_POINT('Ctrl Pts',(21.6313448812789,-4.01297864911594,2.32130772132467));
#8499=CARTESIAN_POINT('Ctrl Pts',(21.7096310135773,-3.56524897614013,2.13500713678228));
#8500=CARTESIAN_POINT('Ctrl Pts',(21.7482749063711,-3.32165842119543,2.08906400345976));
#8501=CARTESIAN_POINT('Ctrl Pts',(21.7807755797551,-3.09277327151848,2.08906400345976));
#8502=CARTESIAN_POINT('Origin',(5.25812667312607,17.8392277569432,2.0066));
#8503=CARTESIAN_POINT('',(2.71337570209539,20.0959396688799,12.954));
#8504=CARTESIAN_POINT('Origin',(5.25812667312607,17.8392277569432,12.954));
#8505=CARTESIAN_POINT('',(2.71337570209539,20.0959396688799,2.0066));
#8506=CARTESIAN_POINT('Origin',(2.58094579888203,19.1151306555034,2.0066));
#8507=CARTESIAN_POINT('',(2.94365283447622,21.8014297548293,12.954));
#8508=CARTESIAN_POINT('',(-0.163598726725199,-1.21165312226519,12.954));
#8509=CARTESIAN_POINT('',(2.94365283447622,21.8014297548293,2.0066));
#8510=CARTESIAN_POINT('',(2.71337570209539,20.0959396688799,2.0066));
#8511=CARTESIAN_POINT('Origin',(6.65717572188981,-17.365712035002,2.0066));
#8512=CARTESIAN_POINT('',(10.0390911125013,-17.72786455736,2.0066));
#8513=CARTESIAN_POINT('Origin',(-6.65078339105166,-17.368161196858,2.0066));
#8514=CARTESIAN_POINT('',(-10.0330071666647,-17.7274222305845,2.0066));
#8515=CARTESIAN_POINT('Origin',(14.9211264196603,-11.1016183254176,2.0066));
#8516=CARTESIAN_POINT('',(14.3560494560174,-14.4556001655391,2.0066));
#8517=CARTESIAN_POINT('Origin',(-14.9201901850509,-11.1028765604523,2.0066));
#8518=CARTESIAN_POINT('',(-14.3507288787274,-14.4561167813845,2.0066));
#8519=CARTESIAN_POINT('Origin',(-11.8082726168496,-15.5854706481766,2.0066));
#8520=CARTESIAN_POINT('Origin',(0.,0.,9.411));
#8521=CARTESIAN_POINT('',(-2.93395992478059,21.8027363081898,12.954));
#8522=CARTESIAN_POINT('Origin',(0.,0.,12.954));
#8523=CARTESIAN_POINT('',(-2.93395992478059,21.8027363081898,2.0066));
#8524=CARTESIAN_POINT('Origin',(11.8138227366895,-15.5854706481766,2.0066));
#8525=CARTESIAN_POINT('Origin',(-2.93395992478059,21.8027363081898,2.0066));
#8526=CARTESIAN_POINT('',(-0.0176094727202084,0.130858873109992,12.954));
#8527=CARTESIAN_POINT('',(-2.70444105283195,20.0971440127252,2.0066));
#8528=CARTESIAN_POINT('Origin',(0.00432649894470949,19.4630286048996,2.0066));
#8529=CARTESIAN_POINT('Origin',(0.,0.,14.7553084525239));
#8530=CARTESIAN_POINT('',(2.00886662581572,-22.9614506023454,14.9999996647239));
#8531=CARTESIAN_POINT('',(1.96621413712949,-22.4739304258189,14.5106172403239));
#8532=CARTESIAN_POINT('',(1.98754038147261,-22.7176905140822,14.7553084525239));
#8533=CARTESIAN_POINT('',(-1.9662141371295,-22.4739304258189,14.5106172403239));
#8534=CARTESIAN_POINT('Origin',(0.,0.,14.5106172403239));
#8535=CARTESIAN_POINT('',(-2.00886662581573,-22.9614506023454,14.9999996647239));
#8536=CARTESIAN_POINT('',(-1.98754038147261,-22.7176905140822,14.7553084525239));
#8537=CARTESIAN_POINT('Origin',(0.,0.,14.9999996647239));
#8538=CARTESIAN_POINT('Origin',(0.,0.,14.5016340288416));
#8539=CARTESIAN_POINT('',(-1.9662141371295,-22.4739304258189,14.4926508173594));
#8540=CARTESIAN_POINT('',(1.96621413712949,-22.4739304258189,14.4926508173594));
#8541=CARTESIAN_POINT('Origin',(0.,0.,14.4926508173594));
#8542=CARTESIAN_POINT('',(-1.9662141371295,-22.4739304258189,14.9999996647239));
#8543=CARTESIAN_POINT('',(1.96621413712949,-22.4739304258189,14.9999996647239));
#8544=CARTESIAN_POINT('Origin',(0.,0.,14.2479596051594));
#8545=CARTESIAN_POINT('',(-2.00886662581573,-22.9614506023454,14.0032683929594));
#8546=CARTESIAN_POINT('',(-1.98754038147261,-22.7176905140822,14.2479596051594));
#8547=CARTESIAN_POINT('',(2.00886662581572,-22.9614506023454,14.0032683929594));
#8548=CARTESIAN_POINT('',(1.98754038147261,-22.7176905140822,14.2479596051594));
#8549=CARTESIAN_POINT('Origin',(0.,0.,14.0032683929594));
#8550=CARTESIAN_POINT('Origin',(0.,0.,14.7553084525239));
#8551=CARTESIAN_POINT('',(22.9614506023454,2.00886662581572,14.9999996647239));
#8552=CARTESIAN_POINT('',(22.4739304258189,1.96621413712949,14.5106172403239));
#8553=CARTESIAN_POINT('',(22.7176905140822,1.98754038147261,14.7553084525239));
#8554=CARTESIAN_POINT('',(22.4739304258189,-1.9662141371295,14.5106172403239));
#8555=CARTESIAN_POINT('Origin',(0.,0.,14.5106172403239));
#8556=CARTESIAN_POINT('',(22.9614506023454,-2.00886662581573,14.9999996647239));
#8557=CARTESIAN_POINT('',(22.7176905140822,-1.98754038147261,14.7553084525239));
#8558=CARTESIAN_POINT('Origin',(0.,0.,14.9999996647239));
#8559=CARTESIAN_POINT('Origin',(0.,0.,14.5016340288416));
#8560=CARTESIAN_POINT('',(22.4739304258189,-1.9662141371295,14.4926508173594));
#8561=CARTESIAN_POINT('',(22.4739304258189,1.96621413712949,14.4926508173594));
#8562=CARTESIAN_POINT('Origin',(0.,0.,14.4926508173594));
#8563=CARTESIAN_POINT('',(22.4739304258189,-1.9662141371295,14.9999996647239));
#8564=CARTESIAN_POINT('',(22.4739304258189,1.96621413712949,14.9999996647239));
#8565=CARTESIAN_POINT('Origin',(0.,0.,14.2479596051594));
#8566=CARTESIAN_POINT('',(22.9614506023454,-2.00886662581573,14.0032683929594));
#8567=CARTESIAN_POINT('',(22.7176905140822,-1.98754038147261,14.2479596051594));
#8568=CARTESIAN_POINT('',(22.9614506023454,2.00886662581572,14.0032683929594));
#8569=CARTESIAN_POINT('',(22.7176905140822,1.98754038147261,14.2479596051594));
#8570=CARTESIAN_POINT('Origin',(0.,0.,14.0032683929594));
#8571=CARTESIAN_POINT('Origin',(0.,0.,14.7553084525239));
#8572=CARTESIAN_POINT('',(-2.00886662581573,22.9614506023454,14.9999996647239));
#8573=CARTESIAN_POINT('',(-1.96621413712949,22.4739304258189,14.5106172403239));
#8574=CARTESIAN_POINT('',(-1.98754038147261,22.7176905140822,14.7553084525239));
#8575=CARTESIAN_POINT('',(1.96621413712949,22.4739304258189,14.5106172403239));
#8576=CARTESIAN_POINT('Origin',(0.,0.,14.5106172403239));
#8577=CARTESIAN_POINT('',(2.00886662581573,22.9614506023454,14.9999996647239));
#8578=CARTESIAN_POINT('',(1.98754038147261,22.7176905140822,14.7553084525239));
#8579=CARTESIAN_POINT('Origin',(0.,0.,14.9999996647239));
#8580=CARTESIAN_POINT('Origin',(0.,0.,14.5016340288416));
#8581=CARTESIAN_POINT('',(1.96621413712949,22.4739304258189,14.4926508173594));
#8582=CARTESIAN_POINT('',(-1.96621413712949,22.4739304258189,14.4926508173594));
#8583=CARTESIAN_POINT('Origin',(0.,0.,14.4926508173594));
#8584=CARTESIAN_POINT('',(1.96621413712949,22.4739304258189,14.9999996647239));
#8585=CARTESIAN_POINT('',(-1.96621413712949,22.4739304258189,14.9999996647239));
#8586=CARTESIAN_POINT('Origin',(0.,0.,14.2479596051594));
#8587=CARTESIAN_POINT('',(2.00886662581573,22.9614506023454,14.0032683929594));
#8588=CARTESIAN_POINT('',(1.98754038147261,22.7176905140822,14.2479596051594));
#8589=CARTESIAN_POINT('',(-2.00886662581573,22.9614506023454,14.0032683929594));
#8590=CARTESIAN_POINT('',(-1.98754038147261,22.7176905140822,14.2479596051594));
#8591=CARTESIAN_POINT('Origin',(0.,0.,14.0032683929594));
#8592=CARTESIAN_POINT('Origin',(0.,0.,14.7553084525239));
#8593=CARTESIAN_POINT('',(-22.9614506023454,-2.00886662581572,14.9999996647239));
#8594=CARTESIAN_POINT('',(-22.4739304258189,-1.96621413712949,14.5106172403239));
#8595=CARTESIAN_POINT('',(-22.7176905140822,-1.98754038147261,14.7553084525239));
#8596=CARTESIAN_POINT('',(-22.4739304258189,1.9662141371295,14.5106172403239));
#8597=CARTESIAN_POINT('Origin',(0.,0.,14.5106172403239));
#8598=CARTESIAN_POINT('',(-22.9614506023454,2.00886662581573,14.9999996647239));
#8599=CARTESIAN_POINT('',(-22.7176905140822,1.98754038147261,14.7553084525239));
#8600=CARTESIAN_POINT('Origin',(0.,0.,14.9999996647239));
#8601=CARTESIAN_POINT('Origin',(0.,0.,14.5016340288416));
#8602=CARTESIAN_POINT('',(-22.4739304258189,1.9662141371295,14.4926508173594));
#8603=CARTESIAN_POINT('',(-22.4739304258189,-1.96621413712949,14.4926508173594));
#8604=CARTESIAN_POINT('Origin',(0.,0.,14.4926508173594));
#8605=CARTESIAN_POINT('',(-22.4739304258189,1.9662141371295,14.9999996647239));
#8606=CARTESIAN_POINT('',(-22.4739304258189,-1.96621413712949,14.9999996647239));
#8607=CARTESIAN_POINT('Origin',(0.,0.,14.2479596051594));
#8608=CARTESIAN_POINT('',(-22.9614506023454,2.00886662581573,14.0032683929594));
#8609=CARTESIAN_POINT('',(-22.7176905140822,1.98754038147261,14.2479596051594));
#8610=CARTESIAN_POINT('',(-22.9614506023454,-2.00886662581572,14.0032683929594));
#8611=CARTESIAN_POINT('',(-22.7176905140822,-1.98754038147261,14.2479596051594));
#8612=CARTESIAN_POINT('Origin',(0.,0.,14.0032683929594));
#8613=CARTESIAN_POINT('Origin',(-2.76277589239937E-15,-22.559777189006,
14.0032683929594));
#8614=CARTESIAN_POINT('',(2.01087575277231,-22.9844150285421,14.0032683929594));
#8615=CARTESIAN_POINT('',(1.96621413712949,-22.4739304258189,14.0032683929594));
#8616=CARTESIAN_POINT('',(-2.01087575277231,-22.9844150285421,14.0032683929594));
#8617=CARTESIAN_POINT('Origin',(0.,0.,14.0032683929594));
#8618=CARTESIAN_POINT('',(-1.9662141371295,-22.4739304258189,14.0032683929594));
#8619=CARTESIAN_POINT('Origin',(-1.9922438432162,-22.7714513278154,14.5016340288416));
#8620=CARTESIAN_POINT('',(-2.01087575277231,-22.9844150285421,14.9999996647239));
#8621=CARTESIAN_POINT('',(-2.01087575277231,-22.9844150285421,16.129));
#8622=CARTESIAN_POINT('',(-2.0182735493029,-23.0689722298119,14.9999996647239));
#8623=CARTESIAN_POINT('Origin',(-2.83592585415029E-15,-23.1570919560217,
14.9999996647239));
#8624=CARTESIAN_POINT('',(2.01087575277231,-22.9844150285421,14.9999996647239));
#8625=CARTESIAN_POINT('Origin',(0.,0.,14.9999996647239));
#8626=CARTESIAN_POINT('',(2.01827354930289,-23.0689722298119,14.9999996647239));
#8627=CARTESIAN_POINT('Origin',(1.99224384321619,-22.7714513278154,14.5016340288416));
#8628=CARTESIAN_POINT('',(2.01087575277231,-22.9844150285421,16.129));
#8629=CARTESIAN_POINT('Origin',(22.559777189006,-4.14416383859905E-15,14.0032683929594));
#8630=CARTESIAN_POINT('',(22.9844150285421,2.01087575277231,14.0032683929594));
#8631=CARTESIAN_POINT('',(22.4739304258189,1.96621413712949,14.0032683929594));
#8632=CARTESIAN_POINT('',(22.9844150285421,-2.01087575277231,14.0032683929594));
#8633=CARTESIAN_POINT('Origin',(0.,0.,14.0032683929594));
#8634=CARTESIAN_POINT('',(22.4739304258189,-1.9662141371295,14.0032683929594));
#8635=CARTESIAN_POINT('Origin',(22.7714513278154,-1.9922438432162,14.5016340288416));
#8636=CARTESIAN_POINT('',(22.9844150285421,-2.01087575277231,14.9999996647239));
#8637=CARTESIAN_POINT('',(22.9844150285421,-2.01087575277231,16.129));
#8638=CARTESIAN_POINT('',(23.0689722298119,-2.0182735493029,14.9999996647239));
#8639=CARTESIAN_POINT('Origin',(23.1570919560217,-4.25388878122544E-15,
14.9999996647239));
#8640=CARTESIAN_POINT('',(22.9844150285421,2.01087575277231,14.9999996647239));
#8641=CARTESIAN_POINT('Origin',(0.,0.,14.9999996647239));
#8642=CARTESIAN_POINT('',(23.0689722298119,2.01827354930289,14.9999996647239));
#8643=CARTESIAN_POINT('Origin',(22.7714513278154,1.99224384321619,14.5016340288416));
#8644=CARTESIAN_POINT('',(22.9844150285421,2.01087575277231,16.129));
#8645=CARTESIAN_POINT('Origin',(0.,22.559777189006,14.0032683929594));
#8646=CARTESIAN_POINT('',(-2.01087575277231,22.9844150285421,14.0032683929594));
#8647=CARTESIAN_POINT('',(-1.96621413712949,22.4739304258189,14.0032683929594));
#8648=CARTESIAN_POINT('',(2.01087575277231,22.9844150285421,14.0032683929594));
#8649=CARTESIAN_POINT('Origin',(0.,0.,14.0032683929594));
#8650=CARTESIAN_POINT('',(1.96621413712949,22.4739304258189,14.0032683929594));
#8651=CARTESIAN_POINT('Origin',(1.99224384321619,22.7714513278154,14.5016340288416));
#8652=CARTESIAN_POINT('',(2.01087575277231,22.9844150285421,14.9999996647239));
#8653=CARTESIAN_POINT('',(2.01087575277231,22.9844150285421,16.129));
#8654=CARTESIAN_POINT('',(2.0182735493029,23.0689722298119,14.9999996647239));
#8655=CARTESIAN_POINT('Origin',(0.,23.1570919560217,14.9999996647239));
#8656=CARTESIAN_POINT('',(-2.01087575277231,22.9844150285421,14.9999996647239));
#8657=CARTESIAN_POINT('Origin',(0.,0.,14.9999996647239));
#8658=CARTESIAN_POINT('',(-2.0182735493029,23.0689722298119,14.9999996647239));
#8659=CARTESIAN_POINT('Origin',(-1.99224384321619,22.7714513278154,14.5016340288416));
#8660=CARTESIAN_POINT('',(-2.01087575277231,22.9844150285421,16.129));
#8661=CARTESIAN_POINT('Origin',(-22.559777189006,1.38138794619968E-15,14.0032683929594));
#8662=CARTESIAN_POINT('',(-22.9844150285421,-2.01087575277231,14.0032683929594));
#8663=CARTESIAN_POINT('',(-22.4739304258189,-1.96621413712949,14.0032683929594));
#8664=CARTESIAN_POINT('',(-22.9844150285421,2.01087575277231,14.0032683929594));
#8665=CARTESIAN_POINT('Origin',(0.,0.,14.0032683929594));
#8666=CARTESIAN_POINT('',(-22.4739304258189,1.9662141371295,14.0032683929594));
#8667=CARTESIAN_POINT('Origin',(-22.7714513278154,1.9922438432162,14.5016340288416));
#8668=CARTESIAN_POINT('',(-22.9844150285421,2.01087575277231,14.9999996647239));
#8669=CARTESIAN_POINT('',(-22.9844150285421,2.01087575277231,16.129));
#8670=CARTESIAN_POINT('',(-23.0689722298119,2.0182735493029,14.9999996647239));
#8671=CARTESIAN_POINT('Origin',(-23.1570919560217,1.41796292707515E-15,
14.9999996647239));
#8672=CARTESIAN_POINT('',(-22.9844150285421,-2.01087575277231,14.9999996647239));
#8673=CARTESIAN_POINT('Origin',(0.,0.,14.9999996647239));
#8674=CARTESIAN_POINT('',(-23.0689722298119,-2.01827354930289,14.9999996647239));
#8675=CARTESIAN_POINT('Origin',(-22.7714513278154,-1.99224384321619,14.5016340288416));
#8676=CARTESIAN_POINT('',(-22.9844150285421,-2.01087575277231,16.129));
#8677=CARTESIAN_POINT('Origin',(11.8138227366895,-15.5854706481766,0.));
#8678=CARTESIAN_POINT('',(10.7138227366895,-15.5854706481766,11.8991037967402));
#8679=CARTESIAN_POINT('Origin',(11.8138227366895,-15.5854706481766,11.8991037967402));
#8680=CARTESIAN_POINT('',(10.7138227366895,-15.5854706481766,0.));
#8681=CARTESIAN_POINT('',(10.7138227366895,-15.5854706481766,0.));
#8682=CARTESIAN_POINT('Origin',(11.8138227366895,-15.5854706481766,0.));
#8683=CARTESIAN_POINT('Origin',(0.00432649894470949,19.4630286048996,0.));
#8684=CARTESIAN_POINT('',(-1.09567350105529,19.4630286048996,11.8991037967402));
#8685=CARTESIAN_POINT('Origin',(0.00432649894470949,19.4630286048996,11.8991037967402));
#8686=CARTESIAN_POINT('',(-1.09567350105529,19.4630286048996,0.));
#8687=CARTESIAN_POINT('',(-1.09567350105529,19.4630286048996,0.));
#8688=CARTESIAN_POINT('Origin',(0.00432649894470949,19.4630286048996,0.));
#8689=CARTESIAN_POINT('Origin',(0.,0.,0.));
#8690=CARTESIAN_POINT('',(22.997510388621,3.85323640320421,0.));
#8691=CARTESIAN_POINT('',(22.997510388621,-3.85323640320421,0.));
#8692=CARTESIAN_POINT('Origin',(0.,0.,0.));
#8693=CARTESIAN_POINT('',(22.997510388621,0.,0.));
#8694=CARTESIAN_POINT('',(-12.9082726168496,-15.5854706481766,0.));
#8695=CARTESIAN_POINT('Origin',(-11.8082726168496,-15.5854706481766,0.));
#8696=CARTESIAN_POINT('Ctrl Pts',(23.0754683691696,-6.58291199484496,10.8267774268673));
#8697=CARTESIAN_POINT('Ctrl Pts',(23.0754683464471,-6.5829079949095,10.8267774268673));
#8698=CARTESIAN_POINT('Ctrl Pts',(23.1232572267276,-6.41633073641295,10.8267774268673));
#8699=CARTESIAN_POINT('Ctrl Pts',(23.2654025846408,-5.88924770072925,10.8267774268673));
#8700=CARTESIAN_POINT('Ctrl Pts',(23.5241672710071,-4.81313767753935,10.8267774268673));
#8701=CARTESIAN_POINT('Ctrl Pts',(23.938354168985,-2.4719576864459,10.8267774268673));
#8702=CARTESIAN_POINT('Ctrl Pts',(24.1003978743272,1.06593643836019,10.8267774268673));
#8703=CARTESIAN_POINT('Ctrl Pts',(23.6746071685302,4.19320464675796,10.8267774268673));
#8704=CARTESIAN_POINT('Ctrl Pts',(23.2646266009059,5.89189461160322,10.8267774268673));
#8705=CARTESIAN_POINT('Ctrl Pts',(23.1232129148073,6.41660903623125,10.8267774268673));
#8706=CARTESIAN_POINT('Ctrl Pts',(23.0754683464471,6.5829079949095,10.8267774268673));
#8707=CARTESIAN_POINT('Ctrl Pts',(23.0754683691696,6.58291199484496,10.8267774268673));
#8708=CARTESIAN_POINT('Ctrl Pts',(23.0496498089238,-6.67341128704583,10.8267774268673));
#8709=CARTESIAN_POINT('Ctrl Pts',(23.0496498089238,-6.67341128704583,10.7969192242563));
#8710=CARTESIAN_POINT('Ctrl Pts',(23.0816875995785,-6.50060065131809,10.7430077496866));
#8711=CARTESIAN_POINT('Ctrl Pts',(23.1778612416361,-5.95629298426539,10.6835777431465));
#8712=CARTESIAN_POINT('Ctrl Pts',(23.3552420780517,-4.85262162944208,10.6378571780943));
#8713=CARTESIAN_POINT('Ctrl Pts',(23.6495457690942,-2.47955022984844,10.6374953151422));
#8714=CARTESIAN_POINT('Ctrl Pts',(23.7704358345791,1.06765768502131,10.6634974059645));
#8715=CARTESIAN_POINT('Ctrl Pts',(23.458597430867,4.21713216925117,10.6163181514893));
#8716=CARTESIAN_POINT('Ctrl Pts',(23.1772945830847,5.95898333325071,10.6834631709936));
#8717=CARTESIAN_POINT('Ctrl Pts',(23.0816678679009,6.50090949915825,10.7434818937476));
#8718=CARTESIAN_POINT('Ctrl Pts',(23.0496498089238,6.67341128704583,10.7969539211712));
#8719=CARTESIAN_POINT('Ctrl Pts',(23.0496498089238,6.67341128704583,10.8267774268673));
#8720=CARTESIAN_POINT('Ctrl Pts',(23.0106087524155,-6.85801056550074,10.8267774268673));
#8721=CARTESIAN_POINT('Ctrl Pts',(23.0106087524155,-6.85801056550074,10.7360164381928));
#8722=CARTESIAN_POINT('Ctrl Pts',(23.0186732404768,-6.67480962060001,10.5711924884265));
#8723=CARTESIAN_POINT('Ctrl Pts',(23.0432834923355,-6.10087212423803,10.3779700576066));
#8724=CARTESIAN_POINT('Ctrl Pts',(23.0895800315949,-4.94714622124384,10.2022337658159));
#8725=CARTESIAN_POINT('Ctrl Pts',(23.1708571925408,-2.50528708507047,10.1142235962123));
#8726=CARTESIAN_POINT('Ctrl Pts',(23.2066286718417,1.07524818936198,10.1481315653266));
#8727=CARTESIAN_POINT('Ctrl Pts',(23.116632794685,4.28250892055076,10.1137670259126));
#8728=CARTESIAN_POINT('Ctrl Pts',(23.0431309904158,6.10372465776549,10.3778303696139));
#8729=CARTESIAN_POINT('Ctrl Pts',(23.0186727583993,6.67513119784676,10.5725392009442));
#8730=CARTESIAN_POINT('Ctrl Pts',(23.0106087524155,6.85801056550074,10.7361219075791));
#8731=CARTESIAN_POINT('Ctrl Pts',(23.0106087524155,6.85801056550074,10.8267774268673));
#8732=CARTESIAN_POINT('Ctrl Pts',(22.997510388621,-7.04623790295537,10.8267774268673));
#8733=CARTESIAN_POINT('Ctrl Pts',(22.997510388621,-7.04623790295537,10.6739173326388));
#8734=CARTESIAN_POINT('Ctrl Pts',(22.9975219430203,-6.85476237795468,10.3950301385739));
#8735=CARTESIAN_POINT('Ctrl Pts',(22.997508516908,-6.25623313098086,10.0525155093848));
#8736=CARTESIAN_POINT('Ctrl Pts',(22.9974593295432,-5.0581597269991,9.70593489461798));
#8737=CARTESIAN_POINT('Ctrl Pts',(22.9971942040871,-2.54324383673314,9.42922827637261));
#8738=CARTESIAN_POINT('Ctrl Pts',(22.9970589780368,1.08798145973198,9.41441893219002));
#8739=CARTESIAN_POINT('Ctrl Pts',(22.9974304364713,4.36683954905525,9.52535503262049));
#8740=CARTESIAN_POINT('Ctrl Pts',(22.9975009502574,6.25930700053951,10.0526111499775));
#8741=CARTESIAN_POINT('Ctrl Pts',(22.9975208200632,6.85505370830169,10.397178688751));
#8742=CARTESIAN_POINT('Ctrl Pts',(22.9975103886209,7.04623790295538,10.6740949646871));
#8743=CARTESIAN_POINT('Ctrl Pts',(22.9975103886209,7.04623790295538,10.8267774268673));
#8744=CARTESIAN_POINT('Ctrl Pts',(22.997510388621,-7.14035189111523,10.8267774268673));
#8745=CARTESIAN_POINT('Ctrl Pts',(22.997510388621,-7.14035189111523,10.6428675369398));
#8746=CARTESIAN_POINT('Ctrl Pts',(22.9975103886209,-6.94473941025351,10.3069537586982));
#8747=CARTESIAN_POINT('Ctrl Pts',(22.9975103886209,-6.33391902017467,9.88978807605466));
#8748=CARTESIAN_POINT('Ctrl Pts',(22.9975103886209,-5.1136852099714,9.45775966998151));
#8749=CARTESIAN_POINT('Ctrl Pts',(22.9975103886209,-2.56225881612266,9.08643474237632));
#8750=CARTESIAN_POINT('Ctrl Pts',(22.9975103886209,1.09436995125087,9.04703221526654));
#8751=CARTESIAN_POINT('Ctrl Pts',(22.997510388621,4.40903531356548,9.23111325593264));
#8752=CARTESIAN_POINT('Ctrl Pts',(22.9975103886209,6.33710348060156,9.88999897935175));
#8753=CARTESIAN_POINT('Ctrl Pts',(22.9975103886209,6.94501584442853,10.3095031633723));
#8754=CARTESIAN_POINT('Ctrl Pts',(22.9975103886209,7.14035189111524,10.6430812506013));
#8755=CARTESIAN_POINT('Ctrl Pts',(22.9975103886209,7.14035189111524,10.8267774268673));
#8756=CARTESIAN_POINT('',(23.0754683464471,6.5829079949095,10.8267774268673));
#8757=CARTESIAN_POINT('',(22.997510388621,6.85028707321694,10.2689232180807));
#8758=CARTESIAN_POINT('Ctrl Pts',(22.997510388621,6.85028707446605,10.2689232203905));
#8759=CARTESIAN_POINT('Ctrl Pts',(22.997510388621,6.85028707446605,10.3970209298308));
#8760=CARTESIAN_POINT('Ctrl Pts',(23.0040397133652,6.82843492319044,10.5083495458759));
#8761=CARTESIAN_POINT('Ctrl Pts',(23.0225526466403,6.76570276064646,10.6636814469485));
#8762=CARTESIAN_POINT('Ctrl Pts',(23.0321645076763,6.73294972524579,10.7151579161322));
#8763=CARTESIAN_POINT('Ctrl Pts',(23.0470667362655,6.68168644735221,10.771356073253));
#8764=CARTESIAN_POINT('Ctrl Pts',(23.0524991784409,6.66293055871364,10.7882934538498));
#8765=CARTESIAN_POINT('Ctrl Pts',(23.0610326230438,6.63330884025695,10.8079916355335));
#8766=CARTESIAN_POINT('Ctrl Pts',(23.0638927979346,6.62335851392577,10.8136486239181));
#8767=CARTESIAN_POINT('Ctrl Pts',(23.0682133052544,6.60828858084554,10.8202829678779));
#8768=CARTESIAN_POINT('Ctrl Pts',(23.0696723512462,6.60319337082698,10.8222276256931));
#8769=CARTESIAN_POINT('Ctrl Pts',(23.0718433626164,6.59560214877295,10.8245165487902));
#8770=CARTESIAN_POINT('Ctrl Pts',(23.072579382491,6.59302697681607,10.8251936515773));
#8771=CARTESIAN_POINT('Ctrl Pts',(23.0736671195216,6.58921880520006,10.8259912075776));
#8772=CARTESIAN_POINT('Ctrl Pts',(23.0740366658557,6.58792461773602,10.8262280656469));
#8773=CARTESIAN_POINT('Ctrl Pts',(23.0745808294846,6.58601830065088,10.8265065481867));
#8774=CARTESIAN_POINT('Ctrl Pts',(23.0747659320909,6.5853697461011,10.8265893244032));
#8775=CARTESIAN_POINT('Ctrl Pts',(23.075037731726,6.58441727608536,10.8266861128394));
#8776=CARTESIAN_POINT('Ctrl Pts',(23.0751302382891,6.58409307890873,10.8267148252037));
#8777=CARTESIAN_POINT('Ctrl Pts',(23.0752654818897,6.58361906890287,10.8267479734725));
#8778=CARTESIAN_POINT('Ctrl Pts',(23.0753114397769,6.58345798658944,10.8267577369148));
#8779=CARTESIAN_POINT('Ctrl Pts',(23.0753779158107,6.58322497915215,10.82676869136));
#8780=CARTESIAN_POINT('Ctrl Pts',(23.0754002801444,6.58314658766191,10.8267718541775));
#8781=CARTESIAN_POINT('Ctrl Pts',(23.0754317531204,6.58303626647312,10.8267751899266));
#8782=CARTESIAN_POINT('Ctrl Pts',(23.0754419548645,6.58300050632434,10.8267761047687));
#8783=CARTESIAN_POINT('Ctrl Pts',(23.0754572497682,6.58294689268078,10.8267770749446));
#8784=CARTESIAN_POINT('Ctrl Pts',(23.0754738949143,6.58288854552962,10.8267774268673));
#8785=CARTESIAN_POINT('Ctrl Pts',(23.0754683464471,6.5829079949095,10.8267774268673));
#8786=CARTESIAN_POINT('',(23.0754683464471,-6.5829079949095,10.8267774268673));
#8787=CARTESIAN_POINT('Origin',(0.,0.,10.8267774268673));
#8788=CARTESIAN_POINT('',(22.997510388621,-6.85028706061246,10.2689231947722));
#8789=CARTESIAN_POINT('Ctrl Pts',(23.0754683464471,-6.5829079949095,10.8267774268673));
#8790=CARTESIAN_POINT('Ctrl Pts',(23.0754649460188,-6.58291991463799,10.8267774268673));
#8791=CARTESIAN_POINT('Ctrl Pts',(23.0754594332353,-6.58293923886509,10.8267771645316));
#8792=CARTESIAN_POINT('Ctrl Pts',(23.0754483149827,-6.58297821207689,10.8267765579608));
#8793=CARTESIAN_POINT('Ctrl Pts',(23.0754402058315,-6.583006637186,10.8267759207651));
#8794=CARTESIAN_POINT('Ctrl Pts',(23.0754147306187,-6.58309593515188,10.8267735452956));
#8795=CARTESIAN_POINT('Ctrl Pts',(23.0753964163437,-6.58316013097988,10.8267712372651));
#8796=CARTESIAN_POINT('Ctrl Pts',(23.075341660729,-6.58335205925532,10.8267631693411));
#8797=CARTESIAN_POINT('Ctrl Pts',(23.0753036183345,-6.58348540040374,10.8267558920083));
#8798=CARTESIAN_POINT('Ctrl Pts',(23.0751915290448,-6.58387826815224,10.8267311011975));
#8799=CARTESIAN_POINT('Ctrl Pts',(23.0751147197575,-6.58414746359603,10.8267095134369));
#8800=CARTESIAN_POINT('Ctrl Pts',(23.074889039175,-6.58493836022843,10.8266366610263));
#8801=CARTESIAN_POINT('Ctrl Pts',(23.0747352175429,-6.58547735692631,10.8265742109023));
#8802=CARTESIAN_POINT('Ctrl Pts',(23.0742831391821,-6.58706124891433,10.8263640822094));
#8803=CARTESIAN_POINT('Ctrl Pts',(23.0739759094825,-6.58813736972852,10.8261851949263));
#8804=CARTESIAN_POINT('Ctrl Pts',(23.073071968932,-6.59130274114076,10.8255831582505));
#8805=CARTESIAN_POINT('Ctrl Pts',(23.0724596149691,-6.59344592018447,10.8250719584635));
#8806=CARTESIAN_POINT('Ctrl Pts',(23.070654622599,-6.59975997248467,10.8233463519034));
#8807=CARTESIAN_POINT('Ctrl Pts',(23.0694387334214,-6.60400876757355,10.8218809686487));
#8808=CARTESIAN_POINT('Ctrl Pts',(23.0658429284351,-6.61656137020258,10.8168976889678));
#8809=CARTESIAN_POINT('Ctrl Pts',(23.0634496713705,-6.62489802903655,10.8126542059308));
#8810=CARTESIAN_POINT('Ctrl Pts',(23.0563272418803,-6.64966157941259,10.7979842596987));
#8811=CARTESIAN_POINT('Ctrl Pts',(23.0517254013427,-6.66559072845179,10.785406746971));
#8812=CARTESIAN_POINT('Ctrl Pts',(23.0391614923686,-6.70893877010389,10.7444423281128));
#8813=CARTESIAN_POINT('Ctrl Pts',(23.0307806819566,-6.73763761381625,10.7074407695583));
#8814=CARTESIAN_POINT('Ctrl Pts',(23.0152048499448,-6.79066197688361,10.6092911250795));
#8815=CARTESIAN_POINT('Ctrl Pts',(23.0092485788134,-6.81077126175779,10.5531974511387));
#8816=CARTESIAN_POINT('Ctrl Pts',(22.999838585754,-6.84249151435331,10.4222700863174));
#8817=CARTESIAN_POINT('Ctrl Pts',(22.9975103886209,-6.85028707446605,10.3453175589698));
#8818=CARTESIAN_POINT('Ctrl Pts',(22.9975103886209,-6.85028707446605,10.2689232203905));
#8819=CARTESIAN_POINT('Ctrl Pts',(22.9975103886209,-6.84912868923295,10.2701620090945));
#8820=CARTESIAN_POINT('Ctrl Pts',(22.9975103886209,-6.73837556446621,10.1666006798373));
#8821=CARTESIAN_POINT('Ctrl Pts',(22.9975103886209,-6.30341808805523,9.87898910541713));
#8822=CARTESIAN_POINT('Ctrl Pts',(22.9975103886209,-5.1136852099714,9.45775966998151));
#8823=CARTESIAN_POINT('Ctrl Pts',(22.9975103886209,-2.56225881612266,9.08643474237632));
#8824=CARTESIAN_POINT('Ctrl Pts',(22.9975103886209,1.09436995125087,9.04703221526654));
#8825=CARTESIAN_POINT('Ctrl Pts',(22.997510388621,4.40903531356548,9.23111325593264));
#8826=CARTESIAN_POINT('Ctrl Pts',(22.9975103886209,6.30586152588678,9.87932255292388));
#8827=CARTESIAN_POINT('Ctrl Pts',(22.9975103886209,6.73861343301206,10.1677169280149));
#8828=CARTESIAN_POINT('Ctrl Pts',(22.9975103886209,6.84863655880149,10.2706867899884));
#8829=CARTESIAN_POINT('Origin',(0.,0.,0.339));
#8830=CARTESIAN_POINT('',(22.997510388621,-6.85028707446604,0.678));
#8831=CARTESIAN_POINT('Ctrl Pts',(22.997510388621,-3.8532364032042,-1.38777878078145E-15));
#8832=CARTESIAN_POINT('Ctrl Pts',(22.997510388621,-5.33028824924967,0.244077969918257));
#8833=CARTESIAN_POINT('Ctrl Pts',(22.997510388621,-6.85028707446605,0.678));
#8834=CARTESIAN_POINT('',(-23.9960812858543,-2.93867241388011E-15,0.678));
#8835=CARTESIAN_POINT('Origin',(0.,0.,0.678));
#8836=CARTESIAN_POINT('',(22.997510388621,6.85028707446604,0.678));
#8837=CARTESIAN_POINT('Origin',(0.,0.,0.678));
#8838=CARTESIAN_POINT('Ctrl Pts',(22.997510388621,6.85028707446604,0.678));
#8839=CARTESIAN_POINT('Ctrl Pts',(22.997510388621,5.33028824921854,0.244077969905861));
#8840=CARTESIAN_POINT('Ctrl Pts',(22.997510388621,3.8532364032042,-1.38777878078145E-15));
#8841=CARTESIAN_POINT('Origin',(0.,0.,16.129));
#8842=CARTESIAN_POINT('',(-6.83596595579862,-22.03625478503,15.5372020250789));
#8843=CARTESIAN_POINT('',(6.83596595579858,-22.03625478503,15.5372020250789));
#8844=CARTESIAN_POINT('Origin',(0.,0.,15.5372020248831));
#8845=CARTESIAN_POINT('',(6.82480815407653,-22.039713000795,15.367));
#8846=CARTESIAN_POINT('Ctrl Pts',(6.82480815407653,-22.0397130007949,15.367));
#8847=CARTESIAN_POINT('Ctrl Pts',(6.82480815407653,-22.0397130007949,15.4226589246848));
#8848=CARTESIAN_POINT('Ctrl Pts',(6.82868186974454,-22.0385253053883,15.4797749472531));
#8849=CARTESIAN_POINT('Ctrl Pts',(6.83638634232296,-22.0361420242821,15.5371408882442));
#8850=CARTESIAN_POINT('',(6.82480815407653,-22.0397130007949,13.716));
#8851=CARTESIAN_POINT('',(6.82480815407653,-22.039713000795,16.129));
#8852=CARTESIAN_POINT('',(6.55872419344475,-22.1203547089933,13.438));
#8853=CARTESIAN_POINT('Ctrl Pts',(6.55872419344475,-22.1203547089933,13.438));
#8854=CARTESIAN_POINT('Ctrl Pts',(6.59698057811993,-22.1090116234495,13.438));
#8855=CARTESIAN_POINT('Ctrl Pts',(6.65881001245399,-22.0904887606957,13.4523633484346));
#8856=CARTESIAN_POINT('Ctrl Pts',(6.74331342305964,-22.0648268744682,13.508613768442));
#8857=CARTESIAN_POINT('Ctrl Pts',(6.80558847885082,-22.0456756718073,13.589212533986));
#8858=CARTESIAN_POINT('Ctrl Pts',(6.82480815407653,-22.0397130007949,13.6761188211185));
#8859=CARTESIAN_POINT('Ctrl Pts',(6.82480815407653,-22.0397130007949,13.716));
#8860=CARTESIAN_POINT('',(6.55349534732617,-22.1219043988065,13.438));
#8861=CARTESIAN_POINT('Ctrl Pts',(6.55349534732617,-22.1219043988065,13.438));
#8862=CARTESIAN_POINT('Ctrl Pts',(6.55523835707515,-22.1213880415312,13.438));
#8863=CARTESIAN_POINT('Ctrl Pts',(6.55698130579757,-22.1208714782553,13.438));
#8864=CARTESIAN_POINT('Ctrl Pts',(6.55872419344475,-22.1203547089933,13.438));
#8865=CARTESIAN_POINT('',(-6.5534953473262,-22.1219043988065,13.438));
#8866=CARTESIAN_POINT('Origin',(0.,0.,13.438));
#8867=CARTESIAN_POINT('',(-6.55872419344478,-22.1203547089933,13.438));
#8868=CARTESIAN_POINT('Ctrl Pts',(-6.55872419344478,-22.1203547089933,13.438));
#8869=CARTESIAN_POINT('Ctrl Pts',(-6.5569813057976,-22.1208714782553,13.438));
#8870=CARTESIAN_POINT('Ctrl Pts',(-6.55523835707518,-22.1213880415312,13.438));
#8871=CARTESIAN_POINT('Ctrl Pts',(-6.5534953473262,-22.1219043988065,13.438));
#8872=CARTESIAN_POINT('',(-6.82480815407656,-22.0397130007949,13.716));
#8873=CARTESIAN_POINT('Ctrl Pts',(-6.82480815407656,-22.0397130007949,13.716));
#8874=CARTESIAN_POINT('Ctrl Pts',(-6.82480815407656,-22.0397130007949,13.6860891371657));
#8875=CARTESIAN_POINT('Ctrl Pts',(-6.81491453673171,-22.0427816150452,13.6224840259157));
#8876=CARTESIAN_POINT('Ctrl Pts',(-6.76507278157665,-22.0581524726317,13.5294560784938));
#8877=CARTESIAN_POINT('Ctrl Pts',(-6.68036069015632,-22.0840213303541,13.4584995098177));
#8878=CARTESIAN_POINT('Ctrl Pts',(-6.59698057811998,-22.1090116234495,13.438));
#8879=CARTESIAN_POINT('Ctrl Pts',(-6.55872419344478,-22.1203547089933,13.438));
#8880=CARTESIAN_POINT('',(-6.82480815407656,-22.0397130007949,15.367));
#8881=CARTESIAN_POINT('',(-6.82480815407656,-22.0397130007949,16.129));
#8882=CARTESIAN_POINT('Ctrl Pts',(-6.836386342323,-22.0361420242821,15.5371408882442));
#8883=CARTESIAN_POINT('Ctrl Pts',(-6.82868186974458,-22.0385253053883,15.4797749472531));
#8884=CARTESIAN_POINT('Ctrl Pts',(-6.82480815407656,-22.0397130007949,15.4226589246848));
#8885=CARTESIAN_POINT('Ctrl Pts',(-6.82480815407656,-22.0397130007949,15.367));
#8886=CARTESIAN_POINT('Origin',(0.,0.,16.129));
#8887=CARTESIAN_POINT('',(22.03625478503,-6.83596595579862,15.5372020250789));
#8888=CARTESIAN_POINT('',(22.03625478503,6.83596595579858,15.5372020250789));
#8889=CARTESIAN_POINT('Origin',(0.,0.,15.5372020248831));
#8890=CARTESIAN_POINT('',(22.039713000795,6.82480815407653,15.367));
#8891=CARTESIAN_POINT('Ctrl Pts',(22.0397130007949,6.82480815407653,15.367));
#8892=CARTESIAN_POINT('Ctrl Pts',(22.0397130007949,6.82480815407653,15.4228597000822));
#8893=CARTESIAN_POINT('Ctrl Pts',(22.0384485244559,6.82896580727564,15.479849585677));
#8894=CARTESIAN_POINT('Ctrl Pts',(22.0359610759675,6.83705050866741,15.537035929541));
#8895=CARTESIAN_POINT('',(22.0397130007949,6.82480815407653,13.716));
#8896=CARTESIAN_POINT('',(22.039713000795,6.82480815407653,16.129));
#8897=CARTESIAN_POINT('',(22.1203547089933,6.55872419344474,13.438));
#8898=CARTESIAN_POINT('Ctrl Pts',(22.1203547089933,6.55872419344474,13.438));
#8899=CARTESIAN_POINT('Ctrl Pts',(22.1090116234495,6.59698057811992,13.438));
#8900=CARTESIAN_POINT('Ctrl Pts',(22.0904887606957,6.65881001245398,13.4523633484346));
#8901=CARTESIAN_POINT('Ctrl Pts',(22.0648268744682,6.74331342305963,13.508613768442));
#8902=CARTESIAN_POINT('Ctrl Pts',(22.0456756718073,6.80558847885081,13.589212533986));
#8903=CARTESIAN_POINT('Ctrl Pts',(22.0397130007949,6.82480815407653,13.6761188211185));
#8904=CARTESIAN_POINT('Ctrl Pts',(22.0397130007949,6.82480815407653,13.716));
#8905=CARTESIAN_POINT('',(22.1219043988065,6.55349534732617,13.438));
#8906=CARTESIAN_POINT('Ctrl Pts',(22.1219043988065,6.55349534732617,13.438));
#8907=CARTESIAN_POINT('Ctrl Pts',(22.1213880415312,6.55523835707514,13.438));
#8908=CARTESIAN_POINT('Ctrl Pts',(22.1208714782553,6.55698130579757,13.438));
#8909=CARTESIAN_POINT('Ctrl Pts',(22.1203547089933,6.55872419344474,13.438));
#8910=CARTESIAN_POINT('',(22.1219043988065,-6.5534953473262,13.438));
#8911=CARTESIAN_POINT('Origin',(0.,0.,13.438));
#8912=CARTESIAN_POINT('',(22.1203547089933,-6.55872419344477,13.438));
#8913=CARTESIAN_POINT('Ctrl Pts',(22.1203547089933,-6.55872419344477,13.438));
#8914=CARTESIAN_POINT('Ctrl Pts',(22.1208714782553,-6.5569813057976,13.438));
#8915=CARTESIAN_POINT('Ctrl Pts',(22.1213880415312,-6.55523835707517,13.438));
#8916=CARTESIAN_POINT('Ctrl Pts',(22.1219043988065,-6.55349534732619,13.438));
#8917=CARTESIAN_POINT('',(22.0397130007949,-6.82480815407656,13.716));
#8918=CARTESIAN_POINT('Ctrl Pts',(22.0397130007949,-6.82480815407657,13.716));
#8919=CARTESIAN_POINT('Ctrl Pts',(22.0397130007949,-6.82480815407657,13.6860891371657));
#8920=CARTESIAN_POINT('Ctrl Pts',(22.0427816150452,-6.81491453673172,13.6224840259157));
#8921=CARTESIAN_POINT('Ctrl Pts',(22.0581524726317,-6.76507278157665,13.5294560784938));
#8922=CARTESIAN_POINT('Ctrl Pts',(22.0840213303541,-6.68036069015632,13.4584995098177));
#8923=CARTESIAN_POINT('Ctrl Pts',(22.1090116234495,-6.59698057811998,13.438));
#8924=CARTESIAN_POINT('Ctrl Pts',(22.1203547089933,-6.55872419344477,13.438));
#8925=CARTESIAN_POINT('',(22.0397130007949,-6.82480815407657,15.367));
#8926=CARTESIAN_POINT('',(22.0397130007949,-6.82480815407656,16.129));
#8927=CARTESIAN_POINT('Ctrl Pts',(22.0361420242821,-6.836386342323,15.5371408882442));
#8928=CARTESIAN_POINT('Ctrl Pts',(22.0385253053883,-6.82868186974458,15.4797749472531));
#8929=CARTESIAN_POINT('Ctrl Pts',(22.0397130007949,-6.82480815407657,15.4226589246848));
#8930=CARTESIAN_POINT('Ctrl Pts',(22.0397130007949,-6.82480815407657,15.367));
#8931=CARTESIAN_POINT('Origin',(0.,0.,16.129));
#8932=CARTESIAN_POINT('',(6.83596595579862,22.03625478503,15.5372020250789));
#8933=CARTESIAN_POINT('',(-6.83596595579858,22.03625478503,15.5372020250789));
#8934=CARTESIAN_POINT('Origin',(0.,0.,15.5372020248831));
#8935=CARTESIAN_POINT('',(-6.82480815407653,22.039713000795,15.367));
#8936=CARTESIAN_POINT('Ctrl Pts',(-6.82480815407653,22.0397130007949,15.367));
#8937=CARTESIAN_POINT('Ctrl Pts',(-6.82480815407653,22.0397130007949,15.4226589246848));
#8938=CARTESIAN_POINT('Ctrl Pts',(-6.82868186974454,22.0385253053883,15.4797749472531));
#8939=CARTESIAN_POINT('Ctrl Pts',(-6.83638634232296,22.0361420242821,15.5371408882442));
#8940=CARTESIAN_POINT('',(-6.82480815407653,22.0397130007949,13.716));
#8941=CARTESIAN_POINT('',(-6.82480815407653,22.039713000795,16.129));
#8942=CARTESIAN_POINT('',(-6.55872419344474,22.1203547089933,13.438));
#8943=CARTESIAN_POINT('Ctrl Pts',(-6.55872419344474,22.1203547089933,13.438));
#8944=CARTESIAN_POINT('Ctrl Pts',(-6.59698057811993,22.1090116234495,13.438));
#8945=CARTESIAN_POINT('Ctrl Pts',(-6.65881001245398,22.0904887606957,13.4523633484346));
#8946=CARTESIAN_POINT('Ctrl Pts',(-6.74331342305963,22.0648268744682,13.508613768442));
#8947=CARTESIAN_POINT('Ctrl Pts',(-6.80558847885081,22.0456756718073,13.589212533986));
#8948=CARTESIAN_POINT('Ctrl Pts',(-6.82480815407653,22.0397130007949,13.6761188211185));
#8949=CARTESIAN_POINT('Ctrl Pts',(-6.82480815407653,22.0397130007949,13.716));
#8950=CARTESIAN_POINT('',(-6.55349534732617,22.1219043988065,13.438));
#8951=CARTESIAN_POINT('Ctrl Pts',(-6.55349534732617,22.1219043988065,13.438));
#8952=CARTESIAN_POINT('Ctrl Pts',(-6.55523835707515,22.1213880415312,13.438));
#8953=CARTESIAN_POINT('Ctrl Pts',(-6.55698130579757,22.1208714782553,13.438));
#8954=CARTESIAN_POINT('Ctrl Pts',(-6.55872419344474,22.1203547089933,13.438));
#8955=CARTESIAN_POINT('',(6.5534953473262,22.1219043988065,13.438));
#8956=CARTESIAN_POINT('Origin',(0.,0.,13.438));
#8957=CARTESIAN_POINT('',(6.55872419344477,22.1203547089933,13.438));
#8958=CARTESIAN_POINT('Ctrl Pts',(6.55872419344477,22.1203547089933,13.438));
#8959=CARTESIAN_POINT('Ctrl Pts',(6.5569813057976,22.1208714782553,13.438));
#8960=CARTESIAN_POINT('Ctrl Pts',(6.55523835707518,22.1213880415312,13.438));
#8961=CARTESIAN_POINT('Ctrl Pts',(6.5534953473262,22.1219043988065,13.438));
#8962=CARTESIAN_POINT('',(6.82480815407656,22.0397130007949,13.716));
#8963=CARTESIAN_POINT('Ctrl Pts',(6.82480815407656,22.0397130007949,13.716));
#8964=CARTESIAN_POINT('Ctrl Pts',(6.82480815407656,22.0397130007949,13.6860891371657));
#8965=CARTESIAN_POINT('Ctrl Pts',(6.81491453673171,22.0427816150452,13.6224840259157));
#8966=CARTESIAN_POINT('Ctrl Pts',(6.76507278157665,22.0581524726317,13.5294560784938));
#8967=CARTESIAN_POINT('Ctrl Pts',(6.68036069015631,22.0840213303541,13.4584995098177));
#8968=CARTESIAN_POINT('Ctrl Pts',(6.59698057811998,22.1090116234495,13.438));
#8969=CARTESIAN_POINT('Ctrl Pts',(6.55872419344477,22.1203547089933,13.438));
#8970=CARTESIAN_POINT('',(6.82480815407656,22.0397130007949,15.367));
#8971=CARTESIAN_POINT('',(6.82480815407656,22.0397130007949,16.129));
#8972=CARTESIAN_POINT('Ctrl Pts',(6.83705050866745,22.0359610759675,15.537035929541));
#8973=CARTESIAN_POINT('Ctrl Pts',(6.82896580727568,22.0384485244559,15.479849585677));
#8974=CARTESIAN_POINT('Ctrl Pts',(6.82480815407657,22.0397130007949,15.4228597000822));
#8975=CARTESIAN_POINT('Ctrl Pts',(6.82480815407656,22.0397130007949,15.367));
#8976=CARTESIAN_POINT('Origin',(0.,0.,16.129));
#8977=CARTESIAN_POINT('',(-22.03625478503,6.83596595579862,15.5372020250789));
#8978=CARTESIAN_POINT('',(-22.03625478503,-6.83596595579858,15.5372020250789));
#8979=CARTESIAN_POINT('Origin',(0.,0.,15.5372020248831));
#8980=CARTESIAN_POINT('',(-22.039713000795,-6.82480815407653,15.367));
#8981=CARTESIAN_POINT('Ctrl Pts',(-22.0397130007949,-6.82480815407653,15.367));
#8982=CARTESIAN_POINT('Ctrl Pts',(-22.0397130007949,-6.82480815407653,15.4227785303153));
#8983=CARTESIAN_POINT('Ctrl Pts',(-22.0385162263235,-6.82871524441203,15.4798316418962));
#8984=CARTESIAN_POINT('Ctrl Pts',(-22.0361191728825,-6.83646723933444,15.5371285307905));
#8985=CARTESIAN_POINT('',(-22.0397130007949,-6.82480815407653,13.716));
#8986=CARTESIAN_POINT('',(-22.039713000795,-6.82480815407653,16.129));
#8987=CARTESIAN_POINT('',(-22.1203547089933,-6.55872419344474,13.438));
#8988=CARTESIAN_POINT('Ctrl Pts',(-22.1203547089933,-6.55872419344474,13.438));
#8989=CARTESIAN_POINT('Ctrl Pts',(-22.1090116234495,-6.59698057811993,13.438));
#8990=CARTESIAN_POINT('Ctrl Pts',(-22.0904887606957,-6.65881001245398,13.4523633484346));
#8991=CARTESIAN_POINT('Ctrl Pts',(-22.0648268744682,-6.74331342305963,13.508613768442));
#8992=CARTESIAN_POINT('Ctrl Pts',(-22.0456756718073,-6.80558847885081,13.589212533986));
#8993=CARTESIAN_POINT('Ctrl Pts',(-22.0397130007949,-6.82480815407653,13.6761188211185));
#8994=CARTESIAN_POINT('Ctrl Pts',(-22.0397130007949,-6.82480815407653,13.716));
#8995=CARTESIAN_POINT('',(-22.1219043988065,-6.55349534732617,13.438));
#8996=CARTESIAN_POINT('Ctrl Pts',(-22.1219043988065,-6.55349534732617,13.438));
#8997=CARTESIAN_POINT('Ctrl Pts',(-22.1213880415312,-6.55523835707515,13.438));
#8998=CARTESIAN_POINT('Ctrl Pts',(-22.1208714782553,-6.55698130579757,13.438));
#8999=CARTESIAN_POINT('Ctrl Pts',(-22.1203547089933,-6.55872419344474,13.438));
#9000=CARTESIAN_POINT('',(-22.1219043988065,6.5534953473262,13.438));
#9001=CARTESIAN_POINT('Origin',(0.,0.,13.438));
#9002=CARTESIAN_POINT('',(-22.1203547089933,6.55872419344478,13.438));
#9003=CARTESIAN_POINT('Ctrl Pts',(-22.1203547089933,6.55872419344477,13.438));
#9004=CARTESIAN_POINT('Ctrl Pts',(-22.1208714782553,6.5569813057976,13.438));
#9005=CARTESIAN_POINT('Ctrl Pts',(-22.1213880415312,6.55523835707518,13.438));
#9006=CARTESIAN_POINT('Ctrl Pts',(-22.1219043988065,6.5534953473262,13.438));
#9007=CARTESIAN_POINT('',(-22.0397130007949,6.82480815407656,13.716));
#9008=CARTESIAN_POINT('Ctrl Pts',(-22.0397130007949,6.82480815407656,13.716));
#9009=CARTESIAN_POINT('Ctrl Pts',(-22.0397130007949,6.82480815407656,13.6860891371657));
#9010=CARTESIAN_POINT('Ctrl Pts',(-22.0427816150452,6.81491453673171,13.6224840259157));
#9011=CARTESIAN_POINT('Ctrl Pts',(-22.0581524726317,6.76507278157665,13.5294560784938));
#9012=CARTESIAN_POINT('Ctrl Pts',(-22.0840213303541,6.68036069015631,13.4584995098177));
#9013=CARTESIAN_POINT('Ctrl Pts',(-22.1090116234495,6.59698057811998,13.438));
#9014=CARTESIAN_POINT('Ctrl Pts',(-22.1203547089933,6.55872419344478,13.438));
#9015=CARTESIAN_POINT('',(-22.0397130007949,6.82480815407656,15.367));
#9016=CARTESIAN_POINT('',(-22.0397130007949,6.82480815407656,16.129));
#9017=CARTESIAN_POINT('Ctrl Pts',(-22.0361420242821,6.836386342323,15.5371408882442));
#9018=CARTESIAN_POINT('Ctrl Pts',(-22.0385253053883,6.82868186974457,15.4797749472531));
#9019=CARTESIAN_POINT('Ctrl Pts',(-22.0397130007949,6.82480815407656,15.4226589246848));
#9020=CARTESIAN_POINT('Ctrl Pts',(-22.0397130007949,6.82480815407656,15.367));
#9021=CARTESIAN_POINT('Ctrl Pts',(-21.5087515858188,-7.10148112609447,15.367));
#9022=CARTESIAN_POINT('Ctrl Pts',(-21.5087515858188,-7.10148112609448,15.4952597082329));
#9023=CARTESIAN_POINT('Ctrl Pts',(-21.498616963628,-7.13256281040965,15.6337462282939));
#9024=CARTESIAN_POINT('Ctrl Pts',(-21.4785895814862,-7.1926382826994,15.753237728315));
#9025=CARTESIAN_POINT('Ctrl Pts',(-21.6857387241442,-7.00925680208849,15.367));
#9026=CARTESIAN_POINT('Ctrl Pts',(-21.6857387241442,-7.00925680208849,15.5178093006655));
#9027=CARTESIAN_POINT('Ctrl Pts',(-21.674061195388,-7.04604380643333,15.6806775299093));
#9028=CARTESIAN_POINT('Ctrl Pts',(-21.6508167662477,-7.11732777708174,15.8212362548925));
#9029=CARTESIAN_POINT('Ctrl Pts',(-21.8627258624696,-6.91703247808251,15.367));
#9030=CARTESIAN_POINT('Ctrl Pts',(-21.8627258624696,-6.91703247808251,15.5403588930982));
#9031=CARTESIAN_POINT('Ctrl Pts',(-21.849505427148,-6.95952480245701,15.7276088315247));
#9032=CARTESIAN_POINT('Ctrl Pts',(-21.8230439510092,-7.04201727146408,15.8892347814699));
#9033=CARTESIAN_POINT('Ctrl Pts',(-22.0397130007949,-6.82480815407653,15.367));
#9034=CARTESIAN_POINT('Ctrl Pts',(-22.0397130007949,-6.82480815407653,15.5629084855309));
#9035=CARTESIAN_POINT('Ctrl Pts',(-22.024949658908,-6.87300579848069,15.7745401331401));
#9036=CARTESIAN_POINT('Ctrl Pts',(-21.9952711357707,-6.96670676584642,15.9572333080474));
#9037=CARTESIAN_POINT('',(-21.6103464488841,-7.13502440263926,15.8052578127506));
#9038=CARTESIAN_POINT('',(-21.5087515858188,-7.10148112609448,15.367));
#9039=CARTESIAN_POINT('Ctrl Pts',(-21.6103464488848,-7.13502440263905,15.8052578127503));
#9040=CARTESIAN_POINT('Ctrl Pts',(-21.5975054484961,-7.13078472738237,15.7759791129687));
#9041=CARTESIAN_POINT('Ctrl Pts',(-21.5858049713354,-7.1269216153288,15.7469711709252));
#9042=CARTESIAN_POINT('Ctrl Pts',(-21.5522522811838,-7.11584362249921,15.6550654409915));
#9043=CARTESIAN_POINT('Ctrl Pts',(-21.5339158889356,-7.10978954989688,15.5902418095402));
#9044=CARTESIAN_POINT('Ctrl Pts',(-21.5134320049499,-7.10302644628609,15.4717633030583));
#9045=CARTESIAN_POINT('Ctrl Pts',(-21.5087515858188,-7.10148112609447,15.4197365261669));
#9046=CARTESIAN_POINT('Ctrl Pts',(-21.5087515858188,-7.10148112609447,15.367));
#9047=CARTESIAN_POINT('',(-22.039713000795,-6.82480815407653,15.367));
#9048=CARTESIAN_POINT('',(-21.9397446194343,-6.87724843276424,15.3989068329288));
#9049=CARTESIAN_POINT('Ctrl Pts',(-22.0361220823073,-6.8364578303289,15.5370589726899));
#9050=CARTESIAN_POINT('Ctrl Pts',(-22.0176584012346,-6.8431207746944,15.5099759674876));
#9051=CARTESIAN_POINT('Ctrl Pts',(-21.9991091160502,-6.85046132793664,15.4831220856696));
#9052=CARTESIAN_POINT('Ctrl Pts',(-21.9804869648256,-6.85852188911585,15.4565212911655));
#9053=CARTESIAN_POINT('Ctrl Pts',(-21.9669412596264,-6.86438512071334,15.4371719412396));
#9054=CARTESIAN_POINT('Ctrl Pts',(-21.9533568071405,-6.87062991444023,15.4179571918835));
#9055=CARTESIAN_POINT('Ctrl Pts',(-21.9397354060735,-6.87728206567594,15.3989005796214));
#9056=CARTESIAN_POINT('Ctrl Pts',(-21.9397446194343,-6.87724843276424,15.3989068329288));
#9057=CARTESIAN_POINT('Ctrl Pts',(-21.8559701755279,-6.92342534211495,15.513442426013));
#9058=CARTESIAN_POINT('Ctrl Pts',(-21.7710927380228,-6.983960096739,15.6218501362153));
#9059=CARTESIAN_POINT('Ctrl Pts',(-21.6615781220627,-7.08356133673336,15.7488168116502));
#9060=CARTESIAN_POINT('Ctrl Pts',(-21.6358552065085,-7.10854507007136,15.7776821281763));
#9061=CARTESIAN_POINT('Ctrl Pts',(-21.610346448884,-7.13502440263967,15.8052578127505));
#9062=CARTESIAN_POINT('Origin',(0.,0.,15.7759996820117));
#9063=CARTESIAN_POINT('',(-21.8331247549679,-7.20857845944424,15.3989068329288));
#9064=CARTESIAN_POINT('',(-21.6263869585147,-7.14032045043312,15.7759996820117));
#9065=CARTESIAN_POINT('Origin',(0.,0.,15.3989068329288));
#9066=CARTESIAN_POINT('Origin',(0.002775059919915,1.93877897836149,11.8991037967402));
#9067=CARTESIAN_POINT('Origin',(0.002775059919915,1.93877897836149,11.8991037967402));
#9068=CARTESIAN_POINT('Origin',(8.11876358329264,0.0363534106609709,3.80989653643563));
#9069=CARTESIAN_POINT('',(13.1187635832927,5.53635341066094,3.80989653643562));
#9070=CARTESIAN_POINT('',(13.1187635832927,-5.463646589339,3.80989653643558));
#9071=CARTESIAN_POINT('',(13.1187635832927,5.53635341066094,3.80989653643562));
#9072=CARTESIAN_POINT('',(3.11876358329262,5.53635341066094,3.80989653643568));
#9073=CARTESIAN_POINT('',(3.11876358329262,5.53635341066094,3.80989653643568));
#9074=CARTESIAN_POINT('',(3.11876358329262,-5.463646589339,3.80989653643564));
#9075=CARTESIAN_POINT('',(3.11876358329262,-5.463646589339,3.80989653643564));
#9076=CARTESIAN_POINT('',(13.1187635832927,-5.463646589339,3.80989653643558));
#9077=CARTESIAN_POINT('Origin',(-11.8082726168496,-15.5854706481766,0.));
#9078=CARTESIAN_POINT('',(-12.9082726168496,-15.5854706481766,11.8991037967402));
#9079=CARTESIAN_POINT('Origin',(-11.8082726168496,-15.5854706481766,11.8991037967402));
#9080=CARTESIAN_POINT('',(-12.9082726168496,-15.5854706481766,0.));
#9081=CARTESIAN_POINT('Origin',(22.997510388621,0.,0.));
#9082=CARTESIAN_POINT('',(22.997510388621,6.85028707446604,0.));
#9083=CARTESIAN_POINT('',(22.997510388621,-6.85028707446604,0.));
#9084=CARTESIAN_POINT('',(22.997510388621,3.16891344016924,2.08906400345976));
#9085=CARTESIAN_POINT('',(22.997510388621,-3.09277327151848,2.08906400345976));
#9086=CARTESIAN_POINT('',(22.997510388621,1.58445672008462,2.08906400345976));
#9087=CARTESIAN_POINT('',(22.997510388621,-4.90535761216516,3.90164834410644));
#9088=CARTESIAN_POINT('Origin',(22.997510388621,-3.09277327151848,3.90164834410644));
#9089=CARTESIAN_POINT('',(22.997510388621,-4.90535761216516,4.48271966281309));
#9090=CARTESIAN_POINT('',(22.997510388621,-4.90535761216516,1.95082417205322));
#9091=CARTESIAN_POINT('',(22.997510388621,-3.09277327151848,6.29530400345976));
#9092=CARTESIAN_POINT('Origin',(22.997510388621,-3.09277327151848,4.48271966281308));
#9093=CARTESIAN_POINT('',(22.997510388621,3.16891344016924,6.29530400345976));
#9094=CARTESIAN_POINT('',(22.997510388621,-1.54638663575924,6.29530400345976));
#9095=CARTESIAN_POINT('',(22.997510388621,4.98149778081591,4.48271966281308));
#9096=CARTESIAN_POINT('Origin',(22.997510388621,3.16891344016924,4.48271966281308));
#9097=CARTESIAN_POINT('',(22.997510388621,4.98149778081591,3.90164834410644));
#9098=CARTESIAN_POINT('',(22.997510388621,4.98149778081591,2.24135983140654));
#9099=CARTESIAN_POINT('Origin',(22.997510388621,3.16891344016924,3.90164834410644));
#9100=CARTESIAN_POINT('Origin',(-22.7862332089806,-7.52326346895242,16.129));
#9101=CARTESIAN_POINT('',(-22.2333918322485,-7.34073346078701,16.129));
#9102=CARTESIAN_POINT('',(-22.0398625514211,-7.27683646845536,15.7759996820117));
#9103=CARTESIAN_POINT('',(-22.7862332089806,-7.52326346895242,16.129));
#9104=CARTESIAN_POINT('',(-11.3931166044903,-3.76163173447621,16.129));
#9105=CARTESIAN_POINT('',(-22.7862332089806,-7.52326346895242,13.843));
#9106=CARTESIAN_POINT('',(-22.7862332089806,-7.52326346895242,0.));
#9107=CARTESIAN_POINT('',(-21.5087515858188,-7.10148112609448,13.843));
#9108=CARTESIAN_POINT('',(-21.1969579057738,-6.99853712559122,13.843));
#9109=CARTESIAN_POINT('',(-21.5087515858188,-7.10148112609448,16.129));
#9110=CARTESIAN_POINT('Origin',(-21.7344649428135,-6.98386658096471,16.129));
#9111=CARTESIAN_POINT('',(-21.4292168848321,-7.1429250078529,13.843));
#9112=CARTESIAN_POINT('',(-20.5757431147825,-7.58765247361345,13.843));
#9113=CARTESIAN_POINT('',(-21.4292168848321,-7.14292500785289,13.716));
#9114=CARTESIAN_POINT('',(-21.4292168848321,-7.1429250078529,16.129));
#9115=CARTESIAN_POINT('',(-22.0397130007949,-6.82480815407653,13.716));
#9116=CARTESIAN_POINT('Ctrl Pts',(-21.6563224011012,-6.42113779556141,12.9540187036856));
#9117=CARTESIAN_POINT('Ctrl Pts',(-21.625890384837,-6.52377477847984,12.9547687423711));
#9118=CARTESIAN_POINT('Ctrl Pts',(-21.5754807684498,-6.68909238320946,12.9934826425065));
#9119=CARTESIAN_POINT('Ctrl Pts',(-21.5033039166677,-6.91735621150048,13.1445409585796));
#9120=CARTESIAN_POINT('Ctrl Pts',(-21.4472922098634,-7.0888077148948,13.3637246098566));
#9121=CARTESIAN_POINT('Ctrl Pts',(-21.4292168848321,-7.14292500785289,13.6051216867505));
#9122=CARTESIAN_POINT('Ctrl Pts',(-21.4292168848321,-7.14292500785289,13.716));
#9123=CARTESIAN_POINT('Ctrl Pts',(-21.8109998370652,-6.46699992818919,13.1153458024571));
#9124=CARTESIAN_POINT('Ctrl Pts',(-21.7869307977079,-6.5481767116932,13.1158458282474));
#9125=CARTESIAN_POINT('Ctrl Pts',(-21.7471500991985,-6.6789982596243,13.1464428778158));
#9126=CARTESIAN_POINT('Ctrl Pts',(-21.6904782359345,-6.85934194868687,13.265898561867));
#9127=CARTESIAN_POINT('Ctrl Pts',(-21.6467533638447,-6.99440130288014,13.438887251233));
#9128=CARTESIAN_POINT('Ctrl Pts',(-21.632715590153,-7.0368860565941,13.6287873982065));
#9129=CARTESIAN_POINT('Ctrl Pts',(-21.632715590153,-7.0368860565941,13.716));
#9130=CARTESIAN_POINT('Ctrl Pts',(-21.9656772730293,-6.51286206081697,13.2766729012285));
#9131=CARTESIAN_POINT('Ctrl Pts',(-21.9479712105787,-6.57257864490656,13.2769229141237));
#9132=CARTESIAN_POINT('Ctrl Pts',(-21.9188194299471,-6.66890413603914,13.2994031131252));
#9133=CARTESIAN_POINT('Ctrl Pts',(-21.8776525552013,-6.80132768587325,13.3872561651545));
#9134=CARTESIAN_POINT('Ctrl Pts',(-21.846214517826,-6.89999489086548,13.5140498926095));
#9135=CARTESIAN_POINT('Ctrl Pts',(-21.836214295474,-6.93084710533532,13.6524531096625));
#9136=CARTESIAN_POINT('Ctrl Pts',(-21.836214295474,-6.93084710533532,13.716));
#9137=CARTESIAN_POINT('Ctrl Pts',(-22.1203547089933,-6.55872419344474,13.438));
#9138=CARTESIAN_POINT('Ctrl Pts',(-22.1090116234495,-6.59698057811993,13.438));
#9139=CARTESIAN_POINT('Ctrl Pts',(-22.0904887606957,-6.65881001245398,13.4523633484346));
#9140=CARTESIAN_POINT('Ctrl Pts',(-22.0648268744682,-6.74331342305963,13.508613768442));
#9141=CARTESIAN_POINT('Ctrl Pts',(-22.0456756718073,-6.80558847885081,13.589212533986));
#9142=CARTESIAN_POINT('Ctrl Pts',(-22.0397130007949,-6.82480815407653,13.6761188211185));
#9143=CARTESIAN_POINT('Ctrl Pts',(-22.0397130007949,-6.82480815407653,13.716));
#9144=CARTESIAN_POINT('',(-21.6563224011012,-6.42113779556141,12.9540187036856));
#9145=CARTESIAN_POINT('Ctrl Pts',(-21.4292168848321,-7.14292500785289,13.716));
#9146=CARTESIAN_POINT('Ctrl Pts',(-21.4292168848321,-7.14292500785289,13.6051216867505));
#9147=CARTESIAN_POINT('Ctrl Pts',(-21.4472922098634,-7.0888077148948,13.3637246098566));
#9148=CARTESIAN_POINT('Ctrl Pts',(-21.5033039166677,-6.91735621150048,13.1445409585796));
#9149=CARTESIAN_POINT('Ctrl Pts',(-21.5754807684498,-6.68909238320946,12.9934826425065));
#9150=CARTESIAN_POINT('Ctrl Pts',(-21.625890384837,-6.52377477847984,12.9547687423711));
#9151=CARTESIAN_POINT('Ctrl Pts',(-21.6563224011012,-6.42113779556141,12.9540187036856));
#9152=CARTESIAN_POINT('',(-21.6563224011012,-6.42113779556141,12.9540187036856));
#9153=CARTESIAN_POINT('Ctrl Pts',(-21.65783958177,-6.41601863806643,12.954));
#9154=CARTESIAN_POINT('Ctrl Pts',(-21.6573340564393,-6.4177250836261,12.954));
#9155=CARTESIAN_POINT('Ctrl Pts',(-21.656828329314,-6.41943146940514,12.9540062343925));
#9156=CARTESIAN_POINT('Ctrl Pts',(-21.6563224011012,-6.42113779556142,12.9540187036856));
#9157=CARTESIAN_POINT('Ctrl Pts',(-21.8125278541155,-6.46184420781968,13.1153333333333));
#9158=CARTESIAN_POINT('Ctrl Pts',(-21.8120187181366,-6.46356284144245,13.1153333333333));
#9159=CARTESIAN_POINT('Ctrl Pts',(-21.8115093789611,-6.46528141486928,13.115337489595));
#9160=CARTESIAN_POINT('Ctrl Pts',(-21.8109998370652,-6.46699992818919,13.1153458024571));
#9161=CARTESIAN_POINT('Ctrl Pts',(-21.967216126461,-6.50766977757292,13.2766666666667));
#9162=CARTESIAN_POINT('Ctrl Pts',(-21.9667033798339,-6.5094005992588,13.2766666666667));
#9163=CARTESIAN_POINT('Ctrl Pts',(-21.9661904286082,-6.51113136033343,13.2766687447975));
#9164=CARTESIAN_POINT('Ctrl Pts',(-21.9656772730293,-6.51286206081697,13.2766729012285));
#9165=CARTESIAN_POINT('Ctrl Pts',(-22.1219043988065,-6.55349534732617,13.438));
#9166=CARTESIAN_POINT('Ctrl Pts',(-22.1213880415312,-6.55523835707515,13.438));
#9167=CARTESIAN_POINT('Ctrl Pts',(-22.1208714782553,-6.55698130579757,13.438));
#9168=CARTESIAN_POINT('Ctrl Pts',(-22.1203547089933,-6.55872419344474,13.438));
#9169=CARTESIAN_POINT('',(-21.65783958177,-6.41601863806643,12.954));
#9170=CARTESIAN_POINT('Ctrl Pts',(-21.6563224011012,-6.42113779556142,12.9540187036856));
#9171=CARTESIAN_POINT('Ctrl Pts',(-21.656828329314,-6.41943146940514,12.9540062343925));
#9172=CARTESIAN_POINT('Ctrl Pts',(-21.6573340564393,-6.4177250836261,12.954));
#9173=CARTESIAN_POINT('Ctrl Pts',(-21.65783958177,-6.41601863806643,12.954));
#9174=CARTESIAN_POINT('',(-22.1219043988065,-6.55349534732617,13.438));
#9175=CARTESIAN_POINT('Origin',(0.,0.,13.196));
#9176=CARTESIAN_POINT('',(-21.65783958177,6.41601863806646,12.954));
#9177=CARTESIAN_POINT('',(-21.65783958177,6.41601863806646,12.954));
#9178=CARTESIAN_POINT('Origin',(0.,0.,12.954));
#9179=CARTESIAN_POINT('Ctrl Pts',(-21.6563224011012,6.42113779556145,12.9540187036856));
#9180=CARTESIAN_POINT('Ctrl Pts',(-21.656828329314,6.41943146940517,12.9540062343925));
#9181=CARTESIAN_POINT('Ctrl Pts',(-21.6573340564393,6.41772508362614,12.954));
#9182=CARTESIAN_POINT('Ctrl Pts',(-21.65783958177,6.41601863806646,12.954));
#9183=CARTESIAN_POINT('Ctrl Pts',(-21.8109998370652,6.46699992818922,13.1153458024571));
#9184=CARTESIAN_POINT('Ctrl Pts',(-21.8115093789611,6.46528141486931,13.115337489595));
#9185=CARTESIAN_POINT('Ctrl Pts',(-21.8120187181366,6.46356284144248,13.1153333333333));
#9186=CARTESIAN_POINT('Ctrl Pts',(-21.8125278541155,6.46184420781971,13.1153333333333));
#9187=CARTESIAN_POINT('Ctrl Pts',(-21.9656772730293,6.512862060817,13.2766729012285));
#9188=CARTESIAN_POINT('Ctrl Pts',(-21.9661904286082,6.51113136033346,13.2766687447975));
#9189=CARTESIAN_POINT('Ctrl Pts',(-21.9667033798339,6.50940059925883,13.2766666666667));
#9190=CARTESIAN_POINT('Ctrl Pts',(-21.967216126461,6.50766977757296,13.2766666666667));
#9191=CARTESIAN_POINT('Ctrl Pts',(-22.1203547089933,6.55872419344477,13.438));
#9192=CARTESIAN_POINT('Ctrl Pts',(-22.1208714782553,6.5569813057976,13.438));
#9193=CARTESIAN_POINT('Ctrl Pts',(-22.1213880415312,6.55523835707518,13.438));
#9194=CARTESIAN_POINT('Ctrl Pts',(-22.1219043988065,6.5534953473262,13.438));
#9195=CARTESIAN_POINT('',(-21.6563224011012,6.42113779556145,12.9540187036856));
#9196=CARTESIAN_POINT('Ctrl Pts',(-21.65783958177,6.41601863806646,12.954));
#9197=CARTESIAN_POINT('Ctrl Pts',(-21.6573340564393,6.41772508362614,12.954));
#9198=CARTESIAN_POINT('Ctrl Pts',(-21.656828329314,6.41943146940517,12.9540062343925));
#9199=CARTESIAN_POINT('Ctrl Pts',(-21.6563224011012,6.42113779556145,12.9540187036856));
#9200=CARTESIAN_POINT('',(-22.1203547089933,6.55872419344478,13.438));
#9201=CARTESIAN_POINT('Ctrl Pts',(-21.4292168848321,7.14292500785293,13.716));
#9202=CARTESIAN_POINT('Ctrl Pts',(-21.4292168848321,7.14292500785293,13.6328413243562));
#9203=CARTESIAN_POINT('Ctrl Pts',(-21.4385054571318,7.11510003126382,13.4559976635171));
#9204=CARTESIAN_POINT('Ctrl Pts',(-21.4840054233369,6.97682599575509,13.2005473768545));
#9205=CARTESIAN_POINT('Ctrl Pts',(-21.5578453585084,6.74666580017349,13.0099121763302));
#9206=CARTESIAN_POINT('Ctrl Pts',(-21.625890384837,6.52377477847993,12.9547687423711));
#9207=CARTESIAN_POINT('Ctrl Pts',(-21.6563224011012,6.42113779556145,12.9540187036856));
#9208=CARTESIAN_POINT('Ctrl Pts',(-21.632715590153,7.03688605659414,13.716));
#9209=CARTESIAN_POINT('Ctrl Pts',(-21.632715590153,7.03688605659414,13.6505905952927));
#9210=CARTESIAN_POINT('Ctrl Pts',(-21.639930843103,7.01503819975312,13.51149311765));
#9211=CARTESIAN_POINT('Ctrl Pts',(-21.6753877731018,6.90624159102894,13.3101836107342));
#9212=CARTESIAN_POINT('Ctrl Pts',(-21.7332373491236,6.72456409683443,13.1594412874927));
#9213=CARTESIAN_POINT('Ctrl Pts',(-21.7869307977078,6.54817671169328,13.1158458282474));
#9214=CARTESIAN_POINT('Ctrl Pts',(-21.8109998370652,6.46699992818922,13.1153458024571));
#9215=CARTESIAN_POINT('Ctrl Pts',(-21.836214295474,6.93084710533535,13.716));
#9216=CARTESIAN_POINT('Ctrl Pts',(-21.836214295474,6.93084710533535,13.6683398662292));
#9217=CARTESIAN_POINT('Ctrl Pts',(-21.8413562290741,6.91497636824242,13.5669885717829));
#9218=CARTESIAN_POINT('Ctrl Pts',(-21.8667701228668,6.83565718630279,13.419819844614));
#9219=CARTESIAN_POINT('Ctrl Pts',(-21.9086293397389,6.70246239349537,13.3089703986552));
#9220=CARTESIAN_POINT('Ctrl Pts',(-21.9479712105787,6.57257864490663,13.2769229141237));
#9221=CARTESIAN_POINT('Ctrl Pts',(-21.9656772730293,6.512862060817,13.2766729012285));
#9222=CARTESIAN_POINT('Ctrl Pts',(-22.0397130007949,6.82480815407656,13.716));
#9223=CARTESIAN_POINT('Ctrl Pts',(-22.0397130007949,6.82480815407656,13.6860891371657));
#9224=CARTESIAN_POINT('Ctrl Pts',(-22.0427816150452,6.81491453673171,13.6224840259157));
#9225=CARTESIAN_POINT('Ctrl Pts',(-22.0581524726317,6.76507278157665,13.5294560784938));
#9226=CARTESIAN_POINT('Ctrl Pts',(-22.0840213303541,6.68036069015631,13.4584995098177));
#9227=CARTESIAN_POINT('Ctrl Pts',(-22.1090116234495,6.59698057811998,13.438));
#9228=CARTESIAN_POINT('Ctrl Pts',(-22.1203547089933,6.55872419344478,13.438));
#9229=CARTESIAN_POINT('',(-21.4292168848321,7.14292500785293,13.716));
#9230=CARTESIAN_POINT('Ctrl Pts',(-21.6563224011012,6.42113779556145,12.9540187036856));
#9231=CARTESIAN_POINT('Ctrl Pts',(-21.625890384837,6.52377477847993,12.9547687423711));
#9232=CARTESIAN_POINT('Ctrl Pts',(-21.5578453585084,6.74666580017349,13.0099121763302));
#9233=CARTESIAN_POINT('Ctrl Pts',(-21.4840054233369,6.97682599575509,13.2005473768545));
#9234=CARTESIAN_POINT('Ctrl Pts',(-21.4385054571318,7.11510003126382,13.4559976635171));
#9235=CARTESIAN_POINT('Ctrl Pts',(-21.4292168848321,7.14292500785293,13.6328413243562));
#9236=CARTESIAN_POINT('Ctrl Pts',(-21.4292168848321,7.14292500785293,13.716));
#9237=CARTESIAN_POINT('',(-22.0397130007949,6.82480815407656,13.716));
#9238=CARTESIAN_POINT('Origin',(-21.7344649428135,6.98386658096474,16.129));
#9239=CARTESIAN_POINT('',(-21.4292168848321,7.14292500785293,15.367));
#9240=CARTESIAN_POINT('',(-21.4292168848321,7.14292500785293,16.129));
#9241=CARTESIAN_POINT('',(-22.0397130007949,6.82480815407656,15.367));
#9242=CARTESIAN_POINT('Ctrl Pts',(-21.2488291806722,7.6626525642429,16.0988599992343));
#9243=CARTESIAN_POINT('Ctrl Pts',(-21.2718359677811,7.59891446649709,16.0792349712316));
#9244=CARTESIAN_POINT('Ctrl Pts',(-21.31644472773,7.47336996291341,16.0179219007678));
#9245=CARTESIAN_POINT('Ctrl Pts',(-21.3732938416498,7.30923404961699,15.8728890605896));
#9246=CARTESIAN_POINT('Ctrl Pts',(-21.4182171522078,7.1761347623016,15.6505557965669));
#9247=CARTESIAN_POINT('Ctrl Pts',(-21.4292168848321,7.14292500785293,15.4572907665885));
#9248=CARTESIAN_POINT('Ctrl Pts',(-21.4292168848321,7.14292500785293,15.367));
#9249=CARTESIAN_POINT('Ctrl Pts',(-21.4143641461428,7.678844700982,16.2569820884559));
#9250=CARTESIAN_POINT('Ctrl Pts',(-21.4424826184242,7.60031168765506,16.2340046459175));
#9251=CARTESIAN_POINT('Ctrl Pts',(-21.4968992075179,7.44513942766689,16.1605582039326));
#9252=CARTESIAN_POINT('Ctrl Pts',(-21.5657795825207,7.24202392656218,15.9842055865614));
#9253=CARTESIAN_POINT('Ctrl Pts',(-21.6196512577931,7.0777183548585,15.7128125018312));
#9254=CARTESIAN_POINT('Ctrl Pts',(-21.632715590153,7.03688605659414,15.4771085563359));
#9255=CARTESIAN_POINT('Ctrl Pts',(-21.632715590153,7.03688605659414,15.367));
#9256=CARTESIAN_POINT('Ctrl Pts',(-21.5798991116134,7.69503683772111,16.4151041776774));
#9257=CARTESIAN_POINT('Ctrl Pts',(-21.6131292690673,7.60170890881303,16.3887743206034));
#9258=CARTESIAN_POINT('Ctrl Pts',(-21.6773536873059,7.41690889242036,16.3031945070975));
#9259=CARTESIAN_POINT('Ctrl Pts',(-21.7582653233916,7.17481380350737,16.0955221125332));
#9260=CARTESIAN_POINT('Ctrl Pts',(-21.8210853633783,6.9793019474154,15.7750692070954));
#9261=CARTESIAN_POINT('Ctrl Pts',(-21.836214295474,6.93084710533535,15.4969263460833));
#9262=CARTESIAN_POINT('Ctrl Pts',(-21.836214295474,6.93084710533535,15.367));
#9263=CARTESIAN_POINT('Ctrl Pts',(-21.745434077084,7.71122897446021,16.573226266899));
#9264=CARTESIAN_POINT('Ctrl Pts',(-21.7837759197104,7.603106129971,16.5435439952893));
#9265=CARTESIAN_POINT('Ctrl Pts',(-21.8578081670939,7.38867835717383,16.4458308102623));
#9266=CARTESIAN_POINT('Ctrl Pts',(-21.9507510642625,7.10760368045256,16.2068386385051));
#9267=CARTESIAN_POINT('Ctrl Pts',(-22.0225194689635,6.8808855399723,15.8373259123596));
#9268=CARTESIAN_POINT('Ctrl Pts',(-22.0397130007949,6.82480815407656,15.5167441358307));
#9269=CARTESIAN_POINT('Ctrl Pts',(-22.0397130007949,6.82480815407656,15.367));
#9270=CARTESIAN_POINT('',(-21.2488291806723,7.66265256424249,16.0988599992342));
#9271=CARTESIAN_POINT('',(-21.9397446194343,6.87724843276428,15.3989068329288));
#9272=CARTESIAN_POINT('Ctrl Pts',(-21.2488291806722,7.6626525642429,16.0988599992343));
#9273=CARTESIAN_POINT('Ctrl Pts',(-21.2885038611389,7.58047283756007,16.0825023279485));
#9274=CARTESIAN_POINT('Ctrl Pts',(-21.3321049466315,7.5028844060676,16.056096023535));
#9275=CARTESIAN_POINT('Ctrl Pts',(-21.4326281078043,7.34630908931724,15.9806708557932));
#9276=CARTESIAN_POINT('Ctrl Pts',(-21.4900445406903,7.26999808385348,15.929040106131));
#9277=CARTESIAN_POINT('Ctrl Pts',(-21.6675871042833,7.0656037260663,15.7496013635089));
#9278=CARTESIAN_POINT('Ctrl Pts',(-21.7997838053408,6.95439556169382,15.590259876927));
#9279=CARTESIAN_POINT('Ctrl Pts',(-21.9397446194343,6.87724843276427,15.3989068329288));
#9280=CARTESIAN_POINT('Ctrl Pts',(-21.9397358269423,6.87728032539037,15.3989210320837));
#9281=CARTESIAN_POINT('Ctrl Pts',(-21.9581063831573,6.86830652570995,15.4246523090435));
#9282=CARTESIAN_POINT('Ctrl Pts',(-21.9764107148219,6.86006990008076,15.4507019658669));
#9283=CARTESIAN_POINT('Ctrl Pts',(-21.9946428416601,6.85251242866325,15.4769980255479));
#9284=CARTESIAN_POINT('Ctrl Pts',(-22.0085157030621,6.84676193370151,15.4970067494126));
#9285=CARTESIAN_POINT('Ctrl Pts',(-22.0223465875441,6.84140516481455,15.5171592847527));
#9286=CARTESIAN_POINT('Ctrl Pts',(-22.0361295485732,6.83642667244284,15.537440920342));
#9287=CARTESIAN_POINT('Ctrl Pts',(-21.4292168848321,7.14292500785293,15.367));
#9288=CARTESIAN_POINT('Ctrl Pts',(-21.4292168848321,7.14292500785293,15.4572907665885));
#9289=CARTESIAN_POINT('Ctrl Pts',(-21.4182171522078,7.1761347623016,15.6505557965669));
#9290=CARTESIAN_POINT('Ctrl Pts',(-21.3732938416498,7.30923404961699,15.8728890605896));
#9291=CARTESIAN_POINT('Ctrl Pts',(-21.31644472773,7.47336996291341,16.0179219007678));
#9292=CARTESIAN_POINT('Ctrl Pts',(-21.2718359677811,7.59891446649709,16.0792349712316));
#9293=CARTESIAN_POINT('Ctrl Pts',(-21.2488291806722,7.6626525642429,16.0988599992343));
#9294=CARTESIAN_POINT('Ctrl Pts',(-7.1429250078529,21.4292168848321,15.367));
#9295=CARTESIAN_POINT('Ctrl Pts',(-7.1429250078529,21.4292168848321,15.4572907665885));
#9296=CARTESIAN_POINT('Ctrl Pts',(-7.17613476230156,21.4182171522078,15.6505557965669));
#9297=CARTESIAN_POINT('Ctrl Pts',(-7.30923404961695,21.3732938416498,15.8728890605896));
#9298=CARTESIAN_POINT('Ctrl Pts',(-7.47336996291338,21.31644472773,16.0179219007678));
#9299=CARTESIAN_POINT('Ctrl Pts',(-7.59891446649706,21.2718359677811,16.0792349712316));
#9300=CARTESIAN_POINT('Ctrl Pts',(-7.66265256424286,21.2488291806722,16.0988599992343));
#9301=CARTESIAN_POINT('Ctrl Pts',(-7.03688605659411,21.632715590153,15.367));
#9302=CARTESIAN_POINT('Ctrl Pts',(-7.03688605659411,21.632715590153,15.4771085563359));
#9303=CARTESIAN_POINT('Ctrl Pts',(-7.07771835485846,21.6196512577931,15.7128125018311));
#9304=CARTESIAN_POINT('Ctrl Pts',(-7.24202392656214,21.5657795825207,15.9842055865614));
#9305=CARTESIAN_POINT('Ctrl Pts',(-7.44513942766685,21.4968992075179,16.1605582039326));
#9306=CARTESIAN_POINT('Ctrl Pts',(-7.60031168765502,21.4424826184242,16.2340046459175));
#9307=CARTESIAN_POINT('Ctrl Pts',(-7.67884470098197,21.4143641461428,16.2569820884559));
#9308=CARTESIAN_POINT('Ctrl Pts',(-6.93084710533532,21.836214295474,15.367));
#9309=CARTESIAN_POINT('Ctrl Pts',(-6.93084710533532,21.836214295474,15.4969263460833));
#9310=CARTESIAN_POINT('Ctrl Pts',(-6.97930194741536,21.8210853633783,15.7750692070954));
#9311=CARTESIAN_POINT('Ctrl Pts',(-7.17481380350733,21.7582653233916,16.0955221125332));
#9312=CARTESIAN_POINT('Ctrl Pts',(-7.41690889242031,21.6773536873059,16.3031945070974));
#9313=CARTESIAN_POINT('Ctrl Pts',(-7.60170890881299,21.6131292690673,16.3887743206034));
#9314=CARTESIAN_POINT('Ctrl Pts',(-7.69503683772107,21.5798991116134,16.4151041776774));
#9315=CARTESIAN_POINT('Ctrl Pts',(-6.82480815407653,22.0397130007949,15.367));
#9316=CARTESIAN_POINT('Ctrl Pts',(-6.82480815407653,22.0397130007949,15.5167441358307));
#9317=CARTESIAN_POINT('Ctrl Pts',(-6.88088553997226,22.0225194689635,15.8373259123596));
#9318=CARTESIAN_POINT('Ctrl Pts',(-7.10760368045252,21.9507510642625,16.206838638505));
#9319=CARTESIAN_POINT('Ctrl Pts',(-7.38867835717378,21.8578081670939,16.4458308102623));
#9320=CARTESIAN_POINT('Ctrl Pts',(-7.60310612997096,21.7837759197104,16.5435439952893));
#9321=CARTESIAN_POINT('Ctrl Pts',(-7.71122897446017,21.745434077084,16.573226266899));
#9322=CARTESIAN_POINT('',(-6.87724843276424,21.9397446194343,15.3989068329288));
#9323=CARTESIAN_POINT('',(-7.66265256424242,21.2488291806724,16.0988599992342));
#9324=CARTESIAN_POINT('Ctrl Pts',(-6.87724843276424,21.9397446194343,15.3989068329288));
#9325=CARTESIAN_POINT('Ctrl Pts',(-6.92342534211493,21.855970175528,15.5134424260129));
#9326=CARTESIAN_POINT('Ctrl Pts',(-6.98396009673895,21.7710927380229,15.6218501362152));
#9327=CARTESIAN_POINT('Ctrl Pts',(-7.13379088050568,21.6063491992461,15.8128469199275));
#9328=CARTESIAN_POINT('Ctrl Pts',(-7.2222008805889,21.5263496421767,15.8961842099763));
#9329=CARTESIAN_POINT('Ctrl Pts',(-7.42566347050626,21.3771911934147,16.0267818761845));
#9330=CARTESIAN_POINT('Ctrl Pts',(-7.53871751569269,21.3086624710509,16.0741910344323));
#9331=CARTESIAN_POINT('Ctrl Pts',(-7.66265256424286,21.2488291806722,16.0988599992343));
#9332=CARTESIAN_POINT('',(-7.1429250078529,21.4292168848321,15.367));
#9333=CARTESIAN_POINT('Ctrl Pts',(-7.66265256424286,21.2488291806722,16.0988599992343));
#9334=CARTESIAN_POINT('Ctrl Pts',(-7.59891446649706,21.2718359677811,16.0792349712316));
#9335=CARTESIAN_POINT('Ctrl Pts',(-7.47336996291338,21.31644472773,16.0179219007678));
#9336=CARTESIAN_POINT('Ctrl Pts',(-7.30923404961695,21.3732938416498,15.8728890605896));
#9337=CARTESIAN_POINT('Ctrl Pts',(-7.17613476230156,21.4182171522078,15.6505557965669));
#9338=CARTESIAN_POINT('Ctrl Pts',(-7.1429250078529,21.4292168848321,15.4572907665885));
#9339=CARTESIAN_POINT('Ctrl Pts',(-7.1429250078529,21.4292168848321,15.367));
#9340=CARTESIAN_POINT('',(-6.82480815407653,22.039713000795,15.367));
#9341=CARTESIAN_POINT('Ctrl Pts',(-6.83642667244281,22.0361295485732,15.537440920342));
#9342=CARTESIAN_POINT('Ctrl Pts',(-6.84296955510849,22.0180155714761,15.5107861919581));
#9343=CARTESIAN_POINT('Ctrl Pts',(-6.85016487622904,21.9998191211225,15.4843530119794));
#9344=CARTESIAN_POINT('Ctrl Pts',(-6.85805084259911,21.9815526731183,15.4581796547438));
#9345=CARTESIAN_POINT('Ctrl Pts',(-6.86405129001943,21.9676536966757,15.438264295416));
#9346=CARTESIAN_POINT('Ctrl Pts',(-6.87045214345039,21.9537140195298,15.418500011656));
#9347=CARTESIAN_POINT('Ctrl Pts',(-6.87728032539034,21.9397358269423,15.3989210320837));
#9348=CARTESIAN_POINT('Origin',(0.,0.,15.7759996820117));
#9349=CARTESIAN_POINT('Origin',(0.,0.,15.3989068329288));
#9350=CARTESIAN_POINT('',(-21.1591581985593,7.85704661553618,16.129));
#9351=CARTESIAN_POINT('Ctrl Pts',(-21.1591581985593,7.85704661553618,16.129));
#9352=CARTESIAN_POINT('Ctrl Pts',(-21.1619929592841,7.84941255740135,16.129));
#9353=CARTESIAN_POINT('Ctrl Pts',(-21.1648811395578,7.84183789927657,16.1288698079712));
#9354=CARTESIAN_POINT('Ctrl Pts',(-21.1905258214506,7.77626794378175,16.1266332726212));
#9355=CARTESIAN_POINT('Ctrl Pts',(-21.2179801436472,7.71773702394204,16.1167579294307));
#9356=CARTESIAN_POINT('Ctrl Pts',(-21.2488291806724,7.66265256424252,16.0988599992342));
#9357=CARTESIAN_POINT('',(-7.85704661553615,21.1591581985593,16.129));
#9358=CARTESIAN_POINT('Origin',(0.,0.,16.129));
#9359=CARTESIAN_POINT('Ctrl Pts',(-7.66265256424245,21.2488291806724,16.0988599992342));
#9360=CARTESIAN_POINT('Ctrl Pts',(-7.71773702394198,21.2179801436472,16.1167579294307));
#9361=CARTESIAN_POINT('Ctrl Pts',(-7.77626794378171,21.1905258214506,16.1266332726212));
#9362=CARTESIAN_POINT('Ctrl Pts',(-7.84183789927654,21.1648811395578,16.1288698079712));
#9363=CARTESIAN_POINT('Ctrl Pts',(-7.84941255740132,21.1619929592841,16.129));
#9364=CARTESIAN_POINT('Ctrl Pts',(-7.85704661553615,21.1591581985593,16.129));
#9365=CARTESIAN_POINT('Origin',(-6.98386658096472,21.7344649428135,16.129));
#9366=CARTESIAN_POINT('',(-7.1429250078529,21.4292168848321,13.716));
#9367=CARTESIAN_POINT('',(-7.1429250078529,21.4292168848321,16.129));
#9368=CARTESIAN_POINT('',(-6.82480815407653,22.0397130007949,13.716));
#9369=CARTESIAN_POINT('Ctrl Pts',(-6.42113779556141,21.6563224011012,12.9540187036856));
#9370=CARTESIAN_POINT('Ctrl Pts',(-6.52377477847984,21.625890384837,12.9547687423711));
#9371=CARTESIAN_POINT('Ctrl Pts',(-6.68909238320945,21.5754807684498,12.9934826425065));
#9372=CARTESIAN_POINT('Ctrl Pts',(-6.91735621150049,21.5033039166677,13.1445409585796));
#9373=CARTESIAN_POINT('Ctrl Pts',(-7.0888077148948,21.4472922098634,13.3637246098566));
#9374=CARTESIAN_POINT('Ctrl Pts',(-7.1429250078529,21.4292168848321,13.6051216867505));
#9375=CARTESIAN_POINT('Ctrl Pts',(-7.1429250078529,21.4292168848321,13.716));
#9376=CARTESIAN_POINT('Ctrl Pts',(-6.46699992818919,21.8109998370652,13.1153458024571));
#9377=CARTESIAN_POINT('Ctrl Pts',(-6.5481767116932,21.7869307977079,13.1158458282474));
#9378=CARTESIAN_POINT('Ctrl Pts',(-6.6789982596243,21.7471500991985,13.1464428778158));
#9379=CARTESIAN_POINT('Ctrl Pts',(-6.85934194868687,21.6904782359345,13.2658985618671));
#9380=CARTESIAN_POINT('Ctrl Pts',(-6.99440130288013,21.6467533638447,13.438887251233));
#9381=CARTESIAN_POINT('Ctrl Pts',(-7.03688605659411,21.632715590153,13.6287873982065));
#9382=CARTESIAN_POINT('Ctrl Pts',(-7.03688605659411,21.632715590153,13.716));
#9383=CARTESIAN_POINT('Ctrl Pts',(-6.51286206081697,21.9656772730293,13.2766729012285));
#9384=CARTESIAN_POINT('Ctrl Pts',(-6.57257864490656,21.9479712105787,13.2769229141237));
#9385=CARTESIAN_POINT('Ctrl Pts',(-6.66890413603914,21.9188194299471,13.2994031131252));
#9386=CARTESIAN_POINT('Ctrl Pts',(-6.80132768587325,21.8776525552013,13.3872561651545));
#9387=CARTESIAN_POINT('Ctrl Pts',(-6.89999489086547,21.846214517826,13.5140498926095));
#9388=CARTESIAN_POINT('Ctrl Pts',(-6.93084710533532,21.836214295474,13.6524531096625));
#9389=CARTESIAN_POINT('Ctrl Pts',(-6.93084710533532,21.836214295474,13.716));
#9390=CARTESIAN_POINT('Ctrl Pts',(-6.55872419344474,22.1203547089933,13.438));
#9391=CARTESIAN_POINT('Ctrl Pts',(-6.59698057811993,22.1090116234495,13.438));
#9392=CARTESIAN_POINT('Ctrl Pts',(-6.65881001245398,22.0904887606957,13.4523633484346));
#9393=CARTESIAN_POINT('Ctrl Pts',(-6.74331342305963,22.0648268744682,13.508613768442));
#9394=CARTESIAN_POINT('Ctrl Pts',(-6.80558847885081,22.0456756718073,13.589212533986));
#9395=CARTESIAN_POINT('Ctrl Pts',(-6.82480815407653,22.0397130007949,13.6761188211185));
#9396=CARTESIAN_POINT('Ctrl Pts',(-6.82480815407653,22.0397130007949,13.716));
#9397=CARTESIAN_POINT('',(-6.42113779556141,21.6563224011012,12.9540187036856));
#9398=CARTESIAN_POINT('Ctrl Pts',(-7.1429250078529,21.4292168848321,13.716));
#9399=CARTESIAN_POINT('Ctrl Pts',(-7.1429250078529,21.4292168848321,13.6051216867505));
#9400=CARTESIAN_POINT('Ctrl Pts',(-7.0888077148948,21.4472922098634,13.3637246098566));
#9401=CARTESIAN_POINT('Ctrl Pts',(-6.91735621150049,21.5033039166677,13.1445409585796));
#9402=CARTESIAN_POINT('Ctrl Pts',(-6.68909238320945,21.5754807684498,12.9934826425065));
#9403=CARTESIAN_POINT('Ctrl Pts',(-6.52377477847984,21.625890384837,12.9547687423711));
#9404=CARTESIAN_POINT('Ctrl Pts',(-6.42113779556141,21.6563224011012,12.9540187036856));
#9405=CARTESIAN_POINT('',(-6.42113779556141,21.6563224011012,12.9540187036856));
#9406=CARTESIAN_POINT('Ctrl Pts',(-6.41601863806643,21.65783958177,12.954));
#9407=CARTESIAN_POINT('Ctrl Pts',(-6.41772508362611,21.6573340564393,12.954));
#9408=CARTESIAN_POINT('Ctrl Pts',(-6.41943146940514,21.6568283293141,12.9540062343925));
#9409=CARTESIAN_POINT('Ctrl Pts',(-6.42113779556142,21.6563224011012,12.9540187036856));
#9410=CARTESIAN_POINT('Ctrl Pts',(-6.46184420781968,21.8125278541155,13.1153333333333));
#9411=CARTESIAN_POINT('Ctrl Pts',(-6.46356284144245,21.8120187181366,13.1153333333333));
#9412=CARTESIAN_POINT('Ctrl Pts',(-6.46528141486928,21.8115093789611,13.115337489595));
#9413=CARTESIAN_POINT('Ctrl Pts',(-6.46699992818919,21.8109998370652,13.1153458024571));
#9414=CARTESIAN_POINT('Ctrl Pts',(-6.50766977757292,21.967216126461,13.2766666666667));
#9415=CARTESIAN_POINT('Ctrl Pts',(-6.5094005992588,21.9667033798339,13.2766666666667));
#9416=CARTESIAN_POINT('Ctrl Pts',(-6.51113136033343,21.9661904286082,13.2766687447975));
#9417=CARTESIAN_POINT('Ctrl Pts',(-6.51286206081697,21.9656772730293,13.2766729012285));
#9418=CARTESIAN_POINT('Ctrl Pts',(-6.55349534732617,22.1219043988065,13.438));
#9419=CARTESIAN_POINT('Ctrl Pts',(-6.55523835707515,22.1213880415312,13.438));
#9420=CARTESIAN_POINT('Ctrl Pts',(-6.55698130579757,22.1208714782553,13.438));
#9421=CARTESIAN_POINT('Ctrl Pts',(-6.55872419344474,22.1203547089933,13.438));
#9422=CARTESIAN_POINT('',(-6.41601863806643,21.65783958177,12.954));
#9423=CARTESIAN_POINT('Ctrl Pts',(-6.42113779556142,21.6563224011012,12.9540187036856));
#9424=CARTESIAN_POINT('Ctrl Pts',(-6.41943146940514,21.6568283293141,12.9540062343925));
#9425=CARTESIAN_POINT('Ctrl Pts',(-6.41772508362611,21.6573340564393,12.954));
#9426=CARTESIAN_POINT('Ctrl Pts',(-6.41601863806643,21.65783958177,12.954));
#9427=CARTESIAN_POINT('',(-6.55349534732617,22.1219043988065,13.438));
#9428=CARTESIAN_POINT('Origin',(0.,0.,13.196));
#9429=CARTESIAN_POINT('',(6.41601863806646,21.65783958177,12.954));
#9430=CARTESIAN_POINT('',(6.41601863806646,21.65783958177,12.954));
#9431=CARTESIAN_POINT('Origin',(0.,0.,12.954));
#9432=CARTESIAN_POINT('Ctrl Pts',(6.42113779556145,21.6563224011012,12.9540187036856));
#9433=CARTESIAN_POINT('Ctrl Pts',(6.41943146940517,21.656828329314,12.9540062343925));
#9434=CARTESIAN_POINT('Ctrl Pts',(6.41772508362614,21.6573340564393,12.954));
#9435=CARTESIAN_POINT('Ctrl Pts',(6.41601863806646,21.65783958177,12.954));
#9436=CARTESIAN_POINT('Ctrl Pts',(6.46699992818922,21.8109998370652,13.1153458024571));
#9437=CARTESIAN_POINT('Ctrl Pts',(6.46528141486931,21.8115093789611,13.115337489595));
#9438=CARTESIAN_POINT('Ctrl Pts',(6.46356284144248,21.8120187181366,13.1153333333333));
#9439=CARTESIAN_POINT('Ctrl Pts',(6.46184420781971,21.8125278541155,13.1153333333333));
#9440=CARTESIAN_POINT('Ctrl Pts',(6.512862060817,21.9656772730293,13.2766729012285));
#9441=CARTESIAN_POINT('Ctrl Pts',(6.51113136033346,21.9661904286082,13.2766687447975));
#9442=CARTESIAN_POINT('Ctrl Pts',(6.50940059925883,21.9667033798339,13.2766666666667));
#9443=CARTESIAN_POINT('Ctrl Pts',(6.50766977757296,21.967216126461,13.2766666666667));
#9444=CARTESIAN_POINT('Ctrl Pts',(6.55872419344477,22.1203547089933,13.438));
#9445=CARTESIAN_POINT('Ctrl Pts',(6.5569813057976,22.1208714782553,13.438));
#9446=CARTESIAN_POINT('Ctrl Pts',(6.55523835707518,22.1213880415312,13.438));
#9447=CARTESIAN_POINT('Ctrl Pts',(6.5534953473262,22.1219043988065,13.438));
#9448=CARTESIAN_POINT('',(6.42113779556145,21.6563224011012,12.9540187036856));
#9449=CARTESIAN_POINT('Ctrl Pts',(6.41601863806646,21.65783958177,12.954));
#9450=CARTESIAN_POINT('Ctrl Pts',(6.41772508362614,21.6573340564393,12.954));
#9451=CARTESIAN_POINT('Ctrl Pts',(6.41943146940517,21.656828329314,12.9540062343925));
#9452=CARTESIAN_POINT('Ctrl Pts',(6.42113779556145,21.6563224011012,12.9540187036856));
#9453=CARTESIAN_POINT('',(6.55872419344477,22.1203547089933,13.438));
#9454=CARTESIAN_POINT('Ctrl Pts',(7.14292500785293,21.4292168848321,13.716));
#9455=CARTESIAN_POINT('Ctrl Pts',(7.14292500785293,21.4292168848321,13.6328413243562));
#9456=CARTESIAN_POINT('Ctrl Pts',(7.11510003126382,21.4385054571318,13.4559976635171));
#9457=CARTESIAN_POINT('Ctrl Pts',(6.97682599575509,21.4840054233369,13.2005473768545));
#9458=CARTESIAN_POINT('Ctrl Pts',(6.74666580017349,21.5578453585084,13.0099121763302));
#9459=CARTESIAN_POINT('Ctrl Pts',(6.52377477847993,21.625890384837,12.9547687423711));
#9460=CARTESIAN_POINT('Ctrl Pts',(6.42113779556145,21.6563224011012,12.9540187036856));
#9461=CARTESIAN_POINT('Ctrl Pts',(7.03688605659414,21.632715590153,13.716));
#9462=CARTESIAN_POINT('Ctrl Pts',(7.03688605659414,21.632715590153,13.6505905952927));
#9463=CARTESIAN_POINT('Ctrl Pts',(7.01503819975312,21.6399308431029,13.51149311765));
#9464=CARTESIAN_POINT('Ctrl Pts',(6.90624159102894,21.6753877731018,13.3101836107342));
#9465=CARTESIAN_POINT('Ctrl Pts',(6.72456409683443,21.7332373491236,13.1594412874927));
#9466=CARTESIAN_POINT('Ctrl Pts',(6.54817671169328,21.7869307977078,13.1158458282474));
#9467=CARTESIAN_POINT('Ctrl Pts',(6.46699992818922,21.8109998370652,13.1153458024571));
#9468=CARTESIAN_POINT('Ctrl Pts',(6.93084710533535,21.836214295474,13.716));
#9469=CARTESIAN_POINT('Ctrl Pts',(6.93084710533535,21.836214295474,13.6683398662292));
#9470=CARTESIAN_POINT('Ctrl Pts',(6.91497636824242,21.8413562290741,13.5669885717829));
#9471=CARTESIAN_POINT('Ctrl Pts',(6.8356571863028,21.8667701228668,13.419819844614));
#9472=CARTESIAN_POINT('Ctrl Pts',(6.70246239349537,21.9086293397389,13.3089703986552));
#9473=CARTESIAN_POINT('Ctrl Pts',(6.57257864490663,21.9479712105787,13.2769229141237));
#9474=CARTESIAN_POINT('Ctrl Pts',(6.512862060817,21.9656772730293,13.2766729012285));
#9475=CARTESIAN_POINT('Ctrl Pts',(6.82480815407656,22.0397130007949,13.716));
#9476=CARTESIAN_POINT('Ctrl Pts',(6.82480815407656,22.0397130007949,13.6860891371657));
#9477=CARTESIAN_POINT('Ctrl Pts',(6.81491453673171,22.0427816150452,13.6224840259157));
#9478=CARTESIAN_POINT('Ctrl Pts',(6.76507278157665,22.0581524726317,13.5294560784938));
#9479=CARTESIAN_POINT('Ctrl Pts',(6.68036069015631,22.0840213303541,13.4584995098177));
#9480=CARTESIAN_POINT('Ctrl Pts',(6.59698057811998,22.1090116234495,13.438));
#9481=CARTESIAN_POINT('Ctrl Pts',(6.55872419344477,22.1203547089933,13.438));
#9482=CARTESIAN_POINT('',(7.14292500785293,21.4292168848321,13.716));
#9483=CARTESIAN_POINT('Ctrl Pts',(6.42113779556145,21.6563224011012,12.9540187036856));
#9484=CARTESIAN_POINT('Ctrl Pts',(6.52377477847993,21.625890384837,12.9547687423711));
#9485=CARTESIAN_POINT('Ctrl Pts',(6.74666580017349,21.5578453585084,13.0099121763302));
#9486=CARTESIAN_POINT('Ctrl Pts',(6.97682599575509,21.4840054233369,13.2005473768545));
#9487=CARTESIAN_POINT('Ctrl Pts',(7.11510003126382,21.4385054571318,13.4559976635171));
#9488=CARTESIAN_POINT('Ctrl Pts',(7.14292500785293,21.4292168848321,13.6328413243562));
#9489=CARTESIAN_POINT('Ctrl Pts',(7.14292500785293,21.4292168848321,13.716));
#9490=CARTESIAN_POINT('',(6.82480815407656,22.0397130007949,13.716));
#9491=CARTESIAN_POINT('Origin',(6.98386658096474,21.7344649428135,16.129));
#9492=CARTESIAN_POINT('',(7.14292500785293,21.4292168848321,15.367));
#9493=CARTESIAN_POINT('',(7.14292500785293,21.4292168848321,16.129));
#9494=CARTESIAN_POINT('',(6.82480815407656,22.0397130007949,15.367));
#9495=CARTESIAN_POINT('Ctrl Pts',(7.6626525642429,21.2488291806722,16.0988599992343));
#9496=CARTESIAN_POINT('Ctrl Pts',(7.49268430358742,21.3101806129625,16.0465265912271));
#9497=CARTESIAN_POINT('Ctrl Pts',(7.23611901762453,21.3984836350466,15.8436009816571));
#9498=CARTESIAN_POINT('Ctrl Pts',(7.14292500785293,21.4292168848321,15.5024361498827));
#9499=CARTESIAN_POINT('Ctrl Pts',(7.14292500785293,21.4292168848321,15.367));
#9500=CARTESIAN_POINT('Ctrl Pts',(7.67884470098201,21.4143641461428,16.2569820884559));
#9501=CARTESIAN_POINT('Ctrl Pts',(7.46942333211016,21.4893467388932,16.1957089083536));
#9502=CARTESIAN_POINT('Ctrl Pts',(7.15130179850058,21.5963247769058,15.9485206940127));
#9503=CARTESIAN_POINT('Ctrl Pts',(7.03688605659414,21.632715590153,15.5321628345038));
#9504=CARTESIAN_POINT('Ctrl Pts',(7.03688605659414,21.632715590153,15.367));
#9505=CARTESIAN_POINT('Ctrl Pts',(7.69503683772112,21.5798991116134,16.4151041776774));
#9506=CARTESIAN_POINT('Ctrl Pts',(7.4461623606329,21.6685128648238,16.34489122548));
#9507=CARTESIAN_POINT('Ctrl Pts',(7.06648457937664,21.7941659187651,16.0534404063683));
#9508=CARTESIAN_POINT('Ctrl Pts',(6.93084710533535,21.836214295474,15.5618895191249));
#9509=CARTESIAN_POINT('Ctrl Pts',(6.93084710533535,21.836214295474,15.367));
#9510=CARTESIAN_POINT('Ctrl Pts',(7.71122897446022,21.745434077084,16.573226266899));
#9511=CARTESIAN_POINT('Ctrl Pts',(7.42290138915564,21.8476789907544,16.4940735426065));
#9512=CARTESIAN_POINT('Ctrl Pts',(6.98166736025269,21.9920070606243,16.1583601187239));
#9513=CARTESIAN_POINT('Ctrl Pts',(6.82480815407657,22.0397130007949,15.5916162037461));
#9514=CARTESIAN_POINT('Ctrl Pts',(6.82480815407656,22.0397130007949,15.367));
#9515=CARTESIAN_POINT('',(6.87724843276428,21.9397446194343,15.3989068329288));
#9516=CARTESIAN_POINT('Ctrl Pts',(6.87730846519488,21.9397281962644,15.3988841352738));
#9517=CARTESIAN_POINT('Ctrl Pts',(6.86824178588413,21.9583675639787,15.424950935339));
#9518=CARTESIAN_POINT('Ctrl Pts',(6.85998296831645,21.9769257931824,15.4512842753865));
#9519=CARTESIAN_POINT('Ctrl Pts',(6.8524493124217,21.9954027856282,15.477842320775));
#9520=CARTESIAN_POINT('Ctrl Pts',(6.84691665949174,22.0089721320146,15.4973463238361));
#9521=CARTESIAN_POINT('Ctrl Pts',(6.84177583105318,22.0224974272649,15.5169724819542));
#9522=CARTESIAN_POINT('Ctrl Pts',(6.8370055051117,22.0359749222175,15.5367173158994));
#9523=CARTESIAN_POINT('',(7.66265256424246,21.2488291806724,16.0988599992342));
#9524=CARTESIAN_POINT('Ctrl Pts',(7.14292500785293,21.4292168848321,15.367));
#9525=CARTESIAN_POINT('Ctrl Pts',(7.14292500785293,21.4292168848321,15.5024361498827));
#9526=CARTESIAN_POINT('Ctrl Pts',(7.23611901762453,21.3984836350466,15.8436009816571));
#9527=CARTESIAN_POINT('Ctrl Pts',(7.49268430358742,21.3101806129625,16.0465265912271));
#9528=CARTESIAN_POINT('Ctrl Pts',(7.6626525642429,21.2488291806722,16.0988599992343));
#9529=CARTESIAN_POINT('Ctrl Pts',(7.6626525642429,21.2488291806722,16.0988599992343));
#9530=CARTESIAN_POINT('Ctrl Pts',(7.58047283756006,21.2885038611389,16.0825023279485));
#9531=CARTESIAN_POINT('Ctrl Pts',(7.50288440606758,21.3321049466315,16.056096023535));
#9532=CARTESIAN_POINT('Ctrl Pts',(7.34630908931725,21.4326281078042,15.9806708557932));
#9533=CARTESIAN_POINT('Ctrl Pts',(7.2699980838535,21.4900445406903,15.929040106131));
#9534=CARTESIAN_POINT('Ctrl Pts',(7.06560372606623,21.6675871042834,15.7496013635088));
#9535=CARTESIAN_POINT('Ctrl Pts',(6.95439556169378,21.7997838053409,15.5902598769269));
#9536=CARTESIAN_POINT('Ctrl Pts',(6.87724843276428,21.9397446194343,15.3989068329288));
#9537=CARTESIAN_POINT('Ctrl Pts',(21.4292168848321,7.14292500785289,15.367));
#9538=CARTESIAN_POINT('Ctrl Pts',(21.4292168848321,7.14292500785289,15.5024361498827));
#9539=CARTESIAN_POINT('Ctrl Pts',(21.3984836350466,7.2361190176245,15.8436009816571));
#9540=CARTESIAN_POINT('Ctrl Pts',(21.3101806129626,7.49268430358739,16.0465265912271));
#9541=CARTESIAN_POINT('Ctrl Pts',(21.2488291806722,7.66265256424287,16.0988599992343));
#9542=CARTESIAN_POINT('Ctrl Pts',(21.632715590153,7.0368860565941,15.367));
#9543=CARTESIAN_POINT('Ctrl Pts',(21.632715590153,7.0368860565941,15.5321628345039));
#9544=CARTESIAN_POINT('Ctrl Pts',(21.5963247769058,7.15130179850055,15.9485206940127));
#9545=CARTESIAN_POINT('Ctrl Pts',(21.4893467388932,7.46942333211013,16.1957089083536));
#9546=CARTESIAN_POINT('Ctrl Pts',(21.4143641461428,7.67884470098198,16.2569820884559));
#9547=CARTESIAN_POINT('Ctrl Pts',(21.836214295474,6.93084710533531,15.367));
#9548=CARTESIAN_POINT('Ctrl Pts',(21.836214295474,6.93084710533532,15.561889519125));
#9549=CARTESIAN_POINT('Ctrl Pts',(21.7941659187651,7.0664845793766,16.0534404063683));
#9550=CARTESIAN_POINT('Ctrl Pts',(21.6685128648238,7.44616236063287,16.34489122548));
#9551=CARTESIAN_POINT('Ctrl Pts',(21.5798991116134,7.69503683772109,16.4151041776774));
#9552=CARTESIAN_POINT('Ctrl Pts',(22.0397130007949,6.82480815407653,15.367));
#9553=CARTESIAN_POINT('Ctrl Pts',(22.0397130007949,6.82480815407653,15.5916162037461));
#9554=CARTESIAN_POINT('Ctrl Pts',(21.9920070606243,6.98166736025266,16.1583601187239));
#9555=CARTESIAN_POINT('Ctrl Pts',(21.8476789907544,7.42290138915561,16.4940735426065));
#9556=CARTESIAN_POINT('Ctrl Pts',(21.745434077084,7.71122897446019,16.573226266899));
#9557=CARTESIAN_POINT('',(21.9397446194343,6.87724843276424,15.3989068329288));
#9558=CARTESIAN_POINT('',(21.2488291806724,7.66265256424241,16.0988599992342));
#9559=CARTESIAN_POINT('Ctrl Pts',(21.9397446194343,6.87724843276424,15.3989068329288));
#9560=CARTESIAN_POINT('Ctrl Pts',(21.8559701755279,6.92342534211495,15.513442426013));
#9561=CARTESIAN_POINT('Ctrl Pts',(21.7710927380228,6.983960096739,15.6218501362154));
#9562=CARTESIAN_POINT('Ctrl Pts',(21.6063491992459,7.13379088050584,15.8128469199276));
#9563=CARTESIAN_POINT('Ctrl Pts',(21.5263496421766,7.22220088058908,15.8961842099764));
#9564=CARTESIAN_POINT('Ctrl Pts',(21.3771911934147,7.42566347050637,16.0267818761845));
#9565=CARTESIAN_POINT('Ctrl Pts',(21.3086624710509,7.53871751569276,16.0741910344323));
#9566=CARTESIAN_POINT('Ctrl Pts',(21.2488291806722,7.66265256424287,16.0988599992343));
#9567=CARTESIAN_POINT('',(21.4292168848321,7.14292500785289,15.367));
#9568=CARTESIAN_POINT('Ctrl Pts',(21.2488291806722,7.66265256424287,16.0988599992343));
#9569=CARTESIAN_POINT('Ctrl Pts',(21.3101806129626,7.49268430358739,16.0465265912271));
#9570=CARTESIAN_POINT('Ctrl Pts',(21.3984836350466,7.2361190176245,15.8436009816571));
#9571=CARTESIAN_POINT('Ctrl Pts',(21.4292168848321,7.14292500785289,15.5024361498827));
#9572=CARTESIAN_POINT('Ctrl Pts',(21.4292168848321,7.14292500785289,15.367));
#9573=CARTESIAN_POINT('',(22.039713000795,6.82480815407653,15.367));
#9574=CARTESIAN_POINT('Ctrl Pts',(22.0359749222175,6.83700550511166,15.5367173158994));
#9575=CARTESIAN_POINT('Ctrl Pts',(22.0176230012525,6.84350112206147,15.509831337956));
#9576=CARTESIAN_POINT('Ctrl Pts',(21.9991828595873,6.85068244340719,15.4831640224147));
#9577=CARTESIAN_POINT('Ctrl Pts',(21.9806625510636,6.85860766876467,15.4567289245778));
#9578=CARTESIAN_POINT('Ctrl Pts',(21.9670613937177,6.86442788698358,15.4373152131553));
#9579=CARTESIAN_POINT('Ctrl Pts',(21.9534167896693,6.87064997288331,15.4180273719398));
#9580=CARTESIAN_POINT('Ctrl Pts',(21.9397281962644,6.87730846519484,15.3988841352739));
#9581=CARTESIAN_POINT('Origin',(0.,0.,15.7759996820117));
#9582=CARTESIAN_POINT('',(7.85704661553618,21.1591581985593,16.129));
#9583=CARTESIAN_POINT('Ctrl Pts',(7.85704661553618,21.1591581985593,16.129));
#9584=CARTESIAN_POINT('Ctrl Pts',(7.84941255740135,21.1619929592841,16.129));
#9585=CARTESIAN_POINT('Ctrl Pts',(7.84183789927658,21.1648811395578,16.1288698079712));
#9586=CARTESIAN_POINT('Ctrl Pts',(7.77626794378174,21.1905258214506,16.1266332726212));
#9587=CARTESIAN_POINT('Ctrl Pts',(7.71773702394201,21.2179801436472,16.1167579294307));
#9588=CARTESIAN_POINT('Ctrl Pts',(7.66265256424248,21.2488291806724,16.0988599992342));
#9589=CARTESIAN_POINT('',(21.1591581985593,7.85704661553615,16.129));
#9590=CARTESIAN_POINT('Origin',(0.,0.,16.129));
#9591=CARTESIAN_POINT('Ctrl Pts',(21.2488291806724,7.66265256424243,16.0988599992342));
#9592=CARTESIAN_POINT('Ctrl Pts',(21.2179801436473,7.71773702394196,16.1167579294307));
#9593=CARTESIAN_POINT('Ctrl Pts',(21.1905258214506,7.7762679437817,16.1266332726212));
#9594=CARTESIAN_POINT('Ctrl Pts',(21.1648811395578,7.84183789927654,16.1288698079712));
#9595=CARTESIAN_POINT('Ctrl Pts',(21.1619929592841,7.84941255740132,16.129));
#9596=CARTESIAN_POINT('Ctrl Pts',(21.1591581985593,7.85704661553615,16.129));
#9597=CARTESIAN_POINT('Origin',(0.,0.,15.3989068329288));
#9598=CARTESIAN_POINT('Origin',(21.7344649428135,6.98386658096471,16.129));
#9599=CARTESIAN_POINT('',(21.4292168848321,7.14292500785289,13.716));
#9600=CARTESIAN_POINT('',(21.4292168848321,7.14292500785289,16.129));
#9601=CARTESIAN_POINT('',(22.0397130007949,6.82480815407653,13.716));
#9602=CARTESIAN_POINT('Ctrl Pts',(21.6563224011012,6.42113779556141,12.9540187036856));
#9603=CARTESIAN_POINT('Ctrl Pts',(21.625890384837,6.52377477847984,12.9547687423711));
#9604=CARTESIAN_POINT('Ctrl Pts',(21.5754807684499,6.68909238320945,12.9934826425065));
#9605=CARTESIAN_POINT('Ctrl Pts',(21.5033039166677,6.91735621150049,13.1445409585796));
#9606=CARTESIAN_POINT('Ctrl Pts',(21.4472922098634,7.0888077148948,13.3637246098566));
#9607=CARTESIAN_POINT('Ctrl Pts',(21.4292168848321,7.14292500785289,13.6051216867505));
#9608=CARTESIAN_POINT('Ctrl Pts',(21.4292168848321,7.14292500785289,13.716));
#9609=CARTESIAN_POINT('Ctrl Pts',(21.8109998370652,6.46699992818919,13.1153458024571));
#9610=CARTESIAN_POINT('Ctrl Pts',(21.7869307977079,6.5481767116932,13.1158458282474));
#9611=CARTESIAN_POINT('Ctrl Pts',(21.7471500991985,6.67899825962429,13.1464428778158));
#9612=CARTESIAN_POINT('Ctrl Pts',(21.6904782359345,6.85934194868687,13.2658985618671));
#9613=CARTESIAN_POINT('Ctrl Pts',(21.6467533638447,6.99440130288014,13.4388872512331));
#9614=CARTESIAN_POINT('Ctrl Pts',(21.632715590153,7.0368860565941,13.6287873982065));
#9615=CARTESIAN_POINT('Ctrl Pts',(21.632715590153,7.0368860565941,13.716));
#9616=CARTESIAN_POINT('Ctrl Pts',(21.9656772730293,6.51286206081696,13.2766729012285));
#9617=CARTESIAN_POINT('Ctrl Pts',(21.9479712105787,6.57257864490656,13.2769229141237));
#9618=CARTESIAN_POINT('Ctrl Pts',(21.9188194299471,6.66890413603914,13.2994031131252));
#9619=CARTESIAN_POINT('Ctrl Pts',(21.8776525552013,6.80132768587325,13.3872561651545));
#9620=CARTESIAN_POINT('Ctrl Pts',(21.846214517826,6.89999489086548,13.5140498926095));
#9621=CARTESIAN_POINT('Ctrl Pts',(21.836214295474,6.93084710533532,13.6524531096625));
#9622=CARTESIAN_POINT('Ctrl Pts',(21.836214295474,6.93084710533531,13.716));
#9623=CARTESIAN_POINT('Ctrl Pts',(22.1203547089933,6.55872419344474,13.438));
#9624=CARTESIAN_POINT('Ctrl Pts',(22.1090116234495,6.59698057811992,13.438));
#9625=CARTESIAN_POINT('Ctrl Pts',(22.0904887606957,6.65881001245398,13.4523633484346));
#9626=CARTESIAN_POINT('Ctrl Pts',(22.0648268744682,6.74331342305963,13.508613768442));
#9627=CARTESIAN_POINT('Ctrl Pts',(22.0456756718073,6.80558847885081,13.589212533986));
#9628=CARTESIAN_POINT('Ctrl Pts',(22.0397130007949,6.82480815407653,13.6761188211185));
#9629=CARTESIAN_POINT('Ctrl Pts',(22.0397130007949,6.82480815407653,13.716));
#9630=CARTESIAN_POINT('',(21.6563224011012,6.42113779556141,12.9540187036856));
#9631=CARTESIAN_POINT('Ctrl Pts',(21.4292168848321,7.14292500785289,13.716));
#9632=CARTESIAN_POINT('Ctrl Pts',(21.4292168848321,7.14292500785289,13.6051216867505));
#9633=CARTESIAN_POINT('Ctrl Pts',(21.4472922098634,7.0888077148948,13.3637246098566));
#9634=CARTESIAN_POINT('Ctrl Pts',(21.5033039166677,6.91735621150049,13.1445409585796));
#9635=CARTESIAN_POINT('Ctrl Pts',(21.5754807684499,6.68909238320945,12.9934826425065));
#9636=CARTESIAN_POINT('Ctrl Pts',(21.625890384837,6.52377477847984,12.9547687423711));
#9637=CARTESIAN_POINT('Ctrl Pts',(21.6563224011012,6.42113779556141,12.9540187036856));
#9638=CARTESIAN_POINT('',(21.6563224011012,6.42113779556141,12.9540187036856));
#9639=CARTESIAN_POINT('Ctrl Pts',(21.65783958177,6.41601863806643,12.954));
#9640=CARTESIAN_POINT('Ctrl Pts',(21.6573340564393,6.4177250836261,12.954));
#9641=CARTESIAN_POINT('Ctrl Pts',(21.6568283293141,6.41943146940514,12.9540062343925));
#9642=CARTESIAN_POINT('Ctrl Pts',(21.6563224011012,6.42113779556141,12.9540187036856));
#9643=CARTESIAN_POINT('Ctrl Pts',(21.8125278541155,6.46184420781967,13.1153333333333));
#9644=CARTESIAN_POINT('Ctrl Pts',(21.8120187181366,6.46356284144245,13.1153333333333));
#9645=CARTESIAN_POINT('Ctrl Pts',(21.8115093789611,6.46528141486928,13.115337489595));
#9646=CARTESIAN_POINT('Ctrl Pts',(21.8109998370652,6.46699992818919,13.1153458024571));
#9647=CARTESIAN_POINT('Ctrl Pts',(21.967216126461,6.50766977757292,13.2766666666667));
#9648=CARTESIAN_POINT('Ctrl Pts',(21.9667033798339,6.5094005992588,13.2766666666667));
#9649=CARTESIAN_POINT('Ctrl Pts',(21.9661904286082,6.51113136033342,13.2766687447975));
#9650=CARTESIAN_POINT('Ctrl Pts',(21.9656772730293,6.51286206081696,13.2766729012285));
#9651=CARTESIAN_POINT('Ctrl Pts',(22.1219043988065,6.55349534732617,13.438));
#9652=CARTESIAN_POINT('Ctrl Pts',(22.1213880415312,6.55523835707514,13.438));
#9653=CARTESIAN_POINT('Ctrl Pts',(22.1208714782553,6.55698130579757,13.438));
#9654=CARTESIAN_POINT('Ctrl Pts',(22.1203547089933,6.55872419344474,13.438));
#9655=CARTESIAN_POINT('',(21.65783958177,6.41601863806643,12.954));
#9656=CARTESIAN_POINT('Ctrl Pts',(21.6563224011012,6.42113779556141,12.9540187036856));
#9657=CARTESIAN_POINT('Ctrl Pts',(21.6568283293141,6.41943146940514,12.9540062343925));
#9658=CARTESIAN_POINT('Ctrl Pts',(21.6573340564393,6.4177250836261,12.954));
#9659=CARTESIAN_POINT('Ctrl Pts',(21.65783958177,6.41601863806643,12.954));
#9660=CARTESIAN_POINT('',(22.1219043988065,6.55349534732617,13.438));
#9661=CARTESIAN_POINT('Origin',(0.,0.,13.196));
#9662=CARTESIAN_POINT('',(21.65783958177,-6.41601863806647,12.954));
#9663=CARTESIAN_POINT('',(21.65783958177,-6.41601863806647,12.954));
#9664=CARTESIAN_POINT('Origin',(0.,0.,12.954));
#9665=CARTESIAN_POINT('Ctrl Pts',(21.6563224011012,-6.42113779556145,12.9540187036856));
#9666=CARTESIAN_POINT('Ctrl Pts',(21.656828329314,-6.41943146940517,12.9540062343925));
#9667=CARTESIAN_POINT('Ctrl Pts',(21.6573340564393,-6.41772508362613,12.954));
#9668=CARTESIAN_POINT('Ctrl Pts',(21.65783958177,-6.41601863806646,12.954));
#9669=CARTESIAN_POINT('Ctrl Pts',(21.8109998370652,-6.46699992818923,13.1153458024571));
#9670=CARTESIAN_POINT('Ctrl Pts',(21.8115093789611,-6.46528141486931,13.115337489595));
#9671=CARTESIAN_POINT('Ctrl Pts',(21.8120187181366,-6.46356284144248,13.1153333333333));
#9672=CARTESIAN_POINT('Ctrl Pts',(21.8125278541155,-6.4618442078197,13.1153333333333));
#9673=CARTESIAN_POINT('Ctrl Pts',(21.9656772730293,-6.512862060817,13.2766729012285));
#9674=CARTESIAN_POINT('Ctrl Pts',(21.9661904286082,-6.51113136033345,13.2766687447975));
#9675=CARTESIAN_POINT('Ctrl Pts',(21.9667033798339,-6.50940059925883,13.2766666666667));
#9676=CARTESIAN_POINT('Ctrl Pts',(21.967216126461,-6.50766977757295,13.2766666666667));
#9677=CARTESIAN_POINT('Ctrl Pts',(22.1203547089933,-6.55872419344477,13.438));
#9678=CARTESIAN_POINT('Ctrl Pts',(22.1208714782553,-6.5569813057976,13.438));
#9679=CARTESIAN_POINT('Ctrl Pts',(22.1213880415312,-6.55523835707517,13.438));
#9680=CARTESIAN_POINT('Ctrl Pts',(22.1219043988065,-6.55349534732619,13.438));
#9681=CARTESIAN_POINT('',(21.6563224011012,-6.42113779556145,12.9540187036856));
#9682=CARTESIAN_POINT('Ctrl Pts',(21.65783958177,-6.41601863806646,12.954));
#9683=CARTESIAN_POINT('Ctrl Pts',(21.6573340564393,-6.41772508362613,12.954));
#9684=CARTESIAN_POINT('Ctrl Pts',(21.656828329314,-6.41943146940517,12.9540062343925));
#9685=CARTESIAN_POINT('Ctrl Pts',(21.6563224011012,-6.42113779556145,12.9540187036856));
#9686=CARTESIAN_POINT('',(22.1203547089933,-6.55872419344477,13.438));
#9687=CARTESIAN_POINT('Ctrl Pts',(21.4292168848321,-7.14292500785293,13.716));
#9688=CARTESIAN_POINT('Ctrl Pts',(21.4292168848321,-7.14292500785293,13.6328413243562));
#9689=CARTESIAN_POINT('Ctrl Pts',(21.4385054571318,-7.11510003126382,13.4559976635171));
#9690=CARTESIAN_POINT('Ctrl Pts',(21.4840054233369,-6.97682599575509,13.2005473768545));
#9691=CARTESIAN_POINT('Ctrl Pts',(21.5578453585084,-6.74666580017349,13.0099121763302));
#9692=CARTESIAN_POINT('Ctrl Pts',(21.625890384837,-6.52377477847993,12.9547687423711));
#9693=CARTESIAN_POINT('Ctrl Pts',(21.6563224011012,-6.42113779556145,12.9540187036856));
#9694=CARTESIAN_POINT('Ctrl Pts',(21.632715590153,-7.03688605659414,13.716));
#9695=CARTESIAN_POINT('Ctrl Pts',(21.632715590153,-7.03688605659414,13.6505905952927));
#9696=CARTESIAN_POINT('Ctrl Pts',(21.639930843103,-7.01503819975312,13.51149311765));
#9697=CARTESIAN_POINT('Ctrl Pts',(21.6753877731018,-6.90624159102895,13.3101836107342));
#9698=CARTESIAN_POINT('Ctrl Pts',(21.7332373491236,-6.72456409683444,13.1594412874927));
#9699=CARTESIAN_POINT('Ctrl Pts',(21.7869307977078,-6.54817671169328,13.1158458282474));
#9700=CARTESIAN_POINT('Ctrl Pts',(21.8109998370652,-6.46699992818922,13.1153458024571));
#9701=CARTESIAN_POINT('Ctrl Pts',(21.836214295474,-6.93084710533536,13.716));
#9702=CARTESIAN_POINT('Ctrl Pts',(21.836214295474,-6.93084710533536,13.6683398662292));
#9703=CARTESIAN_POINT('Ctrl Pts',(21.8413562290741,-6.91497636824242,13.5669885717829));
#9704=CARTESIAN_POINT('Ctrl Pts',(21.8667701228668,-6.8356571863028,13.419819844614));
#9705=CARTESIAN_POINT('Ctrl Pts',(21.9086293397389,-6.70246239349538,13.3089703986552));
#9706=CARTESIAN_POINT('Ctrl Pts',(21.9479712105787,-6.57257864490663,13.2769229141237));
#9707=CARTESIAN_POINT('Ctrl Pts',(21.9656772730293,-6.512862060817,13.2766729012285));
#9708=CARTESIAN_POINT('Ctrl Pts',(22.0397130007949,-6.82480815407657,13.716));
#9709=CARTESIAN_POINT('Ctrl Pts',(22.0397130007949,-6.82480815407657,13.6860891371657));
#9710=CARTESIAN_POINT('Ctrl Pts',(22.0427816150452,-6.81491453673172,13.6224840259157));
#9711=CARTESIAN_POINT('Ctrl Pts',(22.0581524726317,-6.76507278157665,13.5294560784938));
#9712=CARTESIAN_POINT('Ctrl Pts',(22.0840213303541,-6.68036069015632,13.4584995098177));
#9713=CARTESIAN_POINT('Ctrl Pts',(22.1090116234495,-6.59698057811998,13.438));
#9714=CARTESIAN_POINT('Ctrl Pts',(22.1203547089933,-6.55872419344477,13.438));
#9715=CARTESIAN_POINT('',(21.4292168848321,-7.14292500785293,13.716));
#9716=CARTESIAN_POINT('Ctrl Pts',(21.6563224011012,-6.42113779556145,12.9540187036856));
#9717=CARTESIAN_POINT('Ctrl Pts',(21.625890384837,-6.52377477847993,12.9547687423711));
#9718=CARTESIAN_POINT('Ctrl Pts',(21.5578453585084,-6.74666580017349,13.0099121763302));
#9719=CARTESIAN_POINT('Ctrl Pts',(21.4840054233369,-6.97682599575509,13.2005473768545));
#9720=CARTESIAN_POINT('Ctrl Pts',(21.4385054571318,-7.11510003126382,13.4559976635171));
#9721=CARTESIAN_POINT('Ctrl Pts',(21.4292168848321,-7.14292500785293,13.6328413243562));
#9722=CARTESIAN_POINT('Ctrl Pts',(21.4292168848321,-7.14292500785293,13.716));
#9723=CARTESIAN_POINT('',(22.0397130007949,-6.82480815407656,13.716));
#9724=CARTESIAN_POINT('Origin',(21.7344649428135,-6.98386658096475,16.129));
#9725=CARTESIAN_POINT('',(21.4292168848321,-7.14292500785293,15.367));
#9726=CARTESIAN_POINT('',(21.4292168848321,-7.14292500785293,16.129));
#9727=CARTESIAN_POINT('',(22.0397130007949,-6.82480815407657,15.367));
#9728=CARTESIAN_POINT('Ctrl Pts',(21.2488291806722,-7.6626525642429,16.0988599992343));
#9729=CARTESIAN_POINT('Ctrl Pts',(21.2718359677811,-7.5989144664971,16.0792349712316));
#9730=CARTESIAN_POINT('Ctrl Pts',(21.31644472773,-7.47336996291342,16.0179219007678));
#9731=CARTESIAN_POINT('Ctrl Pts',(21.3732938416498,-7.30923404961699,15.8728890605896));
#9732=CARTESIAN_POINT('Ctrl Pts',(21.4182171522078,-7.1761347623016,15.6505557965669));
#9733=CARTESIAN_POINT('Ctrl Pts',(21.4292168848321,-7.14292500785293,15.4572907665885));
#9734=CARTESIAN_POINT('Ctrl Pts',(21.4292168848321,-7.14292500785293,15.367));
#9735=CARTESIAN_POINT('Ctrl Pts',(21.4143641461428,-7.67884470098201,16.2569820884559));
#9736=CARTESIAN_POINT('Ctrl Pts',(21.4424826184242,-7.60031168765507,16.2340046459175));
#9737=CARTESIAN_POINT('Ctrl Pts',(21.4968992075179,-7.4451394276669,16.1605582039326));
#9738=CARTESIAN_POINT('Ctrl Pts',(21.5657795825207,-7.24202392656219,15.9842055865614));
#9739=CARTESIAN_POINT('Ctrl Pts',(21.619651257793,-7.0777183548585,15.7128125018311));
#9740=CARTESIAN_POINT('Ctrl Pts',(21.632715590153,-7.03688605659414,15.4771085563359));
#9741=CARTESIAN_POINT('Ctrl Pts',(21.632715590153,-7.03688605659414,15.367));
#9742=CARTESIAN_POINT('Ctrl Pts',(21.5798991116134,-7.69503683772112,16.4151041776774));
#9743=CARTESIAN_POINT('Ctrl Pts',(21.6131292690673,-7.60170890881304,16.3887743206034));
#9744=CARTESIAN_POINT('Ctrl Pts',(21.6773536873059,-7.41690889242037,16.3031945070975));
#9745=CARTESIAN_POINT('Ctrl Pts',(21.7582653233916,-7.17481380350738,16.0955221125332));
#9746=CARTESIAN_POINT('Ctrl Pts',(21.8210853633783,-6.9793019474154,15.7750692070954));
#9747=CARTESIAN_POINT('Ctrl Pts',(21.836214295474,-6.93084710533536,15.4969263460833));
#9748=CARTESIAN_POINT('Ctrl Pts',(21.836214295474,-6.93084710533536,15.367));
#9749=CARTESIAN_POINT('Ctrl Pts',(21.745434077084,-7.71122897446023,16.573226266899));
#9750=CARTESIAN_POINT('Ctrl Pts',(21.7837759197104,-7.60310612997101,16.5435439952893));
#9751=CARTESIAN_POINT('Ctrl Pts',(21.8578081670938,-7.38867835717384,16.4458308102623));
#9752=CARTESIAN_POINT('Ctrl Pts',(21.9507510642625,-7.10760368045258,16.2068386385051));
#9753=CARTESIAN_POINT('Ctrl Pts',(22.0225194689635,-6.8808855399723,15.8373259123596));
#9754=CARTESIAN_POINT('Ctrl Pts',(22.0397130007949,-6.82480815407657,15.5167441358307));
#9755=CARTESIAN_POINT('Ctrl Pts',(22.0397130007949,-6.82480815407657,15.367));
#9756=CARTESIAN_POINT('',(21.9397446194343,-6.87724843276428,15.3989068329288));
#9757=CARTESIAN_POINT('Ctrl Pts',(21.9397358269423,-6.87728032539037,15.3989210320837));
#9758=CARTESIAN_POINT('Ctrl Pts',(21.9581063831574,-6.8683065257099,15.4246523090437));
#9759=CARTESIAN_POINT('Ctrl Pts',(21.9764107148222,-6.86006990008066,15.4507019658673));
#9760=CARTESIAN_POINT('Ctrl Pts',(21.9946428416605,-6.85251242866311,15.4769980255484));
#9761=CARTESIAN_POINT('Ctrl Pts',(22.0085157030624,-6.84676193370143,15.497006749413));
#9762=CARTESIAN_POINT('Ctrl Pts',(22.0223465875442,-6.84140516481451,15.5171592847529));
#9763=CARTESIAN_POINT('Ctrl Pts',(22.0361295485732,-6.83642667244285,15.537440920342));
#9764=CARTESIAN_POINT('',(21.2488291806724,-7.66265256424245,16.0988599992342));
#9765=CARTESIAN_POINT('Ctrl Pts',(21.4292168848321,-7.14292500785293,15.367));
#9766=CARTESIAN_POINT('Ctrl Pts',(21.4292168848321,-7.14292500785293,15.4572907665885));
#9767=CARTESIAN_POINT('Ctrl Pts',(21.4182171522078,-7.1761347623016,15.6505557965669));
#9768=CARTESIAN_POINT('Ctrl Pts',(21.3732938416498,-7.30923404961699,15.8728890605896));
#9769=CARTESIAN_POINT('Ctrl Pts',(21.31644472773,-7.47336996291342,16.0179219007678));
#9770=CARTESIAN_POINT('Ctrl Pts',(21.2718359677811,-7.5989144664971,16.0792349712316));
#9771=CARTESIAN_POINT('Ctrl Pts',(21.2488291806722,-7.6626525642429,16.0988599992343));
#9772=CARTESIAN_POINT('Ctrl Pts',(21.2488291806722,-7.6626525642429,16.0988599992343));
#9773=CARTESIAN_POINT('Ctrl Pts',(21.2885038611389,-7.58047283756008,16.0825023279485));
#9774=CARTESIAN_POINT('Ctrl Pts',(21.3321049466314,-7.50288440606762,16.056096023535));
#9775=CARTESIAN_POINT('Ctrl Pts',(21.4326281078042,-7.34630908931724,15.9806708557932));
#9776=CARTESIAN_POINT('Ctrl Pts',(21.4900445406903,-7.26999808385348,15.929040106131));
#9777=CARTESIAN_POINT('Ctrl Pts',(21.6675871042832,-7.06560372606641,15.749601363509));
#9778=CARTESIAN_POINT('Ctrl Pts',(21.7997838053407,-6.95439556169388,15.5902598769271));
#9779=CARTESIAN_POINT('Ctrl Pts',(21.9397446194343,-6.87724843276427,15.3989068329288));
#9780=CARTESIAN_POINT('Ctrl Pts',(7.14292500785289,-21.4292168848321,15.367));
#9781=CARTESIAN_POINT('Ctrl Pts',(7.14292500785289,-21.4292168848321,15.4572907665885));
#9782=CARTESIAN_POINT('Ctrl Pts',(7.17613476230156,-21.4182171522078,15.6505557965669));
#9783=CARTESIAN_POINT('Ctrl Pts',(7.30923404961695,-21.3732938416498,15.8728890605896));
#9784=CARTESIAN_POINT('Ctrl Pts',(7.47336996291339,-21.31644472773,16.0179219007678));
#9785=CARTESIAN_POINT('Ctrl Pts',(7.59891446649707,-21.2718359677811,16.0792349712316));
#9786=CARTESIAN_POINT('Ctrl Pts',(7.66265256424287,-21.2488291806722,16.0988599992343));
#9787=CARTESIAN_POINT('Ctrl Pts',(7.03688605659411,-21.632715590153,15.367));
#9788=CARTESIAN_POINT('Ctrl Pts',(7.03688605659411,-21.632715590153,15.4771085563359));
#9789=CARTESIAN_POINT('Ctrl Pts',(7.07771835485846,-21.6196512577931,15.7128125018311));
#9790=CARTESIAN_POINT('Ctrl Pts',(7.24202392656215,-21.5657795825207,15.9842055865614));
#9791=CARTESIAN_POINT('Ctrl Pts',(7.44513942766686,-21.4968992075179,16.1605582039326));
#9792=CARTESIAN_POINT('Ctrl Pts',(7.60031168765503,-21.4424826184242,16.2340046459175));
#9793=CARTESIAN_POINT('Ctrl Pts',(7.67884470098198,-21.4143641461428,16.2569820884559));
#9794=CARTESIAN_POINT('Ctrl Pts',(6.93084710533532,-21.836214295474,15.367));
#9795=CARTESIAN_POINT('Ctrl Pts',(6.93084710533532,-21.836214295474,15.4969263460833));
#9796=CARTESIAN_POINT('Ctrl Pts',(6.97930194741536,-21.8210853633783,15.7750692070954));
#9797=CARTESIAN_POINT('Ctrl Pts',(7.17481380350734,-21.7582653233916,16.0955221125332));
#9798=CARTESIAN_POINT('Ctrl Pts',(7.41690889242033,-21.6773536873059,16.3031945070975));
#9799=CARTESIAN_POINT('Ctrl Pts',(7.601708908813,-21.6131292690673,16.3887743206034));
#9800=CARTESIAN_POINT('Ctrl Pts',(7.69503683772109,-21.5798991116134,16.4151041776774));
#9801=CARTESIAN_POINT('Ctrl Pts',(6.82480815407653,-22.0397130007949,15.367));
#9802=CARTESIAN_POINT('Ctrl Pts',(6.82480815407653,-22.0397130007949,15.5167441358307));
#9803=CARTESIAN_POINT('Ctrl Pts',(6.88088553997226,-22.0225194689635,15.8373259123596));
#9804=CARTESIAN_POINT('Ctrl Pts',(7.10760368045253,-21.9507510642625,16.2068386385051));
#9805=CARTESIAN_POINT('Ctrl Pts',(7.3886783571738,-21.8578081670939,16.4458308102623));
#9806=CARTESIAN_POINT('Ctrl Pts',(7.60310612997097,-21.7837759197104,16.5435439952893));
#9807=CARTESIAN_POINT('Ctrl Pts',(7.71122897446019,-21.745434077084,16.573226266899));
#9808=CARTESIAN_POINT('',(6.87724843276424,-21.9397446194343,15.3989068329288));
#9809=CARTESIAN_POINT('Ctrl Pts',(6.83642667244281,-22.0361295485732,15.537440920342));
#9810=CARTESIAN_POINT('Ctrl Pts',(6.84296955510827,-22.0180155714767,15.510786191959));
#9811=CARTESIAN_POINT('Ctrl Pts',(6.85016487622855,-21.9998191211237,15.4843530119812));
#9812=CARTESIAN_POINT('Ctrl Pts',(6.85805084259829,-21.9815526731202,15.4581796547465));
#9813=CARTESIAN_POINT('Ctrl Pts',(6.86405129001885,-21.9676536966769,15.4382642954178));
#9814=CARTESIAN_POINT('Ctrl Pts',(6.87045214345008,-21.9537140195304,15.4185000116569));
#9815=CARTESIAN_POINT('Ctrl Pts',(6.87728032539033,-21.9397358269423,15.3989210320837));
#9816=CARTESIAN_POINT('',(7.66265256424242,-21.2488291806724,16.0988599992342));
#9817=CARTESIAN_POINT('Ctrl Pts',(6.87724843276424,-21.9397446194343,15.3989068329288));
#9818=CARTESIAN_POINT('Ctrl Pts',(6.92342534211493,-21.8559701755279,15.5134424260129));
#9819=CARTESIAN_POINT('Ctrl Pts',(6.98396009673896,-21.7710927380229,15.6218501362153));
#9820=CARTESIAN_POINT('Ctrl Pts',(7.1337908805057,-21.6063491992461,15.8128469199275));
#9821=CARTESIAN_POINT('Ctrl Pts',(7.22220088058891,-21.5263496421767,15.8961842099763));
#9822=CARTESIAN_POINT('Ctrl Pts',(7.42566347050627,-21.3771911934147,16.0267818761845));
#9823=CARTESIAN_POINT('Ctrl Pts',(7.5387175156927,-21.3086624710509,16.0741910344323));
#9824=CARTESIAN_POINT('Ctrl Pts',(7.66265256424287,-21.2488291806722,16.0988599992343));
#9825=CARTESIAN_POINT('',(7.1429250078529,-21.4292168848321,15.367));
#9826=CARTESIAN_POINT('Ctrl Pts',(7.66265256424287,-21.2488291806722,16.0988599992343));
#9827=CARTESIAN_POINT('Ctrl Pts',(7.59891446649707,-21.2718359677811,16.0792349712316));
#9828=CARTESIAN_POINT('Ctrl Pts',(7.47336996291339,-21.31644472773,16.0179219007678));
#9829=CARTESIAN_POINT('Ctrl Pts',(7.30923404961695,-21.3732938416498,15.8728890605896));
#9830=CARTESIAN_POINT('Ctrl Pts',(7.17613476230156,-21.4182171522078,15.6505557965669));
#9831=CARTESIAN_POINT('Ctrl Pts',(7.14292500785289,-21.4292168848321,15.4572907665885));
#9832=CARTESIAN_POINT('Ctrl Pts',(7.14292500785289,-21.4292168848321,15.367));
#9833=CARTESIAN_POINT('',(6.82480815407653,-22.039713000795,15.367));
#9834=CARTESIAN_POINT('Origin',(0.,0.,15.7759996820117));
#9835=CARTESIAN_POINT('',(21.1591581985593,-7.85704661553618,16.129));
#9836=CARTESIAN_POINT('Ctrl Pts',(21.1591581985593,-7.85704661553619,16.129));
#9837=CARTESIAN_POINT('Ctrl Pts',(21.1619929592841,-7.84941255740135,16.129));
#9838=CARTESIAN_POINT('Ctrl Pts',(21.1648811395578,-7.84183789927658,16.1288698079712));
#9839=CARTESIAN_POINT('Ctrl Pts',(21.1905258214506,-7.77626794378174,16.1266332726212));
#9840=CARTESIAN_POINT('Ctrl Pts',(21.2179801436472,-7.71773702394201,16.1167579294307));
#9841=CARTESIAN_POINT('Ctrl Pts',(21.2488291806724,-7.66265256424248,16.0988599992342));
#9842=CARTESIAN_POINT('',(7.85704661553615,-21.1591581985593,16.129));
#9843=CARTESIAN_POINT('Origin',(0.,0.,16.129));
#9844=CARTESIAN_POINT('Ctrl Pts',(7.66265256424245,-21.2488291806724,16.0988599992342));
#9845=CARTESIAN_POINT('Ctrl Pts',(7.71773702394197,-21.2179801436472,16.1167579294307));
#9846=CARTESIAN_POINT('Ctrl Pts',(7.77626794378171,-21.1905258214506,16.1266332726212));
#9847=CARTESIAN_POINT('Ctrl Pts',(7.84183789927654,-21.1648811395578,16.1288698079712));
#9848=CARTESIAN_POINT('Ctrl Pts',(7.84941255740132,-21.1619929592841,16.129));
#9849=CARTESIAN_POINT('Ctrl Pts',(7.85704661553615,-21.1591581985593,16.129));
#9850=CARTESIAN_POINT('Origin',(0.,0.,15.3989068329288));
#9851=CARTESIAN_POINT('Origin',(6.98386658096471,-21.7344649428135,16.129));
#9852=CARTESIAN_POINT('',(7.14292500785289,-21.4292168848321,13.716));
#9853=CARTESIAN_POINT('',(7.1429250078529,-21.4292168848321,16.129));
#9854=CARTESIAN_POINT('',(6.82480815407653,-22.0397130007949,13.716));
#9855=CARTESIAN_POINT('Ctrl Pts',(6.42113779556142,-21.6563224011012,12.9540187036856));
#9856=CARTESIAN_POINT('Ctrl Pts',(6.52377477847984,-21.625890384837,12.9547687423711));
#9857=CARTESIAN_POINT('Ctrl Pts',(6.68909238320946,-21.5754807684498,12.9934826425065));
#9858=CARTESIAN_POINT('Ctrl Pts',(6.91735621150049,-21.5033039166677,13.1445409585796));
#9859=CARTESIAN_POINT('Ctrl Pts',(7.0888077148948,-21.4472922098634,13.3637246098566));
#9860=CARTESIAN_POINT('Ctrl Pts',(7.1429250078529,-21.4292168848321,13.6051216867505));
#9861=CARTESIAN_POINT('Ctrl Pts',(7.1429250078529,-21.4292168848321,13.716));
#9862=CARTESIAN_POINT('Ctrl Pts',(6.46699992818919,-21.8109998370652,13.1153458024571));
#9863=CARTESIAN_POINT('Ctrl Pts',(6.5481767116932,-21.7869307977079,13.1158458282474));
#9864=CARTESIAN_POINT('Ctrl Pts',(6.6789982596243,-21.7471500991985,13.1464428778159));
#9865=CARTESIAN_POINT('Ctrl Pts',(6.85934194868687,-21.6904782359345,13.2658985618671));
#9866=CARTESIAN_POINT('Ctrl Pts',(6.99440130288014,-21.6467533638447,13.4388872512331));
#9867=CARTESIAN_POINT('Ctrl Pts',(7.03688605659411,-21.632715590153,13.6287873982065));
#9868=CARTESIAN_POINT('Ctrl Pts',(7.03688605659411,-21.632715590153,13.716));
#9869=CARTESIAN_POINT('Ctrl Pts',(6.51286206081697,-21.9656772730293,13.2766729012285));
#9870=CARTESIAN_POINT('Ctrl Pts',(6.57257864490657,-21.9479712105787,13.2769229141237));
#9871=CARTESIAN_POINT('Ctrl Pts',(6.66890413603914,-21.9188194299471,13.2994031131252));
#9872=CARTESIAN_POINT('Ctrl Pts',(6.80132768587325,-21.8776525552013,13.3872561651545));
#9873=CARTESIAN_POINT('Ctrl Pts',(6.89999489086548,-21.846214517826,13.5140498926095));
#9874=CARTESIAN_POINT('Ctrl Pts',(6.93084710533532,-21.836214295474,13.6524531096625));
#9875=CARTESIAN_POINT('Ctrl Pts',(6.93084710533532,-21.836214295474,13.716));
#9876=CARTESIAN_POINT('Ctrl Pts',(6.55872419344475,-22.1203547089933,13.438));
#9877=CARTESIAN_POINT('Ctrl Pts',(6.59698057811993,-22.1090116234495,13.438));
#9878=CARTESIAN_POINT('Ctrl Pts',(6.65881001245399,-22.0904887606957,13.4523633484346));
#9879=CARTESIAN_POINT('Ctrl Pts',(6.74331342305964,-22.0648268744682,13.508613768442));
#9880=CARTESIAN_POINT('Ctrl Pts',(6.80558847885082,-22.0456756718073,13.589212533986));
#9881=CARTESIAN_POINT('Ctrl Pts',(6.82480815407653,-22.0397130007949,13.6761188211185));
#9882=CARTESIAN_POINT('Ctrl Pts',(6.82480815407653,-22.0397130007949,13.716));
#9883=CARTESIAN_POINT('',(6.42113779556142,-21.6563224011012,12.9540187036856));
#9884=CARTESIAN_POINT('Ctrl Pts',(7.1429250078529,-21.4292168848321,13.716));
#9885=CARTESIAN_POINT('Ctrl Pts',(7.1429250078529,-21.4292168848321,13.6051216867505));
#9886=CARTESIAN_POINT('Ctrl Pts',(7.0888077148948,-21.4472922098634,13.3637246098566));
#9887=CARTESIAN_POINT('Ctrl Pts',(6.91735621150049,-21.5033039166677,13.1445409585796));
#9888=CARTESIAN_POINT('Ctrl Pts',(6.68909238320946,-21.5754807684498,12.9934826425065));
#9889=CARTESIAN_POINT('Ctrl Pts',(6.52377477847984,-21.625890384837,12.9547687423711));
#9890=CARTESIAN_POINT('Ctrl Pts',(6.42113779556142,-21.6563224011012,12.9540187036856));
#9891=CARTESIAN_POINT('',(6.42113779556142,-21.6563224011012,12.9540187036856));
#9892=CARTESIAN_POINT('Ctrl Pts',(6.41601863806643,-21.65783958177,12.954));
#9893=CARTESIAN_POINT('Ctrl Pts',(6.41772508362611,-21.6573340564393,12.954));
#9894=CARTESIAN_POINT('Ctrl Pts',(6.41943146940514,-21.6568283293141,12.9540062343925));
#9895=CARTESIAN_POINT('Ctrl Pts',(6.42113779556142,-21.6563224011012,12.9540187036856));
#9896=CARTESIAN_POINT('Ctrl Pts',(6.46184420781968,-21.8125278541155,13.1153333333333));
#9897=CARTESIAN_POINT('Ctrl Pts',(6.46356284144245,-21.8120187181366,13.1153333333333));
#9898=CARTESIAN_POINT('Ctrl Pts',(6.46528141486928,-21.8115093789611,13.115337489595));
#9899=CARTESIAN_POINT('Ctrl Pts',(6.46699992818919,-21.8109998370652,13.1153458024571));
#9900=CARTESIAN_POINT('Ctrl Pts',(6.50766977757293,-21.967216126461,13.2766666666667));
#9901=CARTESIAN_POINT('Ctrl Pts',(6.5094005992588,-21.9667033798339,13.2766666666667));
#9902=CARTESIAN_POINT('Ctrl Pts',(6.51113136033343,-21.9661904286082,13.2766687447975));
#9903=CARTESIAN_POINT('Ctrl Pts',(6.51286206081697,-21.9656772730293,13.2766729012285));
#9904=CARTESIAN_POINT('Ctrl Pts',(6.55349534732617,-22.1219043988065,13.438));
#9905=CARTESIAN_POINT('Ctrl Pts',(6.55523835707515,-22.1213880415312,13.438));
#9906=CARTESIAN_POINT('Ctrl Pts',(6.55698130579757,-22.1208714782553,13.438));
#9907=CARTESIAN_POINT('Ctrl Pts',(6.55872419344475,-22.1203547089933,13.438));
#9908=CARTESIAN_POINT('',(6.41601863806643,-21.65783958177,12.954));
#9909=CARTESIAN_POINT('Ctrl Pts',(6.42113779556142,-21.6563224011012,12.9540187036856));
#9910=CARTESIAN_POINT('Ctrl Pts',(6.41943146940514,-21.6568283293141,12.9540062343925));
#9911=CARTESIAN_POINT('Ctrl Pts',(6.41772508362611,-21.6573340564393,12.954));
#9912=CARTESIAN_POINT('Ctrl Pts',(6.41601863806643,-21.65783958177,12.954));
#9913=CARTESIAN_POINT('',(6.55349534732617,-22.1219043988065,13.438));
#9914=CARTESIAN_POINT('Origin',(0.,0.,13.196));
#9915=CARTESIAN_POINT('',(-6.41601863806646,-21.65783958177,12.954));
#9916=CARTESIAN_POINT('',(-6.41601863806646,-21.65783958177,12.954));
#9917=CARTESIAN_POINT('Origin',(0.,0.,12.954));
#9918=CARTESIAN_POINT('Ctrl Pts',(-6.42113779556145,-21.6563224011012,12.9540187036856));
#9919=CARTESIAN_POINT('Ctrl Pts',(-6.41943146940517,-21.656828329314,12.9540062343925));
#9920=CARTESIAN_POINT('Ctrl Pts',(-6.41772508362614,-21.6573340564393,12.954));
#9921=CARTESIAN_POINT('Ctrl Pts',(-6.41601863806646,-21.65783958177,12.954));
#9922=CARTESIAN_POINT('Ctrl Pts',(-6.46699992818923,-21.8109998370652,13.1153458024571));
#9923=CARTESIAN_POINT('Ctrl Pts',(-6.46528141486931,-21.8115093789611,13.115337489595));
#9924=CARTESIAN_POINT('Ctrl Pts',(-6.46356284144249,-21.8120187181366,13.1153333333333));
#9925=CARTESIAN_POINT('Ctrl Pts',(-6.46184420781971,-21.8125278541155,13.1153333333333));
#9926=CARTESIAN_POINT('Ctrl Pts',(-6.512862060817,-21.9656772730293,13.2766729012285));
#9927=CARTESIAN_POINT('Ctrl Pts',(-6.51113136033346,-21.9661904286082,13.2766687447975));
#9928=CARTESIAN_POINT('Ctrl Pts',(-6.50940059925883,-21.9667033798339,13.2766666666667));
#9929=CARTESIAN_POINT('Ctrl Pts',(-6.50766977757296,-21.967216126461,13.2766666666667));
#9930=CARTESIAN_POINT('Ctrl Pts',(-6.55872419344478,-22.1203547089933,13.438));
#9931=CARTESIAN_POINT('Ctrl Pts',(-6.5569813057976,-22.1208714782553,13.438));
#9932=CARTESIAN_POINT('Ctrl Pts',(-6.55523835707518,-22.1213880415312,13.438));
#9933=CARTESIAN_POINT('Ctrl Pts',(-6.5534953473262,-22.1219043988065,13.438));
#9934=CARTESIAN_POINT('',(-6.42113779556145,-21.6563224011012,12.9540187036856));
#9935=CARTESIAN_POINT('Ctrl Pts',(-6.41601863806646,-21.65783958177,12.954));
#9936=CARTESIAN_POINT('Ctrl Pts',(-6.41772508362614,-21.6573340564393,12.954));
#9937=CARTESIAN_POINT('Ctrl Pts',(-6.41943146940517,-21.656828329314,12.9540062343925));
#9938=CARTESIAN_POINT('Ctrl Pts',(-6.42113779556145,-21.6563224011012,12.9540187036856));
#9939=CARTESIAN_POINT('',(-6.55872419344478,-22.1203547089933,13.438));
#9940=CARTESIAN_POINT('Ctrl Pts',(-7.14292500785293,-21.4292168848321,13.716));
#9941=CARTESIAN_POINT('Ctrl Pts',(-7.14292500785293,-21.4292168848321,13.6328413243562));
#9942=CARTESIAN_POINT('Ctrl Pts',(-7.11510003126382,-21.4385054571318,13.4559976635171));
#9943=CARTESIAN_POINT('Ctrl Pts',(-6.97682599575509,-21.4840054233369,13.2005473768545));
#9944=CARTESIAN_POINT('Ctrl Pts',(-6.74666580017349,-21.5578453585084,13.0099121763302));
#9945=CARTESIAN_POINT('Ctrl Pts',(-6.52377477847993,-21.625890384837,12.9547687423711));
#9946=CARTESIAN_POINT('Ctrl Pts',(-6.42113779556145,-21.6563224011012,12.9540187036856));
#9947=CARTESIAN_POINT('Ctrl Pts',(-7.03688605659414,-21.632715590153,13.716));
#9948=CARTESIAN_POINT('Ctrl Pts',(-7.03688605659414,-21.632715590153,13.6505905952927));
#9949=CARTESIAN_POINT('Ctrl Pts',(-7.01503819975312,-21.639930843103,13.51149311765));
#9950=CARTESIAN_POINT('Ctrl Pts',(-6.90624159102895,-21.6753877731018,13.3101836107343));
#9951=CARTESIAN_POINT('Ctrl Pts',(-6.72456409683443,-21.7332373491236,13.1594412874927));
#9952=CARTESIAN_POINT('Ctrl Pts',(-6.54817671169328,-21.7869307977078,13.1158458282474));
#9953=CARTESIAN_POINT('Ctrl Pts',(-6.46699992818922,-21.8109998370652,13.1153458024571));
#9954=CARTESIAN_POINT('Ctrl Pts',(-6.93084710533535,-21.836214295474,13.716));
#9955=CARTESIAN_POINT('Ctrl Pts',(-6.93084710533535,-21.836214295474,13.6683398662292));
#9956=CARTESIAN_POINT('Ctrl Pts',(-6.91497636824242,-21.8413562290741,13.5669885717829));
#9957=CARTESIAN_POINT('Ctrl Pts',(-6.8356571863028,-21.8667701228668,13.419819844614));
#9958=CARTESIAN_POINT('Ctrl Pts',(-6.70246239349537,-21.9086293397389,13.3089703986552));
#9959=CARTESIAN_POINT('Ctrl Pts',(-6.57257864490663,-21.9479712105787,13.2769229141237));
#9960=CARTESIAN_POINT('Ctrl Pts',(-6.512862060817,-21.9656772730293,13.2766729012285));
#9961=CARTESIAN_POINT('Ctrl Pts',(-6.82480815407656,-22.0397130007949,13.716));
#9962=CARTESIAN_POINT('Ctrl Pts',(-6.82480815407656,-22.0397130007949,13.6860891371657));
#9963=CARTESIAN_POINT('Ctrl Pts',(-6.81491453673171,-22.0427816150452,13.6224840259157));
#9964=CARTESIAN_POINT('Ctrl Pts',(-6.76507278157665,-22.0581524726317,13.5294560784938));
#9965=CARTESIAN_POINT('Ctrl Pts',(-6.68036069015632,-22.0840213303541,13.4584995098177));
#9966=CARTESIAN_POINT('Ctrl Pts',(-6.59698057811998,-22.1090116234495,13.438));
#9967=CARTESIAN_POINT('Ctrl Pts',(-6.55872419344478,-22.1203547089933,13.438));
#9968=CARTESIAN_POINT('',(-7.14292500785293,-21.4292168848321,13.716));
#9969=CARTESIAN_POINT('Ctrl Pts',(-6.42113779556145,-21.6563224011012,12.9540187036856));
#9970=CARTESIAN_POINT('Ctrl Pts',(-6.52377477847993,-21.625890384837,12.9547687423711));
#9971=CARTESIAN_POINT('Ctrl Pts',(-6.74666580017349,-21.5578453585084,13.0099121763302));
#9972=CARTESIAN_POINT('Ctrl Pts',(-6.97682599575509,-21.4840054233369,13.2005473768545));
#9973=CARTESIAN_POINT('Ctrl Pts',(-7.11510003126382,-21.4385054571318,13.4559976635171));
#9974=CARTESIAN_POINT('Ctrl Pts',(-7.14292500785293,-21.4292168848321,13.6328413243562));
#9975=CARTESIAN_POINT('Ctrl Pts',(-7.14292500785293,-21.4292168848321,13.716));
#9976=CARTESIAN_POINT('',(-6.82480815407656,-22.0397130007949,13.716));
#9977=CARTESIAN_POINT('Origin',(-6.98386658096474,-21.7344649428135,16.129));
#9978=CARTESIAN_POINT('',(-7.14292500785293,-21.4292168848321,15.367));
#9979=CARTESIAN_POINT('',(-6.82480815407656,-22.0397130007949,15.367));
#9980=CARTESIAN_POINT('',(-7.14292500785293,-21.4292168848321,16.129));
#9981=CARTESIAN_POINT('Ctrl Pts',(-7.66265256424292,-21.2488291806722,16.0988599992343));
#9982=CARTESIAN_POINT('Ctrl Pts',(-7.59891446649711,-21.2718359677811,16.0792349712316));
#9983=CARTESIAN_POINT('Ctrl Pts',(-7.47336996291343,-21.31644472773,16.0179219007678));
#9984=CARTESIAN_POINT('Ctrl Pts',(-7.30923404961699,-21.3732938416498,15.8728890605896));
#9985=CARTESIAN_POINT('Ctrl Pts',(-7.1761347623016,-21.4182171522078,15.6505557965669));
#9986=CARTESIAN_POINT('Ctrl Pts',(-7.14292500785293,-21.4292168848321,15.4572907665885));
#9987=CARTESIAN_POINT('Ctrl Pts',(-7.14292500785293,-21.4292168848321,15.367));
#9988=CARTESIAN_POINT('Ctrl Pts',(-7.67884470098203,-21.4143641461428,16.2569820884559));
#9989=CARTESIAN_POINT('Ctrl Pts',(-7.60031168765509,-21.4424826184242,16.2340046459175));
#9990=CARTESIAN_POINT('Ctrl Pts',(-7.44513942766691,-21.4968992075179,16.1605582039326));
#9991=CARTESIAN_POINT('Ctrl Pts',(-7.24202392656219,-21.5657795825207,15.9842055865614));
#9992=CARTESIAN_POINT('Ctrl Pts',(-7.0777183548585,-21.619651257793,15.7128125018311));
#9993=CARTESIAN_POINT('Ctrl Pts',(-7.03688605659414,-21.632715590153,15.4771085563359));
#9994=CARTESIAN_POINT('Ctrl Pts',(-7.03688605659414,-21.632715590153,15.367));
#9995=CARTESIAN_POINT('Ctrl Pts',(-7.69503683772114,-21.5798991116134,16.4151041776774));
#9996=CARTESIAN_POINT('Ctrl Pts',(-7.60170890881306,-21.6131292690673,16.3887743206034));
#9997=CARTESIAN_POINT('Ctrl Pts',(-7.41690889242038,-21.6773536873059,16.3031945070975));
#9998=CARTESIAN_POINT('Ctrl Pts',(-7.17481380350739,-21.7582653233916,16.0955221125332));
#9999=CARTESIAN_POINT('Ctrl Pts',(-6.9793019474154,-21.8210853633783,15.7750692070954));
#10000=CARTESIAN_POINT('Ctrl Pts',(-6.93084710533535,-21.836214295474,15.4969263460833));
#10001=CARTESIAN_POINT('Ctrl Pts',(-6.93084710533535,-21.836214295474,15.367));
#10002=CARTESIAN_POINT('Ctrl Pts',(-7.71122897446026,-21.745434077084,16.573226266899));
#10003=CARTESIAN_POINT('Ctrl Pts',(-7.60310612997103,-21.7837759197104,
16.5435439952893));
#10004=CARTESIAN_POINT('Ctrl Pts',(-7.38867835717386,-21.8578081670938,
16.4458308102623));
#10005=CARTESIAN_POINT('Ctrl Pts',(-7.10760368045258,-21.9507510642625,
16.2068386385051));
#10006=CARTESIAN_POINT('Ctrl Pts',(-6.8808855399723,-22.0225194689635,15.8373259123596));
#10007=CARTESIAN_POINT('Ctrl Pts',(-6.82480815407656,-22.0397130007949,
15.5167441358307));
#10008=CARTESIAN_POINT('Ctrl Pts',(-6.82480815407656,-22.0397130007949,
15.367));
#10009=CARTESIAN_POINT('',(-7.66265256424245,-21.2488291806724,16.0988599992342));
#10010=CARTESIAN_POINT('',(-6.87724843276427,-21.9397446194343,15.3989068329288));
#10011=CARTESIAN_POINT('Ctrl Pts',(-7.66265256424292,-21.2488291806722,
16.0988599992343));
#10012=CARTESIAN_POINT('Ctrl Pts',(-7.58047283756006,-21.2885038611389,
16.0825023279485));
#10013=CARTESIAN_POINT('Ctrl Pts',(-7.50288440606757,-21.3321049466315,
16.056096023535));
#10014=CARTESIAN_POINT('Ctrl Pts',(-7.3463090893172,-21.4326281078043,15.9806708557932));
#10015=CARTESIAN_POINT('Ctrl Pts',(-7.26999808385345,-21.4900445406903,
15.9290401061309));
#10016=CARTESIAN_POINT('Ctrl Pts',(-7.06560372606686,-21.6675871042828,
15.7496013635094));
#10017=CARTESIAN_POINT('Ctrl Pts',(-6.95439556169413,-21.7997838053402,
15.5902598769277));
#10018=CARTESIAN_POINT('Ctrl Pts',(-6.87724843276427,-21.9397446194343,
15.3989068329288));
#10019=CARTESIAN_POINT('Ctrl Pts',(-6.87728032539037,-21.9397358269423,
15.3989210320837));
#10020=CARTESIAN_POINT('Ctrl Pts',(-6.86830652571022,-21.9581063831567,
15.4246523090428));
#10021=CARTESIAN_POINT('Ctrl Pts',(-6.86006990008126,-21.9764107148208,
15.4507019658653));
#10022=CARTESIAN_POINT('Ctrl Pts',(-6.85251242866393,-21.9946428416585,
15.4769980255455));
#10023=CARTESIAN_POINT('Ctrl Pts',(-6.84676193370194,-22.008515703061,15.497006749411));
#10024=CARTESIAN_POINT('Ctrl Pts',(-6.84140516481475,-22.0223465875435,
15.5171592847519));
#10025=CARTESIAN_POINT('Ctrl Pts',(-6.83642667244284,-22.0361295485732,
15.537440920342));
#10026=CARTESIAN_POINT('Ctrl Pts',(-7.14292500785293,-21.4292168848321,
15.367));
#10027=CARTESIAN_POINT('Ctrl Pts',(-7.14292500785293,-21.4292168848321,
15.4572907665885));
#10028=CARTESIAN_POINT('Ctrl Pts',(-7.1761347623016,-21.4182171522078,15.6505557965669));
#10029=CARTESIAN_POINT('Ctrl Pts',(-7.30923404961699,-21.3732938416498,
15.8728890605896));
#10030=CARTESIAN_POINT('Ctrl Pts',(-7.47336996291343,-21.31644472773,16.0179219007678));
#10031=CARTESIAN_POINT('Ctrl Pts',(-7.59891446649711,-21.2718359677811,
16.0792349712316));
#10032=CARTESIAN_POINT('Ctrl Pts',(-7.66265256424292,-21.2488291806722,
16.0988599992343));
#10033=CARTESIAN_POINT('Origin',(0.,0.,16.129));
#10034=CARTESIAN_POINT('',(-19.3292361067379,-13.2132778536815,16.129));
#10035=CARTESIAN_POINT('Origin',(0.,0.,16.129));
#10036=CARTESIAN_POINT('',(-19.8098645947822,-13.5418308146912,16.129));
#10037=CARTESIAN_POINT('',(-9.08069847862618,-6.20747718332052,16.129));
#10038=CARTESIAN_POINT('',(-23.9960812858543,-2.93867241388011E-15,16.129));
#10039=CARTESIAN_POINT('Origin',(0.,0.,16.129));
#10040=CARTESIAN_POINT('Origin',(0.,0.,16.129));
#10041=CARTESIAN_POINT('Origin',(0.,0.,0.));
#10042=CARTESIAN_POINT('',(-23.9960812858543,-2.93867241388011E-15,0.));
#10043=CARTESIAN_POINT('',(-19.8098645947822,-13.5418308146912,13.843));
#10044=CARTESIAN_POINT('',(-19.8098645947822,-13.5418308146912,0.));
#10045=CARTESIAN_POINT('Origin',(0.,0.,13.843));
#10046=CARTESIAN_POINT('Origin',(0.,0.,15.7759996820117));
#10047=CARTESIAN_POINT('',(-18.6332688066619,-12.7375213746257,16.129));
#10048=CARTESIAN_POINT('',(-18.9812524566999,-12.9753996141536,15.3989068329288));
#10049=CARTESIAN_POINT('',(-18.8015190309599,-12.8525355919655,15.7759996820117));
#10050=CARTESIAN_POINT('Origin',(0.,0.,15.3989068329288));
#10051=CARTESIAN_POINT('',(-7.85704661553618,-21.1591581985593,16.129));
#10052=CARTESIAN_POINT('Ctrl Pts',(-7.85704661553619,-21.1591581985593,
16.129));
#10053=CARTESIAN_POINT('Ctrl Pts',(-7.84941255740135,-21.1619929592841,
16.129));
#10054=CARTESIAN_POINT('Ctrl Pts',(-7.84183789927658,-21.1648811395578,
16.1288698079712));
#10055=CARTESIAN_POINT('Ctrl Pts',(-7.77626794378174,-21.1905258214506,
16.1266332726212));
#10056=CARTESIAN_POINT('Ctrl Pts',(-7.71773702394201,-21.2179801436472,
16.1167579294307));
#10057=CARTESIAN_POINT('Ctrl Pts',(-7.66265256424247,-21.2488291806724,
16.0988599992342));
#10058=CARTESIAN_POINT('Origin',(0.,0.,16.129));
#10059=CARTESIAN_POINT('Origin',(0.,0.,15.7759996820117));
#10060=CARTESIAN_POINT('',(-19.16098588244,-13.0982636363417,15.7759996820117));
#10061=CARTESIAN_POINT('Origin',(3.11876358329262,-5.463646589339,3.80989653643564));
#10062=CARTESIAN_POINT('',(3.11876358329262,-5.463646589339,3.80989653643564));
#10063=CARTESIAN_POINT('',(3.11876358329262,5.53635341066094,3.80989653643568));
#10064=CARTESIAN_POINT('Origin',(13.1187635832927,-5.463646589339,3.80989653643558));
#10065=CARTESIAN_POINT('',(13.1187635832927,-5.463646589339,3.80989653643558));
#10066=CARTESIAN_POINT('Origin',(13.1187635832927,5.53635341066094,3.80989653643562));
#10067=CARTESIAN_POINT('',(13.1187635832927,5.53635341066094,3.80989653643562));
#10068=CARTESIAN_POINT('Origin',(3.11876358329262,5.53635341066094,3.80989653643568));
#10069=CARTESIAN_POINT('Origin',(0.002775059919915,1.93877897836149,11.8991037967402));
#10070=CARTESIAN_POINT('Origin',(22.997510388621,-3.09277327151848,3.90164834410644));
#10071=CARTESIAN_POINT('',(22.997510388621,-4.90535761216516,3.90164834410644));
#10072=CARTESIAN_POINT('',(22.997510388621,-3.09277327151848,2.08906400345976));
#10073=CARTESIAN_POINT('Origin',(22.997510388621,-4.90535761216516,3.90164834410644));
#10074=CARTESIAN_POINT('',(22.997510388621,-4.90535761216516,4.48271966281309));
#10075=CARTESIAN_POINT('Origin',(22.997510388621,-3.09277327151848,4.48271966281308));
#10076=CARTESIAN_POINT('',(22.997510388621,-3.09277327151848,6.29530400345976));
#10077=CARTESIAN_POINT('Origin',(22.997510388621,-3.09277327151848,6.29530400345976));
#10078=CARTESIAN_POINT('',(22.997510388621,3.16891344016924,6.29530400345976));
#10079=CARTESIAN_POINT('Origin',(22.997510388621,3.16891344016924,4.48271966281308));
#10080=CARTESIAN_POINT('',(22.997510388621,4.98149778081591,4.48271966281308));
#10081=CARTESIAN_POINT('Origin',(22.997510388621,4.98149778081591,4.48271966281308));
#10082=CARTESIAN_POINT('',(22.997510388621,4.98149778081591,3.90164834410644));
#10083=CARTESIAN_POINT('Origin',(22.997510388621,3.16891344016924,3.90164834410644));
#10084=CARTESIAN_POINT('',(22.997510388621,3.16891344016924,2.08906400345976));
#10085=CARTESIAN_POINT('Origin',(22.997510388621,3.16891344016924,2.08906400345976));
#10086=CARTESIAN_POINT('Origin',(-20.4738150831165,-10.2195249023754,13.843));
#10087=CARTESIAN_POINT('',(-19.2622089429982,-13.1674587362913,13.843));
#10088=CARTESIAN_POINT('',(-21.1448969469511,-7.05520023464598,13.843));
#10089=CARTESIAN_POINT('Origin',(-20.8661833904922,-6.96920526815762,16.129));
#10090=CARTESIAN_POINT('',(-20.3706651779809,-6.81631685963999,13.716));
#10091=CARTESIAN_POINT('Origin',(-20.5953240115284,-6.08818746968993,13.716));
#10092=CARTESIAN_POINT('',(-20.5953240115284,-6.08818746968993,12.954));
#10093=CARTESIAN_POINT('Origin',(-1.66533453693773E-14,-21.9310975752361,
12.954));
#10094=CARTESIAN_POINT('',(-21.0716686417881,6.23516001396279,12.954));
#10095=CARTESIAN_POINT('Origin',(-21.0716686417881,6.23516001396279,13.716));
#10096=CARTESIAN_POINT('',(-20.8470098082405,6.96328940391285,13.716));
#10097=CARTESIAN_POINT('Origin',(-21.8188726510115,7.26315035670331,16.129));
#10098=CARTESIAN_POINT('',(-10.8346245750255,3.87404342844514,15.367));
#10099=CARTESIAN_POINT('Origin',(-10.6099657414779,4.6021728183952,15.367));
#10100=CARTESIAN_POINT('',(-10.6099657414779,4.6021728183952,16.129));
#10101=CARTESIAN_POINT('Origin',(0.,0.,16.129));
#10102=CARTESIAN_POINT('',(-4.45520027412234,10.1336211112182,16.129));
#10103=CARTESIAN_POINT('Origin',(-4.45520027412234,10.1336211112182,15.367));
#10104=CARTESIAN_POINT('',(-3.72707088417228,10.3582799447658,15.367));
#10105=CARTESIAN_POINT('Origin',(-6.96920526815762,20.8661833904922,16.129));
#10106=CARTESIAN_POINT('',(-6.81631685963999,20.3706651779809,13.716));
#10107=CARTESIAN_POINT('Origin',(-6.08818746968993,20.5953240115284,13.716));
#10108=CARTESIAN_POINT('',(-6.08818746968993,20.5953240115284,12.954));
#10109=CARTESIAN_POINT('Origin',(-1.66533453693773E-14,-21.9310975752361,
12.954));
#10110=CARTESIAN_POINT('',(6.23516001396279,21.0716686417881,12.954));
#10111=CARTESIAN_POINT('Origin',(6.23516001396279,21.0716686417881,13.716));
#10112=CARTESIAN_POINT('',(6.96328940391285,20.8470098082405,13.716));
#10113=CARTESIAN_POINT('Origin',(7.26315035670331,21.8188726510115,16.129));
#10114=CARTESIAN_POINT('',(3.87404342844514,10.8346245750255,15.367));
#10115=CARTESIAN_POINT('Origin',(4.6021728183952,10.6099657414779,15.367));
#10116=CARTESIAN_POINT('',(4.6021728183952,10.6099657414779,16.129));
#10117=CARTESIAN_POINT('Origin',(0.,0.,16.129));
#10118=CARTESIAN_POINT('',(10.1336211112182,4.45520027412234,16.129));
#10119=CARTESIAN_POINT('Origin',(10.1336211112182,4.45520027412234,15.367));
#10120=CARTESIAN_POINT('',(10.3582799447658,3.72707088417228,15.367));
#10121=CARTESIAN_POINT('Origin',(20.8661833904922,6.96920526815762,16.129));
#10122=CARTESIAN_POINT('',(20.3706651779809,6.81631685963999,13.716));
#10123=CARTESIAN_POINT('Origin',(20.5953240115284,6.08818746968993,13.716));
#10124=CARTESIAN_POINT('',(20.5953240115284,6.08818746968993,12.954));
#10125=CARTESIAN_POINT('Origin',(-1.66533453693773E-14,-21.9310975752361,
12.954));
#10126=CARTESIAN_POINT('',(21.0716686417881,-6.23516001396279,12.954));
#10127=CARTESIAN_POINT('Origin',(21.0716686417881,-6.23516001396279,13.716));
#10128=CARTESIAN_POINT('',(20.8470098082405,-6.96328940391285,13.716));
#10129=CARTESIAN_POINT('Origin',(21.8188726510115,-7.26315035670331,16.129));
#10130=CARTESIAN_POINT('',(10.8346245750255,-3.87404342844514,15.367));
#10131=CARTESIAN_POINT('Origin',(10.6099657414779,-4.6021728183952,15.367));
#10132=CARTESIAN_POINT('',(10.6099657414779,-4.6021728183952,16.129));
#10133=CARTESIAN_POINT('Origin',(0.,0.,16.129));
#10134=CARTESIAN_POINT('',(4.45520027412234,-10.1336211112182,16.129));
#10135=CARTESIAN_POINT('Origin',(4.45520027412234,-10.1336211112182,15.367));
#10136=CARTESIAN_POINT('',(3.72707088417228,-10.3582799447658,15.367));
#10137=CARTESIAN_POINT('Origin',(6.96920526815762,-20.8661833904922,16.129));
#10138=CARTESIAN_POINT('',(6.81631685963999,-20.3706651779809,13.716));
#10139=CARTESIAN_POINT('Origin',(6.08818746968993,-20.5953240115284,13.716));
#10140=CARTESIAN_POINT('',(6.08818746968993,-20.5953240115284,12.954));
#10141=CARTESIAN_POINT('Origin',(-1.66533453693773E-14,-21.9310975752361,
12.954));
#10142=CARTESIAN_POINT('',(-6.23516001396279,-21.0716686417881,12.954));
#10143=CARTESIAN_POINT('Origin',(-6.23516001396279,-21.0716686417881,13.716));
#10144=CARTESIAN_POINT('',(-6.96328940391285,-20.8470098082405,13.716));
#10145=CARTESIAN_POINT('Origin',(-7.26315035670331,-21.8188726510115,16.129));
#10146=CARTESIAN_POINT('',(-3.87404342844514,-10.8346245750255,15.367));
#10147=CARTESIAN_POINT('Origin',(-4.6021728183952,-10.6099657414779,15.367));
#10148=CARTESIAN_POINT('',(-4.6021728183952,-10.6099657414779,16.129));
#10149=CARTESIAN_POINT('Origin',(0.,0.,16.129));
#10150=CARTESIAN_POINT('',(-9.08069847862618,-6.20747718332052,16.129));
#10151=CARTESIAN_POINT('Origin',(-18.1613969572524,-12.414954366641,16.129));
#10152=CARTESIAN_POINT('',(0.,0.,0.));
#10153=UNCERTAINTY_MEASURE_WITH_UNIT(LENGTH_MEASURE(0.01),#10159,
'DISTANCE_ACCURACY_VALUE',
'Maximum model space distance between geometric entities at asserted c
onnectivities');
#10154=UNCERTAINTY_MEASURE_WITH_UNIT(LENGTH_MEASURE(0.01),#10159,
'DISTANCE_ACCURACY_VALUE',
'Maximum model space distance between geometric entities at asserted c
onnectivities');
#10155=UNCERTAINTY_MEASURE_WITH_UNIT(LENGTH_MEASURE(0.01),#10159,
'DISTANCE_ACCURACY_VALUE',
'Maximum model space distance between geometric entities at asserted c
onnectivities');
#10156=(
GEOMETRIC_REPRESENTATION_CONTEXT(3)
GLOBAL_UNCERTAINTY_ASSIGNED_CONTEXT((#10153))
GLOBAL_UNIT_ASSIGNED_CONTEXT((#10159,#10161,#10162))
REPRESENTATION_CONTEXT('','3D')
);
#10157=(
GEOMETRIC_REPRESENTATION_CONTEXT(3)
GLOBAL_UNCERTAINTY_ASSIGNED_CONTEXT((#10154))
GLOBAL_UNIT_ASSIGNED_CONTEXT((#10159,#10161,#10162))
REPRESENTATION_CONTEXT('','3D')
);
#10158=(
GEOMETRIC_REPRESENTATION_CONTEXT(3)
GLOBAL_UNCERTAINTY_ASSIGNED_CONTEXT((#10155))
GLOBAL_UNIT_ASSIGNED_CONTEXT((#10159,#10161,#10162))
REPRESENTATION_CONTEXT('','3D')
);
#10159=(
LENGTH_UNIT()
NAMED_UNIT(*)
SI_UNIT(.MILLI.,.METRE.)
);
#10160=(
LENGTH_UNIT()
NAMED_UNIT(*)
SI_UNIT($,.METRE.)
);
#10161=(
NAMED_UNIT(*)
PLANE_ANGLE_UNIT()
SI_UNIT($,.RADIAN.)
);
#10162=(
NAMED_UNIT(*)
SI_UNIT($,.STERADIAN.)
SOLID_ANGLE_UNIT()
);
#10163=SHAPE_DEFINITION_REPRESENTATION(#10165,#10168);
#10164=SHAPE_DEFINITION_REPRESENTATION(#10166,#10169);
#10165=PRODUCT_DEFINITION_SHAPE('',$,#10171);
#10166=PRODUCT_DEFINITION_SHAPE('',$,#10172);
#10167=PRODUCT_DEFINITION_SHAPE($,$,#14);
#10168=SHAPE_REPRESENTATION('',(#4886,#5289),#10156);
#10169=SHAPE_REPRESENTATION('',(#4887),#10157);
#10170=PRODUCT_DEFINITION_CONTEXT('part definition',#10178,'design');
#10171=PRODUCT_DEFINITION('round-screen-esp32s3-case',
'round-screen-esp32s3-case v11',#10173,#10170);
#10172=PRODUCT_DEFINITION('cover','cover',#10174,#10170);
#10173=PRODUCT_DEFINITION_FORMATION('',$,#10180);
#10174=PRODUCT_DEFINITION_FORMATION('',$,#10181);
#10175=PRODUCT_RELATED_PRODUCT_CATEGORY('round-screen-esp32s3-case v11',
'round-screen-esp32s3-case v11',(#10180));
#10176=PRODUCT_RELATED_PRODUCT_CATEGORY('cover','cover',(#10181));
#10177=APPLICATION_PROTOCOL_DEFINITION('international standard',
'automotive_design',2009,#10178);
#10178=APPLICATION_CONTEXT(
'Core Data for Automotive Mechanical Design Process');
#10179=PRODUCT_CONTEXT('part definition',#10178,'mechanical');
#10180=PRODUCT('round-screen-esp32s3-case',
'round-screen-esp32s3-case v11',$,(#10179));
#10181=PRODUCT('cover','cover',$,(#10179));
#10182=PRESENTATION_STYLE_ASSIGNMENT((#10183));
#10183=SURFACE_STYLE_USAGE(.BOTH.,#10184);
#10184=SURFACE_SIDE_STYLE('',(#10185));
#10185=SURFACE_STYLE_FILL_AREA(#10186);
#10186=FILL_AREA_STYLE('Steel - Satin',(#10187));
#10187=FILL_AREA_STYLE_COLOUR('Steel - Satin',#10188);
#10188=COLOUR_RGB('Steel - Satin',0.627450980392157,0.627450980392157,0.627450980392157);
ENDSEC;
END-ISO-10303-21;
