/*******************************************************************************
 * Size: 48 px
 * Bpp: 4
 * Opts: --bpp 4 --size 48 --font FONTS/Barlow/Barlow-Bold.ttf -r 0x20-0x7F --format lvgl -o lv_font_barlow_bold_48.c --no-compress --no-prefilter
 ******************************************************************************/

#ifdef LV_LVGL_H_INCLUDE_SIMPLE
#include "lvgl.h"
#else
#include <lvgl.h>
#endif

#ifndef LV_FONT_BARLOW_BOLD_48
#define LV_FONT_BARLOW_BOLD_48 1
#endif

#if LV_FONT_BARLOW_BOLD_48

/*-----------------
 *    BITMAPS
 *----------------*/

/*Store the image of the glyphs*/
static LV_ATTRIBUTE_LARGE_CONST const uint8_t glyph_bitmap[] = {
    /* U+0020 " " */

    /* U+0021 "!" */
    0xe, 0xff, 0xff, 0xf9, 0xf, 0xff, 0xff, 0xfa,
    0xf, 0xff, 0xff, 0xfa, 0xf, 0xff, 0xff, 0xf9,
    0xf, 0xff, 0xff, 0xf9, 0xe, 0xff, 0xff, 0xf8,
    0xe, 0xff, 0xff, 0xf8, 0xd, 0xff, 0xff, 0xf7,
    0xd, 0xff, 0xff, 0xf7, 0xc, 0xff, 0xff, 0xf6,
    0xc, 0xff, 0xff, 0xf5, 0xb, 0xff, 0xff, 0xf5,
    0xb, 0xff, 0xff, 0xf4, 0xa, 0xff, 0xff, 0xf4,
    0xa, 0xff, 0xff, 0xf3, 0x9, 0xff, 0xff, 0xf3,
    0x9, 0xff, 0xff, 0xf2, 0x8, 0xff, 0xff, 0xf1,
    0x8, 0xff, 0xff, 0xf1, 0x7, 0xff, 0xff, 0xf0,
    0x7, 0xff, 0xff, 0xf0, 0x5, 0xff, 0xff, 0xe0,
    0x0, 0x0, 0x0, 0x0, 0x0, 0x0, 0x0, 0x0,
    0x0, 0x0, 0x0, 0x0, 0x0, 0x0, 0x0, 0x0,
    0x0, 0x48, 0x84, 0x0, 0xa, 0xff, 0xff, 0xa0,
    0x6f, 0xff, 0xff, 0xf6, 0xbf, 0xff, 0xff, 0xfb,
    0xcf, 0xff, 0xff, 0xfb, 0x9f, 0xff, 0xff, 0xf8,
    0x1e, 0xff, 0xff, 0xe1, 0x2, 0xbf, 0xfb, 0x20,

    /* U+0022 "\"" */
    0x3f, 0xff, 0xff, 0xf1, 0x0, 0xbf, 0xff, 0xff,
    0x83, 0xff, 0xff, 0xff, 0x10, 0xb, 0xff, 0xff,
    0xf8, 0x2f, 0xff, 0xff, 0xf0, 0x0, 0xaf, 0xff,
    0xff, 0x71, 0xff, 0xff, 0xff, 0x0, 0x9, 0xff,
    0xff, 0xf6, 0xf, 0xff, 0xff, 0xe0, 0x0, 0x8f,
    0xff, 0xff, 0x50, 0xff, 0xff, 0xfd, 0x0, 0x7,
    0xff, 0xff, 0xf4, 0xe, 0xff, 0xff, 0xc0, 0x0,
    0x6f, 0xff, 0xff, 0x30, 0xdf, 0xff, 0xfb, 0x0,
    0x5, 0xff, 0xff, 0xf2, 0xc, 0xff, 0xff, 0xa0,
    0x0, 0x4f, 0xff, 0xff, 0x10, 0xbf, 0xff, 0xf9,
    0x0, 0x3, 0xff, 0xff, 0xf0, 0x7, 0xee, 0xed,
    0x60, 0x0, 0x1d, 0xee, 0xec, 0x0,

    /* U+0023 "#" */
    0x0, 0x0, 0x0, 0x9, 0xff, 0xff, 0xff, 0x10,
    0x0, 0x9, 0xff, 0xff, 0xff, 0x10, 0x0, 0x0,
    0x0, 0x0, 0xcf, 0xff, 0xff, 0xf0, 0x0, 0x0,
    0xcf, 0xff, 0xff, 0xf0, 0x0, 0x0, 0x0, 0x0,
    0xe, 0xff, 0xff, 0xfd, 0x0, 0x0, 0xe, 0xff,
    0xff, 0xfd, 0x0, 0x0, 0x0, 0x0, 0x1, 0xff,
    0xff, 0xff, 0xb0, 0x0, 0x1, 0xff, 0xff, 0xff,
    0xb0, 0x0, 0x0, 0x0, 0x0, 0x3f, 0xff, 0xff,
    0xf8, 0x0, 0x0, 0x3f, 0xff, 0xff, 0xf8, 0x0,
    0x0, 0x0, 0x0, 0x6, 0xff, 0xff, 0xff, 0x60,
    0x0, 0x6, 0xff, 0xff, 0xff, 0x60, 0x0, 0x0,
    0x0, 0x0, 0x8f, 0xff, 0xff, 0xf3, 0x0, 0x0,
    0x8f, 0xff, 0xff, 0xf3, 0x0, 0x0, 0xa, 0xcc,
    0xce, 0xff, 0xff, 0xff, 0xdc, 0xcc, 0xce, 0xff,
    0xff, 0xff, 0xdc, 0xc7, 0x0, 0xff, 0xff, 0xff,
    0xff, 0xff, 0xff, 0xff, 0xff, 0xff, 0xff, 0xff,
    0xff, 0xff, 0xb0, 0xf, 0xff, 0xff, 0xff, 0xff,
    0xff, 0xff, 0xff, 0xff, 0xff, 0xff, 0xff, 0xff,
    0xfb, 0x0, 0xff, 0xff, 0xff, 0xff, 0xff, 0xff,
    0xff, 0xff, 0xff, 0xff, 0xff, 0xff, 0xff, 0xb0,
    0xf, 0xff, 0xff, 0xff, 0xff, 0xff, 0xff, 0xff,
    0xff, 0xff, 0xff, 0xff, 0xff, 0xfa, 0x0, 0xdf,
    0xff, 0xff, 0xff, 0xff, 0xff, 0xff, 0xff, 0xff,
    0xff, 0xff, 0xff, 0xff, 0x90, 0x0, 0x0, 0xaf,
    0xff, 0xff, 0xf2, 0x0, 0x0, 0xaf, 0xff, 0xff,
    0xf2, 0x0, 0x0, 0x0, 0x0, 0xc, 0xff, 0xff,
    0xff, 0x0, 0x0, 0xc, 0xff, 0xff, 0xff, 0x0,
    0x0, 0x0, 0x0, 0x0, 0xff, 0xff, 0xff, 0xd0,
    0x0, 0x0, 0xef, 0xff, 0xff, 0xd0, 0x0, 0x0,
    0x0, 0x0, 0x1f, 0xff, 0xff, 0xfa, 0x0, 0x0,
    0xf, 0xff, 0xff, 0xfb, 0x0, 0x0, 0x0, 0x0,
    0x4, 0xff, 0xff, 0xff, 0x80, 0x0, 0x3, 0xff,
    0xff, 0xff, 0x80, 0x0, 0x0, 0x7c, 0xcc, 0xdf,
    0xff, 0xff, 0xfe, 0xcc, 0xcc, 0xdf, 0xff, 0xff,
    0xfe, 0xcc, 0x90, 0xc, 0xff, 0xff, 0xff, 0xff,
    0xff, 0xff, 0xff, 0xff, 0xff, 0xff, 0xff, 0xff,
    0xff, 0x0, 0xcf, 0xff, 0xff, 0xff, 0xff, 0xff,
    0xff, 0xff, 0xff, 0xff, 0xff, 0xff, 0xff, 0xf0,
    0xc, 0xff, 0xff, 0xff, 0xff, 0xff, 0xff, 0xff,
    0xff, 0xff, 0xff, 0xff, 0xff, 0xff, 0x0, 0xcf,
    0xff, 0xff, 0xff, 0xff, 0xff, 0xff, 0xff, 0xff,
    0xff, 0xff, 0xff, 0xff, 0xf0, 0xa, 0xff, 0xff,
    0xff, 0xff, 0xff, 0xff, 0xff, 0xff, 0xff, 0xff,
    0xff, 0xff, 0xfd, 0x0, 0x0, 0x5, 0xff, 0xff,
    0xff, 0x70, 0x0, 0x4, 0xff, 0xff, 0xff, 0x80,
    0x0, 0x0, 0x0, 0x0, 0x7f, 0xff, 0xff, 0xf4,
    0x0, 0x0, 0x6f, 0xff, 0xff, 0xf5, 0x0, 0x0,
    0x0, 0x0, 0xa, 0xff, 0xff, 0xff, 0x20, 0x0,
    0x9, 0xff, 0xff, 0xff, 0x20, 0x0, 0x0, 0x0,
    0x0, 0xcf, 0xff, 0xff, 0xf0, 0x0, 0x0, 0xcf,
    0xff, 0xff, 0xf0, 0x0, 0x0, 0x0, 0x0, 0xf,
    0xff, 0xff, 0xfd, 0x0, 0x0, 0xe, 0xff, 0xff,
    0xfd, 0x0, 0x0, 0x0, 0x0, 0x1, 0xff, 0xff,
    0xff, 0xa0, 0x0, 0x1, 0xff, 0xff, 0xff, 0xb0,
    0x0, 0x0, 0x0, 0x0, 0x2f, 0xff, 0xff, 0xf7,
    0x0, 0x0, 0x2f, 0xff, 0xff, 0xf7, 0x0, 0x0,
    0x0, 0x0,

    /* U+0024 "$" */
    0x0, 0x0, 0x0, 0x0, 0x5, 0xff, 0xff, 0xf6,
    0x0, 0x0, 0x0, 0x0, 0x0, 0x0, 0x0, 0x0,
    0x0, 0x6f, 0xff, 0xff, 0x80, 0x0, 0x0, 0x0,
    0x0, 0x0, 0x0, 0x0, 0x0, 0x6, 0xff, 0xff,
    0xf7, 0x0, 0x0, 0x0, 0x0, 0x0, 0x0, 0x0,
    0x0, 0x0, 0x5f, 0xff, 0xff, 0x70, 0x0, 0x0,
    0x0, 0x0, 0x0, 0x0, 0x0, 0x1, 0x6c, 0xff,
    0xff, 0xfc, 0x51, 0x0, 0x0, 0x0, 0x0, 0x0,
    0x0, 0x3b, 0xff, 0xff, 0xff, 0xff, 0xff, 0xfa,
    0x20, 0x0, 0x0, 0x0, 0x0, 0x7f, 0xff, 0xff,
    0xff, 0xff, 0xff, 0xff, 0xff, 0x70, 0x0, 0x0,
    0x0, 0x9f, 0xff, 0xff, 0xff, 0xff, 0xff, 0xff,
    0xff, 0xff, 0x90, 0x0, 0x0, 0x6f, 0xff, 0xff,
    0xff, 0xff, 0xff, 0xff, 0xff, 0xff, 0xff, 0x70,
    0x0, 0xe, 0xff, 0xff, 0xff, 0xff, 0xfe, 0xff,
    0xff, 0xff, 0xff, 0xff, 0x20, 0x5, 0xff, 0xff,
    0xff, 0xe7, 0x10, 0x0, 0x4b, 0xff, 0xff, 0xff,
    0xfa, 0x0, 0xaf, 0xff, 0xff, 0xf3, 0x0, 0x0,
    0x0, 0x6, 0xff, 0xff, 0xff, 0xf0, 0xc, 0xff,
    0xff, 0xfb, 0x0, 0x0, 0x0, 0x0, 0x9, 0xff,
    0xff, 0xff, 0x30, 0xdf, 0xff, 0xff, 0x90, 0x0,
    0x0, 0x0, 0x0, 0x2f, 0xff, 0xff, 0xf5, 0xc,
    0xff, 0xff, 0xfb, 0x0, 0x0, 0x0, 0x0, 0x0,
    0xff, 0xff, 0xff, 0x60, 0xaf, 0xff, 0xff, 0xf5,
    0x0, 0x0, 0x0, 0x0, 0x9, 0xaa, 0xaa, 0xa2,
    0x5, 0xff, 0xff, 0xff, 0xf8, 0x0, 0x0, 0x0,
    0x0, 0x0, 0x0, 0x0, 0x0, 0xe, 0xff, 0xff,
    0xff, 0xfe, 0x81, 0x0, 0x0, 0x0, 0x0, 0x0,
    0x0, 0x0, 0x4f, 0xff, 0xff, 0xff, 0xff, 0xfb,
    0x60, 0x0, 0x0, 0x0, 0x0, 0x0, 0x0, 0x6f,
    0xff, 0xff, 0xff, 0xff, 0xff, 0xf9, 0x30, 0x0,
    0x0, 0x0, 0x0, 0x0, 0x5f, 0xff, 0xff, 0xff,
    0xff, 0xff, 0xff, 0xc4, 0x0, 0x0, 0x0, 0x0,
    0x0, 0x2b, 0xff, 0xff, 0xff, 0xff, 0xff, 0xff,
    0xfa, 0x10, 0x0, 0x0, 0x0, 0x0, 0x3, 0xaf,
    0xff, 0xff, 0xff, 0xff, 0xff, 0xfd, 0x10, 0x0,
    0x0, 0x0, 0x0, 0x0, 0x17, 0xdf, 0xff, 0xff,
    0xff, 0xff, 0xfd, 0x10, 0x0, 0x0, 0x0, 0x0,
    0x0, 0x0, 0x39, 0xff, 0xff, 0xff, 0xff, 0xf9,
    0x0, 0x0, 0x0, 0x0, 0x0, 0x0, 0x0, 0x1,
    0x7f, 0xff, 0xff, 0xff, 0xf1, 0x5, 0x55, 0x55,
    0x40, 0x0, 0x0, 0x0, 0x0, 0x1d, 0xff, 0xff,
    0xff, 0x54, 0xff, 0xff, 0xff, 0x0, 0x0, 0x0,
    0x0, 0x0, 0x2f, 0xff, 0xff, 0xf8, 0x3f, 0xff,
    0xff, 0xf2, 0x0, 0x0, 0x0, 0x0, 0x0, 0xef,
    0xff, 0xff, 0x82, 0xff, 0xff, 0xff, 0x60, 0x0,
    0x0, 0x0, 0x0, 0xe, 0xff, 0xff, 0xf8, 0xf,
    0xff, 0xff, 0xfe, 0x20, 0x0, 0x0, 0x0, 0x5,
    0xff, 0xff, 0xff, 0x60, 0xcf, 0xff, 0xff, 0xfe,
    0x60, 0x0, 0x0, 0x4, 0xef, 0xff, 0xff, 0xf2,
    0x5, 0xff, 0xff, 0xff, 0xff, 0xeb, 0x98, 0x9d,
    0xff, 0xff, 0xff, 0xfc, 0x0, 0xc, 0xff, 0xff,
    0xff, 0xff, 0xff, 0xff, 0xff, 0xff, 0xff, 0xff,
    0x40, 0x0, 0x1e, 0xff, 0xff, 0xff, 0xff, 0xff,
    0xff, 0xff, 0xff, 0xff, 0x80, 0x0, 0x0, 0x2d,
    0xff, 0xff, 0xff, 0xff, 0xff, 0xff, 0xff, 0xff,
    0x80, 0x0, 0x0, 0x0, 0x8, 0xff, 0xff, 0xff,
    0xff, 0xff, 0xff, 0xfd, 0x40, 0x0, 0x0, 0x0,
    0x0, 0x0, 0x6b, 0xff, 0xff, 0xff, 0xfd, 0x94,
    0x0, 0x0, 0x0, 0x0, 0x0, 0x0, 0x0, 0x5,
    0xff, 0xff, 0xf9, 0x0, 0x0, 0x0, 0x0, 0x0,
    0x0, 0x0, 0x0, 0x0, 0x5f, 0xff, 0xff, 0x90,
    0x0, 0x0, 0x0, 0x0, 0x0, 0x0, 0x0, 0x0,
    0x5, 0xff, 0xff, 0xf9, 0x0, 0x0, 0x0, 0x0,
    0x0, 0x0, 0x0, 0x0, 0x0, 0x4f, 0xff, 0xff,
    0x80, 0x0, 0x0, 0x0, 0x0,

    /* U+0025 "%" */
    0x0, 0x0, 0x5, 0xbe, 0xfe, 0xb6, 0x0, 0x0,
    0x0, 0x0, 0x0, 0x0, 0x9f, 0xff, 0xf1, 0x0,
    0x0, 0x0, 0x0, 0x1c, 0xff, 0xff, 0xff, 0xfd,
    0x20, 0x0, 0x0, 0x0, 0x0, 0x2f, 0xff, 0xfa,
    0x0, 0x0, 0x0, 0x0, 0x2e, 0xff, 0xff, 0xff,
    0xff, 0xff, 0x30, 0x0, 0x0, 0x0, 0xb, 0xff,
    0xff, 0x20, 0x0, 0x0, 0x0, 0xd, 0xff, 0xff,
    0xff, 0xff, 0xff, 0xfe, 0x10, 0x0, 0x0, 0x4,
    0xff, 0xff, 0x90, 0x0, 0x0, 0x0, 0x6, 0xff,
    0xff, 0xa2, 0x1, 0x8f, 0xff, 0xf8, 0x0, 0x0,
    0x0, 0xcf, 0xff, 0xf1, 0x0, 0x0, 0x0, 0x0,
    0xcf, 0xff, 0xa0, 0x0, 0x0, 0x7f, 0xff, 0xe0,
    0x0, 0x0, 0x5f, 0xff, 0xf7, 0x0, 0x0, 0x0,
    0x0, 0xf, 0xff, 0xf1, 0x0, 0x0, 0x0, 0xff,
    0xff, 0x10, 0x0, 0xe, 0xff, 0xfe, 0x0, 0x0,
    0x0, 0x0, 0x1, 0xff, 0xff, 0x0, 0x0, 0x0,
    0xd, 0xff, 0xf2, 0x0, 0x7, 0xff, 0xff, 0x50,
    0x0, 0x0, 0x0, 0x0, 0xf, 0xff, 0xf1, 0x0,
    0x0, 0x0, 0xff, 0xff, 0x10, 0x1, 0xef, 0xff,
    0xd0, 0x0, 0x0, 0x0, 0x0, 0x0, 0xcf, 0xff,
    0xa0, 0x0, 0x0, 0x7f, 0xff, 0xe0, 0x0, 0x8f,
    0xff, 0xf4, 0x0, 0x0, 0x0, 0x0, 0x0, 0x6,
    0xff, 0xff, 0xa2, 0x1, 0x8f, 0xff, 0xf8, 0x0,
    0x2f, 0xff, 0xfb, 0x0, 0x0, 0x0, 0x0, 0x0,
    0x0, 0xc, 0xff, 0xff, 0xff, 0xff, 0xff, 0xfe,
    0x10, 0xa, 0xff, 0xff, 0x30, 0x0, 0x0, 0x0,
    0x0, 0x0, 0x0, 0x2e, 0xff, 0xff, 0xff, 0xff,
    0xff, 0x30, 0x3, 0xff, 0xff, 0xa0, 0x0, 0x0,
    0x0, 0x0, 0x0, 0x0, 0x0, 0x1c, 0xff, 0xff,
    0xff, 0xfd, 0x20, 0x0, 0xcf, 0xff, 0xf1, 0x0,
    0x0, 0x0, 0x0, 0x0, 0x0, 0x0, 0x0, 0x4,
    0xac, 0xed, 0xa5, 0x0, 0x0, 0x4f, 0xff, 0xf8,
    0x0, 0x0, 0x0, 0x0, 0x0, 0x0, 0x0, 0x0,
    0x0, 0x0, 0x0, 0x0, 0x0, 0x0, 0xd, 0xff,
    0xfe, 0x10, 0x0, 0x0, 0x0, 0x0, 0x0, 0x0,
    0x0, 0x0, 0x0, 0x0, 0x0, 0x0, 0x0, 0x6,
    0xff, 0xff, 0x70, 0x0, 0x0, 0x0, 0x0, 0x0,
    0x0, 0x0, 0x0, 0x0, 0x0, 0x0, 0x0, 0x0,
    0x0, 0xef, 0xff, 0xd0, 0x0, 0x0, 0x0, 0x0,
    0x0, 0x0, 0x0, 0x0, 0x0, 0x0, 0x0, 0x0,
    0x0, 0x0, 0x8f, 0xff, 0xf5, 0x0, 0x0, 0x0,
    0x0, 0x0, 0x0, 0x0, 0x0, 0x0, 0x0, 0x0,
    0x0, 0x0, 0x0, 0x1f, 0xff, 0xfc, 0x0, 0x0,
    0x6, 0xce, 0xfd, 0xa4, 0x0, 0x0, 0x0, 0x0,
    0x0, 0x0, 0x0, 0x0, 0x9, 0xff, 0xff, 0x30,
    0x0, 0x3e, 0xff, 0xff, 0xff, 0xfb, 0x10, 0x0,
    0x0, 0x0, 0x0, 0x0, 0x0, 0x2, 0xff, 0xff,
    0xb0, 0x0, 0x4f, 0xff, 0xff, 0xff, 0xff, 0xfd,
    0x10, 0x0, 0x0, 0x0, 0x0, 0x0, 0x0, 0xbf,
    0xff, 0xf2, 0x0, 0x2f, 0xff, 0xff, 0xff, 0xff,
    0xff, 0xfb, 0x0, 0x0, 0x0, 0x0, 0x0, 0x0,
    0x4f, 0xff, 0xf9, 0x0, 0xa, 0xff, 0xff, 0x71,
    0x2, 0xaf, 0xff, 0xf4, 0x0, 0x0, 0x0, 0x0,
    0x0, 0xc, 0xff, 0xff, 0x10, 0x0, 0xff, 0xff,
    0x50, 0x0, 0x0, 0xbf, 0xff, 0xa0, 0x0, 0x0,
    0x0, 0x0, 0x5, 0xff, 0xff, 0x80, 0x0, 0x3f,
    0xff, 0xd0, 0x0, 0x0, 0x3, 0xff, 0xfd, 0x0,
    0x0, 0x0, 0x0, 0x0, 0xdf, 0xff, 0xe0, 0x0,
    0x4, 0xff, 0xfc, 0x0, 0x0, 0x0, 0x1f, 0xff,
    0xe0, 0x0, 0x0, 0x0, 0x0, 0x7f, 0xff, 0xf6,
    0x0, 0x0, 0x3f, 0xff, 0xe0, 0x0, 0x0, 0x3,
    0xff, 0xfd, 0x0, 0x0, 0x0, 0x0, 0x1e, 0xff,
    0xfd, 0x0, 0x0, 0x0, 0xff, 0xff, 0x60, 0x0,
    0x0, 0xbf, 0xff, 0xa0, 0x0, 0x0, 0x0, 0x8,
    0xff, 0xff, 0x50, 0x0, 0x0, 0xa, 0xff, 0xff,
    0x71, 0x3, 0xbf, 0xff, 0xf4, 0x0, 0x0, 0x0,
    0x1, 0xff, 0xff, 0xc0, 0x0, 0x0, 0x0, 0x1e,
    0xff, 0xff, 0xff, 0xff, 0xff, 0xfb, 0x0, 0x0,
    0x0, 0x0, 0xaf, 0xff, 0xf3, 0x0, 0x0, 0x0,
    0x0, 0x4f, 0xff, 0xff, 0xff, 0xff, 0xfd, 0x10,
    0x0, 0x0, 0x0, 0x3f, 0xff, 0xfa, 0x0, 0x0,
    0x0, 0x0, 0x0, 0x3e, 0xff, 0xff, 0xff, 0xfb,
    0x10, 0x0, 0x0, 0x0, 0x9, 0xff, 0xfe, 0x20,
    0x0, 0x0, 0x0, 0x0, 0x0, 0x7, 0xcf, 0xfe,
    0xa4, 0x0, 0x0,

    /* U+0026 "&" */
    0x0, 0x0, 0x0, 0x0, 0x27, 0xbe, 0xff, 0xec,
    0x83, 0x0, 0x0, 0x0, 0x0, 0x0, 0x0, 0x0,
    0x0, 0x0, 0x1, 0xaf, 0xff, 0xff, 0xff, 0xff,
    0xfc, 0x30, 0x0, 0x0, 0x0, 0x0, 0x0, 0x0,
    0x0, 0x3, 0xef, 0xff, 0xff, 0xff, 0xff, 0xff,
    0xff, 0x70, 0x0, 0x0, 0x0, 0x0, 0x0, 0x0,
    0x2, 0xef, 0xff, 0xff, 0xff, 0xff, 0xff, 0xff,
    0xff, 0x60, 0x0, 0x0, 0x0, 0x0, 0x0, 0x0,
    0xcf, 0xff, 0xff, 0xff, 0xff, 0xff, 0xff, 0xff,
    0xff, 0x20, 0x0, 0x0, 0x0, 0x0, 0x0, 0x4f,
    0xff, 0xff, 0xff, 0xff, 0xff, 0xff, 0xff, 0xff,
    0xf9, 0x0, 0x0, 0x0, 0x0, 0x0, 0x8, 0xff,
    0xff, 0xff, 0xf8, 0x33, 0x5d, 0xff, 0xff, 0xff,
    0xf0, 0x0, 0x0, 0x0, 0x0, 0x0, 0xbf, 0xff,
    0xff, 0xf7, 0x0, 0x0, 0x1e, 0xff, 0xff, 0xff,
    0x20, 0x0, 0x0, 0x0, 0x0, 0xb, 0xff, 0xff,
    0xff, 0x10, 0x0, 0x0, 0x9f, 0xff, 0xff, 0xf3,
    0x0, 0x0, 0x0, 0x0, 0x0, 0x9f, 0xff, 0xff,
    0xf3, 0x0, 0x0, 0xa, 0xff, 0xff, 0xff, 0x20,
    0x0, 0x0, 0x0, 0x0, 0x5, 0xff, 0xff, 0xff,
    0xa0, 0x0, 0x1, 0xff, 0xff, 0xff, 0xf0, 0x0,
    0x0, 0x0, 0x0, 0x0, 0xe, 0xff, 0xff, 0xff,
    0x60, 0x1, 0xcf, 0xff, 0xff, 0xfc, 0x0, 0x0,
    0x0, 0x0, 0x0, 0x0, 0x6f, 0xff, 0xff, 0xff,
    0x34, 0xef, 0xff, 0xff, 0xff, 0x50, 0x0, 0x0,
    0x0, 0x0, 0x0, 0x0, 0xbf, 0xff, 0xff, 0xff,
    0xff, 0xff, 0xff, 0xff, 0xb0, 0x0, 0x0, 0x0,
    0x0, 0x0, 0x0, 0x1, 0xef, 0xff, 0xff, 0xff,
    0xff, 0xff, 0xff, 0xd1, 0x0, 0x0, 0x0, 0x0,
    0x0, 0x0, 0x0, 0x3, 0xff, 0xff, 0xff, 0xff,
    0xff, 0xff, 0xd1, 0x0, 0x0, 0x0, 0x0, 0x0,
    0x0, 0x0, 0x0, 0x3e, 0xff, 0xff, 0xff, 0xff,
    0xff, 0xb1, 0x0, 0x0, 0x0, 0x0, 0x0, 0x0,
    0x0, 0x0, 0x8f, 0xff, 0xff, 0xff, 0xff, 0xff,
    0x60, 0x0, 0x0, 0x0, 0x0, 0x0, 0x0, 0x0,
    0x1, 0xcf, 0xff, 0xff, 0xff, 0xff, 0xff, 0xf7,
    0x0, 0x0, 0x0, 0x13, 0x0, 0x0, 0x0, 0x0,
    0xcf, 0xff, 0xff, 0xff, 0xff, 0xff, 0xff, 0xf6,
    0x0, 0x0, 0xb, 0xfa, 0x20, 0x0, 0x0, 0xaf,
    0xff, 0xff, 0xff, 0xff, 0xff, 0xff, 0xff, 0xf4,
    0x0, 0x6, 0xff, 0xff, 0x80, 0x0, 0x4f, 0xff,
    0xff, 0xff, 0xf6, 0xc, 0xff, 0xff, 0xff, 0xf3,
    0x3, 0xff, 0xff, 0xff, 0xd0, 0xb, 0xff, 0xff,
    0xff, 0xe3, 0x0, 0x1d, 0xff, 0xff, 0xff, 0xe5,
    0xef, 0xff, 0xff, 0xf6, 0x0, 0xff, 0xff, 0xff,
    0xf3, 0x0, 0x0, 0x1d, 0xff, 0xff, 0xff, 0xff,
    0xff, 0xff, 0xfb, 0x0, 0x2f, 0xff, 0xff, 0xfc,
    0x0, 0x0, 0x0, 0x1e, 0xff, 0xff, 0xff, 0xff,
    0xff, 0xfe, 0x10, 0x3, 0xff, 0xff, 0xff, 0x90,
    0x0, 0x0, 0x0, 0x2e, 0xff, 0xff, 0xff, 0xff,
    0xff, 0x30, 0x0, 0x2f, 0xff, 0xff, 0xfd, 0x0,
    0x0, 0x0, 0x0, 0x6f, 0xff, 0xff, 0xff, 0xff,
    0x50, 0x0, 0x1, 0xff, 0xff, 0xff, 0xf9, 0x10,
    0x0, 0x4, 0xaf, 0xff, 0xff, 0xff, 0xff, 0xb0,
    0x0, 0x0, 0xc, 0xff, 0xff, 0xff, 0xff, 0xca,
    0xbf, 0xff, 0xff, 0xff, 0xff, 0xff, 0xff, 0x50,
    0x0, 0x0, 0x5f, 0xff, 0xff, 0xff, 0xff, 0xff,
    0xff, 0xff, 0xff, 0xff, 0xff, 0xff, 0xff, 0x30,
    0x0, 0x0, 0xbf, 0xff, 0xff, 0xff, 0xff, 0xff,
    0xff, 0xff, 0xff, 0xff, 0xff, 0xff, 0xfe, 0x20,
    0x0, 0x0, 0xaf, 0xff, 0xff, 0xff, 0xff, 0xff,
    0xff, 0xff, 0xf9, 0xcf, 0xff, 0xff, 0xfd, 0x10,
    0x0, 0x0, 0x5d, 0xff, 0xff, 0xff, 0xff, 0xff,
    0xfe, 0x91, 0x1, 0xdf, 0xff, 0xff, 0xfb, 0x0,
    0x0, 0x0, 0x4, 0x8c, 0xef, 0xfe, 0xdb, 0x84,
    0x0, 0x0, 0x2, 0xef, 0xff, 0xff, 0xf6,

    /* U+0027 "'" */
    0x3f, 0xff, 0xff, 0xf6, 0x3f, 0xff, 0xff, 0xf6,
    0x2f, 0xff, 0xff, 0xf5, 0x1f, 0xff, 0xff, 0xf4,
    0xf, 0xff, 0xff, 0xf3, 0xf, 0xff, 0xff, 0xf2,
    0xe, 0xff, 0xff, 0xf1, 0xd, 0xff, 0xff, 0xf0,
    0xc, 0xff, 0xff, 0xf0, 0xb, 0xff, 0xff, 0xe0,
    0x7, 0xdd, 0xdd, 0x90,

    /* U+0028 "(" */
    0x0, 0x0, 0x0, 0x8, 0xbb, 0xbb, 0xb8, 0x0,
    0x0, 0x0, 0x6f, 0xff, 0xff, 0xf7, 0x0, 0x0,
    0x2, 0xff, 0xff, 0xff, 0xe0, 0x0, 0x0, 0xb,
    0xff, 0xff, 0xff, 0x60, 0x0, 0x0, 0x4f, 0xff,
    0xff, 0xfe, 0x0, 0x0, 0x0, 0xcf, 0xff, 0xff,
    0xf7, 0x0, 0x0, 0x3, 0xff, 0xff, 0xff, 0xf1,
    0x0, 0x0, 0xa, 0xff, 0xff, 0xff, 0xb0, 0x0,
    0x0, 0xf, 0xff, 0xff, 0xff, 0x60, 0x0, 0x0,
    0x5f, 0xff, 0xff, 0xff, 0x10, 0x0, 0x0, 0xaf,
    0xff, 0xff, 0xfc, 0x0, 0x0, 0x0, 0xef, 0xff,
    0xff, 0xf9, 0x0, 0x0, 0x3, 0xff, 0xff, 0xff,
    0xf5, 0x0, 0x0, 0x6, 0xff, 0xff, 0xff, 0xf2,
    0x0, 0x0, 0x9, 0xff, 0xff, 0xff, 0xf0, 0x0,
    0x0, 0xb, 0xff, 0xff, 0xff, 0xd0, 0x0, 0x0,
    0xd, 0xff, 0xff, 0xff, 0xc0, 0x0, 0x0, 0xe,
    0xff, 0xff, 0xff, 0xa0, 0x0, 0x0, 0xf, 0xff,
    0xff, 0xff, 0x90, 0x0, 0x0, 0xf, 0xff, 0xff,
    0xff, 0x90, 0x0, 0x0, 0xf, 0xff, 0xff, 0xff,
    0x80, 0x0, 0x0, 0xf, 0xff, 0xff, 0xff, 0x80,
    0x0, 0x0, 0xf, 0xff, 0xff, 0xff, 0x90, 0x0,
    0x0, 0xf, 0xff, 0xff, 0xff, 0xa0, 0x0, 0x0,
    0xd, 0xff, 0xff, 0xff, 0xb0, 0x0, 0x0, 0xc,
    0xff, 0xff, 0xff, 0xc0, 0x0, 0x0, 0xa, 0xff,
    0xff, 0xff, 0xe0, 0x0, 0x0, 0x7, 0xff, 0xff,
    0xff, 0xf1, 0x0, 0x0, 0x4, 0xff, 0xff, 0xff,
    0xf4, 0x0, 0x0, 0x1, 0xff, 0xff, 0xff, 0xf7,
    0x0, 0x0, 0x0, 0xcf, 0xff, 0xff, 0xfb, 0x0,
    0x0, 0x0, 0x8f, 0xff, 0xff, 0xff, 0x0, 0x0,
    0x0, 0x3f, 0xff, 0xff, 0xff, 0x40, 0x0, 0x0,
    0xd, 0xff, 0xff, 0xff, 0x90, 0x0, 0x0, 0x6,
    0xff, 0xff, 0xff, 0xf0, 0x0, 0x0, 0x0, 0xef,
    0xff, 0xff, 0xf5, 0x0, 0x0, 0x0, 0x7f, 0xff,
    0xff, 0xfc, 0x0, 0x0, 0x0, 0xe, 0xff, 0xff,
    0xff, 0x40, 0x0, 0x0, 0x5, 0xff, 0xff, 0xff,
    0xc0, 0x0, 0x0, 0x0, 0xaf, 0xff, 0xff, 0xf4,
    0x0, 0x0, 0x0, 0x1d, 0xff, 0xff, 0xfb,

    /* U+0029 ")" */
    0x1b, 0xbb, 0xbb, 0xb5, 0x0, 0x0, 0x0, 0xd,
    0xff, 0xff, 0xff, 0x20, 0x0, 0x0, 0x4, 0xff,
    0xff, 0xff, 0xc0, 0x0, 0x0, 0x0, 0xcf, 0xff,
    0xff, 0xf6, 0x0, 0x0, 0x0, 0x4f, 0xff, 0xff,
    0xfe, 0x0, 0x0, 0x0, 0xd, 0xff, 0xff, 0xff,
    0x70, 0x0, 0x0, 0x7, 0xff, 0xff, 0xff, 0xe0,
    0x0, 0x0, 0x1, 0xff, 0xff, 0xff, 0xf5, 0x0,
    0x0, 0x0, 0xbf, 0xff, 0xff, 0xfb, 0x0, 0x0,
    0x0, 0x7f, 0xff, 0xff, 0xff, 0x10, 0x0, 0x0,
    0x2f, 0xff, 0xff, 0xff, 0x50, 0x0, 0x0, 0xe,
    0xff, 0xff, 0xff, 0xa0, 0x0, 0x0, 0xa, 0xff,
    0xff, 0xff, 0xd0, 0x0, 0x0, 0x8, 0xff, 0xff,
    0xff, 0xf1, 0x0, 0x0, 0x5, 0xff, 0xff, 0xff,
    0xf3, 0x0, 0x0, 0x3, 0xff, 0xff, 0xff, 0xf5,
    0x0, 0x0, 0x1, 0xff, 0xff, 0xff, 0xf7, 0x0,
    0x0, 0x0, 0xff, 0xff, 0xff, 0xf9, 0x0, 0x0,
    0x0, 0xff, 0xff, 0xff, 0xfa, 0x0, 0x0, 0x0,
    0xef, 0xff, 0xff, 0xfa, 0x0, 0x0, 0x0, 0xef,
    0xff, 0xff, 0xfb, 0x0, 0x0, 0x0, 0xef, 0xff,
    0xff, 0xfa, 0x0, 0x0, 0x0, 0xef, 0xff, 0xff,
    0xfa, 0x0, 0x0, 0x0, 0xff, 0xff, 0xff, 0xf9,
    0x0, 0x0, 0x1, 0xff, 0xff, 0xff, 0xf8, 0x0,
    0x0, 0x2, 0xff, 0xff, 0xff, 0xf6, 0x0, 0x0,
    0x4, 0xff, 0xff, 0xff, 0xf4, 0x0, 0x0, 0x7,
    0xff, 0xff, 0xff, 0xf1, 0x0, 0x0, 0x9, 0xff,
    0xff, 0xff, 0xe0, 0x0, 0x0, 0xd, 0xff, 0xff,
    0xff, 0xb0, 0x0, 0x0, 0x1f, 0xff, 0xff, 0xff,
    0x60, 0x0, 0x0, 0x5f, 0xff, 0xff, 0xff, 0x20,
    0x0, 0x0, 0xaf, 0xff, 0xff, 0xfc, 0x0, 0x0,
    0x0, 0xef, 0xff, 0xff, 0xf6, 0x0, 0x0, 0x5,
    0xff, 0xff, 0xff, 0xf1, 0x0, 0x0, 0xb, 0xff,
    0xff, 0xff, 0x90, 0x0, 0x0, 0x2f, 0xff, 0xff,
    0xff, 0x10, 0x0, 0x0, 0x9f, 0xff, 0xff, 0xf8,
    0x0, 0x0, 0x2, 0xff, 0xff, 0xff, 0xe0, 0x0,
    0x0, 0xa, 0xff, 0xff, 0xff, 0x40, 0x0, 0x0,
    0x1f, 0xff, 0xff, 0xf8, 0x0, 0x0, 0x0,

    /* U+002A "*" */
    0x0, 0x0, 0x0, 0x4f, 0xff, 0x60, 0x0, 0x0,
    0x0, 0x0, 0x0, 0x0, 0x5f, 0xff, 0x80, 0x0,
    0x0, 0x0, 0x1, 0x20, 0x0, 0x5f, 0xff, 0x70,
    0x0, 0x12, 0x0, 0xb, 0xf9, 0x10, 0x5f, 0xff,
    0x70, 0x8, 0xfd, 0x0, 0x4f, 0xff, 0xf7, 0x5f,
    0xff, 0x76, 0xef, 0xff, 0x60, 0xcf, 0xff, 0xff,
    0xff, 0xff, 0xff, 0xff, 0xff, 0xe0, 0x4c, 0xff,
    0xff, 0xff, 0xff, 0xff, 0xff, 0xfd, 0x50, 0x0,
    0x5d, 0xff, 0xff, 0xff, 0xff, 0xfd, 0x50, 0x0,
    0x0, 0x0, 0xbf, 0xff, 0xff, 0xff, 0xc0, 0x0,
    0x0, 0x0, 0x5d, 0xff, 0xff, 0xff, 0xff, 0xfe,
    0x60, 0x0, 0x3c, 0xff, 0xff, 0xff, 0xff, 0xff,
    0xff, 0xfd, 0x50, 0xcf, 0xff, 0xff, 0xff, 0xff,
    0xff, 0xff, 0xff, 0xe0, 0x4f, 0xff, 0xf7, 0x5f,
    0xff, 0x76, 0xef, 0xff, 0x70, 0xc, 0xfa, 0x10,
    0x5f, 0xff, 0x70, 0x8, 0xfe, 0x0, 0x2, 0x30,
    0x0, 0x5f, 0xff, 0x70, 0x0, 0x22, 0x0, 0x0,
    0x0, 0x0, 0x5f, 0xff, 0x80, 0x0, 0x0, 0x0,
    0x0, 0x0, 0x0, 0x4f, 0xff, 0x60, 0x0, 0x0,
    0x0,

    /* U+002B "+" */
    0x0, 0x0, 0x0, 0x2, 0xff, 0xff, 0xf7, 0x0,
    0x0, 0x0, 0x0, 0x0, 0x0, 0x0, 0x3f, 0xff,
    0xff, 0x80, 0x0, 0x0, 0x0, 0x0, 0x0, 0x0,
    0x3, 0xff, 0xff, 0xf8, 0x0, 0x0, 0x0, 0x0,
    0x0, 0x0, 0x0, 0x3f, 0xff, 0xff, 0x80, 0x0,
    0x0, 0x0, 0x0, 0x0, 0x0, 0x3, 0xff, 0xff,
    0xf8, 0x0, 0x0, 0x0, 0x0, 0x0, 0x0, 0x0,
    0x3f, 0xff, 0xff, 0x80, 0x0, 0x0, 0x0, 0x0,
    0x0, 0x0, 0x3, 0xff, 0xff, 0xf8, 0x0, 0x0,
    0x0, 0x6, 0xcc, 0xcc, 0xcc, 0xdf, 0xff, 0xff,
    0xec, 0xcc, 0xcc, 0xca, 0x9f, 0xff, 0xff, 0xff,
    0xff, 0xff, 0xff, 0xff, 0xff, 0xff, 0xf9, 0xff,
    0xff, 0xff, 0xff, 0xff, 0xff, 0xff, 0xff, 0xff,
    0xff, 0x9f, 0xff, 0xff, 0xff, 0xff, 0xff, 0xff,
    0xff, 0xff, 0xff, 0xf9, 0xff, 0xff, 0xff, 0xff,
    0xff, 0xff, 0xff, 0xff, 0xff, 0xff, 0x8f, 0xff,
    0xff, 0xff, 0xff, 0xff, 0xff, 0xff, 0xff, 0xff,
    0xd0, 0x0, 0x0, 0x0, 0x3f, 0xff, 0xff, 0x90,
    0x0, 0x0, 0x0, 0x0, 0x0, 0x0, 0x3, 0xff,
    0xff, 0xf8, 0x0, 0x0, 0x0, 0x0, 0x0, 0x0,
    0x0, 0x3f, 0xff, 0xff, 0x80, 0x0, 0x0, 0x0,
    0x0, 0x0, 0x0, 0x3, 0xff, 0xff, 0xf8, 0x0,
    0x0, 0x0, 0x0, 0x0, 0x0, 0x0, 0x3f, 0xff,
    0xff, 0x80, 0x0, 0x0, 0x0, 0x0, 0x0, 0x0,
    0x3, 0xff, 0xff, 0xf8, 0x0, 0x0, 0x0, 0x0,
    0x0, 0x0, 0x0, 0x3f, 0xff, 0xff, 0x80, 0x0,
    0x0, 0x0, 0x0, 0x0, 0x0, 0x0, 0x77, 0x77,
    0x72, 0x0, 0x0, 0x0, 0x0,

    /* U+002C "," */
    0x0, 0x3, 0x44, 0x44, 0x10, 0x7, 0xff, 0xff,
    0xf7, 0x0, 0xaf, 0xff, 0xff, 0x30, 0xc, 0xff,
    0xff, 0xf0, 0x0, 0xef, 0xff, 0xfb, 0x0, 0xf,
    0xff, 0xff, 0x70, 0x3, 0xff, 0xff, 0xf2, 0x0,
    0x5f, 0xff, 0xfe, 0x0, 0x7, 0xff, 0xff, 0xa0,
    0x0, 0xaf, 0xff, 0xf6, 0x0, 0xc, 0xff, 0xff,
    0x10, 0x0, 0xef, 0xff, 0xd0, 0x0, 0xf, 0xff,
    0xf8, 0x0, 0x0,

    /* U+002D "-" */
    0x6c, 0xcc, 0xcc, 0xcc, 0xcc, 0xcc, 0xcc, 0xcc,
    0xc1, 0x9f, 0xff, 0xff, 0xff, 0xff, 0xff, 0xff,
    0xff, 0xf3, 0x9f, 0xff, 0xff, 0xff, 0xff, 0xff,
    0xff, 0xff, 0xf3, 0x9f, 0xff, 0xff, 0xff, 0xff,
    0xff, 0xff, 0xff, 0xf3, 0x9f, 0xff, 0xff, 0xff,
    0xff, 0xff, 0xff, 0xff, 0xf3, 0x8f, 0xff, 0xff,
    0xff, 0xff, 0xff, 0xff, 0xff, 0xf2,

    /* U+002E "." */
    0x0, 0x27, 0x85, 0x0, 0x0, 0x7f, 0xff, 0xfd,
    0x10, 0x2f, 0xff, 0xff, 0xfa, 0x7, 0xff, 0xff,
    0xff, 0xf0, 0x8f, 0xff, 0xff, 0xff, 0x5, 0xff,
    0xff, 0xff, 0xc0, 0xc, 0xff, 0xff, 0xf4, 0x0,
    0x9, 0xef, 0xc4, 0x0,

    /* U+002F "/" */
    0x0, 0x0, 0x0, 0x0, 0x0, 0x0, 0x7, 0xff,
    0xff, 0xff, 0x20, 0x0, 0x0, 0x0, 0x0, 0x0,
    0x0, 0xef, 0xff, 0xff, 0xe0, 0x0, 0x0, 0x0,
    0x0, 0x0, 0x0, 0x4f, 0xff, 0xff, 0xf8, 0x0,
    0x0, 0x0, 0x0, 0x0, 0x0, 0xa, 0xff, 0xff,
    0xff, 0x20, 0x0, 0x0, 0x0, 0x0, 0x0, 0x1,
    0xff, 0xff, 0xff, 0xc0, 0x0, 0x0, 0x0, 0x0,
    0x0, 0x0, 0x6f, 0xff, 0xff, 0xf6, 0x0, 0x0,
    0x0, 0x0, 0x0, 0x0, 0xc, 0xff, 0xff, 0xff,
    0x0, 0x0, 0x0, 0x0, 0x0, 0x0, 0x2, 0xff,
    0xff, 0xff, 0xa0, 0x0, 0x0, 0x0, 0x0, 0x0,
    0x0, 0x8f, 0xff, 0xff, 0xf4, 0x0, 0x0, 0x0,
    0x0, 0x0, 0x0, 0xe, 0xff, 0xff, 0xfe, 0x0,
    0x0, 0x0, 0x0, 0x0, 0x0, 0x4, 0xff, 0xff,
    0xff, 0x80, 0x0, 0x0, 0x0, 0x0, 0x0, 0x0,
    0xaf, 0xff, 0xff, 0xf2, 0x0, 0x0, 0x0, 0x0,
    0x0, 0x0, 0x1f, 0xff, 0xff, 0xfc, 0x0, 0x0,
    0x0, 0x0, 0x0, 0x0, 0x6, 0xff, 0xff, 0xff,
    0x60, 0x0, 0x0, 0x0, 0x0, 0x0, 0x0, 0xcf,
    0xff, 0xff, 0xf0, 0x0, 0x0, 0x0, 0x0, 0x0,
    0x0, 0x2f, 0xff, 0xff, 0xfa, 0x0, 0x0, 0x0,
    0x0, 0x0, 0x0, 0x8, 0xff, 0xff, 0xff, 0x40,
    0x0, 0x0, 0x0, 0x0, 0x0, 0x0, 0xef, 0xff,
    0xff, 0xe0, 0x0, 0x0, 0x0, 0x0, 0x0, 0x0,
    0x4f, 0xff, 0xff, 0xf8, 0x0, 0x0, 0x0, 0x0,
    0x0, 0x0, 0xa, 0xff, 0xff, 0xff, 0x20, 0x0,
    0x0, 0x0, 0x0, 0x0, 0x1, 0xff, 0xff, 0xff,
    0xc0, 0x0, 0x0, 0x0, 0x0, 0x0, 0x0, 0x6f,
    0xff, 0xff, 0xf6, 0x0, 0x0, 0x0, 0x0, 0x0,
    0x0, 0xc, 0xff, 0xff, 0xff, 0x0, 0x0, 0x0,
    0x0, 0x0, 0x0, 0x2, 0xff, 0xff, 0xff, 0xa0,
    0x0, 0x0, 0x0, 0x0, 0x0, 0x0, 0x8f, 0xff,
    0xff, 0xf4, 0x0, 0x0, 0x0, 0x0, 0x0, 0x0,
    0xe, 0xff, 0xff, 0xfe, 0x0, 0x0, 0x0, 0x0,
    0x0, 0x0, 0x4, 0xff, 0xff, 0xff, 0x80, 0x0,
    0x0, 0x0, 0x0, 0x0, 0x0, 0xaf, 0xff, 0xff,
    0xf2, 0x0, 0x0, 0x0, 0x0, 0x0, 0x0, 0x1f,
    0xff, 0xff, 0xfc, 0x0, 0x0, 0x0, 0x0, 0x0,
    0x0, 0x6, 0xff, 0xff, 0xff, 0x60, 0x0, 0x0,
    0x0, 0x0, 0x0, 0x0, 0xcf, 0xff, 0xff, 0xf0,
    0x0, 0x0, 0x0, 0x0, 0x0, 0x0, 0x2f, 0xff,
    0xff, 0xfa, 0x0, 0x0, 0x0, 0x0, 0x0, 0x0,
    0x8, 0xff, 0xff, 0xff, 0x40, 0x0, 0x0, 0x0,
    0x0, 0x0, 0x0, 0xcf, 0xff, 0xff, 0xd0, 0x0,
    0x0, 0x0, 0x0, 0x0, 0x0,

    /* U+0030 "0" */
    0x0, 0x0, 0x0, 0x16, 0xad, 0xef, 0xed, 0xb7,
    0x30, 0x0, 0x0, 0x0, 0x0, 0x0, 0x19, 0xff,
    0xff, 0xff, 0xff, 0xff, 0xfb, 0x30, 0x0, 0x0,
    0x0, 0x4, 0xef, 0xff, 0xff, 0xff, 0xff, 0xff,
    0xff, 0xf7, 0x0, 0x0, 0x0, 0x4f, 0xff, 0xff,
    0xff, 0xff, 0xff, 0xff, 0xff, 0xff, 0x80, 0x0,
    0x1, 0xff, 0xff, 0xff, 0xff, 0xff, 0xff, 0xff,
    0xff, 0xff, 0xf5, 0x0, 0x9, 0xff, 0xff, 0xff,
    0xff, 0xed, 0xef, 0xff, 0xff, 0xff, 0xfe, 0x0,
    0x1f, 0xff, 0xff, 0xff, 0xd3, 0x0, 0x2, 0xaf,
    0xff, 0xff, 0xff, 0x60, 0x5f, 0xff, 0xff, 0xfd,
    0x10, 0x0, 0x0, 0x9, 0xff, 0xff, 0xff, 0xa0,
    0x9f, 0xff, 0xff, 0xf5, 0x0, 0x0, 0x0, 0x1,
    0xff, 0xff, 0xff, 0xe0, 0xbf, 0xff, 0xff, 0xf1,
    0x0, 0x0, 0x0, 0x0, 0xcf, 0xff, 0xff, 0xf0,
    0xcf, 0xff, 0xff, 0xf0, 0x0, 0x0, 0x0, 0x0,
    0xaf, 0xff, 0xff, 0xf1, 0xcf, 0xff, 0xff, 0xf0,
    0x0, 0x0, 0x0, 0x0, 0xaf, 0xff, 0xff, 0xf1,
    0xcf, 0xff, 0xff, 0xf0, 0x0, 0x0, 0x0, 0x0,
    0xaf, 0xff, 0xff, 0xf1, 0xcf, 0xff, 0xff, 0xf0,
    0x0, 0x0, 0x0, 0x0, 0xaf, 0xff, 0xff, 0xf1,
    0xcf, 0xff, 0xff, 0xf0, 0x0, 0x0, 0x0, 0x0,
    0xaf, 0xff, 0xff, 0xf1, 0xcf, 0xff, 0xff, 0xf0,
    0x0, 0x0, 0x0, 0x0, 0xaf, 0xff, 0xff, 0xf1,
    0xcf, 0xff, 0xff, 0xf0, 0x0, 0x0, 0x0, 0x0,
    0xaf, 0xff, 0xff, 0xf1, 0xcf, 0xff, 0xff, 0xf0,
    0x0, 0x0, 0x0, 0x0, 0xaf, 0xff, 0xff, 0xf1,
    0xcf, 0xff, 0xff, 0xf0, 0x0, 0x0, 0x0, 0x0,
    0xaf, 0xff, 0xff, 0xf1, 0xcf, 0xff, 0xff, 0xf0,
    0x0, 0x0, 0x0, 0x0, 0xaf, 0xff, 0xff, 0xf1,
    0xcf, 0xff, 0xff, 0xf0, 0x0, 0x0, 0x0, 0x0,
    0xaf, 0xff, 0xff, 0xf1, 0xcf, 0xff, 0xff, 0xf0,
    0x0, 0x0, 0x0, 0x0, 0xaf, 0xff, 0xff, 0xf1,
    0xcf, 0xff, 0xff, 0xf0, 0x0, 0x0, 0x0, 0x0,
    0xaf, 0xff, 0xff, 0xf1, 0xcf, 0xff, 0xff, 0xf0,
    0x0, 0x0, 0x0, 0x0, 0xaf, 0xff, 0xff, 0xf1,
    0xbf, 0xff, 0xff, 0xf1, 0x0, 0x0, 0x0, 0x0,
    0xcf, 0xff, 0xff, 0xf0, 0x9f, 0xff, 0xff, 0xf5,
    0x0, 0x0, 0x0, 0x1, 0xff, 0xff, 0xff, 0xe0,
    0x5f, 0xff, 0xff, 0xfd, 0x0, 0x0, 0x0, 0x9,
    0xff, 0xff, 0xff, 0xa0, 0x1f, 0xff, 0xff, 0xff,
    0xd3, 0x0, 0x2, 0xaf, 0xff, 0xff, 0xff, 0x50,
    0x9, 0xff, 0xff, 0xff, 0xff, 0xed, 0xdf, 0xff,
    0xff, 0xff, 0xfd, 0x0, 0x1, 0xef, 0xff, 0xff,
    0xff, 0xff, 0xff, 0xff, 0xff, 0xff, 0xf5, 0x0,
    0x0, 0x3f, 0xff, 0xff, 0xff, 0xff, 0xff, 0xff,
    0xff, 0xff, 0x80, 0x0, 0x0, 0x4, 0xef, 0xff,
    0xff, 0xff, 0xff, 0xff, 0xff, 0xf7, 0x0, 0x0,
    0x0, 0x0, 0x19, 0xff, 0xff, 0xff, 0xff, 0xff,
    0xfb, 0x30, 0x0, 0x0, 0x0, 0x0, 0x0, 0x16,
    0xad, 0xef, 0xfd, 0xb7, 0x30, 0x0, 0x0, 0x0,

    /* U+0031 "1" */
    0x0, 0x0, 0x18, 0xef, 0xff, 0xff, 0xf3, 0x0,
    0x29, 0xff, 0xff, 0xff, 0xff, 0xf4, 0xa, 0xff,
    0xff, 0xff, 0xff, 0xff, 0xf4, 0x4f, 0xff, 0xff,
    0xff, 0xff, 0xff, 0xf4, 0x3f, 0xff, 0xff, 0xff,
    0xff, 0xff, 0xf4, 0x3f, 0xff, 0xff, 0xff, 0xff,
    0xff, 0xf4, 0x2f, 0xff, 0xfc, 0xcf, 0xff, 0xff,
    0xf4, 0x1c, 0x94, 0x0, 0x7f, 0xff, 0xff, 0xf4,
    0x0, 0x0, 0x0, 0x7f, 0xff, 0xff, 0xf4, 0x0,
    0x0, 0x0, 0x7f, 0xff, 0xff, 0xf4, 0x0, 0x0,
    0x0, 0x7f, 0xff, 0xff, 0xf4, 0x0, 0x0, 0x0,
    0x7f, 0xff, 0xff, 0xf4, 0x0, 0x0, 0x0, 0x7f,
    0xff, 0xff, 0xf4, 0x0, 0x0, 0x0, 0x7f, 0xff,
    0xff, 0xf4, 0x0, 0x0, 0x0, 0x7f, 0xff, 0xff,
    0xf4, 0x0, 0x0, 0x0, 0x7f, 0xff, 0xff, 0xf4,
    0x0, 0x0, 0x0, 0x7f, 0xff, 0xff, 0xf4, 0x0,
    0x0, 0x0, 0x7f, 0xff, 0xff, 0xf4, 0x0, 0x0,
    0x0, 0x7f, 0xff, 0xff, 0xf4, 0x0, 0x0, 0x0,
    0x7f, 0xff, 0xff, 0xf4, 0x0, 0x0, 0x0, 0x7f,
    0xff, 0xff, 0xf4, 0x0, 0x0, 0x0, 0x7f, 0xff,
    0xff, 0xf4, 0x0, 0x0, 0x0, 0x7f, 0xff, 0xff,
    0xf4, 0x0, 0x0, 0x0, 0x7f, 0xff, 0xff, 0xf4,
    0x0, 0x0, 0x0, 0x7f, 0xff, 0xff, 0xf4, 0x0,
    0x0, 0x0, 0x7f, 0xff, 0xff, 0xf4, 0x0, 0x0,
    0x0, 0x7f, 0xff, 0xff, 0xf4, 0x0, 0x0, 0x0,
    0x7f, 0xff, 0xff, 0xf4, 0x0, 0x0, 0x0, 0x7f,
    0xff, 0xff, 0xf4, 0x0, 0x0, 0x0, 0x7f, 0xff,
    0xff, 0xf4, 0x0, 0x0, 0x0, 0x7f, 0xff, 0xff,
    0xf4, 0x0, 0x0, 0x0, 0x7f, 0xff, 0xff, 0xf4,
    0x0, 0x0, 0x0, 0x7f, 0xff, 0xff, 0xf4, 0x0,
    0x0, 0x0, 0x6f, 0xff, 0xff, 0xf3,

    /* U+0032 "2" */
    0x0, 0x0, 0x0, 0x4, 0x9c, 0xef, 0xfe, 0xc9,
    0x50, 0x0, 0x0, 0x0, 0x0, 0x0, 0x5, 0xdf,
    0xff, 0xff, 0xff, 0xff, 0xfe, 0x70, 0x0, 0x0,
    0x0, 0x0, 0xbf, 0xff, 0xff, 0xff, 0xff, 0xff,
    0xff, 0xfc, 0x10, 0x0, 0x0, 0xc, 0xff, 0xff,
    0xff, 0xff, 0xff, 0xff, 0xff, 0xff, 0xd1, 0x0,
    0x0, 0xaf, 0xff, 0xff, 0xff, 0xff, 0xff, 0xff,
    0xff, 0xff, 0xfb, 0x0, 0x3, 0xff, 0xff, 0xff,
    0xff, 0xfd, 0xdf, 0xff, 0xff, 0xff, 0xff, 0x50,
    0x9, 0xff, 0xff, 0xff, 0xf8, 0x10, 0x0, 0x6f,
    0xff, 0xff, 0xff, 0xc0, 0xd, 0xff, 0xff, 0xff,
    0x70, 0x0, 0x0, 0x4, 0xff, 0xff, 0xff, 0xf0,
    0xf, 0xff, 0xff, 0xff, 0x0, 0x0, 0x0, 0x0,
    0xcf, 0xff, 0xff, 0xf3, 0xf, 0xff, 0xff, 0xfc,
    0x0, 0x0, 0x0, 0x0, 0x9f, 0xff, 0xff, 0xf4,
    0xf, 0xff, 0xff, 0xfc, 0x0, 0x0, 0x0, 0x0,
    0xbf, 0xff, 0xff, 0xf3, 0x7, 0x88, 0x88, 0x85,
    0x0, 0x0, 0x0, 0x1, 0xff, 0xff, 0xff, 0xf0,
    0x0, 0x0, 0x0, 0x0, 0x0, 0x0, 0x0, 0x9,
    0xff, 0xff, 0xff, 0xb0, 0x0, 0x0, 0x0, 0x0,
    0x0, 0x0, 0x0, 0x4f, 0xff, 0xff, 0xff, 0x50,
    0x0, 0x0, 0x0, 0x0, 0x0, 0x0, 0x1, 0xef,
    0xff, 0xff, 0xfd, 0x0, 0x0, 0x0, 0x0, 0x0,
    0x0, 0x0, 0xc, 0xff, 0xff, 0xff, 0xf3, 0x0,
    0x0, 0x0, 0x0, 0x0, 0x0, 0x0, 0xaf, 0xff,
    0xff, 0xff, 0x80, 0x0, 0x0, 0x0, 0x0, 0x0,
    0x0, 0x8, 0xff, 0xff, 0xff, 0xfc, 0x0, 0x0,
    0x0, 0x0, 0x0, 0x0, 0x0, 0x7f, 0xff, 0xff,
    0xff, 0xe1, 0x0, 0x0, 0x0, 0x0, 0x0, 0x0,
    0x5, 0xff, 0xff, 0xff, 0xff, 0x20, 0x0, 0x0,
    0x0, 0x0, 0x0, 0x0, 0x4f, 0xff, 0xff, 0xff,
    0xf4, 0x0, 0x0, 0x0, 0x0, 0x0, 0x0, 0x3,
    0xff, 0xff, 0xff, 0xff, 0x60, 0x0, 0x0, 0x0,
    0x0, 0x0, 0x0, 0x2e, 0xff, 0xff, 0xff, 0xf7,
    0x0, 0x0, 0x0, 0x0, 0x0, 0x0, 0x1, 0xdf,
    0xff, 0xff, 0xff, 0x80, 0x0, 0x0, 0x0, 0x0,
    0x0, 0x0, 0x1d, 0xff, 0xff, 0xff, 0xf8, 0x0,
    0x0, 0x0, 0x0, 0x0, 0x0, 0x0, 0xcf, 0xff,
    0xff, 0xff, 0x90, 0x0, 0x0, 0x0, 0x0, 0x0,
    0x0, 0xc, 0xff, 0xff, 0xff, 0xf9, 0x0, 0x0,
    0x0, 0x0, 0x0, 0x0, 0x0, 0xbf, 0xff, 0xff,
    0xff, 0x90, 0x0, 0x0, 0x0, 0x0, 0x0, 0x0,
    0xa, 0xff, 0xff, 0xff, 0xff, 0xdc, 0xcc, 0xcc,
    0xcc, 0xcc, 0xcc, 0xc9, 0xd, 0xff, 0xff, 0xff,
    0xff, 0xff, 0xff, 0xff, 0xff, 0xff, 0xff, 0xfe,
    0xd, 0xff, 0xff, 0xff, 0xff, 0xff, 0xff, 0xff,
    0xff, 0xff, 0xff, 0xfe, 0xd, 0xff, 0xff, 0xff,
    0xff, 0xff, 0xff, 0xff, 0xff, 0xff, 0xff, 0xfe,
    0xd, 0xff, 0xff, 0xff, 0xff, 0xff, 0xff, 0xff,
    0xff, 0xff, 0xff, 0xfe, 0xb, 0xff, 0xff, 0xff,
    0xff, 0xff, 0xff, 0xff, 0xff, 0xff, 0xff, 0xfd,

    /* U+0033 "3" */
    0xa, 0xff, 0xff, 0xff, 0xff, 0xff, 0xff, 0xff,
    0xff, 0xff, 0xff, 0x50, 0xcf, 0xff, 0xff, 0xff,
    0xff, 0xff, 0xff, 0xff, 0xff, 0xff, 0xf6, 0xc,
    0xff, 0xff, 0xff, 0xff, 0xff, 0xff, 0xff, 0xff,
    0xff, 0xff, 0x60, 0xcf, 0xff, 0xff, 0xff, 0xff,
    0xff, 0xff, 0xff, 0xff, 0xff, 0xf6, 0xc, 0xff,
    0xff, 0xff, 0xff, 0xff, 0xff, 0xff, 0xff, 0xff,
    0xff, 0x60, 0x9f, 0xff, 0xff, 0xff, 0xff, 0xff,
    0xff, 0xff, 0xff, 0xff, 0xf6, 0x0, 0x0, 0x0,
    0x0, 0x0, 0x0, 0x6f, 0xff, 0xff, 0xff, 0xfe,
    0x20, 0x0, 0x0, 0x0, 0x0, 0x0, 0x8f, 0xff,
    0xff, 0xff, 0xfe, 0x20, 0x0, 0x0, 0x0, 0x0,
    0x0, 0xaf, 0xff, 0xff, 0xff, 0xfd, 0x20, 0x0,
    0x0, 0x0, 0x0, 0x0, 0xbf, 0xff, 0xff, 0xff,
    0xfc, 0x10, 0x0, 0x0, 0x0, 0x0, 0x1, 0xcf,
    0xff, 0xff, 0xff, 0xfb, 0x0, 0x0, 0x0, 0x0,
    0x0, 0x2, 0xdf, 0xff, 0xff, 0xff, 0xfa, 0x0,
    0x0, 0x0, 0x0, 0x0, 0x3, 0xef, 0xff, 0xff,
    0xff, 0xfe, 0x30, 0x0, 0x0, 0x0, 0x0, 0x0,
    0x7f, 0xff, 0xff, 0xff, 0xff, 0xff, 0xd5, 0x0,
    0x0, 0x0, 0x0, 0x0, 0xdf, 0xff, 0xff, 0xff,
    0xff, 0xff, 0xfa, 0x0, 0x0, 0x0, 0x0, 0x2,
    0xff, 0xff, 0xff, 0xff, 0xff, 0xff, 0xfa, 0x0,
    0x0, 0x0, 0x0, 0x7, 0xff, 0xd8, 0xae, 0xff,
    0xff, 0xff, 0xf4, 0x0, 0x0, 0x0, 0x0, 0xa,
    0x70, 0x0, 0xa, 0xff, 0xff, 0xff, 0xd0, 0x0,
    0x0, 0x0, 0x0, 0x0, 0x0, 0x0, 0xd, 0xff,
    0xff, 0xff, 0x20, 0x0, 0x0, 0x0, 0x0, 0x0,
    0x0, 0x0, 0x7f, 0xff, 0xff, 0xf7, 0x0, 0x0,
    0x0, 0x0, 0x0, 0x0, 0x0, 0x2, 0xff, 0xff,
    0xff, 0xa0, 0x0, 0x0, 0x0, 0x0, 0x0, 0x0,
    0x0, 0xf, 0xff, 0xff, 0xfc, 0x16, 0x66, 0x66,
    0x61, 0x0, 0x0, 0x0, 0x0, 0xff, 0xff, 0xff,
    0xd6, 0xff, 0xff, 0xff, 0x70, 0x0, 0x0, 0x0,
    0xf, 0xff, 0xff, 0xfc, 0x4f, 0xff, 0xff, 0xfa,
    0x0, 0x0, 0x0, 0x3, 0xff, 0xff, 0xff, 0xb1,
    0xff, 0xff, 0xff, 0xe0, 0x0, 0x0, 0x0, 0x8f,
    0xff, 0xff, 0xf8, 0xd, 0xff, 0xff, 0xff, 0x70,
    0x0, 0x0, 0x1e, 0xff, 0xff, 0xff, 0x40, 0x8f,
    0xff, 0xff, 0xff, 0x70, 0x0, 0x3d, 0xff, 0xff,
    0xff, 0xe0, 0x1, 0xff, 0xff, 0xff, 0xff, 0xfd,
    0xef, 0xff, 0xff, 0xff, 0xf8, 0x0, 0x6, 0xff,
    0xff, 0xff, 0xff, 0xff, 0xff, 0xff, 0xff, 0xfd,
    0x0, 0x0, 0x9, 0xff, 0xff, 0xff, 0xff, 0xff,
    0xff, 0xff, 0xff, 0x30, 0x0, 0x0, 0x8, 0xff,
    0xff, 0xff, 0xff, 0xff, 0xff, 0xfe, 0x30, 0x0,
    0x0, 0x0, 0x4, 0xdf, 0xff, 0xff, 0xff, 0xff,
    0xf9, 0x10, 0x0, 0x0, 0x0, 0x0, 0x0, 0x49,
    0xce, 0xff, 0xeb, 0x71, 0x0, 0x0, 0x0,

    /* U+0034 "4" */
    0x0, 0x0, 0x0, 0x0, 0x9, 0xff, 0xff, 0xff,
    0x60, 0x0, 0x0, 0x0, 0x0, 0x0, 0x0, 0x0,
    0x0, 0x1f, 0xff, 0xff, 0xff, 0x10, 0x0, 0x0,
    0x0, 0x0, 0x0, 0x0, 0x0, 0x0, 0x8f, 0xff,
    0xff, 0xfa, 0x0, 0x0, 0x0, 0x0, 0x0, 0x0,
    0x0, 0x0, 0x0, 0xef, 0xff, 0xff, 0xf3, 0x0,
    0x0, 0x0, 0x0, 0x0, 0x0, 0x0, 0x0, 0x6,
    0xff, 0xff, 0xff, 0xc0, 0x0, 0x0, 0x0, 0x0,
    0x0, 0x0, 0x0, 0x0, 0xd, 0xff, 0xff, 0xff,
    0x50, 0x0, 0x0, 0x0, 0x0, 0x0, 0x0, 0x0,
    0x0, 0x5f, 0xff, 0xff, 0xfd, 0x0, 0x0, 0x0,
    0x0, 0x0, 0x0, 0x0, 0x0, 0x0, 0xcf, 0xff,
    0xff, 0xf7, 0x0, 0x0, 0x0, 0x0, 0x0, 0x0,
    0x0, 0x0, 0x3, 0xff, 0xff, 0xff, 0xf0, 0x0,
    0x0, 0x0, 0x0, 0x0, 0x0, 0x0, 0x0, 0xa,
    0xff, 0xff, 0xff, 0x80, 0x0, 0x0, 0x0, 0x0,
    0x0, 0x0, 0x0, 0x0, 0x1f, 0xff, 0xff, 0xff,
    0x10, 0x0, 0x0, 0x0, 0x0, 0x0, 0x0, 0x0,
    0x0, 0x8f, 0xff, 0xff, 0xfa, 0x0, 0x0, 0x0,
    0x0, 0x0, 0x0, 0x0, 0x0, 0x0, 0xef, 0xff,
    0xff, 0xf3, 0x0, 0x0, 0x35, 0x55, 0x55, 0x30,
    0x0, 0x0, 0x6, 0xff, 0xff, 0xff, 0xc0, 0x0,
    0x0, 0xdf, 0xff, 0xff, 0xe0, 0x0, 0x0, 0xd,
    0xff, 0xff, 0xff, 0x50, 0x0, 0x0, 0xdf, 0xff,
    0xff, 0xe0, 0x0, 0x0, 0x5f, 0xff, 0xff, 0xfd,
    0x0, 0x0, 0x0, 0xdf, 0xff, 0xff, 0xe0, 0x0,
    0x0, 0xcf, 0xff, 0xff, 0xf7, 0x0, 0x0, 0x0,
    0xdf, 0xff, 0xff, 0xe0, 0x0, 0x3, 0xff, 0xff,
    0xff, 0xf0, 0x0, 0x0, 0x0, 0xdf, 0xff, 0xff,
    0xe0, 0x0, 0xa, 0xff, 0xff, 0xff, 0x90, 0x0,
    0x0, 0x0, 0xef, 0xff, 0xff, 0xe0, 0x0, 0x1f,
    0xff, 0xff, 0xff, 0xff, 0xff, 0xff, 0xff, 0xff,
    0xff, 0xff, 0xff, 0xfa, 0x6f, 0xff, 0xff, 0xff,
    0xff, 0xff, 0xff, 0xff, 0xff, 0xff, 0xff, 0xff,
    0xfc, 0x6f, 0xff, 0xff, 0xff, 0xff, 0xff, 0xff,
    0xff, 0xff, 0xff, 0xff, 0xff, 0xfc, 0x6f, 0xff,
    0xff, 0xff, 0xff, 0xff, 0xff, 0xff, 0xff, 0xff,
    0xff, 0xff, 0xfc, 0x6f, 0xff, 0xff, 0xff, 0xff,
    0xff, 0xff, 0xff, 0xff, 0xff, 0xff, 0xff, 0xfc,
    0x5f, 0xff, 0xff, 0xff, 0xff, 0xff, 0xff, 0xff,
    0xff, 0xff, 0xff, 0xff, 0xfa, 0x0, 0x0, 0x0,
    0x0, 0x0, 0x0, 0x0, 0x0, 0xef, 0xff, 0xff,
    0xe0, 0x0, 0x0, 0x0, 0x0, 0x0, 0x0, 0x0,
    0x0, 0x0, 0xdf, 0xff, 0xff, 0xe0, 0x0, 0x0,
    0x0, 0x0, 0x0, 0x0, 0x0, 0x0, 0x0, 0xdf,
    0xff, 0xff, 0xe0, 0x0, 0x0, 0x0, 0x0, 0x0,
    0x0, 0x0, 0x0, 0x0, 0xdf, 0xff, 0xff, 0xe0,
    0x0, 0x0, 0x0, 0x0, 0x0, 0x0, 0x0, 0x0,
    0x0, 0xdf, 0xff, 0xff, 0xe0, 0x0, 0x0, 0x0,
    0x0, 0x0, 0x0, 0x0, 0x0, 0x0, 0xdf, 0xff,
    0xff, 0xe0, 0x0, 0x0, 0x0, 0x0, 0x0, 0x0,
    0x0, 0x0, 0x0, 0xdf, 0xff, 0xff, 0xe0, 0x0,
    0x0, 0x0, 0x0, 0x0, 0x0, 0x0, 0x0, 0x0,
    0xdf, 0xff, 0xff, 0xe0, 0x0, 0x0, 0x0, 0x0,
    0x0, 0x0, 0x0, 0x0, 0x0, 0xcf, 0xff, 0xff,
    0xc0, 0x0,

    /* U+0035 "5" */
    0xcf, 0xff, 0xff, 0xff, 0xff, 0xff, 0xff, 0xff,
    0xff, 0xff, 0xf0, 0xe, 0xff, 0xff, 0xff, 0xff,
    0xff, 0xff, 0xff, 0xff, 0xff, 0xff, 0x10, 0xef,
    0xff, 0xff, 0xff, 0xff, 0xff, 0xff, 0xff, 0xff,
    0xff, 0xf1, 0xe, 0xff, 0xff, 0xff, 0xff, 0xff,
    0xff, 0xff, 0xff, 0xff, 0xff, 0x10, 0xef, 0xff,
    0xff, 0xff, 0xff, 0xff, 0xff, 0xff, 0xff, 0xff,
    0xf1, 0xe, 0xff, 0xff, 0xff, 0xcc, 0xcc, 0xcc,
    0xcc, 0xcc, 0xcc, 0xcb, 0x0, 0xef, 0xff, 0xff,
    0xd0, 0x0, 0x0, 0x0, 0x0, 0x0, 0x0, 0x0,
    0xe, 0xff, 0xff, 0xfd, 0x0, 0x0, 0x0, 0x0,
    0x0, 0x0, 0x0, 0x0, 0xef, 0xff, 0xff, 0xd0,
    0x0, 0x0, 0x0, 0x0, 0x0, 0x0, 0x0, 0xe,
    0xff, 0xff, 0xfd, 0x0, 0x0, 0x0, 0x0, 0x0,
    0x0, 0x0, 0x0, 0xef, 0xff, 0xff, 0xd0, 0x0,
    0x0, 0x0, 0x0, 0x0, 0x0, 0x0, 0xe, 0xff,
    0xff, 0xfd, 0x0, 0x0, 0x0, 0x0, 0x0, 0x0,
    0x0, 0x0, 0xef, 0xff, 0xff, 0xd0, 0x4a, 0xdf,
    0xfe, 0xb7, 0x10, 0x0, 0x0, 0xe, 0xff, 0xff,
    0xfe, 0xcf, 0xff, 0xff, 0xff, 0xff, 0x90, 0x0,
    0x0, 0xef, 0xff, 0xff, 0xff, 0xff, 0xff, 0xff,
    0xff, 0xff, 0xd2, 0x0, 0xe, 0xff, 0xff, 0xff,
    0xff, 0xff, 0xff, 0xff, 0xff, 0xff, 0xd1, 0x0,
    0xef, 0xff, 0xff, 0xff, 0xff, 0xff, 0xff, 0xff,
    0xff, 0xff, 0xa0, 0xe, 0xff, 0xff, 0xff, 0xff,
    0xfe, 0xef, 0xff, 0xff, 0xff, 0xff, 0x20, 0xef,
    0xff, 0xff, 0xff, 0xa2, 0x0, 0x18, 0xff, 0xff,
    0xff, 0xf9, 0xe, 0xff, 0xff, 0xff, 0x90, 0x0,
    0x0, 0x8, 0xff, 0xff, 0xff, 0xd0, 0x69, 0x99,
    0x99, 0x80, 0x0, 0x0, 0x0, 0x1f, 0xff, 0xff,
    0xff, 0x0, 0x0, 0x0, 0x0, 0x0, 0x0, 0x0,
    0x0, 0xcf, 0xff, 0xff, 0xf2, 0x0, 0x0, 0x0,
    0x0, 0x0, 0x0, 0x0, 0xa, 0xff, 0xff, 0xff,
    0x30, 0x0, 0x0, 0x0, 0x0, 0x0, 0x0, 0x0,
    0xaf, 0xff, 0xff, 0xf3, 0xac, 0xcc, 0xcc, 0xb0,
    0x0, 0x0, 0x0, 0xd, 0xff, 0xff, 0xff, 0x2c,
    0xff, 0xff, 0xff, 0x50, 0x0, 0x0, 0x2, 0xff,
    0xff, 0xff, 0xf0, 0x7f, 0xff, 0xff, 0xfd, 0x0,
    0x0, 0x0, 0xbf, 0xff, 0xff, 0xfb, 0x3, 0xff,
    0xff, 0xff, 0xfc, 0x20, 0x1, 0xaf, 0xff, 0xff,
    0xff, 0x60, 0xb, 0xff, 0xff, 0xff, 0xff, 0xee,
    0xff, 0xff, 0xff, 0xff, 0xf0, 0x0, 0x2f, 0xff,
    0xff, 0xff, 0xff, 0xff, 0xff, 0xff, 0xff, 0xf6,
    0x0, 0x0, 0x5f, 0xff, 0xff, 0xff, 0xff, 0xff,
    0xff, 0xff, 0xf9, 0x0, 0x0, 0x0, 0x5f, 0xff,
    0xff, 0xff, 0xff, 0xff, 0xff, 0xf8, 0x0, 0x0,
    0x0, 0x0, 0x2b, 0xff, 0xff, 0xff, 0xff, 0xff,
    0xd4, 0x0, 0x0, 0x0, 0x0, 0x0, 0x2, 0x7b,
    0xef, 0xfe, 0xc9, 0x30, 0x0, 0x0, 0x0,

    /* U+0036 "6" */
    0x0, 0x0, 0x1, 0x6a, 0xde, 0xff, 0xec, 0x83,
    0x0, 0x0, 0x0, 0x0, 0x0, 0x19, 0xff, 0xff,
    0xff, 0xff, 0xff, 0xfd, 0x40, 0x0, 0x0, 0x0,
    0x3e, 0xff, 0xff, 0xff, 0xff, 0xff, 0xff, 0xff,
    0x90, 0x0, 0x0, 0x2f, 0xff, 0xff, 0xff, 0xff,
    0xff, 0xff, 0xff, 0xff, 0x90, 0x0, 0xd, 0xff,
    0xff, 0xff, 0xff, 0xff, 0xff, 0xff, 0xff, 0xff,
    0x40, 0x5, 0xff, 0xff, 0xff, 0xff, 0xfd, 0xdf,
    0xff, 0xff, 0xff, 0xfc, 0x0, 0xbf, 0xff, 0xff,
    0xff, 0x70, 0x0, 0x2c, 0xff, 0xff, 0xff, 0xf1,
    0xe, 0xff, 0xff, 0xff, 0x60, 0x0, 0x0, 0xe,
    0xff, 0xff, 0xff, 0x40, 0xff, 0xff, 0xff, 0xe0,
    0x0, 0x0, 0x0, 0x8f, 0xff, 0xff, 0xf5, 0xf,
    0xff, 0xff, 0xfc, 0x0, 0x0, 0x0, 0x6, 0xff,
    0xff, 0xff, 0x50, 0xff, 0xff, 0xff, 0xc0, 0x0,
    0x0, 0x0, 0x15, 0x55, 0x55, 0x50, 0xf, 0xff,
    0xff, 0xfc, 0x0, 0x0, 0x0, 0x0, 0x0, 0x0,
    0x0, 0x0, 0xff, 0xff, 0xff, 0xc0, 0x4, 0x79,
    0xa9, 0x62, 0x0, 0x0, 0x0, 0xf, 0xff, 0xff,
    0xfc, 0x4d, 0xff, 0xff, 0xff, 0xfc, 0x40, 0x0,
    0x0, 0xff, 0xff, 0xff, 0xff, 0xff, 0xff, 0xff,
    0xff, 0xff, 0x90, 0x0, 0xf, 0xff, 0xff, 0xff,
    0xff, 0xff, 0xff, 0xff, 0xff, 0xff, 0xa0, 0x0,
    0xff, 0xff, 0xff, 0xff, 0xff, 0xff, 0xff, 0xff,
    0xff, 0xff, 0x70, 0xf, 0xff, 0xff, 0xff, 0xff,
    0xff, 0xff, 0xff, 0xff, 0xff, 0xff, 0x10, 0xff,
    0xff, 0xff, 0xff, 0xc4, 0x10, 0x3b, 0xff, 0xff,
    0xff, 0xf7, 0xf, 0xff, 0xff, 0xff, 0xd0, 0x0,
    0x0, 0xa, 0xff, 0xff, 0xff, 0xc0, 0xff, 0xff,
    0xff, 0xf5, 0x0, 0x0, 0x0, 0x1f, 0xff, 0xff,
    0xff, 0xf, 0xff, 0xff, 0xff, 0x0, 0x0, 0x0,
    0x0, 0xcf, 0xff, 0xff, 0xf1, 0xff, 0xff, 0xff,
    0xe0, 0x0, 0x0, 0x0, 0xa, 0xff, 0xff, 0xff,
    0x2f, 0xff, 0xff, 0xfd, 0x0, 0x0, 0x0, 0x0,
    0xaf, 0xff, 0xff, 0xf2, 0xdf, 0xff, 0xff, 0xf0,
    0x0, 0x0, 0x0, 0xc, 0xff, 0xff, 0xff, 0xb,
    0xff, 0xff, 0xff, 0x40, 0x0, 0x0, 0x1, 0xff,
    0xff, 0xff, 0xf0, 0x7f, 0xff, 0xff, 0xfb, 0x0,
    0x0, 0x0, 0x9f, 0xff, 0xff, 0xfb, 0x2, 0xff,
    0xff, 0xff, 0xfa, 0x10, 0x1, 0x9f, 0xff, 0xff,
    0xff, 0x60, 0xb, 0xff, 0xff, 0xff, 0xff, 0xed,
    0xff, 0xff, 0xff, 0xff, 0xe0, 0x0, 0x2f, 0xff,
    0xff, 0xff, 0xff, 0xff, 0xff, 0xff, 0xff, 0xf6,
    0x0, 0x0, 0x5f, 0xff, 0xff, 0xff, 0xff, 0xff,
    0xff, 0xff, 0xf9, 0x0, 0x0, 0x0, 0x5f, 0xff,
    0xff, 0xff, 0xff, 0xff, 0xff, 0xf8, 0x0, 0x0,
    0x0, 0x0, 0x2b, 0xff, 0xff, 0xff, 0xff, 0xff,
    0xd4, 0x0, 0x0, 0x0, 0x0, 0x0, 0x2, 0x8b,
    0xef, 0xfe, 0xc9, 0x40, 0x0, 0x0, 0x0,

    /* U+0037 "7" */
    0xe, 0xff, 0xff, 0xff, 0xff, 0xff, 0xff, 0xff,
    0xff, 0xff, 0xff, 0xf1, 0xf, 0xff, 0xff, 0xff,
    0xff, 0xff, 0xff, 0xff, 0xff, 0xff, 0xff, 0xf2,
    0xf, 0xff, 0xff, 0xff, 0xff, 0xff, 0xff, 0xff,
    0xff, 0xff, 0xff, 0xf2, 0xf, 0xff, 0xff, 0xff,
    0xff, 0xff, 0xff, 0xff, 0xff, 0xff, 0xff, 0xf2,
    0xf, 0xff, 0xff, 0xff, 0xff, 0xff, 0xff, 0xff,
    0xff, 0xff, 0xff, 0xf2, 0xf, 0xff, 0xff, 0xec,
    0xcc, 0xcc, 0xcc, 0xcd, 0xff, 0xff, 0xff, 0xf1,
    0xf, 0xff, 0xff, 0x70, 0x0, 0x0, 0x0, 0x4,
    0xff, 0xff, 0xff, 0xd0, 0xf, 0xff, 0xff, 0x70,
    0x0, 0x0, 0x0, 0xa, 0xff, 0xff, 0xff, 0x70,
    0xc, 0xdd, 0xdd, 0x50, 0x0, 0x0, 0x0, 0x1f,
    0xff, 0xff, 0xff, 0x10, 0x0, 0x0, 0x0, 0x0,
    0x0, 0x0, 0x0, 0x6f, 0xff, 0xff, 0xfb, 0x0,
    0x0, 0x0, 0x0, 0x0, 0x0, 0x0, 0x0, 0xcf,
    0xff, 0xff, 0xf5, 0x0, 0x0, 0x0, 0x0, 0x0,
    0x0, 0x0, 0x2, 0xff, 0xff, 0xff, 0xe0, 0x0,
    0x0, 0x0, 0x0, 0x0, 0x0, 0x0, 0x9, 0xff,
    0xff, 0xff, 0x90, 0x0, 0x0, 0x0, 0x0, 0x0,
    0x0, 0x0, 0xe, 0xff, 0xff, 0xff, 0x30, 0x0,
    0x0, 0x0, 0x0, 0x0, 0x0, 0x0, 0x5f, 0xff,
    0xff, 0xfd, 0x0, 0x0, 0x0, 0x0, 0x0, 0x0,
    0x0, 0x0, 0xbf, 0xff, 0xff, 0xf7, 0x0, 0x0,
    0x0, 0x0, 0x0, 0x0, 0x0, 0x1, 0xff, 0xff,
    0xff, 0xf1, 0x0, 0x0, 0x0, 0x0, 0x0, 0x0,
    0x0, 0x7, 0xff, 0xff, 0xff, 0xb0, 0x0, 0x0,
    0x0, 0x0, 0x0, 0x0, 0x0, 0xd, 0xff, 0xff,
    0xff, 0x50, 0x0, 0x0, 0x0, 0x0, 0x0, 0x0,
    0x0, 0x3f, 0xff, 0xff, 0xfe, 0x0, 0x0, 0x0,
    0x0, 0x0, 0x0, 0x0, 0x0, 0xaf, 0xff, 0xff,
    0xf8, 0x0, 0x0, 0x0, 0x0, 0x0, 0x0, 0x0,
    0x0, 0xff, 0xff, 0xff, 0xf2, 0x0, 0x0, 0x0,
    0x0, 0x0, 0x0, 0x0, 0x6, 0xff, 0xff, 0xff,
    0xc0, 0x0, 0x0, 0x0, 0x0, 0x0, 0x0, 0x0,
    0xc, 0xff, 0xff, 0xff, 0x60, 0x0, 0x0, 0x0,
    0x0, 0x0, 0x0, 0x0, 0x2f, 0xff, 0xff, 0xff,
    0x10, 0x0, 0x0, 0x0, 0x0, 0x0, 0x0, 0x0,
    0x8f, 0xff, 0xff, 0xfa, 0x0, 0x0, 0x0, 0x0,
    0x0, 0x0, 0x0, 0x0, 0xef, 0xff, 0xff, 0xf4,
    0x0, 0x0, 0x0, 0x0, 0x0, 0x0, 0x0, 0x4,
    0xff, 0xff, 0xff, 0xe0, 0x0, 0x0, 0x0, 0x0,
    0x0, 0x0, 0x0, 0xb, 0xff, 0xff, 0xff, 0x80,
    0x0, 0x0, 0x0, 0x0, 0x0, 0x0, 0x0, 0x1f,
    0xff, 0xff, 0xff, 0x20, 0x0, 0x0, 0x0, 0x0,
    0x0, 0x0, 0x0, 0x7f, 0xff, 0xff, 0xfc, 0x0,
    0x0, 0x0, 0x0, 0x0, 0x0, 0x0, 0x0, 0xdf,
    0xff, 0xff, 0xf6, 0x0, 0x0, 0x0, 0x0, 0x0,
    0x0, 0x0, 0x3, 0xff, 0xff, 0xff, 0xf0, 0x0,
    0x0, 0x0, 0x0, 0x0, 0x0, 0x0, 0x7, 0xff,
    0xff, 0xff, 0x90, 0x0, 0x0, 0x0, 0x0, 0x0,

    /* U+0038 "8" */
    0x0, 0x0, 0x0, 0x3, 0x8c, 0xdf, 0xfe, 0xc8,
    0x30, 0x0, 0x0, 0x0, 0x0, 0x0, 0x4, 0xcf,
    0xff, 0xff, 0xff, 0xff, 0xfc, 0x30, 0x0, 0x0,
    0x0, 0x0, 0x9f, 0xff, 0xff, 0xff, 0xff, 0xff,
    0xff, 0xf8, 0x0, 0x0, 0x0, 0x9, 0xff, 0xff,
    0xff, 0xff, 0xff, 0xff, 0xff, 0xff, 0x90, 0x0,
    0x0, 0x6f, 0xff, 0xff, 0xff, 0xff, 0xff, 0xff,
    0xff, 0xff, 0xf5, 0x0, 0x0, 0xef, 0xff, 0xff,
    0xff, 0xfd, 0xdf, 0xff, 0xff, 0xff, 0xfe, 0x0,
    0x5, 0xff, 0xff, 0xff, 0xf8, 0x10, 0x1, 0x8f,
    0xff, 0xff, 0xff, 0x50, 0x9, 0xff, 0xff, 0xff,
    0x90, 0x0, 0x0, 0x8, 0xff, 0xff, 0xff, 0x90,
    0xb, 0xff, 0xff, 0xff, 0x10, 0x0, 0x0, 0x1,
    0xff, 0xff, 0xff, 0xb0, 0xc, 0xff, 0xff, 0xff,
    0x0, 0x0, 0x0, 0x0, 0xff, 0xff, 0xff, 0xb0,
    0xb, 0xff, 0xff, 0xff, 0x0, 0x0, 0x0, 0x0,
    0xff, 0xff, 0xff, 0xa0, 0x7, 0xff, 0xff, 0xff,
    0x60, 0x0, 0x0, 0x6, 0xff, 0xff, 0xff, 0x60,
    0x2, 0xff, 0xff, 0xff, 0xf4, 0x0, 0x0, 0x4f,
    0xff, 0xff, 0xff, 0x10, 0x0, 0x9f, 0xff, 0xff,
    0xff, 0xda, 0xad, 0xff, 0xff, 0xff, 0xf7, 0x0,
    0x0, 0xc, 0xff, 0xff, 0xff, 0xff, 0xff, 0xff,
    0xff, 0xff, 0xa0, 0x0, 0x0, 0x0, 0xdf, 0xff,
    0xff, 0xff, 0xff, 0xff, 0xff, 0xfb, 0x0, 0x0,
    0x0, 0x6, 0xff, 0xff, 0xff, 0xff, 0xff, 0xff,
    0xff, 0xff, 0x50, 0x0, 0x0, 0x5f, 0xff, 0xff,
    0xff, 0xff, 0xff, 0xff, 0xff, 0xff, 0xf3, 0x0,
    0x1, 0xef, 0xff, 0xff, 0xfb, 0x30, 0x4, 0xbf,
    0xff, 0xff, 0xfd, 0x0, 0x7, 0xff, 0xff, 0xff,
    0xc0, 0x0, 0x0, 0xb, 0xff, 0xff, 0xff, 0x50,
    0xc, 0xff, 0xff, 0xff, 0x30, 0x0, 0x0, 0x2,
    0xff, 0xff, 0xff, 0xb0, 0xf, 0xff, 0xff, 0xfe,
    0x0, 0x0, 0x0, 0x0, 0xdf, 0xff, 0xff, 0xe0,
    0x2f, 0xff, 0xff, 0xfc, 0x0, 0x0, 0x0, 0x0,
    0xbf, 0xff, 0xff, 0xf1, 0x3f, 0xff, 0xff, 0xfb,
    0x0, 0x0, 0x0, 0x0, 0xbf, 0xff, 0xff, 0xf1,
    0x2f, 0xff, 0xff, 0xfd, 0x0, 0x0, 0x0, 0x0,
    0xdf, 0xff, 0xff, 0xf1, 0xf, 0xff, 0xff, 0xff,
    0x20, 0x0, 0x0, 0x2, 0xff, 0xff, 0xff, 0xf0,
    0xd, 0xff, 0xff, 0xff, 0xa0, 0x0, 0x0, 0xa,
    0xff, 0xff, 0xff, 0xc0, 0x8, 0xff, 0xff, 0xff,
    0xf9, 0x10, 0x1, 0x9f, 0xff, 0xff, 0xff, 0x70,
    0x2, 0xff, 0xff, 0xff, 0xff, 0xfd, 0xdf, 0xff,
    0xff, 0xff, 0xff, 0x10, 0x0, 0x8f, 0xff, 0xff,
    0xff, 0xff, 0xff, 0xff, 0xff, 0xff, 0xf6, 0x0,
    0x0, 0xb, 0xff, 0xff, 0xff, 0xff, 0xff, 0xff,
    0xff, 0xff, 0xa0, 0x0, 0x0, 0x0, 0xaf, 0xff,
    0xff, 0xff, 0xff, 0xff, 0xff, 0xfa, 0x0, 0x0,
    0x0, 0x0, 0x5, 0xdf, 0xff, 0xff, 0xff, 0xff,
    0xfd, 0x50, 0x0, 0x0, 0x0, 0x0, 0x0, 0x4,
    0x9c, 0xef, 0xfe, 0xc9, 0x40, 0x0, 0x0, 0x0,

    /* U+0039 "9" */
    0x0, 0x0, 0x0, 0x16, 0xbd, 0xff, 0xed, 0x95,
    0x0, 0x0, 0x0, 0x0, 0x0, 0x1, 0x9f, 0xff,
    0xff, 0xff, 0xff, 0xfe, 0x60, 0x0, 0x0, 0x0,
    0x3, 0xef, 0xff, 0xff, 0xff, 0xff, 0xff, 0xff,
    0xb0, 0x0, 0x0, 0x3, 0xff, 0xff, 0xff, 0xff,
    0xff, 0xff, 0xff, 0xff, 0xc0, 0x0, 0x0, 0xdf,
    0xff, 0xff, 0xff, 0xff, 0xff, 0xff, 0xff, 0xff,
    0x90, 0x0, 0x8f, 0xff, 0xff, 0xff, 0xfe, 0xdf,
    0xff, 0xff, 0xff, 0xff, 0x20, 0xe, 0xff, 0xff,
    0xff, 0xd4, 0x0, 0x5, 0xff, 0xff, 0xff, 0xfa,
    0x3, 0xff, 0xff, 0xff, 0xe1, 0x0, 0x0, 0x4,
    0xff, 0xff, 0xff, 0xe0, 0x8f, 0xff, 0xff, 0xf8,
    0x0, 0x0, 0x0, 0xc, 0xff, 0xff, 0xff, 0x39,
    0xff, 0xff, 0xff, 0x30, 0x0, 0x0, 0x0, 0x7f,
    0xff, 0xff, 0xf4, 0xbf, 0xff, 0xff, 0xf1, 0x0,
    0x0, 0x0, 0x6, 0xff, 0xff, 0xff, 0x6b, 0xff,
    0xff, 0xff, 0x10, 0x0, 0x0, 0x0, 0x6f, 0xff,
    0xff, 0xf6, 0xaf, 0xff, 0xff, 0xf3, 0x0, 0x0,
    0x0, 0x8, 0xff, 0xff, 0xff, 0x68, 0xff, 0xff,
    0xff, 0x90, 0x0, 0x0, 0x0, 0xdf, 0xff, 0xff,
    0xf6, 0x5f, 0xff, 0xff, 0xff, 0x30, 0x0, 0x0,
    0x6f, 0xff, 0xff, 0xff, 0x60, 0xff, 0xff, 0xff,
    0xff, 0x61, 0x2, 0x8f, 0xff, 0xff, 0xff, 0xf6,
    0x8, 0xff, 0xff, 0xff, 0xff, 0xff, 0xff, 0xff,
    0xff, 0xff, 0xff, 0x60, 0xe, 0xff, 0xff, 0xff,
    0xff, 0xff, 0xff, 0xff, 0xff, 0xff, 0xf6, 0x0,
    0x3f, 0xff, 0xff, 0xff, 0xff, 0xff, 0xff, 0xff,
    0xff, 0xff, 0x60, 0x0, 0x3e, 0xff, 0xff, 0xff,
    0xff, 0xff, 0xff, 0xff, 0xff, 0xf6, 0x0, 0x0,
    0x19, 0xff, 0xff, 0xff, 0xff, 0x96, 0xff, 0xff,
    0xff, 0x60, 0x0, 0x0, 0x0, 0x58, 0x9a, 0x85,
    0x10, 0x5f, 0xff, 0xff, 0xf6, 0x0, 0x0, 0x0,
    0x0, 0x0, 0x0, 0x0, 0x5, 0xff, 0xff, 0xff,
    0x60, 0x35, 0x55, 0x55, 0x30, 0x0, 0x0, 0x0,
    0x5f, 0xff, 0xff, 0xf6, 0xe, 0xff, 0xff, 0xfd,
    0x0, 0x0, 0x0, 0x5, 0xff, 0xff, 0xff, 0x60,
    0xef, 0xff, 0xff, 0xe0, 0x0, 0x0, 0x0, 0x7f,
    0xff, 0xff, 0xf6, 0xd, 0xff, 0xff, 0xff, 0x60,
    0x0, 0x0, 0xe, 0xff, 0xff, 0xff, 0x50, 0xaf,
    0xff, 0xff, 0xff, 0x60, 0x0, 0x2c, 0xff, 0xff,
    0xff, 0xf2, 0x5, 0xff, 0xff, 0xff, 0xff, 0xfd,
    0xef, 0xff, 0xff, 0xff, 0xfc, 0x0, 0xd, 0xff,
    0xff, 0xff, 0xff, 0xff, 0xff, 0xff, 0xff, 0xff,
    0x40, 0x0, 0x3f, 0xff, 0xff, 0xff, 0xff, 0xff,
    0xff, 0xff, 0xff, 0x90, 0x0, 0x0, 0x3e, 0xff,
    0xff, 0xff, 0xff, 0xff, 0xff, 0xff, 0x90, 0x0,
    0x0, 0x0, 0x19, 0xff, 0xff, 0xff, 0xff, 0xff,
    0xfd, 0x40, 0x0, 0x0, 0x0, 0x0, 0x1, 0x6a,
    0xdf, 0xff, 0xec, 0x83, 0x0, 0x0, 0x0,

    /* U+003A ":" */
    0x0, 0x6d, 0xfe, 0x80, 0x0, 0x7f, 0xff, 0xff,
    0xa0, 0xf, 0xff, 0xff, 0xff, 0x22, 0xff, 0xff,
    0xff, 0xf5, 0x2f, 0xff, 0xff, 0xff, 0x40, 0xcf,
    0xff, 0xff, 0xe0, 0x2, 0xef, 0xff, 0xf4, 0x0,
    0x1, 0x68, 0x71, 0x0, 0x0, 0x0, 0x0, 0x0,
    0x0, 0x0, 0x0, 0x0, 0x0, 0x0, 0x0, 0x0,
    0x0, 0x0, 0x0, 0x0, 0x0, 0x0, 0x0, 0x0,
    0x0, 0x0, 0x0, 0x0, 0x0, 0x0, 0x0, 0x0,
    0x0, 0x0, 0x0, 0x0, 0x1, 0x68, 0x71, 0x0,
    0x3, 0xef, 0xff, 0xf5, 0x0, 0xdf, 0xff, 0xff,
    0xf1, 0x2f, 0xff, 0xff, 0xff, 0x52, 0xff, 0xff,
    0xff, 0xf5, 0xf, 0xff, 0xff, 0xff, 0x20, 0x7f,
    0xff, 0xff, 0xa0, 0x0, 0x6d, 0xfe, 0x70, 0x0,

    /* U+003B ";" */
    0x0, 0x6d, 0xfe, 0x91, 0x0, 0xa, 0xff, 0xff,
    0xfd, 0x10, 0x5f, 0xff, 0xff, 0xff, 0xa0, 0xaf,
    0xff, 0xff, 0xff, 0xf0, 0xbf, 0xff, 0xff, 0xff,
    0xf0, 0x7f, 0xff, 0xff, 0xff, 0xc0, 0x1e, 0xff,
    0xff, 0xff, 0x30, 0x2, 0xcf, 0xff, 0xe4, 0x0,
    0x0, 0x2, 0x43, 0x0, 0x0, 0x0, 0x0, 0x0,
    0x0, 0x0, 0x0, 0x0, 0x0, 0x0, 0x0, 0x0,
    0x0, 0x0, 0x0, 0x0, 0x0, 0x0, 0x0, 0x0,
    0x0, 0x0, 0x0, 0x0, 0x0, 0x0, 0x0, 0x0,
    0x0, 0x0, 0x0, 0x0, 0x11, 0x11, 0x10, 0x0,
    0x3, 0xff, 0xff, 0xfb, 0x0, 0x5, 0xff, 0xff,
    0xf8, 0x0, 0x7, 0xff, 0xff, 0xf4, 0x0, 0x9,
    0xff, 0xff, 0xf0, 0x0, 0xa, 0xff, 0xff, 0xc0,
    0x0, 0xc, 0xff, 0xff, 0x90, 0x0, 0xe, 0xff,
    0xff, 0x50, 0x0, 0xf, 0xff, 0xff, 0x10, 0x0,
    0x1f, 0xff, 0xfd, 0x0, 0x0, 0x3f, 0xff, 0xfa,
    0x0, 0x0, 0x5f, 0xff, 0xf6, 0x0, 0x0, 0x5f,
    0xff, 0xf2, 0x0, 0x0,

    /* U+003C "<" */
    0x0, 0x0, 0x0, 0x0, 0x0, 0x0, 0x0, 0x0,
    0x0, 0x17, 0xb0, 0x0, 0x0, 0x0, 0x0, 0x0,
    0x0, 0x0, 0x2, 0x9f, 0xff, 0x0, 0x0, 0x0,
    0x0, 0x0, 0x0, 0x0, 0x4b, 0xff, 0xff, 0xf0,
    0x0, 0x0, 0x0, 0x0, 0x0, 0x5, 0xdf, 0xff,
    0xff, 0xff, 0x0, 0x0, 0x0, 0x0, 0x1, 0x7e,
    0xff, 0xff, 0xff, 0xff, 0xf0, 0x0, 0x0, 0x0,
    0x29, 0xff, 0xff, 0xff, 0xff, 0xff, 0xfe, 0x0,
    0x0, 0x4, 0xbf, 0xff, 0xff, 0xff, 0xff, 0xff,
    0xfe, 0x70, 0x0, 0x6d, 0xff, 0xff, 0xff, 0xff,
    0xff, 0xff, 0xb5, 0x0, 0x18, 0xef, 0xff, 0xff,
    0xff, 0xff, 0xff, 0xe8, 0x20, 0x0, 0x9, 0xff,
    0xff, 0xff, 0xff, 0xff, 0xfc, 0x50, 0x0, 0x0,
    0x0, 0x9f, 0xff, 0xff, 0xff, 0xff, 0x92, 0x0,
    0x0, 0x0, 0x0, 0x9, 0xff, 0xff, 0xff, 0xe6,
    0x0, 0x0, 0x0, 0x0, 0x0, 0x0, 0x9f, 0xff,
    0xff, 0xff, 0xa3, 0x0, 0x0, 0x0, 0x0, 0x0,
    0x9, 0xff, 0xff, 0xff, 0xff, 0xfd, 0x61, 0x0,
    0x0, 0x0, 0x0, 0x8f, 0xff, 0xff, 0xff, 0xff,
    0xff, 0xf9, 0x30, 0x0, 0x0, 0x0, 0x4b, 0xff,
    0xff, 0xff, 0xff, 0xff, 0xff, 0xd6, 0x0, 0x0,
    0x0, 0x2, 0x9f, 0xff, 0xff, 0xff, 0xff, 0xff,
    0xff, 0x93, 0x0, 0x0, 0x0, 0x18, 0xef, 0xff,
    0xff, 0xff, 0xff, 0xff, 0xfb, 0x0, 0x0, 0x0,
    0x0, 0x6d, 0xff, 0xff, 0xff, 0xff, 0xff, 0xf0,
    0x0, 0x0, 0x0, 0x0, 0x4, 0xbf, 0xff, 0xff,
    0xff, 0xff, 0x0, 0x0, 0x0, 0x0, 0x0, 0x0,
    0x29, 0xff, 0xff, 0xff, 0xf0, 0x0, 0x0, 0x0,
    0x0, 0x0, 0x0, 0x1, 0x7e, 0xff, 0xff, 0x0,
    0x0, 0x0, 0x0, 0x0, 0x0, 0x0, 0x0, 0x5,
    0xcf, 0xf0, 0x0, 0x0, 0x0, 0x0, 0x0, 0x0,
    0x0, 0x0, 0x0, 0x37,

    /* U+003D "=" */
    0x8f, 0xff, 0xff, 0xff, 0xff, 0xff, 0xff, 0xff,
    0xff, 0xff, 0xd9, 0xff, 0xff, 0xff, 0xff, 0xff,
    0xff, 0xff, 0xff, 0xff, 0xff, 0x9f, 0xff, 0xff,
    0xff, 0xff, 0xff, 0xff, 0xff, 0xff, 0xff, 0xf9,
    0xff, 0xff, 0xff, 0xff, 0xff, 0xff, 0xff, 0xff,
    0xff, 0xff, 0x9f, 0xff, 0xff, 0xff, 0xff, 0xff,
    0xff, 0xff, 0xff, 0xff, 0xf6, 0xcc, 0xcc, 0xcc,
    0xcc, 0xcc, 0xcc, 0xcc, 0xcc, 0xcc, 0xca, 0x0,
    0x0, 0x0, 0x0, 0x0, 0x0, 0x0, 0x0, 0x0,
    0x0, 0x0, 0x0, 0x0, 0x0, 0x0, 0x0, 0x0,
    0x0, 0x0, 0x0, 0x0, 0x0, 0x0, 0x0, 0x0,
    0x0, 0x0, 0x0, 0x0, 0x0, 0x0, 0x6, 0xcc,
    0xcc, 0xcc, 0xcc, 0xcc, 0xcc, 0xcc, 0xcc, 0xcc,
    0xca, 0x9f, 0xff, 0xff, 0xff, 0xff, 0xff, 0xff,
    0xff, 0xff, 0xff, 0xf9, 0xff, 0xff, 0xff, 0xff,
    0xff, 0xff, 0xff, 0xff, 0xff, 0xff, 0x9f, 0xff,
    0xff, 0xff, 0xff, 0xff, 0xff, 0xff, 0xff, 0xff,
    0xf9, 0xff, 0xff, 0xff, 0xff, 0xff, 0xff, 0xff,
    0xff, 0xff, 0xff, 0x8f, 0xff, 0xff, 0xff, 0xff,
    0xff, 0xff, 0xff, 0xff, 0xff, 0xd0,

    /* U+003E ">" */
    0x79, 0x20, 0x0, 0x0, 0x0, 0x0, 0x0, 0x0,
    0x0, 0x0, 0x9, 0xff, 0xb4, 0x0, 0x0, 0x0,
    0x0, 0x0, 0x0, 0x0, 0x0, 0x9f, 0xff, 0xfd,
    0x60, 0x0, 0x0, 0x0, 0x0, 0x0, 0x0, 0x9,
    0xff, 0xff, 0xff, 0xe8, 0x10, 0x0, 0x0, 0x0,
    0x0, 0x0, 0x9f, 0xff, 0xff, 0xff, 0xff, 0xa3,
    0x0, 0x0, 0x0, 0x0, 0x9, 0xff, 0xff, 0xff,
    0xff, 0xff, 0xfc, 0x50, 0x0, 0x0, 0x0, 0x3c,
    0xff, 0xff, 0xff, 0xff, 0xff, 0xff, 0xd6, 0x0,
    0x0, 0x0, 0x3, 0x9f, 0xff, 0xff, 0xff, 0xff,
    0xff, 0xff, 0x82, 0x0, 0x0, 0x0, 0x6, 0xdf,
    0xff, 0xff, 0xff, 0xff, 0xff, 0xfa, 0x30, 0x0,
    0x0, 0x0, 0x3a, 0xff, 0xff, 0xff, 0xff, 0xff,
    0xfe, 0x0, 0x0, 0x0, 0x0, 0x1, 0x7d, 0xff,
    0xff, 0xff, 0xff, 0xf0, 0x0, 0x0, 0x0, 0x0,
    0x0, 0x4, 0xbf, 0xff, 0xff, 0xff, 0x0, 0x0,
    0x0, 0x0, 0x0, 0x1, 0x8e, 0xff, 0xff, 0xff,
    0xf0, 0x0, 0x0, 0x0, 0x0, 0x4b, 0xff, 0xff,
    0xff, 0xff, 0xff, 0x0, 0x0, 0x0, 0x17, 0xef,
    0xff, 0xff, 0xff, 0xff, 0xff, 0xd0, 0x0, 0x4,
    0xaf, 0xff, 0xff, 0xff, 0xff, 0xff, 0xfd, 0x70,
    0x1, 0x7d, 0xff, 0xff, 0xff, 0xff, 0xff, 0xff,
    0xc5, 0x0, 0x6, 0xff, 0xff, 0xff, 0xff, 0xff,
    0xff, 0xfa, 0x30, 0x0, 0x0, 0x9f, 0xff, 0xff,
    0xff, 0xff, 0xfe, 0x81, 0x0, 0x0, 0x0, 0x9,
    0xff, 0xff, 0xff, 0xff, 0xd6, 0x0, 0x0, 0x0,
    0x0, 0x0, 0x9f, 0xff, 0xff, 0xfb, 0x40, 0x0,
    0x0, 0x0, 0x0, 0x0, 0x9, 0xff, 0xff, 0x92,
    0x0, 0x0, 0x0, 0x0, 0x0, 0x0, 0x0, 0x9f,
    0xe7, 0x10, 0x0, 0x0, 0x0, 0x0, 0x0, 0x0,
    0x0, 0x5, 0x50, 0x0, 0x0, 0x0, 0x0, 0x0,
    0x0, 0x0, 0x0, 0x0,

    /* U+003F "?" */
    0x0, 0x0, 0x0, 0x16, 0xad, 0xff, 0xfe, 0xb8,
    0x30, 0x0, 0x0, 0x0, 0x0, 0x1, 0x9f, 0xff,
    0xff, 0xff, 0xff, 0xff, 0xc3, 0x0, 0x0, 0x0,
    0x4, 0xef, 0xff, 0xff, 0xff, 0xff, 0xff, 0xff,
    0xf8, 0x0, 0x0, 0x4, 0xff, 0xff, 0xff, 0xff,
    0xff, 0xff, 0xff, 0xff, 0xf8, 0x0, 0x1, 0xef,
    0xff, 0xff, 0xff, 0xff, 0xff, 0xff, 0xff, 0xff,
    0xf4, 0x0, 0xaf, 0xff, 0xff, 0xff, 0xff, 0xff,
    0xff, 0xff, 0xff, 0xff, 0xc0, 0x1f, 0xff, 0xff,
    0xff, 0xf9, 0x53, 0x58, 0xff, 0xff, 0xff, 0xff,
    0x35, 0xff, 0xff, 0xff, 0xe2, 0x0, 0x0, 0x2,
    0xef, 0xff, 0xff, 0xf6, 0x8f, 0xff, 0xff, 0xf5,
    0x0, 0x0, 0x0, 0x7, 0xff, 0xff, 0xff, 0x8a,
    0xff, 0xff, 0xff, 0x20, 0x0, 0x0, 0x0, 0x4f,
    0xff, 0xff, 0xf9, 0x8f, 0xff, 0xff, 0xe1, 0x0,
    0x0, 0x0, 0x6, 0xff, 0xff, 0xff, 0x70, 0x0,
    0x0, 0x0, 0x0, 0x0, 0x0, 0x0, 0xdf, 0xff,
    0xff, 0xf5, 0x0, 0x0, 0x0, 0x0, 0x0, 0x0,
    0x0, 0xaf, 0xff, 0xff, 0xff, 0x0, 0x0, 0x0,
    0x0, 0x0, 0x0, 0x1, 0xcf, 0xff, 0xff, 0xff,
    0x80, 0x0, 0x0, 0x0, 0x0, 0x0, 0x4, 0xef,
    0xff, 0xff, 0xff, 0xc0, 0x0, 0x0, 0x0, 0x0,
    0x0, 0x8, 0xff, 0xff, 0xff, 0xff, 0xc1, 0x0,
    0x0, 0x0, 0x0, 0x0, 0xa, 0xff, 0xff, 0xff,
    0xff, 0xa0, 0x0, 0x0, 0x0, 0x0, 0x0, 0x9,
    0xff, 0xff, 0xff, 0xff, 0x60, 0x0, 0x0, 0x0,
    0x0, 0x0, 0x2, 0xff, 0xff, 0xff, 0xfd, 0x20,
    0x0, 0x0, 0x0, 0x0, 0x0, 0x0, 0x8f, 0xff,
    0xff, 0xfd, 0x10, 0x0, 0x0, 0x0, 0x0, 0x0,
    0x0, 0xa, 0xff, 0xff, 0xff, 0x40, 0x0, 0x0,
    0x0, 0x0, 0x0, 0x0, 0x0, 0xbf, 0xff, 0xff,
    0xf1, 0x0, 0x0, 0x0, 0x0, 0x0, 0x0, 0x0,
    0xa, 0xff, 0xff, 0xff, 0x0, 0x0, 0x0, 0x0,
    0x0, 0x0, 0x0, 0x0, 0x24, 0x44, 0x44, 0x30,
    0x0, 0x0, 0x0, 0x0, 0x0, 0x0, 0x0, 0x0,
    0x0, 0x0, 0x0, 0x0, 0x0, 0x0, 0x0, 0x0,
    0x0, 0x0, 0x0, 0x0, 0x0, 0x0, 0x0, 0x0,
    0x0, 0x0, 0x0, 0x0, 0x0, 0x0, 0x0, 0x16,
    0x76, 0x0, 0x0, 0x0, 0x0, 0x0, 0x0, 0x0,
    0x0, 0x0, 0x3e, 0xff, 0xfe, 0x30, 0x0, 0x0,
    0x0, 0x0, 0x0, 0x0, 0x0, 0xe, 0xff, 0xff,
    0xfd, 0x0, 0x0, 0x0, 0x0, 0x0, 0x0, 0x0,
    0x3, 0xff, 0xff, 0xff, 0xf2, 0x0, 0x0, 0x0,
    0x0, 0x0, 0x0, 0x0, 0x4f, 0xff, 0xff, 0xff,
    0x30, 0x0, 0x0, 0x0, 0x0, 0x0, 0x0, 0x1,
    0xff, 0xff, 0xff, 0xf0, 0x0, 0x0, 0x0, 0x0,
    0x0, 0x0, 0x0, 0x9, 0xff, 0xff, 0xf7, 0x0,
    0x0, 0x0, 0x0, 0x0, 0x0, 0x0, 0x0, 0x7,
    0xdf, 0xd6, 0x0, 0x0, 0x0, 0x0, 0x0,

    /* U+0040 "@" */
    0x0, 0x0, 0x0, 0x0, 0x0, 0x0, 0x0, 0x3,
    0x7a, 0xde, 0xff, 0xed, 0xa7, 0x30, 0x0, 0x0,
    0x0, 0x0, 0x0, 0x0, 0x0, 0x0, 0x0, 0x0,
    0x2, 0x9e, 0xff, 0xff, 0xff, 0xff, 0xff, 0xff,
    0xe7, 0x0, 0x0, 0x0, 0x0, 0x0, 0x0, 0x0,
    0x0, 0x0, 0x1a, 0xff, 0xff, 0xff, 0xff, 0xff,
    0xff, 0xff, 0xff, 0xfe, 0x50, 0x0, 0x0, 0x0,
    0x0, 0x0, 0x0, 0x0, 0x7f, 0xff, 0xff, 0xff,
    0xff, 0xff, 0xff, 0xff, 0xff, 0xff, 0xff, 0x90,
    0x0, 0x0, 0x0, 0x0, 0x0, 0x0, 0xbf, 0xff,
    0xff, 0xff, 0xfb, 0x97, 0x67, 0x8a, 0xef, 0xff,
    0xff, 0xff, 0xa0, 0x0, 0x0, 0x0, 0x0, 0x1,
    0xdf, 0xff, 0xff, 0xfa, 0x40, 0x0, 0x0, 0x0,
    0x0, 0x3b, 0xff, 0xff, 0xff, 0x80, 0x0, 0x0,
    0x0, 0x1, 0xdf, 0xff, 0xff, 0xb2, 0x0, 0x0,
    0x0, 0x0, 0x0, 0x0, 0x4, 0xef, 0xff, 0xff,
    0x30, 0x0, 0x0, 0x0, 0xbf, 0xff, 0xff, 0x60,
    0x0, 0x0, 0x0, 0x0, 0x0, 0x0, 0x0, 0x2,
    0xef, 0xff, 0xfc, 0x0, 0x0, 0x0, 0x7f, 0xff,
    0xff, 0x40, 0x0, 0x0, 0x0, 0x0, 0x0, 0x0,
    0x0, 0x0, 0x3, 0xff, 0xff, 0xf4, 0x0, 0x0,
    0x2f, 0xff, 0xff, 0x50, 0x0, 0x0, 0x0, 0x0,
    0x0, 0x0, 0x0, 0x0, 0x0, 0xa, 0xff, 0xff,
    0x90, 0x0, 0xb, 0xff, 0xff, 0x90, 0x0, 0x0,
    0x18, 0xdf, 0xfd, 0x70, 0xdf, 0xff, 0x80, 0x0,
    0x3f, 0xff, 0xfe, 0x0, 0x3, 0xff, 0xff, 0xe0,
    0x0, 0x0, 0x5f, 0xff, 0xff, 0xff, 0xbf, 0xff,
    0xf7, 0x0, 0x0, 0xef, 0xff, 0xf2, 0x0, 0xaf,
    0xff, 0xf6, 0x0, 0x0, 0x6f, 0xff, 0xff, 0xff,
    0xff, 0xff, 0xff, 0x50, 0x0, 0xb, 0xff, 0xff,
    0x40, 0xf, 0xff, 0xff, 0x0, 0x0, 0x1f, 0xff,
    0xff, 0xfe, 0xff, 0xff, 0xff, 0xf3, 0x0, 0x0,
    0x9f, 0xff, 0xf5, 0x5, 0xff, 0xff, 0x90, 0x0,
    0x8, 0xff, 0xff, 0xa1, 0x1, 0xbf, 0xff, 0xff,
    0x0, 0x0, 0x8, 0xff, 0xff, 0x60, 0x9f, 0xff,
    0xf5, 0x0, 0x0, 0xef, 0xff, 0xb0, 0x0, 0x2,
    0xff, 0xff, 0xe0, 0x0, 0x0, 0x8f, 0xff, 0xf6,
    0xc, 0xff, 0xff, 0x10, 0x0, 0x3f, 0xff, 0xf4,
    0x0, 0x0, 0xf, 0xff, 0xfc, 0x0, 0x0, 0xa,
    0xff, 0xff, 0x50, 0xef, 0xff, 0xe0, 0x0, 0x6,
    0xff, 0xff, 0x0, 0x0, 0x0, 0xff, 0xff, 0xa0,
    0x0, 0x0, 0xbf, 0xff, 0xf3, 0xf, 0xff, 0xfc,
    0x0, 0x0, 0x9f, 0xff, 0xd0, 0x0, 0x0, 0x2f,
    0xff, 0xf8, 0x0, 0x0, 0xe, 0xff, 0xff, 0x1,
    0xff, 0xff, 0xb0, 0x0, 0xb, 0xff, 0xfb, 0x0,
    0x0, 0x5, 0xff, 0xff, 0x60, 0x0, 0x2, 0xff,
    0xff, 0xd0, 0x2f, 0xff, 0xfa, 0x0, 0x0, 0xcf,
    0xff, 0xa0, 0x0, 0x0, 0x9f, 0xff, 0xf6, 0x0,
    0x0, 0x8f, 0xff, 0xf8, 0x1, 0xff, 0xff, 0xb0,
    0x0, 0xc, 0xff, 0xfd, 0x0, 0x0, 0x1f, 0xff,
    0xff, 0xa0, 0x0, 0x2f, 0xff, 0xff, 0x20, 0xf,
    0xff, 0xfd, 0x0, 0x0, 0xaf, 0xff, 0xf8, 0x0,
    0x2d, 0xff, 0xff, 0xff, 0x73, 0x5e, 0xff, 0xff,
    0xb0, 0x0, 0xef, 0xff, 0xf0, 0x0, 0x5, 0xff,
    0xff, 0xff, 0xef, 0xff, 0xff, 0xff, 0xff, 0xff,
    0xff, 0xff, 0xf2, 0x0, 0xb, 0xff, 0xff, 0x30,
    0x0, 0xc, 0xff, 0xff, 0xff, 0xff, 0xff, 0xff,
    0xff, 0xff, 0xff, 0xff, 0xf4, 0x0, 0x0, 0x7f,
    0xff, 0xf9, 0x0, 0x0, 0x1c, 0xff, 0xff, 0xff,
    0xfe, 0x36, 0xff, 0xff, 0xff, 0xff, 0xe4, 0x0,
    0x0, 0x2, 0xff, 0xff, 0xf1, 0x0, 0x0, 0x6,
    0xbe, 0xfe, 0xb7, 0x0, 0x2, 0x9d, 0xff, 0xeb,
    0x60, 0x0, 0x0, 0x0, 0xc, 0xff, 0xff, 0xb0,
    0x0, 0x0, 0x0, 0x0, 0x0, 0x0, 0x0, 0x0,
    0x0, 0x0, 0x0, 0x0, 0x0, 0x0, 0x0, 0x4f,
    0xff, 0xff, 0x90, 0x0, 0x0, 0x0, 0x0, 0x0,
    0x0, 0x0, 0x0, 0x0, 0x0, 0x0, 0x0, 0x0,
    0x0, 0x0, 0xbf, 0xff, 0xff, 0xb1, 0x0, 0x0,
    0x0, 0x0, 0x0, 0x0, 0x47, 0x0, 0x0, 0x0,
    0x0, 0x0, 0x0, 0x0, 0x1, 0xef, 0xff, 0xff,
    0xf8, 0x20, 0x0, 0x0, 0x0, 0x5, 0xbf, 0xf5,
    0x0, 0x0, 0x0, 0x0, 0x0, 0x0, 0x0, 0x3,
    0xff, 0xff, 0xff, 0xff, 0xeb, 0xa9, 0x9a, 0xdf,
    0xff, 0xff, 0xf1, 0x0, 0x0, 0x0, 0x0, 0x0,
    0x0, 0x0, 0x3, 0xef, 0xff, 0xff, 0xff, 0xff,
    0xff, 0xff, 0xff, 0xff, 0xff, 0xa0, 0x0, 0x0,
    0x0, 0x0, 0x0, 0x0, 0x0, 0x1, 0xaf, 0xff,
    0xff, 0xff, 0xff, 0xff, 0xff, 0xff, 0xff, 0xc2,
    0x0, 0x0, 0x0, 0x0, 0x0, 0x0, 0x0, 0x0,
    0x0, 0x4b, 0xff, 0xff, 0xff, 0xff, 0xff, 0xff,
    0xfb, 0x40, 0x0, 0x0, 0x0, 0x0, 0x0, 0x0,
    0x0, 0x0, 0x0, 0x0, 0x1, 0x6a, 0xce, 0xff,
    0xed, 0xb8, 0x40, 0x0, 0x0, 0x0, 0x0, 0x0,
    0x0, 0x0,

    /* U+0041 "A" */
    0x0, 0x0, 0x0, 0x0, 0x0, 0x3f, 0xff, 0xff,
    0xff, 0xf7, 0x0, 0x0, 0x0, 0x0, 0x0, 0x0,
    0x0, 0x0, 0x0, 0x0, 0x9f, 0xff, 0xff, 0xff,
    0xfd, 0x0, 0x0, 0x0, 0x0, 0x0, 0x0, 0x0,
    0x0, 0x0, 0x0, 0xef, 0xff, 0xff, 0xff, 0xff,
    0x20, 0x0, 0x0, 0x0, 0x0, 0x0, 0x0, 0x0,
    0x0, 0x3, 0xff, 0xff, 0xff, 0xff, 0xff, 0x70,
    0x0, 0x0, 0x0, 0x0, 0x0, 0x0, 0x0, 0x0,
    0x8, 0xff, 0xff, 0xff, 0xff, 0xff, 0xc0, 0x0,
    0x0, 0x0, 0x0, 0x0, 0x0, 0x0, 0x0, 0xd,
    0xff, 0xff, 0xff, 0xff, 0xff, 0xf1, 0x0, 0x0,
    0x0, 0x0, 0x0, 0x0, 0x0, 0x0, 0x2f, 0xff,
    0xff, 0xff, 0xff, 0xff, 0xf6, 0x0, 0x0, 0x0,
    0x0, 0x0, 0x0, 0x0, 0x0, 0x8f, 0xff, 0xff,
    0xff, 0xff, 0xff, 0xfb, 0x0, 0x0, 0x0, 0x0,
    0x0, 0x0, 0x0, 0x0, 0xdf, 0xff, 0xff, 0xfe,
    0xff, 0xff, 0xff, 0x0, 0x0, 0x0, 0x0, 0x0,
    0x0, 0x0, 0x2, 0xff, 0xff, 0xff, 0xa9, 0xff,
    0xff, 0xff, 0x50, 0x0, 0x0, 0x0, 0x0, 0x0,
    0x0, 0x7, 0xff, 0xff, 0xff, 0x64, 0xff, 0xff,
    0xff, 0xa0, 0x0, 0x0, 0x0, 0x0, 0x0, 0x0,
    0xc, 0xff, 0xff, 0xff, 0x10, 0xff, 0xff, 0xff,
    0xf0, 0x0, 0x0, 0x0, 0x0, 0x0, 0x0, 0x1f,
    0xff, 0xff, 0xfc, 0x0, 0xbf, 0xff, 0xff, 0xf4,
    0x0, 0x0, 0x0, 0x0, 0x0, 0x0, 0x6f, 0xff,
    0xff, 0xf8, 0x0, 0x6f, 0xff, 0xff, 0xf9, 0x0,
    0x0, 0x0, 0x0, 0x0, 0x0, 0xbf, 0xff, 0xff,
    0xf3, 0x0, 0x2f, 0xff, 0xff, 0xfe, 0x0, 0x0,
    0x0, 0x0, 0x0, 0x0, 0xff, 0xff, 0xff, 0xe0,
    0x0, 0xd, 0xff, 0xff, 0xff, 0x30, 0x0, 0x0,
    0x0, 0x0, 0x5, 0xff, 0xff, 0xff, 0xa0, 0x0,
    0x8, 0xff, 0xff, 0xff, 0x80, 0x0, 0x0, 0x0,
    0x0, 0xa, 0xff, 0xff, 0xff, 0x50, 0x0, 0x4,
    0xff, 0xff, 0xff, 0xd0, 0x0, 0x0, 0x0, 0x0,
    0xf, 0xff, 0xff, 0xff, 0x10, 0x0, 0x0, 0xff,
    0xff, 0xff, 0xf2, 0x0, 0x0, 0x0, 0x0, 0x4f,
    0xff, 0xff, 0xfc, 0x0, 0x0, 0x0, 0xaf, 0xff,
    0xff, 0xf7, 0x0, 0x0, 0x0, 0x0, 0x9f, 0xff,
    0xff, 0xf8, 0x0, 0x0, 0x0, 0x5f, 0xff, 0xff,
    0xfd, 0x0, 0x0, 0x0, 0x0, 0xef, 0xff, 0xff,
    0xf3, 0x0, 0x0, 0x0, 0x1f, 0xff, 0xff, 0xff,
    0x20, 0x0, 0x0, 0x3, 0xff, 0xff, 0xff, 0xe0,
    0x0, 0x0, 0x0, 0xc, 0xff, 0xff, 0xff, 0x70,
    0x0, 0x0, 0x8, 0xff, 0xff, 0xff, 0xc3, 0x33,
    0x33, 0x33, 0x3a, 0xff, 0xff, 0xff, 0xc0, 0x0,
    0x0, 0xd, 0xff, 0xff, 0xff, 0xff, 0xff, 0xff,
    0xff, 0xff, 0xff, 0xff, 0xff, 0xf1, 0x0, 0x0,
    0x3f, 0xff, 0xff, 0xff, 0xff, 0xff, 0xff, 0xff,
    0xff, 0xff, 0xff, 0xff, 0xf6, 0x0, 0x0, 0x8f,
    0xff, 0xff, 0xff, 0xff, 0xff, 0xff, 0xff, 0xff,
    0xff, 0xff, 0xff, 0xfb, 0x0, 0x0, 0xdf, 0xff,
    0xff, 0xff, 0xff, 0xff, 0xff, 0xff, 0xff, 0xff,
    0xff, 0xff, 0xff, 0x0, 0x2, 0xff, 0xff, 0xff,
    0xff, 0xff, 0xff, 0xff, 0xff, 0xff, 0xff, 0xff,
    0xff, 0xff, 0x50, 0x7, 0xff, 0xff, 0xff, 0xd0,
    0x0, 0x0, 0x0, 0x0, 0x0, 0xb, 0xff, 0xff,
    0xff, 0xa0, 0xc, 0xff, 0xff, 0xff, 0x80, 0x0,
    0x0, 0x0, 0x0, 0x0, 0x5, 0xff, 0xff, 0xff,
    0xf0, 0x1f, 0xff, 0xff, 0xff, 0x30, 0x0, 0x0,
    0x0, 0x0, 0x0, 0x0, 0xff, 0xff, 0xff, 0xf4,
    0x6f, 0xff, 0xff, 0xfe, 0x0, 0x0, 0x0, 0x0,
    0x0, 0x0, 0x0, 0xbf, 0xff, 0xff, 0xf9, 0x9f,
    0xff, 0xff, 0xf8, 0x0, 0x0, 0x0, 0x0, 0x0,
    0x0, 0x0, 0x5f, 0xff, 0xff, 0xfd,

    /* U+0042 "B" */
    0xf, 0xff, 0xff, 0xff, 0xff, 0xff, 0xff, 0xfe,
    0xc9, 0x61, 0x0, 0x0, 0x0, 0x1f, 0xff, 0xff,
    0xff, 0xff, 0xff, 0xff, 0xff, 0xff, 0xff, 0xa1,
    0x0, 0x0, 0x1f, 0xff, 0xff, 0xff, 0xff, 0xff,
    0xff, 0xff, 0xff, 0xff, 0xfe, 0x40, 0x0, 0x1f,
    0xff, 0xff, 0xff, 0xff, 0xff, 0xff, 0xff, 0xff,
    0xff, 0xff, 0xf3, 0x0, 0x1f, 0xff, 0xff, 0xff,
    0xff, 0xff, 0xff, 0xff, 0xff, 0xff, 0xff, 0xfc,
    0x0, 0x1f, 0xff, 0xff, 0xff, 0xcc, 0xcc, 0xcc,
    0xdf, 0xff, 0xff, 0xff, 0xff, 0x40, 0x1f, 0xff,
    0xff, 0xfb, 0x0, 0x0, 0x0, 0x1, 0x8f, 0xff,
    0xff, 0xff, 0x80, 0x1f, 0xff, 0xff, 0xfb, 0x0,
    0x0, 0x0, 0x0, 0x7, 0xff, 0xff, 0xff, 0xc0,
    0x1f, 0xff, 0xff, 0xfb, 0x0, 0x0, 0x0, 0x0,
    0x0, 0xef, 0xff, 0xff, 0xd0, 0x1f, 0xff, 0xff,
    0xfb, 0x0, 0x0, 0x0, 0x0, 0x0, 0xbf, 0xff,
    0xff, 0xe0, 0x1f, 0xff, 0xff, 0xfb, 0x0, 0x0,
    0x0, 0x0, 0x0, 0xcf, 0xff, 0xff, 0xd0, 0x1f,
    0xff, 0xff, 0xfb, 0x0, 0x0, 0x0, 0x0, 0x0,
    0xff, 0xff, 0xff, 0xa0, 0x1f, 0xff, 0xff, 0xfb,
    0x0, 0x0, 0x0, 0x0, 0x9, 0xff, 0xff, 0xff,
    0x50, 0x1f, 0xff, 0xff, 0xfb, 0x0, 0x0, 0x0,
    0x14, 0xbf, 0xff, 0xff, 0xfd, 0x0, 0x1f, 0xff,
    0xff, 0xff, 0xff, 0xff, 0xff, 0xff, 0xff, 0xff,
    0xff, 0xf3, 0x0, 0x1f, 0xff, 0xff, 0xff, 0xff,
    0xff, 0xff, 0xff, 0xff, 0xff, 0xfd, 0x30, 0x0,
    0x1f, 0xff, 0xff, 0xff, 0xff, 0xff, 0xff, 0xff,
    0xff, 0xff, 0xe2, 0x0, 0x0, 0x1f, 0xff, 0xff,
    0xff, 0xff, 0xff, 0xff, 0xff, 0xff, 0xff, 0xff,
    0x50, 0x0, 0x1f, 0xff, 0xff, 0xff, 0xff, 0xff,
    0xff, 0xff, 0xff, 0xff, 0xff, 0xf5, 0x0, 0x1f,
    0xff, 0xff, 0xfe, 0x88, 0x88, 0x88, 0x8b, 0xff,
    0xff, 0xff, 0xff, 0x20, 0x1f, 0xff, 0xff, 0xfb,
    0x0, 0x0, 0x0, 0x0, 0x1c, 0xff, 0xff, 0xff,
    0xa0, 0x1f, 0xff, 0xff, 0xfb, 0x0, 0x0, 0x0,
    0x0, 0x1, 0xef, 0xff, 0xff, 0xf0, 0x1f, 0xff,
    0xff, 0xfb, 0x0, 0x0, 0x0, 0x0, 0x0, 0x8f,
    0xff, 0xff, 0xf3, 0x1f, 0xff, 0xff, 0xfb, 0x0,
    0x0, 0x0, 0x0, 0x0, 0x6f, 0xff, 0xff, 0xf5,
    0x1f, 0xff, 0xff, 0xfb, 0x0, 0x0, 0x0, 0x0,
    0x0, 0x6f, 0xff, 0xff, 0xf6, 0x1f, 0xff, 0xff,
    0xfb, 0x0, 0x0, 0x0, 0x0, 0x0, 0xaf, 0xff,
    0xff, 0xf4, 0x1f, 0xff, 0xff, 0xfb, 0x0, 0x0,
    0x0, 0x0, 0x3, 0xff, 0xff, 0xff, 0xf3, 0x1f,
    0xff, 0xff, 0xfb, 0x0, 0x0, 0x0, 0x0, 0x6f,
    0xff, 0xff, 0xff, 0xe0, 0x1f, 0xff, 0xff, 0xff,
    0xdd, 0xdd, 0xdd, 0xef, 0xff, 0xff, 0xff, 0xff,
    0xa0, 0x1f, 0xff, 0xff, 0xff, 0xff, 0xff, 0xff,
    0xff, 0xff, 0xff, 0xff, 0xff, 0x10, 0x1f, 0xff,
    0xff, 0xff, 0xff, 0xff, 0xff, 0xff, 0xff, 0xff,
    0xff, 0xf5, 0x0, 0x1f, 0xff, 0xff, 0xff, 0xff,
    0xff, 0xff, 0xff, 0xff, 0xff, 0xff, 0x50, 0x0,
    0x1f, 0xff, 0xff, 0xff, 0xff, 0xff, 0xff, 0xff,
    0xff, 0xff, 0xa1, 0x0, 0x0, 0xf, 0xff, 0xff,
    0xff, 0xff, 0xff, 0xff, 0xfe, 0xda, 0x61, 0x0,
    0x0, 0x0,

    /* U+0043 "C" */
    0x0, 0x0, 0x0, 0x2, 0x7a, 0xdf, 0xff, 0xec,
    0x94, 0x0, 0x0, 0x0, 0x0, 0x0, 0x0, 0x3,
    0xbf, 0xff, 0xff, 0xff, 0xff, 0xff, 0xe7, 0x0,
    0x0, 0x0, 0x0, 0x0, 0x8f, 0xff, 0xff, 0xff,
    0xff, 0xff, 0xff, 0xff, 0xd2, 0x0, 0x0, 0x0,
    0xa, 0xff, 0xff, 0xff, 0xff, 0xff, 0xff, 0xff,
    0xff, 0xff, 0x30, 0x0, 0x0, 0x8f, 0xff, 0xff,
    0xff, 0xff, 0xff, 0xff, 0xff, 0xff, 0xff, 0xe1,
    0x0, 0x3, 0xff, 0xff, 0xff, 0xff, 0xfe, 0xdd,
    0xff, 0xff, 0xff, 0xff, 0xfb, 0x0, 0xb, 0xff,
    0xff, 0xff, 0xfa, 0x20, 0x0, 0x6, 0xef, 0xff,
    0xff, 0xff, 0x30, 0x1f, 0xff, 0xff, 0xff, 0x70,
    0x0, 0x0, 0x0, 0x1e, 0xff, 0xff, 0xff, 0x90,
    0x6f, 0xff, 0xff, 0xfb, 0x0, 0x0, 0x0, 0x0,
    0x4, 0xff, 0xff, 0xff, 0xd0, 0x9f, 0xff, 0xff,
    0xf4, 0x0, 0x0, 0x0, 0x0, 0x0, 0xdf, 0xff,
    0xff, 0xf0, 0xbf, 0xff, 0xff, 0xf1, 0x0, 0x0,
    0x0, 0x0, 0x0, 0xaf, 0xff, 0xff, 0xf2, 0xbf,
    0xff, 0xff, 0xf0, 0x0, 0x0, 0x0, 0x0, 0x0,
    0x5b, 0xbb, 0xbb, 0xa1, 0xcf, 0xff, 0xff, 0xf0,
    0x0, 0x0, 0x0, 0x0, 0x0, 0x0, 0x0, 0x0,
    0x0, 0xcf, 0xff, 0xff, 0xf0, 0x0, 0x0, 0x0,
    0x0, 0x0, 0x0, 0x0, 0x0, 0x0, 0xcf, 0xff,
    0xff, 0xf0, 0x0, 0x0, 0x0, 0x0, 0x0, 0x0,
    0x0, 0x0, 0x0, 0xcf, 0xff, 0xff, 0xf0, 0x0,
    0x0, 0x0, 0x0, 0x0, 0x0, 0x0, 0x0, 0x0,
    0xcf, 0xff, 0xff, 0xf0, 0x0, 0x0, 0x0, 0x0,
    0x0, 0x0, 0x0, 0x0, 0x0, 0xcf, 0xff, 0xff,
    0xf0, 0x0, 0x0, 0x0, 0x0, 0x0, 0x0, 0x0,
    0x0, 0x0, 0xcf, 0xff, 0xff, 0xf0, 0x0, 0x0,
    0x0, 0x0, 0x0, 0x0, 0x0, 0x0, 0x0, 0xcf,
    0xff, 0xff, 0xf0, 0x0, 0x0, 0x0, 0x0, 0x0,
    0x0, 0x0, 0x0, 0x0, 0xcf, 0xff, 0xff, 0xf0,
    0x0, 0x0, 0x0, 0x0, 0x0, 0x0, 0x0, 0x0,
    0x0, 0xcf, 0xff, 0xff, 0xf0, 0x0, 0x0, 0x0,
    0x0, 0x0, 0x0, 0x0, 0x0, 0x0, 0xbf, 0xff,
    0xff, 0xf0, 0x0, 0x0, 0x0, 0x0, 0x0, 0x5a,
    0xaa, 0xaa, 0xa0, 0xbf, 0xff, 0xff, 0xf1, 0x0,
    0x0, 0x0, 0x0, 0x0, 0xaf, 0xff, 0xff, 0xf2,
    0x9f, 0xff, 0xff, 0xf4, 0x0, 0x0, 0x0, 0x0,
    0x0, 0xdf, 0xff, 0xff, 0xf0, 0x6f, 0xff, 0xff,
    0xfb, 0x0, 0x0, 0x0, 0x0, 0x3, 0xff, 0xff,
    0xff, 0xd0, 0x1f, 0xff, 0xff, 0xff, 0x60, 0x0,
    0x0, 0x0, 0x1d, 0xff, 0xff, 0xff, 0x90, 0xb,
    0xff, 0xff, 0xff, 0xfa, 0x20, 0x0, 0x6, 0xef,
    0xff, 0xff, 0xff, 0x30, 0x3, 0xff, 0xff, 0xff,
    0xff, 0xfe, 0xdd, 0xff, 0xff, 0xff, 0xff, 0xfa,
    0x0, 0x0, 0x8f, 0xff, 0xff, 0xff, 0xff, 0xff,
    0xff, 0xff, 0xff, 0xff, 0xe1, 0x0, 0x0, 0xa,
    0xff, 0xff, 0xff, 0xff, 0xff, 0xff, 0xff, 0xff,
    0xff, 0x30, 0x0, 0x0, 0x0, 0x8f, 0xff, 0xff,
    0xff, 0xff, 0xff, 0xff, 0xff, 0xd2, 0x0, 0x0,
    0x0, 0x0, 0x2, 0xbf, 0xff, 0xff, 0xff, 0xff,
    0xff, 0xe7, 0x0, 0x0, 0x0, 0x0, 0x0, 0x0,
    0x2, 0x7a, 0xdf, 0xff, 0xec, 0x94, 0x0, 0x0,
    0x0, 0x0,

    /* U+0044 "D" */
    0xf, 0xff, 0xff, 0xff, 0xff, 0xff, 0xff, 0xfe,
    0xb8, 0x30, 0x0, 0x0, 0x0, 0x1f, 0xff, 0xff,
    0xff, 0xff, 0xff, 0xff, 0xff, 0xff, 0xfd, 0x50,
    0x0, 0x0, 0x1f, 0xff, 0xff, 0xff, 0xff, 0xff,
    0xff, 0xff, 0xff, 0xff, 0xfb, 0x10, 0x0, 0x1f,
    0xff, 0xff, 0xff, 0xff, 0xff, 0xff, 0xff, 0xff,
    0xff, 0xff, 0xd1, 0x0, 0x1f, 0xff, 0xff, 0xff,
    0xff, 0xff, 0xff, 0xff, 0xff, 0xff, 0xff, 0xfb,
    0x0, 0x1f, 0xff, 0xff, 0xff, 0xcc, 0xcc, 0xcc,
    0xdf, 0xff, 0xff, 0xff, 0xff, 0x50, 0x1f, 0xff,
    0xff, 0xfb, 0x0, 0x0, 0x0, 0x1, 0x9f, 0xff,
    0xff, 0xff, 0xc0, 0x1f, 0xff, 0xff, 0xfb, 0x0,
    0x0, 0x0, 0x0, 0x8, 0xff, 0xff, 0xff, 0xf2,
    0x1f, 0xff, 0xff, 0xfb, 0x0, 0x0, 0x0, 0x0,
    0x0, 0xdf, 0xff, 0xff, 0xf5, 0x1f, 0xff, 0xff,
    0xfb, 0x0, 0x0, 0x0, 0x0, 0x0, 0x8f, 0xff,
    0xff, 0xf7, 0x1f, 0xff, 0xff, 0xfb, 0x0, 0x0,
    0x0, 0x0, 0x0, 0x5f, 0xff, 0xff, 0xf7, 0x1f,
    0xff, 0xff, 0xfb, 0x0, 0x0, 0x0, 0x0, 0x0,
    0x4f, 0xff, 0xff, 0xf8, 0x1f, 0xff, 0xff, 0xfb,
    0x0, 0x0, 0x0, 0x0, 0x0, 0x4f, 0xff, 0xff,
    0xf8, 0x1f, 0xff, 0xff, 0xfb, 0x0, 0x0, 0x0,
    0x0, 0x0, 0x4f, 0xff, 0xff, 0xf8, 0x1f, 0xff,
    0xff, 0xfb, 0x0, 0x0, 0x0, 0x0, 0x0, 0x4f,
    0xff, 0xff, 0xf8, 0x1f, 0xff, 0xff, 0xfb, 0x0,
    0x0, 0x0, 0x0, 0x0, 0x4f, 0xff, 0xff, 0xf8,
    0x1f, 0xff, 0xff, 0xfb, 0x0, 0x0, 0x0, 0x0,
    0x0, 0x4f, 0xff, 0xff, 0xf8, 0x1f, 0xff, 0xff,
    0xfb, 0x0, 0x0, 0x0, 0x0, 0x0, 0x4f, 0xff,
    0xff, 0xf8, 0x1f, 0xff, 0xff, 0xfb, 0x0, 0x0,
    0x0, 0x0, 0x0, 0x4f, 0xff, 0xff, 0xf8, 0x1f,
    0xff, 0xff, 0xfb, 0x0, 0x0, 0x0, 0x0, 0x0,
    0x4f, 0xff, 0xff, 0xf8, 0x1f, 0xff, 0xff, 0xfb,
    0x0, 0x0, 0x0, 0x0, 0x0, 0x4f, 0xff, 0xff,
    0xf8, 0x1f, 0xff, 0xff, 0xfb, 0x0, 0x0, 0x0,
    0x0, 0x0, 0x4f, 0xff, 0xff, 0xf8, 0x1f, 0xff,
    0xff, 0xfb, 0x0, 0x0, 0x0, 0x0, 0x0, 0x4f,
    0xff, 0xff, 0xf8, 0x1f, 0xff, 0xff, 0xfb, 0x0,
    0x0, 0x0, 0x0, 0x0, 0x5f, 0xff, 0xff, 0xf7,
    0x1f, 0xff, 0xff, 0xfb, 0x0, 0x0, 0x0, 0x0,
    0x0, 0x8f, 0xff, 0xff, 0xf7, 0x1f, 0xff, 0xff,
    0xfb, 0x0, 0x0, 0x0, 0x0, 0x0, 0xef, 0xff,
    0xff, 0xf5, 0x1f, 0xff, 0xff, 0xfb, 0x0, 0x0,
    0x0, 0x0, 0x9, 0xff, 0xff, 0xff, 0xf2, 0x1f,
    0xff, 0xff, 0xfb, 0x0, 0x0, 0x0, 0x1, 0xaf,
    0xff, 0xff, 0xff, 0xc0, 0x1f, 0xff, 0xff, 0xff,
    0xcc, 0xcc, 0xcc, 0xdf, 0xff, 0xff, 0xff, 0xff,
    0x50, 0x1f, 0xff, 0xff, 0xff, 0xff, 0xff, 0xff,
    0xff, 0xff, 0xff, 0xff, 0xfb, 0x0, 0x1f, 0xff,
    0xff, 0xff, 0xff, 0xff, 0xff, 0xff, 0xff, 0xff,
    0xff, 0xd1, 0x0, 0x1f, 0xff, 0xff, 0xff, 0xff,
    0xff, 0xff, 0xff, 0xff, 0xff, 0xfb, 0x10, 0x0,
    0x1f, 0xff, 0xff, 0xff, 0xff, 0xff, 0xff, 0xff,
    0xff, 0xfd, 0x50, 0x0, 0x0, 0xf, 0xff, 0xff,
    0xff, 0xff, 0xff, 0xff, 0xfe, 0xb8, 0x30, 0x0,
    0x0, 0x0,

    /* U+0045 "E" */
    0xf, 0xff, 0xff, 0xff, 0xff, 0xff, 0xff, 0xff,
    0xff, 0xff, 0xff, 0xff, 0x21, 0xff, 0xff, 0xff,
    0xff, 0xff, 0xff, 0xff, 0xff, 0xff, 0xff, 0xff,
    0xf4, 0x1f, 0xff, 0xff, 0xff, 0xff, 0xff, 0xff,
    0xff, 0xff, 0xff, 0xff, 0xff, 0x41, 0xff, 0xff,
    0xff, 0xff, 0xff, 0xff, 0xff, 0xff, 0xff, 0xff,
    0xff, 0xf4, 0x1f, 0xff, 0xff, 0xff, 0xff, 0xff,
    0xff, 0xff, 0xff, 0xff, 0xff, 0xff, 0x41, 0xff,
    0xff, 0xff, 0xfc, 0xcc, 0xcc, 0xcc, 0xcc, 0xcc,
    0xcc, 0xcc, 0xc1, 0x1f, 0xff, 0xff, 0xfb, 0x0,
    0x0, 0x0, 0x0, 0x0, 0x0, 0x0, 0x0, 0x1,
    0xff, 0xff, 0xff, 0xb0, 0x0, 0x0, 0x0, 0x0,
    0x0, 0x0, 0x0, 0x0, 0x1f, 0xff, 0xff, 0xfb,
    0x0, 0x0, 0x0, 0x0, 0x0, 0x0, 0x0, 0x0,
    0x1, 0xff, 0xff, 0xff, 0xb0, 0x0, 0x0, 0x0,
    0x0, 0x0, 0x0, 0x0, 0x0, 0x1f, 0xff, 0xff,
    0xfb, 0x0, 0x0, 0x0, 0x0, 0x0, 0x0, 0x0,
    0x0, 0x1, 0xff, 0xff, 0xff, 0xb0, 0x0, 0x0,
    0x0, 0x0, 0x0, 0x0, 0x0, 0x0, 0x1f, 0xff,
    0xff, 0xfb, 0x0, 0x0, 0x0, 0x0, 0x0, 0x0,
    0x0, 0x0, 0x1, 0xff, 0xff, 0xff, 0xb0, 0x0,
    0x0, 0x0, 0x0, 0x0, 0x0, 0x0, 0x0, 0x1f,
    0xff, 0xff, 0xff, 0xcc, 0xcc, 0xcc, 0xcc, 0xcc,
    0x80, 0x0, 0x0, 0x1, 0xff, 0xff, 0xff, 0xff,
    0xff, 0xff, 0xff, 0xff, 0xfd, 0x0, 0x0, 0x0,
    0x1f, 0xff, 0xff, 0xff, 0xff, 0xff, 0xff, 0xff,
    0xff, 0xd0, 0x0, 0x0, 0x1, 0xff, 0xff, 0xff,
    0xff, 0xff, 0xff, 0xff, 0xff, 0xfd, 0x0, 0x0,
    0x0, 0x1f, 0xff, 0xff, 0xff, 0xff, 0xff, 0xff,
    0xff, 0xff, 0xd0, 0x0, 0x0, 0x1, 0xff, 0xff,
    0xff, 0xff, 0xff, 0xff, 0xff, 0xff, 0xfb, 0x0,
    0x0, 0x0, 0x1f, 0xff, 0xff, 0xfb, 0x0, 0x0,
    0x0, 0x0, 0x0, 0x0, 0x0, 0x0, 0x1, 0xff,
    0xff, 0xff, 0xb0, 0x0, 0x0, 0x0, 0x0, 0x0,
    0x0, 0x0, 0x0, 0x1f, 0xff, 0xff, 0xfb, 0x0,
    0x0, 0x0, 0x0, 0x0, 0x0, 0x0, 0x0, 0x1,
    0xff, 0xff, 0xff, 0xb0, 0x0, 0x0, 0x0, 0x0,
    0x0, 0x0, 0x0, 0x0, 0x1f, 0xff, 0xff, 0xfb,
    0x0, 0x0, 0x0, 0x0, 0x0, 0x0, 0x0, 0x0,
    0x1, 0xff, 0xff, 0xff, 0xb0, 0x0, 0x0, 0x0,
    0x0, 0x0, 0x0, 0x0, 0x0, 0x1f, 0xff, 0xff,
    0xfb, 0x0, 0x0, 0x0, 0x0, 0x0, 0x0, 0x0,
    0x0, 0x1, 0xff, 0xff, 0xff, 0xb0, 0x0, 0x0,
    0x0, 0x0, 0x0, 0x0, 0x0, 0x0, 0x1f, 0xff,
    0xff, 0xff, 0xcc, 0xcc, 0xcc, 0xcc, 0xcc, 0xcc,
    0xcc, 0xcc, 0x11, 0xff, 0xff, 0xff, 0xff, 0xff,
    0xff, 0xff, 0xff, 0xff, 0xff, 0xff, 0xf4, 0x1f,
    0xff, 0xff, 0xff, 0xff, 0xff, 0xff, 0xff, 0xff,
    0xff, 0xff, 0xff, 0x41, 0xff, 0xff, 0xff, 0xff,
    0xff, 0xff, 0xff, 0xff, 0xff, 0xff, 0xff, 0xf4,
    0x1f, 0xff, 0xff, 0xff, 0xff, 0xff, 0xff, 0xff,
    0xff, 0xff, 0xff, 0xff, 0x40, 0xff, 0xff, 0xff,
    0xff, 0xff, 0xff, 0xff, 0xff, 0xff, 0xff, 0xff,
    0xf2,

    /* U+0046 "F" */
    0xf, 0xff, 0xff, 0xff, 0xff, 0xff, 0xff, 0xff,
    0xff, 0xff, 0xff, 0xff, 0x21, 0xff, 0xff, 0xff,
    0xff, 0xff, 0xff, 0xff, 0xff, 0xff, 0xff, 0xff,
    0xf3, 0x1f, 0xff, 0xff, 0xff, 0xff, 0xff, 0xff,
    0xff, 0xff, 0xff, 0xff, 0xff, 0x31, 0xff, 0xff,
    0xff, 0xff, 0xff, 0xff, 0xff, 0xff, 0xff, 0xff,
    0xff, 0xf3, 0x1f, 0xff, 0xff, 0xff, 0xff, 0xff,
    0xff, 0xff, 0xff, 0xff, 0xff, 0xff, 0x31, 0xff,
    0xff, 0xff, 0xfc, 0xcc, 0xcc, 0xcc, 0xcc, 0xcc,
    0xcc, 0xcc, 0xc1, 0x1f, 0xff, 0xff, 0xfb, 0x0,
    0x0, 0x0, 0x0, 0x0, 0x0, 0x0, 0x0, 0x1,
    0xff, 0xff, 0xff, 0xb0, 0x0, 0x0, 0x0, 0x0,
    0x0, 0x0, 0x0, 0x0, 0x1f, 0xff, 0xff, 0xfb,
    0x0, 0x0, 0x0, 0x0, 0x0, 0x0, 0x0, 0x0,
    0x1, 0xff, 0xff, 0xff, 0xb0, 0x0, 0x0, 0x0,
    0x0, 0x0, 0x0, 0x0, 0x0, 0x1f, 0xff, 0xff,
    0xfb, 0x0, 0x0, 0x0, 0x0, 0x0, 0x0, 0x0,
    0x0, 0x1, 0xff, 0xff, 0xff, 0xb0, 0x0, 0x0,
    0x0, 0x0, 0x0, 0x0, 0x0, 0x0, 0x1f, 0xff,
    0xff, 0xfb, 0x0, 0x0, 0x0, 0x0, 0x0, 0x0,
    0x0, 0x0, 0x1, 0xff, 0xff, 0xff, 0xb0, 0x0,
    0x0, 0x0, 0x0, 0x0, 0x0, 0x0, 0x0, 0x1f,
    0xff, 0xff, 0xff, 0xcc, 0xcc, 0xcc, 0xcc, 0xcc,
    0x80, 0x0, 0x0, 0x1, 0xff, 0xff, 0xff, 0xff,
    0xff, 0xff, 0xff, 0xff, 0xfd, 0x0, 0x0, 0x0,
    0x1f, 0xff, 0xff, 0xff, 0xff, 0xff, 0xff, 0xff,
    0xff, 0xd0, 0x0, 0x0, 0x1, 0xff, 0xff, 0xff,
    0xff, 0xff, 0xff, 0xff, 0xff, 0xfd, 0x0, 0x0,
    0x0, 0x1f, 0xff, 0xff, 0xff, 0xff, 0xff, 0xff,
    0xff, 0xff, 0xd0, 0x0, 0x0, 0x1, 0xff, 0xff,
    0xff, 0xff, 0xff, 0xff, 0xff, 0xff, 0xfb, 0x0,
    0x0, 0x0, 0x1f, 0xff, 0xff, 0xfb, 0x0, 0x0,
    0x0, 0x0, 0x0, 0x0, 0x0, 0x0, 0x1, 0xff,
    0xff, 0xff, 0xb0, 0x0, 0x0, 0x0, 0x0, 0x0,
    0x0, 0x0, 0x0, 0x1f, 0xff, 0xff, 0xfb, 0x0,
    0x0, 0x0, 0x0, 0x0, 0x0, 0x0, 0x0, 0x1,
    0xff, 0xff, 0xff, 0xb0, 0x0, 0x0, 0x0, 0x0,
    0x0, 0x0, 0x0, 0x0, 0x1f, 0xff, 0xff, 0xfb,
    0x0, 0x0, 0x0, 0x0, 0x0, 0x0, 0x0, 0x0,
    0x1, 0xff, 0xff, 0xff, 0xb0, 0x0, 0x0, 0x0,
    0x0, 0x0, 0x0, 0x0, 0x0, 0x1f, 0xff, 0xff,
    0xfb, 0x0, 0x0, 0x0, 0x0, 0x0, 0x0, 0x0,
    0x0, 0x1, 0xff, 0xff, 0xff, 0xb0, 0x0, 0x0,
    0x0, 0x0, 0x0, 0x0, 0x0, 0x0, 0x1f, 0xff,
    0xff, 0xfb, 0x0, 0x0, 0x0, 0x0, 0x0, 0x0,
    0x0, 0x0, 0x1, 0xff, 0xff, 0xff, 0xb0, 0x0,
    0x0, 0x0, 0x0, 0x0, 0x0, 0x0, 0x0, 0x1f,
    0xff, 0xff, 0xfb, 0x0, 0x0, 0x0, 0x0, 0x0,
    0x0, 0x0, 0x0, 0x1, 0xff, 0xff, 0xff, 0xb0,
    0x0, 0x0, 0x0, 0x0, 0x0, 0x0, 0x0, 0x0,
    0x1f, 0xff, 0xff, 0xfb, 0x0, 0x0, 0x0, 0x0,
    0x0, 0x0, 0x0, 0x0, 0x0, 0xff, 0xff, 0xff,
    0x90, 0x0, 0x0, 0x0, 0x0, 0x0, 0x0, 0x0,
    0x0,

    /* U+0047 "G" */
    0x0, 0x0, 0x0, 0x1, 0x6a, 0xde, 0xff, 0xeb,
    0x84, 0x0, 0x0, 0x0, 0x0, 0x0, 0x0, 0x2,
    0xaf, 0xff, 0xff, 0xff, 0xff, 0xff, 0xd6, 0x0,
    0x0, 0x0, 0x0, 0x0, 0x7f, 0xff, 0xff, 0xff,
    0xff, 0xff, 0xff, 0xff, 0xc1, 0x0, 0x0, 0x0,
    0x9, 0xff, 0xff, 0xff, 0xff, 0xff, 0xff, 0xff,
    0xff, 0xfe, 0x20, 0x0, 0x0, 0x7f, 0xff, 0xff,
    0xff, 0xff, 0xff, 0xff, 0xff, 0xff, 0xff, 0xe1,
    0x0, 0x2, 0xff, 0xff, 0xff, 0xff, 0xfe, 0xdd,
    0xff, 0xff, 0xff, 0xff, 0xfa, 0x0, 0xa, 0xff,
    0xff, 0xff, 0xfa, 0x30, 0x0, 0x6, 0xef, 0xff,
    0xff, 0xff, 0x30, 0x1f, 0xff, 0xff, 0xff, 0x80,
    0x0, 0x0, 0x0, 0x1e, 0xff, 0xff, 0xff, 0x90,
    0x5f, 0xff, 0xff, 0xfc, 0x0, 0x0, 0x0, 0x0,
    0x4, 0xff, 0xff, 0xff, 0xd0, 0x8f, 0xff, 0xff,
    0xf5, 0x0, 0x0, 0x0, 0x0, 0x0, 0xdf, 0xff,
    0xff, 0xf0, 0xaf, 0xff, 0xff, 0xf1, 0x0, 0x0,
    0x0, 0x0, 0x0, 0xaf, 0xff, 0xff, 0xf1, 0xbf,
    0xff, 0xff, 0xf0, 0x0, 0x0, 0x0, 0x0, 0x0,
    0x5a, 0xaa, 0xaa, 0x90, 0xcf, 0xff, 0xff, 0xf0,
    0x0, 0x0, 0x0, 0x0, 0x0, 0x0, 0x0, 0x0,
    0x0, 0xcf, 0xff, 0xff, 0xf0, 0x0, 0x0, 0x0,
    0x0, 0x0, 0x0, 0x0, 0x0, 0x0, 0xcf, 0xff,
    0xff, 0xf0, 0x0, 0x0, 0x0, 0x0, 0x0, 0x0,
    0x0, 0x0, 0x0, 0xcf, 0xff, 0xff, 0xf0, 0x0,
    0x0, 0x59, 0x99, 0x99, 0x99, 0x99, 0x99, 0x80,
    0xcf, 0xff, 0xff, 0xf0, 0x0, 0x0, 0xbf, 0xff,
    0xff, 0xff, 0xff, 0xff, 0xf1, 0xcf, 0xff, 0xff,
    0xf0, 0x0, 0x0, 0xcf, 0xff, 0xff, 0xff, 0xff,
    0xff, 0xf2, 0xcf, 0xff, 0xff, 0xf0, 0x0, 0x0,
    0xcf, 0xff, 0xff, 0xff, 0xff, 0xff, 0xf2, 0xcf,
    0xff, 0xff, 0xf0, 0x0, 0x0, 0xcf, 0xff, 0xff,
    0xff, 0xff, 0xff, 0xf2, 0xcf, 0xff, 0xff, 0xf0,
    0x0, 0x0, 0xaf, 0xff, 0xff, 0xff, 0xff, 0xff,
    0xf2, 0xcf, 0xff, 0xff, 0xf0, 0x0, 0x0, 0x0,
    0x0, 0x0, 0x9f, 0xff, 0xff, 0xf2, 0xbf, 0xff,
    0xff, 0xf0, 0x0, 0x0, 0x0, 0x0, 0x0, 0x8f,
    0xff, 0xff, 0xf1, 0xaf, 0xff, 0xff, 0xf2, 0x0,
    0x0, 0x0, 0x0, 0x0, 0x9f, 0xff, 0xff, 0xf0,
    0x8f, 0xff, 0xff, 0xf5, 0x0, 0x0, 0x0, 0x0,
    0x0, 0xaf, 0xff, 0xff, 0xf0, 0x5f, 0xff, 0xff,
    0xfd, 0x0, 0x0, 0x0, 0x0, 0x1, 0xff, 0xff,
    0xff, 0xc0, 0x1f, 0xff, 0xff, 0xff, 0x90, 0x0,
    0x0, 0x0, 0xa, 0xff, 0xff, 0xff, 0x70, 0xa,
    0xff, 0xff, 0xff, 0xfc, 0x40, 0x0, 0x3, 0xcf,
    0xff, 0xff, 0xff, 0x10, 0x2, 0xff, 0xff, 0xff,
    0xff, 0xff, 0xdd, 0xff, 0xff, 0xff, 0xff, 0xf9,
    0x0, 0x0, 0x6f, 0xff, 0xff, 0xff, 0xff, 0xff,
    0xff, 0xff, 0xff, 0xff, 0xd0, 0x0, 0x0, 0x8,
    0xff, 0xff, 0xff, 0xff, 0xff, 0xff, 0xff, 0xff,
    0xfe, 0x20, 0x0, 0x0, 0x0, 0x6f, 0xff, 0xff,
    0xff, 0xff, 0xff, 0xff, 0xff, 0xd2, 0x0, 0x0,
    0x0, 0x0, 0x2, 0xaf, 0xff, 0xff, 0xff, 0xff,
    0xff, 0xe7, 0x0, 0x0, 0x0, 0x0, 0x0, 0x0,
    0x1, 0x6a, 0xdf, 0xff, 0xec, 0x94, 0x0, 0x0,
    0x0, 0x0,

    /* U+0048 "H" */
    0xf, 0xff, 0xff, 0xf9, 0x0, 0x0, 0x0, 0x0,
    0x0, 0x2f, 0xff, 0xff, 0xf7, 0x1f, 0xff, 0xff,
    0xfb, 0x0, 0x0, 0x0, 0x0, 0x0, 0x3f, 0xff,
    0xff, 0xf8, 0x1f, 0xff, 0xff, 0xfb, 0x0, 0x0,
    0x0, 0x0, 0x0, 0x3f, 0xff, 0xff, 0xf8, 0x1f,
    0xff, 0xff, 0xfb, 0x0, 0x0, 0x0, 0x0, 0x0,
    0x3f, 0xff, 0xff, 0xf8, 0x1f, 0xff, 0xff, 0xfb,
    0x0, 0x0, 0x0, 0x0, 0x0, 0x3f, 0xff, 0xff,
    0xf8, 0x1f, 0xff, 0xff, 0xfb, 0x0, 0x0, 0x0,
    0x0, 0x0, 0x3f, 0xff, 0xff, 0xf8, 0x1f, 0xff,
    0xff, 0xfb, 0x0, 0x0, 0x0, 0x0, 0x0, 0x3f,
    0xff, 0xff, 0xf8, 0x1f, 0xff, 0xff, 0xfb, 0x0,
    0x0, 0x0, 0x0, 0x0, 0x3f, 0xff, 0xff, 0xf8,
    0x1f, 0xff, 0xff, 0xfb, 0x0, 0x0, 0x0, 0x0,
    0x0, 0x3f, 0xff, 0xff, 0xf8, 0x1f, 0xff, 0xff,
    0xfb, 0x0, 0x0, 0x0, 0x0, 0x0, 0x3f, 0xff,
    0xff, 0xf8, 0x1f, 0xff, 0xff, 0xfb, 0x0, 0x0,
    0x0, 0x0, 0x0, 0x3f, 0xff, 0xff, 0xf8, 0x1f,
    0xff, 0xff, 0xfb, 0x0, 0x0, 0x0, 0x0, 0x0,
    0x3f, 0xff, 0xff, 0xf8, 0x1f, 0xff, 0xff, 0xfb,
    0x0, 0x0, 0x0, 0x0, 0x0, 0x3f, 0xff, 0xff,
    0xf8, 0x1f, 0xff, 0xff, 0xfb, 0x0, 0x0, 0x0,
    0x0, 0x0, 0x3f, 0xff, 0xff, 0xf8, 0x1f, 0xff,
    0xff, 0xff, 0xcc, 0xcc, 0xcc, 0xcc, 0xcc, 0xdf,
    0xff, 0xff, 0xf8, 0x1f, 0xff, 0xff, 0xff, 0xff,
    0xff, 0xff, 0xff, 0xff, 0xff, 0xff, 0xff, 0xf8,
    0x1f, 0xff, 0xff, 0xff, 0xff, 0xff, 0xff, 0xff,
    0xff, 0xff, 0xff, 0xff, 0xf8, 0x1f, 0xff, 0xff,
    0xff, 0xff, 0xff, 0xff, 0xff, 0xff, 0xff, 0xff,
    0xff, 0xf8, 0x1f, 0xff, 0xff, 0xff, 0xff, 0xff,
    0xff, 0xff, 0xff, 0xff, 0xff, 0xff, 0xf8, 0x1f,
    0xff, 0xff, 0xff, 0xff, 0xff, 0xff, 0xff, 0xff,
    0xff, 0xff, 0xff, 0xf8, 0x1f, 0xff, 0xff, 0xfb,
    0x0, 0x0, 0x0, 0x0, 0x0, 0x3f, 0xff, 0xff,
    0xf8, 0x1f, 0xff, 0xff, 0xfb, 0x0, 0x0, 0x0,
    0x0, 0x0, 0x3f, 0xff, 0xff, 0xf8, 0x1f, 0xff,
    0xff, 0xfb, 0x0, 0x0, 0x0, 0x0, 0x0, 0x3f,
    0xff, 0xff, 0xf8, 0x1f, 0xff, 0xff, 0xfb, 0x0,
    0x0, 0x0, 0x0, 0x0, 0x3f, 0xff, 0xff, 0xf8,
    0x1f, 0xff, 0xff, 0xfb, 0x0, 0x0, 0x0, 0x0,
    0x0, 0x3f, 0xff, 0xff, 0xf8, 0x1f, 0xff, 0xff,
    0xfb, 0x0, 0x0, 0x0, 0x0, 0x0, 0x3f, 0xff,
    0xff, 0xf8, 0x1f, 0xff, 0xff, 0xfb, 0x0, 0x0,
    0x0, 0x0, 0x0, 0x3f, 0xff, 0xff, 0xf8, 0x1f,
    0xff, 0xff, 0xfb, 0x0, 0x0, 0x0, 0x0, 0x0,
    0x3f, 0xff, 0xff, 0xf8, 0x1f, 0xff, 0xff, 0xfb,
    0x0, 0x0, 0x0, 0x0, 0x0, 0x3f, 0xff, 0xff,
    0xf8, 0x1f, 0xff, 0xff, 0xfb, 0x0, 0x0, 0x0,
    0x0, 0x0, 0x3f, 0xff, 0xff, 0xf8, 0x1f, 0xff,
    0xff, 0xfb, 0x0, 0x0, 0x0, 0x0, 0x0, 0x3f,
    0xff, 0xff, 0xf8, 0x1f, 0xff, 0xff, 0xfb, 0x0,
    0x0, 0x0, 0x0, 0x0, 0x3f, 0xff, 0xff, 0xf8,
    0x1f, 0xff, 0xff, 0xfb, 0x0, 0x0, 0x0, 0x0,
    0x0, 0x3f, 0xff, 0xff, 0xf8, 0xf, 0xff, 0xff,
    0xf9, 0x0, 0x0, 0x0, 0x0, 0x0, 0x2f, 0xff,
    0xff, 0xf7,

    /* U+0049 "I" */
    0xf, 0xff, 0xff, 0xf9, 0x1f, 0xff, 0xff, 0xfb,
    0x1f, 0xff, 0xff, 0xfb, 0x1f, 0xff, 0xff, 0xfb,
    0x1f, 0xff, 0xff, 0xfb, 0x1f, 0xff, 0xff, 0xfb,
    0x1f, 0xff, 0xff, 0xfb, 0x1f, 0xff, 0xff, 0xfb,
    0x1f, 0xff, 0xff, 0xfb, 0x1f, 0xff, 0xff, 0xfb,
    0x1f, 0xff, 0xff, 0xfb, 0x1f, 0xff, 0xff, 0xfb,
    0x1f, 0xff, 0xff, 0xfb, 0x1f, 0xff, 0xff, 0xfb,
    0x1f, 0xff, 0xff, 0xfb, 0x1f, 0xff, 0xff, 0xfb,
    0x1f, 0xff, 0xff, 0xfb, 0x1f, 0xff, 0xff, 0xfb,
    0x1f, 0xff, 0xff, 0xfb, 0x1f, 0xff, 0xff, 0xfb,
    0x1f, 0xff, 0xff, 0xfb, 0x1f, 0xff, 0xff, 0xfb,
    0x1f, 0xff, 0xff, 0xfb, 0x1f, 0xff, 0xff, 0xfb,
    0x1f, 0xff, 0xff, 0xfb, 0x1f, 0xff, 0xff, 0xfb,
    0x1f, 0xff, 0xff, 0xfb, 0x1f, 0xff, 0xff, 0xfb,
    0x1f, 0xff, 0xff, 0xfb, 0x1f, 0xff, 0xff, 0xfb,
    0x1f, 0xff, 0xff, 0xfb, 0x1f, 0xff, 0xff, 0xfb,
    0x1f, 0xff, 0xff, 0xfb, 0xf, 0xff, 0xff, 0xf9,

    /* U+004A "J" */
    0x0, 0x0, 0x0, 0x0, 0x0, 0x0, 0x0, 0x0,
    0x0, 0x9f, 0xff, 0xff, 0xe0, 0x0, 0x0, 0x0,
    0x0, 0x0, 0x0, 0x0, 0x0, 0x0, 0xaf, 0xff,
    0xff, 0xf1, 0x0, 0x0, 0x0, 0x0, 0x0, 0x0,
    0x0, 0x0, 0x0, 0xaf, 0xff, 0xff, 0xf1, 0x0,
    0x0, 0x0, 0x0, 0x0, 0x0, 0x0, 0x0, 0x0,
    0xaf, 0xff, 0xff, 0xf1, 0x0, 0x0, 0x0, 0x0,
    0x0, 0x0, 0x0, 0x0, 0x0, 0xaf, 0xff, 0xff,
    0xf1, 0x0, 0x0, 0x0, 0x0, 0x0, 0x0, 0x0,
    0x0, 0x0, 0xaf, 0xff, 0xff, 0xf1, 0x0, 0x0,
    0x0, 0x0, 0x0, 0x0, 0x0, 0x0, 0x0, 0xaf,
    0xff, 0xff, 0xf1, 0x0, 0x0, 0x0, 0x0, 0x0,
    0x0, 0x0, 0x0, 0x0, 0xaf, 0xff, 0xff, 0xf1,
    0x0, 0x0, 0x0, 0x0, 0x0, 0x0, 0x0, 0x0,
    0x0, 0xaf, 0xff, 0xff, 0xf1, 0x0, 0x0, 0x0,
    0x0, 0x0, 0x0, 0x0, 0x0, 0x0, 0xaf, 0xff,
    0xff, 0xf1, 0x0, 0x0, 0x0, 0x0, 0x0, 0x0,
    0x0, 0x0, 0x0, 0xaf, 0xff, 0xff, 0xf1, 0x0,
    0x0, 0x0, 0x0, 0x0, 0x0, 0x0, 0x0, 0x0,
    0xaf, 0xff, 0xff, 0xf1, 0x0, 0x0, 0x0, 0x0,
    0x0, 0x0, 0x0, 0x0, 0x0, 0xaf, 0xff, 0xff,
    0xf1, 0x0, 0x0, 0x0, 0x0, 0x0, 0x0, 0x0,
    0x0, 0x0, 0xaf, 0xff, 0xff, 0xf1, 0x0, 0x0,
    0x0, 0x0, 0x0, 0x0, 0x0, 0x0, 0x0, 0xaf,
    0xff, 0xff, 0xf1, 0x0, 0x0, 0x0, 0x0, 0x0,
    0x0, 0x0, 0x0, 0x0, 0xaf, 0xff, 0xff, 0xf1,
    0x0, 0x0, 0x0, 0x0, 0x0, 0x0, 0x0, 0x0,
    0x0, 0xaf, 0xff, 0xff, 0xf1, 0x0, 0x0, 0x0,
    0x0, 0x0, 0x0, 0x0, 0x0, 0x0, 0xaf, 0xff,
    0xff, 0xf1, 0x0, 0x0, 0x0, 0x0, 0x0, 0x0,
    0x0, 0x0, 0x0, 0xaf, 0xff, 0xff, 0xf1, 0x7,
    0x88, 0x88, 0x84, 0x0, 0x0, 0x0, 0x0, 0x0,
    0xaf, 0xff, 0xff, 0xf1, 0x1f, 0xff, 0xff, 0xfa,
    0x0, 0x0, 0x0, 0x0, 0x0, 0xaf, 0xff, 0xff,
    0xf1, 0x1f, 0xff, 0xff, 0xfb, 0x0, 0x0, 0x0,
    0x0, 0x0, 0xaf, 0xff, 0xff, 0xf1, 0x1f, 0xff,
    0xff, 0xfb, 0x0, 0x0, 0x0, 0x0, 0x0, 0xaf,
    0xff, 0xff, 0xf1, 0x1f, 0xff, 0xff, 0xfb, 0x0,
    0x0, 0x0, 0x0, 0x0, 0xbf, 0xff, 0xff, 0xf0,
    0xf, 0xff, 0xff, 0xfd, 0x0, 0x0, 0x0, 0x0,
    0x0, 0xdf, 0xff, 0xff, 0xf0, 0xd, 0xff, 0xff,
    0xff, 0x30, 0x0, 0x0, 0x0, 0x3, 0xff, 0xff,
    0xff, 0xc0, 0x9, 0xff, 0xff, 0xff, 0xd0, 0x0,
    0x0, 0x0, 0x1d, 0xff, 0xff, 0xff, 0x80, 0x3,
    0xff, 0xff, 0xff, 0xfd, 0x40, 0x0, 0x5, 0xef,
    0xff, 0xff, 0xff, 0x20, 0x0, 0xcf, 0xff, 0xff,
    0xff, 0xff, 0xdd, 0xff, 0xff, 0xff, 0xff, 0xfa,
    0x0, 0x0, 0x2f, 0xff, 0xff, 0xff, 0xff, 0xff,
    0xff, 0xff, 0xff, 0xff, 0xe1, 0x0, 0x0, 0x4,
    0xff, 0xff, 0xff, 0xff, 0xff, 0xff, 0xff, 0xff,
    0xff, 0x30, 0x0, 0x0, 0x0, 0x4e, 0xff, 0xff,
    0xff, 0xff, 0xff, 0xff, 0xff, 0xd2, 0x0, 0x0,
    0x0, 0x0, 0x1, 0x9f, 0xff, 0xff, 0xff, 0xff,
    0xff, 0xe7, 0x0, 0x0, 0x0, 0x0, 0x0, 0x0,
    0x1, 0x5a, 0xde, 0xff, 0xec, 0x95, 0x0, 0x0,
    0x0, 0x0,

    /* U+004B "K" */
    0xf, 0xff, 0xff, 0xf9, 0x0, 0x0, 0x0, 0x0,
    0x0, 0x2e, 0xff, 0xff, 0xff, 0x80, 0x1f, 0xff,
    0xff, 0xfb, 0x0, 0x0, 0x0, 0x0, 0x0, 0xdf,
    0xff, 0xff, 0xfd, 0x0, 0x1f, 0xff, 0xff, 0xfb,
    0x0, 0x0, 0x0, 0x0, 0xa, 0xff, 0xff, 0xff,
    0xf2, 0x0, 0x1f, 0xff, 0xff, 0xfb, 0x0, 0x0,
    0x0, 0x0, 0x7f, 0xff, 0xff, 0xff, 0x60, 0x0,
    0x1f, 0xff, 0xff, 0xfb, 0x0, 0x0, 0x0, 0x4,
    0xff, 0xff, 0xff, 0xf9, 0x0, 0x0, 0x1f, 0xff,
    0xff, 0xfb, 0x0, 0x0, 0x0, 0x1e, 0xff, 0xff,
    0xff, 0xc0, 0x0, 0x0, 0x1f, 0xff, 0xff, 0xfb,
    0x0, 0x0, 0x0, 0xcf, 0xff, 0xff, 0xfe, 0x20,
    0x0, 0x0, 0x1f, 0xff, 0xff, 0xfb, 0x0, 0x0,
    0x9, 0xff, 0xff, 0xff, 0xf4, 0x0, 0x0, 0x0,
    0x1f, 0xff, 0xff, 0xfb, 0x0, 0x0, 0x6f, 0xff,
    0xff, 0xff, 0x80, 0x0, 0x0, 0x0, 0x1f, 0xff,
    0xff, 0xfb, 0x0, 0x3, 0xff, 0xff, 0xff, 0xfb,
    0x0, 0x0, 0x0, 0x0, 0x1f, 0xff, 0xff, 0xfb,
    0x0, 0x1e, 0xff, 0xff, 0xff, 0xe1, 0x0, 0x0,
    0x0, 0x0, 0x1f, 0xff, 0xff, 0xfb, 0x0, 0xcf,
    0xff, 0xff, 0xff, 0x30, 0x0, 0x0, 0x0, 0x0,
    0x1f, 0xff, 0xff, 0xfb, 0x9, 0xff, 0xff, 0xff,
    0xf6, 0x0, 0x0, 0x0, 0x0, 0x0, 0x1f, 0xff,
    0xff, 0xfb, 0x6f, 0xff, 0xff, 0xff, 0xa0, 0x0,
    0x0, 0x0, 0x0, 0x0, 0x1f, 0xff, 0xff, 0xfe,
    0xff, 0xff, 0xff, 0xfe, 0x0, 0x0, 0x0, 0x0,
    0x0, 0x0, 0x1f, 0xff, 0xff, 0xff, 0xff, 0xff,
    0xff, 0xff, 0x20, 0x0, 0x0, 0x0, 0x0, 0x0,
    0x1f, 0xff, 0xff, 0xff, 0xff, 0xff, 0xff, 0xff,
    0xb0, 0x0, 0x0, 0x0, 0x0, 0x0, 0x1f, 0xff,
    0xff, 0xff, 0xff, 0xff, 0xff, 0xff, 0xf5, 0x0,
    0x0, 0x0, 0x0, 0x0, 0x1f, 0xff, 0xff, 0xff,
    0xff, 0xff, 0xff, 0xff, 0xfe, 0x0, 0x0, 0x0,
    0x0, 0x0, 0x1f, 0xff, 0xff, 0xff, 0xff, 0xde,
    0xff, 0xff, 0xff, 0x90, 0x0, 0x0, 0x0, 0x0,
    0x1f, 0xff, 0xff, 0xff, 0xff, 0x24, 0xff, 0xff,
    0xff, 0xf3, 0x0, 0x0, 0x0, 0x0, 0x1f, 0xff,
    0xff, 0xff, 0xf5, 0x0, 0xbf, 0xff, 0xff, 0xfc,
    0x0, 0x0, 0x0, 0x0, 0x1f, 0xff, 0xff, 0xff,
    0x80, 0x0, 0x2f, 0xff, 0xff, 0xff, 0x60, 0x0,
    0x0, 0x0, 0x1f, 0xff, 0xff, 0xfd, 0x0, 0x0,
    0x7, 0xff, 0xff, 0xff, 0xf1, 0x0, 0x0, 0x0,
    0x1f, 0xff, 0xff, 0xfb, 0x0, 0x0, 0x0, 0xdf,
    0xff, 0xff, 0xfa, 0x0, 0x0, 0x0, 0x1f, 0xff,
    0xff, 0xfb, 0x0, 0x0, 0x0, 0x4f, 0xff, 0xff,
    0xff, 0x40, 0x0, 0x0, 0x1f, 0xff, 0xff, 0xfb,
    0x0, 0x0, 0x0, 0xa, 0xff, 0xff, 0xff, 0xd0,
    0x0, 0x0, 0x1f, 0xff, 0xff, 0xfb, 0x0, 0x0,
    0x0, 0x1, 0xff, 0xff, 0xff, 0xf8, 0x0, 0x0,
    0x1f, 0xff, 0xff, 0xfb, 0x0, 0x0, 0x0, 0x0,
    0x6f, 0xff, 0xff, 0xff, 0x20, 0x0, 0x1f, 0xff,
    0xff, 0xfb, 0x0, 0x0, 0x0, 0x0, 0xc, 0xff,
    0xff, 0xff, 0xb0, 0x0, 0x1f, 0xff, 0xff, 0xfb,
    0x0, 0x0, 0x0, 0x0, 0x3, 0xff, 0xff, 0xff,
    0xf5, 0x0, 0x1f, 0xff, 0xff, 0xfb, 0x0, 0x0,
    0x0, 0x0, 0x0, 0x9f, 0xff, 0xff, 0xfe, 0x10,
    0x1f, 0xff, 0xff, 0xfb, 0x0, 0x0, 0x0, 0x0,
    0x0, 0x1e, 0xff, 0xff, 0xff, 0x90, 0xf, 0xff,
    0xff, 0xf9, 0x0, 0x0, 0x0, 0x0, 0x0, 0x5,
    0xff, 0xff, 0xff, 0xf1,

    /* U+004C "L" */
    0xf, 0xff, 0xff, 0xf9, 0x0, 0x0, 0x0, 0x0,
    0x0, 0x0, 0x0, 0x0, 0x1, 0xff, 0xff, 0xff,
    0xb0, 0x0, 0x0, 0x0, 0x0, 0x0, 0x0, 0x0,
    0x0, 0x1f, 0xff, 0xff, 0xfb, 0x0, 0x0, 0x0,
    0x0, 0x0, 0x0, 0x0, 0x0, 0x1, 0xff, 0xff,
    0xff, 0xb0, 0x0, 0x0, 0x0, 0x0, 0x0, 0x0,
    0x0, 0x0, 0x1f, 0xff, 0xff, 0xfb, 0x0, 0x0,
    0x0, 0x0, 0x0, 0x0, 0x0, 0x0, 0x1, 0xff,
    0xff, 0xff, 0xb0, 0x0, 0x0, 0x0, 0x0, 0x0,
    0x0, 0x0, 0x0, 0x1f, 0xff, 0xff, 0xfb, 0x0,
    0x0, 0x0, 0x0, 0x0, 0x0, 0x0, 0x0, 0x1,
    0xff, 0xff, 0xff, 0xb0, 0x0, 0x0, 0x0, 0x0,
    0x0, 0x0, 0x0, 0x0, 0x1f, 0xff, 0xff, 0xfb,
    0x0, 0x0, 0x0, 0x0, 0x0, 0x0, 0x0, 0x0,
    0x1, 0xff, 0xff, 0xff, 0xb0, 0x0, 0x0, 0x0,
    0x0, 0x0, 0x0, 0x0, 0x0, 0x1f, 0xff, 0xff,
    0xfb, 0x0, 0x0, 0x0, 0x0, 0x0, 0x0, 0x0,
    0x0, 0x1, 0xff, 0xff, 0xff, 0xb0, 0x0, 0x0,
    0x0, 0x0, 0x0, 0x0, 0x0, 0x0, 0x1f, 0xff,
    0xff, 0xfb, 0x0, 0x0, 0x0, 0x0, 0x0, 0x0,
    0x0, 0x0, 0x1, 0xff, 0xff, 0xff, 0xb0, 0x0,
    0x0, 0x0, 0x0, 0x0, 0x0, 0x0, 0x0, 0x1f,
    0xff, 0xff, 0xfb, 0x0, 0x0, 0x0, 0x0, 0x0,
    0x0, 0x0, 0x0, 0x1, 0xff, 0xff, 0xff, 0xb0,
    0x0, 0x0, 0x0, 0x0, 0x0, 0x0, 0x0, 0x0,
    0x1f, 0xff, 0xff, 0xfb, 0x0, 0x0, 0x0, 0x0,
    0x0, 0x0, 0x0, 0x0, 0x1, 0xff, 0xff, 0xff,
    0xb0, 0x0, 0x0, 0x0, 0x0, 0x0, 0x0, 0x0,
    0x0, 0x1f, 0xff, 0xff, 0xfb, 0x0, 0x0, 0x0,
    0x0, 0x0, 0x0, 0x0, 0x0, 0x1, 0xff, 0xff,
    0xff, 0xb0, 0x0, 0x0, 0x0, 0x0, 0x0, 0x0,
    0x0, 0x0, 0x1f, 0xff, 0xff, 0xfb, 0x0, 0x0,
    0x0, 0x0, 0x0, 0x0, 0x0, 0x0, 0x1, 0xff,
    0xff, 0xff, 0xb0, 0x0, 0x0, 0x0, 0x0, 0x0,
    0x0, 0x0, 0x0, 0x1f, 0xff, 0xff, 0xfb, 0x0,
    0x0, 0x0, 0x0, 0x0, 0x0, 0x0, 0x0, 0x1,
    0xff, 0xff, 0xff, 0xb0, 0x0, 0x0, 0x0, 0x0,
    0x0, 0x0, 0x0, 0x0, 0x1f, 0xff, 0xff, 0xfb,
    0x0, 0x0, 0x0, 0x0, 0x0, 0x0, 0x0, 0x0,
    0x1, 0xff, 0xff, 0xff, 0xb0, 0x0, 0x0, 0x0,
    0x0, 0x0, 0x0, 0x0, 0x0, 0x1f, 0xff, 0xff,
    0xfb, 0x0, 0x0, 0x0, 0x0, 0x0, 0x0, 0x0,
    0x0, 0x1, 0xff, 0xff, 0xff, 0xb0, 0x0, 0x0,
    0x0, 0x0, 0x0, 0x0, 0x0, 0x0, 0x1f, 0xff,
    0xff, 0xff, 0xcc, 0xcc, 0xcc, 0xcc, 0xcc, 0xcc,
    0xcc, 0xcc, 0x11, 0xff, 0xff, 0xff, 0xff, 0xff,
    0xff, 0xff, 0xff, 0xff, 0xff, 0xff, 0xf3, 0x1f,
    0xff, 0xff, 0xff, 0xff, 0xff, 0xff, 0xff, 0xff,
    0xff, 0xff, 0xff, 0x31, 0xff, 0xff, 0xff, 0xff,
    0xff, 0xff, 0xff, 0xff, 0xff, 0xff, 0xff, 0xf3,
    0x1f, 0xff, 0xff, 0xff, 0xff, 0xff, 0xff, 0xff,
    0xff, 0xff, 0xff, 0xff, 0x30, 0xff, 0xff, 0xff,
    0xff, 0xff, 0xff, 0xff, 0xff, 0xff, 0xff, 0xff,
    0xf2,

    /* U+004D "M" */
    0xf, 0xff, 0xff, 0xfc, 0x0, 0x0, 0x0, 0x0,
    0x0, 0x0, 0x0, 0x8f, 0xff, 0xff, 0xf4, 0x1f,
    0xff, 0xff, 0xff, 0x80, 0x0, 0x0, 0x0, 0x0,
    0x0, 0x3, 0xff, 0xff, 0xff, 0xf6, 0x1f, 0xff,
    0xff, 0xff, 0xf2, 0x0, 0x0, 0x0, 0x0, 0x0,
    0xd, 0xff, 0xff, 0xff, 0xf6, 0x1f, 0xff, 0xff,
    0xff, 0xfc, 0x0, 0x0, 0x0, 0x0, 0x0, 0x8f,
    0xff, 0xff, 0xff, 0xf6, 0x1f, 0xff, 0xff, 0xff,
    0xff, 0x70, 0x0, 0x0, 0x0, 0x2, 0xff, 0xff,
    0xff, 0xff, 0xf6, 0x1f, 0xff, 0xff, 0xff, 0xff,
    0xf2, 0x0, 0x0, 0x0, 0xc, 0xff, 0xff, 0xff,
    0xff, 0xf6, 0x1f, 0xff, 0xff, 0xff, 0xff, 0xfb,
    0x0, 0x0, 0x0, 0x7f, 0xff, 0xff, 0xff, 0xff,
    0xf6, 0x1f, 0xff, 0xff, 0xff, 0xff, 0xff, 0x60,
    0x0, 0x2, 0xff, 0xff, 0xff, 0xff, 0xff, 0xf6,
    0x1f, 0xff, 0xff, 0xff, 0xff, 0xff, 0xe1, 0x0,
    0xb, 0xff, 0xff, 0xff, 0xff, 0xff, 0xf6, 0x1f,
    0xff, 0xff, 0xff, 0xff, 0xff, 0xfa, 0x0, 0x6f,
    0xff, 0xff, 0xff, 0xff, 0xff, 0xf6, 0x1f, 0xff,
    0xff, 0xff, 0xff, 0xff, 0xff, 0x51, 0xff, 0xff,
    0xff, 0xff, 0xff, 0xff, 0xf6, 0x1f, 0xff, 0xff,
    0xff, 0xff, 0xff, 0xff, 0xeb, 0xff, 0xff, 0xff,
    0xff, 0xff, 0xff, 0xf6, 0x1f, 0xff, 0xff, 0xfb,
    0xaf, 0xff, 0xff, 0xff, 0xff, 0xff, 0xfe, 0x7f,
    0xff, 0xff, 0xf6, 0x1f, 0xff, 0xff, 0xfb, 0x1f,
    0xff, 0xff, 0xff, 0xff, 0xff, 0xf5, 0x6f, 0xff,
    0xff, 0xf6, 0x1f, 0xff, 0xff, 0xfb, 0x6, 0xff,
    0xff, 0xff, 0xff, 0xff, 0xb0, 0x6f, 0xff, 0xff,
    0xf6, 0x1f, 0xff, 0xff, 0xfb, 0x0, 0xcf, 0xff,
    0xff, 0xff, 0xff, 0x20, 0x6f, 0xff, 0xff, 0xf6,
    0x1f, 0xff, 0xff, 0xfb, 0x0, 0x2f, 0xff, 0xff,
    0xff, 0xf7, 0x0, 0x6f, 0xff, 0xff, 0xf6, 0x1f,
    0xff, 0xff, 0xfb, 0x0, 0x8, 0xff, 0xff, 0xff,
    0xd0, 0x0, 0x6f, 0xff, 0xff, 0xf6, 0x1f, 0xff,
    0xff, 0xfb, 0x0, 0x0, 0xdf, 0xff, 0xff, 0x30,
    0x0, 0x6f, 0xff, 0xff, 0xf6, 0x1f, 0xff, 0xff,
    0xfb, 0x0, 0x0, 0x4f, 0xff, 0xf9, 0x0, 0x0,
    0x6f, 0xff, 0xff, 0xf6, 0x1f, 0xff, 0xff, 0xfb,
    0x0, 0x0, 0x4, 0x66, 0x60, 0x0, 0x0, 0x6f,
    0xff, 0xff, 0xf6, 0x1f, 0xff, 0xff, 0xfb, 0x0,
    0x0, 0x0, 0x0, 0x0, 0x0, 0x0, 0x6f, 0xff,
    0xff, 0xf6, 0x1f, 0xff, 0xff, 0xfb, 0x0, 0x0,
    0x0, 0x0, 0x0, 0x0, 0x0, 0x6f, 0xff, 0xff,
    0xf6, 0x1f, 0xff, 0xff, 0xfb, 0x0, 0x0, 0x0,
    0x0, 0x0, 0x0, 0x0, 0x6f, 0xff, 0xff, 0xf6,
    0x1f, 0xff, 0xff, 0xfb, 0x0, 0x0, 0x0, 0x0,
    0x0, 0x0, 0x0, 0x6f, 0xff, 0xff, 0xf6, 0x1f,
    0xff, 0xff, 0xfb, 0x0, 0x0, 0x0, 0x0, 0x0,
    0x0, 0x0, 0x6f, 0xff, 0xff, 0xf6, 0x1f, 0xff,
    0xff, 0xfb, 0x0, 0x0, 0x0, 0x0, 0x0, 0x0,
    0x0, 0x6f, 0xff, 0xff, 0xf6, 0x1f, 0xff, 0xff,
    0xfb, 0x0, 0x0, 0x0, 0x0, 0x0, 0x0, 0x0,
    0x6f, 0xff, 0xff, 0xf6, 0x1f, 0xff, 0xff, 0xfb,
    0x0, 0x0, 0x0, 0x0, 0x0, 0x0, 0x0, 0x6f,
    0xff, 0xff, 0xf6, 0x1f, 0xff, 0xff, 0xfb, 0x0,
    0x0, 0x0, 0x0, 0x0, 0x0, 0x0, 0x6f, 0xff,
    0xff, 0xf6, 0x1f, 0xff, 0xff, 0xfb, 0x0, 0x0,
    0x0, 0x0, 0x0, 0x0, 0x0, 0x6f, 0xff, 0xff,
    0xf6, 0x1f, 0xff, 0xff, 0xfb, 0x0, 0x0, 0x0,
    0x0, 0x0, 0x0, 0x0, 0x6f, 0xff, 0xff, 0xf6,
    0x1f, 0xff, 0xff, 0xfb, 0x0, 0x0, 0x0, 0x0,
    0x0, 0x0, 0x0, 0x6f, 0xff, 0xff, 0xf6, 0xf,
    0xff, 0xff, 0xf9, 0x0, 0x0, 0x0, 0x0, 0x0,
    0x0, 0x0, 0x4f, 0xff, 0xff, 0xf4,

    /* U+004E "N" */
    0xf, 0xff, 0xff, 0xfa, 0x0, 0x0, 0x0, 0x0,
    0x0, 0x0, 0xaf, 0xff, 0xff, 0xe1, 0xff, 0xff,
    0xff, 0xf4, 0x0, 0x0, 0x0, 0x0, 0x0, 0xc,
    0xff, 0xff, 0xff, 0x1f, 0xff, 0xff, 0xff, 0xd0,
    0x0, 0x0, 0x0, 0x0, 0x0, 0xcf, 0xff, 0xff,
    0xf1, 0xff, 0xff, 0xff, 0xff, 0x70, 0x0, 0x0,
    0x0, 0x0, 0xc, 0xff, 0xff, 0xff, 0x1f, 0xff,
    0xff, 0xff, 0xff, 0x10, 0x0, 0x0, 0x0, 0x0,
    0xcf, 0xff, 0xff, 0xf1, 0xff, 0xff, 0xff, 0xff,
    0xfa, 0x0, 0x0, 0x0, 0x0, 0xc, 0xff, 0xff,
    0xff, 0x1f, 0xff, 0xff, 0xff, 0xff, 0xf4, 0x0,
    0x0, 0x0, 0x0, 0xcf, 0xff, 0xff, 0xf1, 0xff,
    0xff, 0xff, 0xff, 0xff, 0xd0, 0x0, 0x0, 0x0,
    0xc, 0xff, 0xff, 0xff, 0x1f, 0xff, 0xff, 0xff,
    0xff, 0xff, 0x70, 0x0, 0x0, 0x0, 0xcf, 0xff,
    0xff, 0xf1, 0xff, 0xff, 0xff, 0xff, 0xff, 0xff,
    0x10, 0x0, 0x0, 0xc, 0xff, 0xff, 0xff, 0x1f,
    0xff, 0xff, 0xff, 0xff, 0xff, 0xfa, 0x0, 0x0,
    0x0, 0xcf, 0xff, 0xff, 0xf1, 0xff, 0xff, 0xff,
    0xff, 0xff, 0xff, 0xf4, 0x0, 0x0, 0xc, 0xff,
    0xff, 0xff, 0x1f, 0xff, 0xff, 0xfe, 0xff, 0xff,
    0xff, 0xd0, 0x0, 0x0, 0xcf, 0xff, 0xff, 0xf1,
    0xff, 0xff, 0xff, 0x9b, 0xff, 0xff, 0xff, 0x70,
    0x0, 0xc, 0xff, 0xff, 0xff, 0x1f, 0xff, 0xff,
    0xf9, 0x2f, 0xff, 0xff, 0xff, 0x10, 0x0, 0xcf,
    0xff, 0xff, 0xf1, 0xff, 0xff, 0xff, 0x90, 0x8f,
    0xff, 0xff, 0xfa, 0x0, 0xb, 0xff, 0xff, 0xff,
    0x1f, 0xff, 0xff, 0xf9, 0x0, 0xef, 0xff, 0xff,
    0xf3, 0x0, 0xbf, 0xff, 0xff, 0xf1, 0xff, 0xff,
    0xff, 0x90, 0x5, 0xff, 0xff, 0xff, 0xd0, 0xb,
    0xff, 0xff, 0xff, 0x1f, 0xff, 0xff, 0xf9, 0x0,
    0xb, 0xff, 0xff, 0xff, 0x70, 0xbf, 0xff, 0xff,
    0xf1, 0xff, 0xff, 0xff, 0xa0, 0x0, 0x2f, 0xff,
    0xff, 0xff, 0x1b, 0xff, 0xff, 0xff, 0x1f, 0xff,
    0xff, 0xfa, 0x0, 0x0, 0x8f, 0xff, 0xff, 0xfa,
    0xbf, 0xff, 0xff, 0xf1, 0xff, 0xff, 0xff, 0xa0,
    0x0, 0x0, 0xef, 0xff, 0xff, 0xff, 0xff, 0xff,
    0xff, 0x1f, 0xff, 0xff, 0xfa, 0x0, 0x0, 0x5,
    0xff, 0xff, 0xff, 0xff, 0xff, 0xff, 0xf1, 0xff,
    0xff, 0xff, 0xa0, 0x0, 0x0, 0xb, 0xff, 0xff,
    0xff, 0xff, 0xff, 0xff, 0x1f, 0xff, 0xff, 0xfa,
    0x0, 0x0, 0x0, 0x2f, 0xff, 0xff, 0xff, 0xff,
    0xff, 0xf1, 0xff, 0xff, 0xff, 0xa0, 0x0, 0x0,
    0x0, 0x8f, 0xff, 0xff, 0xff, 0xff, 0xff, 0x1f,
    0xff, 0xff, 0xfa, 0x0, 0x0, 0x0, 0x0, 0xef,
    0xff, 0xff, 0xff, 0xff, 0xf1, 0xff, 0xff, 0xff,
    0xa0, 0x0, 0x0, 0x0, 0x5, 0xff, 0xff, 0xff,
    0xff, 0xff, 0x1f, 0xff, 0xff, 0xfa, 0x0, 0x0,
    0x0, 0x0, 0xb, 0xff, 0xff, 0xff, 0xff, 0xf1,
    0xff, 0xff, 0xff, 0xa0, 0x0, 0x0, 0x0, 0x0,
    0x2f, 0xff, 0xff, 0xff, 0xff, 0x1f, 0xff, 0xff,
    0xfa, 0x0, 0x0, 0x0, 0x0, 0x0, 0x8f, 0xff,
    0xff, 0xff, 0xf1, 0xff, 0xff, 0xff, 0xb0, 0x0,
    0x0, 0x0, 0x0, 0x0, 0xef, 0xff, 0xff, 0xff,
    0x1f, 0xff, 0xff, 0xfb, 0x0, 0x0, 0x0, 0x0,
    0x0, 0x5, 0xff, 0xff, 0xff, 0xf0, 0xff, 0xff,
    0xff, 0x90, 0x0, 0x0, 0x0, 0x0, 0x0, 0xb,
    0xff, 0xff, 0xfe,

    /* U+004F "O" */
    0x0, 0x0, 0x0, 0x1, 0x5a, 0xde, 0xff, 0xec,
    0x95, 0x0, 0x0, 0x0, 0x0, 0x0, 0x0, 0x1,
    0x9f, 0xff, 0xff, 0xff, 0xff, 0xff, 0xe7, 0x0,
    0x0, 0x0, 0x0, 0x0, 0x5e, 0xff, 0xff, 0xff,
    0xff, 0xff, 0xff, 0xff, 0xd3, 0x0, 0x0, 0x0,
    0x7, 0xff, 0xff, 0xff, 0xff, 0xff, 0xff, 0xff,
    0xff, 0xff, 0x40, 0x0, 0x0, 0x5f, 0xff, 0xff,
    0xff, 0xff, 0xff, 0xff, 0xff, 0xff, 0xff, 0xf2,
    0x0, 0x1, 0xef, 0xff, 0xff, 0xff, 0xff, 0xdd,
    0xff, 0xff, 0xff, 0xff, 0xfd, 0x0, 0x9, 0xff,
    0xff, 0xff, 0xfc, 0x30, 0x0, 0x5, 0xdf, 0xff,
    0xff, 0xff, 0x50, 0xf, 0xff, 0xff, 0xff, 0xa0,
    0x0, 0x0, 0x0, 0x1c, 0xff, 0xff, 0xff, 0xc0,
    0x5f, 0xff, 0xff, 0xfd, 0x0, 0x0, 0x0, 0x0,
    0x1, 0xff, 0xff, 0xff, 0xf1, 0x8f, 0xff, 0xff,
    0xf6, 0x0, 0x0, 0x0, 0x0, 0x0, 0x9f, 0xff,
    0xff, 0xf5, 0xaf, 0xff, 0xff, 0xf2, 0x0, 0x0,
    0x0, 0x0, 0x0, 0x5f, 0xff, 0xff, 0xf7, 0xbf,
    0xff, 0xff, 0xf0, 0x0, 0x0, 0x0, 0x0, 0x0,
    0x3f, 0xff, 0xff, 0xf8, 0xcf, 0xff, 0xff, 0xf0,
    0x0, 0x0, 0x0, 0x0, 0x0, 0x3f, 0xff, 0xff,
    0xf8, 0xcf, 0xff, 0xff, 0xf0, 0x0, 0x0, 0x0,
    0x0, 0x0, 0x3f, 0xff, 0xff, 0xf8, 0xcf, 0xff,
    0xff, 0xf0, 0x0, 0x0, 0x0, 0x0, 0x0, 0x3f,
    0xff, 0xff, 0xf8, 0xcf, 0xff, 0xff, 0xf0, 0x0,
    0x0, 0x0, 0x0, 0x0, 0x3f, 0xff, 0xff, 0xf8,
    0xcf, 0xff, 0xff, 0xf0, 0x0, 0x0, 0x0, 0x0,
    0x0, 0x3f, 0xff, 0xff, 0xf8, 0xcf, 0xff, 0xff,
    0xf0, 0x0, 0x0, 0x0, 0x0, 0x0, 0x3f, 0xff,
    0xff, 0xf8, 0xcf, 0xff, 0xff, 0xf0, 0x0, 0x0,
    0x0, 0x0, 0x0, 0x3f, 0xff, 0xff, 0xf8, 0xcf,
    0xff, 0xff, 0xf0, 0x0, 0x0, 0x0, 0x0, 0x0,
    0x3f, 0xff, 0xff, 0xf8, 0xcf, 0xff, 0xff, 0xf0,
    0x0, 0x0, 0x0, 0x0, 0x0, 0x3f, 0xff, 0xff,
    0xf8, 0xcf, 0xff, 0xff, 0xf0, 0x0, 0x0, 0x0,
    0x0, 0x0, 0x3f, 0xff, 0xff, 0xf8, 0xbf, 0xff,
    0xff, 0xf0, 0x0, 0x0, 0x0, 0x0, 0x0, 0x3f,
    0xff, 0xff, 0xf8, 0xaf, 0xff, 0xff, 0xf2, 0x0,
    0x0, 0x0, 0x0, 0x0, 0x5f, 0xff, 0xff, 0xf7,
    0x8f, 0xff, 0xff, 0xf6, 0x0, 0x0, 0x0, 0x0,
    0x0, 0x9f, 0xff, 0xff, 0xf4, 0x4f, 0xff, 0xff,
    0xfd, 0x0, 0x0, 0x0, 0x0, 0x1, 0xff, 0xff,
    0xff, 0xf1, 0xf, 0xff, 0xff, 0xff, 0x90, 0x0,
    0x0, 0x0, 0x1c, 0xff, 0xff, 0xff, 0xc0, 0x8,
    0xff, 0xff, 0xff, 0xfb, 0x30, 0x0, 0x5, 0xdf,
    0xff, 0xff, 0xff, 0x50, 0x1, 0xef, 0xff, 0xff,
    0xff, 0xfe, 0xdd, 0xff, 0xff, 0xff, 0xff, 0xfc,
    0x0, 0x0, 0x4f, 0xff, 0xff, 0xff, 0xff, 0xff,
    0xff, 0xff, 0xff, 0xff, 0xf2, 0x0, 0x0, 0x6,
    0xff, 0xff, 0xff, 0xff, 0xff, 0xff, 0xff, 0xff,
    0xff, 0x40, 0x0, 0x0, 0x0, 0x4e, 0xff, 0xff,
    0xff, 0xff, 0xff, 0xff, 0xff, 0xe3, 0x0, 0x0,
    0x0, 0x0, 0x1, 0x9f, 0xff, 0xff, 0xff, 0xff,
    0xff, 0xe8, 0x0, 0x0, 0x0, 0x0, 0x0, 0x0,
    0x1, 0x5a, 0xde, 0xff, 0xec, 0x95, 0x0, 0x0,
    0x0, 0x0,

    /* U+0050 "P" */
    0x3f, 0xff, 0xff, 0xff, 0xff, 0xff, 0xff, 0xff,
    0xeb, 0x71, 0x0, 0x0, 0x0, 0x5f, 0xff, 0xff,
    0xff, 0xff, 0xff, 0xff, 0xff, 0xff, 0xff, 0x90,
    0x0, 0x0, 0x5f, 0xff, 0xff, 0xff, 0xff, 0xff,
    0xff, 0xff, 0xff, 0xff, 0xfd, 0x20, 0x0, 0x5f,
    0xff, 0xff, 0xff, 0xff, 0xff, 0xff, 0xff, 0xff,
    0xff, 0xff, 0xe1, 0x0, 0x5f, 0xff, 0xff, 0xff,
    0xff, 0xff, 0xff, 0xff, 0xff, 0xff, 0xff, 0xfb,
    0x0, 0x5f, 0xff, 0xff, 0xff, 0xdd, 0xdd, 0xdd,
    0xef, 0xff, 0xff, 0xff, 0xff, 0x40, 0x5f, 0xff,
    0xff, 0xf7, 0x0, 0x0, 0x0, 0x1, 0x9f, 0xff,
    0xff, 0xff, 0xb0, 0x5f, 0xff, 0xff, 0xf7, 0x0,
    0x0, 0x0, 0x0, 0x6, 0xff, 0xff, 0xff, 0xf0,
    0x5f, 0xff, 0xff, 0xf7, 0x0, 0x0, 0x0, 0x0,
    0x0, 0xcf, 0xff, 0xff, 0xf3, 0x5f, 0xff, 0xff,
    0xf7, 0x0, 0x0, 0x0, 0x0, 0x0, 0x7f, 0xff,
    0xff, 0xf5, 0x5f, 0xff, 0xff, 0xf7, 0x0, 0x0,
    0x0, 0x0, 0x0, 0x5f, 0xff, 0xff, 0xf6, 0x5f,
    0xff, 0xff, 0xf7, 0x0, 0x0, 0x0, 0x0, 0x0,
    0x6f, 0xff, 0xff, 0xf5, 0x5f, 0xff, 0xff, 0xf7,
    0x0, 0x0, 0x0, 0x0, 0x0, 0x9f, 0xff, 0xff,
    0xf3, 0x5f, 0xff, 0xff, 0xf7, 0x0, 0x0, 0x0,
    0x0, 0x1, 0xff, 0xff, 0xff, 0xf1, 0x5f, 0xff,
    0xff, 0xf7, 0x0, 0x0, 0x0, 0x0, 0x2d, 0xff,
    0xff, 0xff, 0xb0, 0x5f, 0xff, 0xff, 0xfb, 0x66,
    0x66, 0x66, 0x7a, 0xff, 0xff, 0xff, 0xff, 0x40,
    0x5f, 0xff, 0xff, 0xff, 0xff, 0xff, 0xff, 0xff,
    0xff, 0xff, 0xff, 0xfb, 0x0, 0x5f, 0xff, 0xff,
    0xff, 0xff, 0xff, 0xff, 0xff, 0xff, 0xff, 0xff,
    0xe1, 0x0, 0x5f, 0xff, 0xff, 0xff, 0xff, 0xff,
    0xff, 0xff, 0xff, 0xff, 0xfd, 0x20, 0x0, 0x5f,
    0xff, 0xff, 0xff, 0xff, 0xff, 0xff, 0xff, 0xff,
    0xff, 0x80, 0x0, 0x0, 0x5f, 0xff, 0xff, 0xff,
    0xff, 0xff, 0xff, 0xff, 0xda, 0x61, 0x0, 0x0,
    0x0, 0x5f, 0xff, 0xff, 0xf7, 0x0, 0x0, 0x0,
    0x0, 0x0, 0x0, 0x0, 0x0, 0x0, 0x5f, 0xff,
    0xff, 0xf7, 0x0, 0x0, 0x0, 0x0, 0x0, 0x0,
    0x0, 0x0, 0x0, 0x5f, 0xff, 0xff, 0xf7, 0x0,
    0x0, 0x0, 0x0, 0x0, 0x0, 0x0, 0x0, 0x0,
    0x5f, 0xff, 0xff, 0xf7, 0x0, 0x0, 0x0, 0x0,
    0x0, 0x0, 0x0, 0x0, 0x0, 0x5f, 0xff, 0xff,
    0xf7, 0x0, 0x0, 0x0, 0x0, 0x0, 0x0, 0x0,
    0x0, 0x0, 0x5f, 0xff, 0xff, 0xf7, 0x0, 0x0,
    0x0, 0x0, 0x0, 0x0, 0x0, 0x0, 0x0, 0x5f,
    0xff, 0xff, 0xf7, 0x0, 0x0, 0x0, 0x0, 0x0,
    0x0, 0x0, 0x0, 0x0, 0x5f, 0xff, 0xff, 0xf7,
    0x0, 0x0, 0x0, 0x0, 0x0, 0x0, 0x0, 0x0,
    0x0, 0x5f, 0xff, 0xff, 0xf7, 0x0, 0x0, 0x0,
    0x0, 0x0, 0x0, 0x0, 0x0, 0x0, 0x5f, 0xff,
    0xff, 0xf7, 0x0, 0x0, 0x0, 0x0, 0x0, 0x0,
    0x0, 0x0, 0x0, 0x5f, 0xff, 0xff, 0xf7, 0x0,
    0x0, 0x0, 0x0, 0x0, 0x0, 0x0, 0x0, 0x0,
    0x5f, 0xff, 0xff, 0xf7, 0x0, 0x0, 0x0, 0x0,
    0x0, 0x0, 0x0, 0x0, 0x0, 0x3f, 0xff, 0xff,
    0xf5, 0x0, 0x0, 0x0, 0x0, 0x0, 0x0, 0x0,
    0x0, 0x0,

    /* U+0051 "Q" */
    0x0, 0x0, 0x0, 0x0, 0x38, 0xbe, 0xff, 0xed,
    0xa5, 0x10, 0x0, 0x0, 0x0, 0x0, 0x0, 0x0,
    0x4c, 0xff, 0xff, 0xff, 0xff, 0xff, 0xf8, 0x0,
    0x0, 0x0, 0x0, 0x0, 0x9, 0xff, 0xff, 0xff,
    0xff, 0xff, 0xff, 0xff, 0xe3, 0x0, 0x0, 0x0,
    0x0, 0xbf, 0xff, 0xff, 0xff, 0xff, 0xff, 0xff,
    0xff, 0xff, 0x40, 0x0, 0x0, 0xa, 0xff, 0xff,
    0xff, 0xff, 0xff, 0xff, 0xff, 0xff, 0xff, 0xf2,
    0x0, 0x0, 0x4f, 0xff, 0xff, 0xff, 0xff, 0xdd,
    0xff, 0xff, 0xff, 0xff, 0xfc, 0x0, 0x0, 0xdf,
    0xff, 0xff, 0xff, 0x71, 0x0, 0x4, 0xdf, 0xff,
    0xff, 0xff, 0x40, 0x4, 0xff, 0xff, 0xff, 0xf4,
    0x0, 0x0, 0x0, 0xc, 0xff, 0xff, 0xff, 0xb0,
    0x9, 0xff, 0xff, 0xff, 0x80, 0x0, 0x0, 0x0,
    0x1, 0xff, 0xff, 0xff, 0xf0, 0xc, 0xff, 0xff,
    0xff, 0x10, 0x0, 0x0, 0x0, 0x0, 0xaf, 0xff,
    0xff, 0xf3, 0xe, 0xff, 0xff, 0xfd, 0x0, 0x0,
    0x0, 0x0, 0x0, 0x6f, 0xff, 0xff, 0xf6, 0xf,
    0xff, 0xff, 0xfc, 0x0, 0x0, 0x0, 0x0, 0x0,
    0x4f, 0xff, 0xff, 0xf7, 0xf, 0xff, 0xff, 0xfb,
    0x0, 0x0, 0x0, 0x0, 0x0, 0x4f, 0xff, 0xff,
    0xf7, 0xf, 0xff, 0xff, 0xfb, 0x0, 0x0, 0x0,
    0x0, 0x0, 0x4f, 0xff, 0xff, 0xf8, 0xf, 0xff,
    0xff, 0xfb, 0x0, 0x0, 0x0, 0x0, 0x0, 0x4f,
    0xff, 0xff, 0xf8, 0xf, 0xff, 0xff, 0xfb, 0x0,
    0x0, 0x0, 0x0, 0x0, 0x4f, 0xff, 0xff, 0xf8,
    0xf, 0xff, 0xff, 0xfb, 0x0, 0x0, 0x0, 0x0,
    0x0, 0x4f, 0xff, 0xff, 0xf8, 0xf, 0xff, 0xff,
    0xfb, 0x0, 0x0, 0x0, 0x0, 0x0, 0x4f, 0xff,
    0xff, 0xf8, 0xf, 0xff, 0xff, 0xfb, 0x0, 0x0,
    0x0, 0x0, 0x0, 0x4f, 0xff, 0xff, 0xf8, 0xf,
    0xff, 0xff, 0xfb, 0x0, 0x0, 0x0, 0x0, 0x0,
    0x4f, 0xff, 0xff, 0xf8, 0xf, 0xff, 0xff, 0xfb,
    0x0, 0x0, 0x0, 0x0, 0x0, 0x4f, 0xff, 0xff,
    0xf8, 0xf, 0xff, 0xff, 0xfb, 0x0, 0x0, 0x0,
    0x0, 0x0, 0x4f, 0xff, 0xff, 0xf8, 0xf, 0xff,
    0xff, 0xfb, 0x0, 0x0, 0x0, 0x0, 0x0, 0x4f,
    0xff, 0xff, 0xf8, 0xf, 0xff, 0xff, 0xfc, 0x0,
    0x0, 0x0, 0x0, 0x0, 0x5f, 0xff, 0xff, 0xf7,
    0xe, 0xff, 0xff, 0xfe, 0x0, 0x0, 0x0, 0x0,
    0x0, 0x7f, 0xff, 0xff, 0xf6, 0xc, 0xff, 0xff,
    0xff, 0x30, 0x0, 0x0, 0x0, 0x0, 0xbf, 0xff,
    0xff, 0xf4, 0x9, 0xff, 0xff, 0xff, 0xb0, 0x0,
    0x0, 0x0, 0x3, 0xff, 0xff, 0xff, 0xf0, 0x3,
    0xff, 0xff, 0xff, 0xf8, 0x0, 0x0, 0x0, 0x2e,
    0xff, 0xff, 0xff, 0xb0, 0x0, 0xdf, 0xff, 0xff,
    0xff, 0xc5, 0x21, 0x38, 0xff, 0xff, 0xff, 0xff,
    0x40, 0x0, 0x3f, 0xff, 0xff, 0xff, 0xff, 0xff,
    0xff, 0xff, 0xff, 0xff, 0xfb, 0x0, 0x0, 0x8,
    0xff, 0xff, 0xff, 0xff, 0xff, 0xff, 0xff, 0xff,
    0xff, 0xe1, 0x0, 0x0, 0x0, 0x9f, 0xff, 0xff,
    0xff, 0xff, 0xff, 0xff, 0xff, 0xfe, 0x20, 0x0,
    0x0, 0x0, 0x6, 0xff, 0xff, 0xff, 0xff, 0xff,
    0xff, 0xff, 0xb1, 0x0, 0x0, 0x0, 0x0, 0x0,
    0x18, 0xef, 0xff, 0xff, 0xff, 0xff, 0xb4, 0x0,
    0x0, 0x0, 0x0, 0x0, 0x0, 0x0, 0x5, 0xff,
    0xff, 0xff, 0xc1, 0x0, 0x0, 0x0, 0x0, 0x0,
    0x0, 0x0, 0x0, 0x1, 0xff, 0xff, 0xff, 0xa0,
    0x0, 0x0, 0x0, 0x0, 0x0, 0x0, 0x0, 0x0,
    0x1, 0xff, 0xff, 0xff, 0xa0, 0x0, 0x0, 0x0,
    0x0, 0x0, 0x0, 0x0, 0x0, 0x1, 0xff, 0xff,
    0xff, 0xa0, 0x0, 0x0, 0x0, 0x0, 0x0, 0x0,
    0x0, 0x0, 0x0, 0xff, 0xff, 0xff, 0x80, 0x0,
    0x0, 0x0, 0x0,

    /* U+0052 "R" */
    0xf, 0xff, 0xff, 0xff, 0xff, 0xff, 0xff, 0xff,
    0xec, 0x83, 0x0, 0x0, 0x0, 0x1f, 0xff, 0xff,
    0xff, 0xff, 0xff, 0xff, 0xff, 0xff, 0xff, 0xc2,
    0x0, 0x0, 0x1f, 0xff, 0xff, 0xff, 0xff, 0xff,
    0xff, 0xff, 0xff, 0xff, 0xff, 0x50, 0x0, 0x1f,
    0xff, 0xff, 0xff, 0xff, 0xff, 0xff, 0xff, 0xff,
    0xff, 0xff, 0xf4, 0x0, 0x1f, 0xff, 0xff, 0xff,
    0xff, 0xff, 0xff, 0xff, 0xff, 0xff, 0xff, 0xfe,
    0x0, 0x1f, 0xff, 0xff, 0xff, 0xcc, 0xcc, 0xcc,
    0xdf, 0xff, 0xff, 0xff, 0xff, 0x70, 0x1f, 0xff,
    0xff, 0xfb, 0x0, 0x0, 0x0, 0x0, 0x5f, 0xff,
    0xff, 0xff, 0xe0, 0x1f, 0xff, 0xff, 0xfb, 0x0,
    0x0, 0x0, 0x0, 0x3, 0xff, 0xff, 0xff, 0xf2,
    0x1f, 0xff, 0xff, 0xfb, 0x0, 0x0, 0x0, 0x0,
    0x0, 0x9f, 0xff, 0xff, 0xf5, 0x1f, 0xff, 0xff,
    0xfb, 0x0, 0x0, 0x0, 0x0, 0x0, 0x5f, 0xff,
    0xff, 0xf7, 0x1f, 0xff, 0xff, 0xfb, 0x0, 0x0,
    0x0, 0x0, 0x0, 0x3f, 0xff, 0xff, 0xf7, 0x1f,
    0xff, 0xff, 0xfb, 0x0, 0x0, 0x0, 0x0, 0x0,
    0x5f, 0xff, 0xff, 0xf6, 0x1f, 0xff, 0xff, 0xfb,
    0x0, 0x0, 0x0, 0x0, 0x0, 0xaf, 0xff, 0xff,
    0xf4, 0x1f, 0xff, 0xff, 0xfb, 0x0, 0x0, 0x0,
    0x0, 0x5, 0xff, 0xff, 0xff, 0xf1, 0x1f, 0xff,
    0xff, 0xfb, 0x0, 0x0, 0x0, 0x2, 0x8f, 0xff,
    0xff, 0xff, 0xb0, 0x1f, 0xff, 0xff, 0xff, 0xff,
    0xff, 0xff, 0xff, 0xff, 0xff, 0xff, 0xff, 0x30,
    0x1f, 0xff, 0xff, 0xff, 0xff, 0xff, 0xff, 0xff,
    0xff, 0xff, 0xff, 0xf8, 0x0, 0x1f, 0xff, 0xff,
    0xff, 0xff, 0xff, 0xff, 0xff, 0xff, 0xff, 0xff,
    0xa0, 0x0, 0x1f, 0xff, 0xff, 0xff, 0xff, 0xff,
    0xff, 0xff, 0xff, 0xff, 0xe6, 0x0, 0x0, 0x1f,
    0xff, 0xff, 0xff, 0xff, 0xff, 0xff, 0xff, 0xff,
    0xf7, 0x0, 0x0, 0x0, 0x1f, 0xff, 0xff, 0xfc,
    0x22, 0x22, 0x5f, 0xff, 0xff, 0xf7, 0x0, 0x0,
    0x0, 0x1f, 0xff, 0xff, 0xfb, 0x0, 0x0, 0xc,
    0xff, 0xff, 0xfe, 0x0, 0x0, 0x0, 0x1f, 0xff,
    0xff, 0xfb, 0x0, 0x0, 0x5, 0xff, 0xff, 0xff,
    0x70, 0x0, 0x0, 0x1f, 0xff, 0xff, 0xfb, 0x0,
    0x0, 0x0, 0xef, 0xff, 0xff, 0xe0, 0x0, 0x0,
    0x1f, 0xff, 0xff, 0xfb, 0x0, 0x0, 0x0, 0x7f,
    0xff, 0xff, 0xf6, 0x0, 0x0, 0x1f, 0xff, 0xff,
    0xfb, 0x0, 0x0, 0x0, 0xe, 0xff, 0xff, 0xfe,
    0x0, 0x0, 0x1f, 0xff, 0xff, 0xfb, 0x0, 0x0,
    0x0, 0x8, 0xff, 0xff, 0xff, 0x60, 0x0, 0x1f,
    0xff, 0xff, 0xfb, 0x0, 0x0, 0x0, 0x1, 0xff,
    0xff, 0xff, 0xd0, 0x0, 0x1f, 0xff, 0xff, 0xfb,
    0x0, 0x0, 0x0, 0x0, 0x9f, 0xff, 0xff, 0xf5,
    0x0, 0x1f, 0xff, 0xff, 0xfb, 0x0, 0x0, 0x0,
    0x0, 0x2f, 0xff, 0xff, 0xfd, 0x0, 0x1f, 0xff,
    0xff, 0xfb, 0x0, 0x0, 0x0, 0x0, 0xb, 0xff,
    0xff, 0xff, 0x50, 0x1f, 0xff, 0xff, 0xfb, 0x0,
    0x0, 0x0, 0x0, 0x4, 0xff, 0xff, 0xff, 0xd0,
    0x1f, 0xff, 0xff, 0xfb, 0x0, 0x0, 0x0, 0x0,
    0x0, 0xcf, 0xff, 0xff, 0xf4, 0xf, 0xff, 0xff,
    0xf9, 0x0, 0x0, 0x0, 0x0, 0x0, 0x4f, 0xff,
    0xff, 0xfa,

    /* U+0053 "S" */
    0x0, 0x0, 0x0, 0x1, 0x6a, 0xde, 0xff, 0xec,
    0xa6, 0x10, 0x0, 0x0, 0x0, 0x0, 0x0, 0x2,
    0xbf, 0xff, 0xff, 0xff, 0xff, 0xff, 0xfa, 0x20,
    0x0, 0x0, 0x0, 0x0, 0x7f, 0xff, 0xff, 0xff,
    0xff, 0xff, 0xff, 0xff, 0xf7, 0x0, 0x0, 0x0,
    0x8, 0xff, 0xff, 0xff, 0xff, 0xff, 0xff, 0xff,
    0xff, 0xff, 0xa0, 0x0, 0x0, 0x5f, 0xff, 0xff,
    0xff, 0xff, 0xff, 0xff, 0xff, 0xff, 0xff, 0xf9,
    0x0, 0x0, 0xef, 0xff, 0xff, 0xff, 0xfe, 0xdd,
    0xff, 0xff, 0xff, 0xff, 0xff, 0x40, 0x5, 0xff,
    0xff, 0xff, 0xf9, 0x10, 0x0, 0x4, 0xcf, 0xff,
    0xff, 0xff, 0xc0, 0x9, 0xff, 0xff, 0xff, 0x60,
    0x0, 0x0, 0x0, 0x8, 0xff, 0xff, 0xff, 0xf1,
    0xb, 0xff, 0xff, 0xff, 0x0, 0x0, 0x0, 0x0,
    0x0, 0xbf, 0xff, 0xff, 0xf5, 0xc, 0xff, 0xff,
    0xfd, 0x0, 0x0, 0x0, 0x0, 0x0, 0x5f, 0xff,
    0xff, 0xf7, 0xb, 0xff, 0xff, 0xff, 0x10, 0x0,
    0x0, 0x0, 0x0, 0x3f, 0xff, 0xff, 0xf7, 0x8,
    0xff, 0xff, 0xff, 0xb0, 0x0, 0x0, 0x0, 0x0,
    0x7, 0x88, 0x88, 0x82, 0x3, 0xff, 0xff, 0xff,
    0xfd, 0x50, 0x0, 0x0, 0x0, 0x0, 0x0, 0x0,
    0x0, 0x0, 0xcf, 0xff, 0xff, 0xff, 0xfe, 0x82,
    0x0, 0x0, 0x0, 0x0, 0x0, 0x0, 0x0, 0x2e,
    0xff, 0xff, 0xff, 0xff, 0xff, 0xc6, 0x10, 0x0,
    0x0, 0x0, 0x0, 0x0, 0x2, 0xef, 0xff, 0xff,
    0xff, 0xff, 0xff, 0xfa, 0x40, 0x0, 0x0, 0x0,
    0x0, 0x0, 0x1b, 0xff, 0xff, 0xff, 0xff, 0xff,
    0xff, 0xfd, 0x50, 0x0, 0x0, 0x0, 0x0, 0x0,
    0x5d, 0xff, 0xff, 0xff, 0xff, 0xff, 0xff, 0xfc,
    0x20, 0x0, 0x0, 0x0, 0x0, 0x0, 0x4b, 0xff,
    0xff, 0xff, 0xff, 0xff, 0xff, 0xe3, 0x0, 0x0,
    0x0, 0x0, 0x0, 0x0, 0x16, 0xcf, 0xff, 0xff,
    0xff, 0xff, 0xff, 0x20, 0x0, 0x0, 0x0, 0x0,
    0x0, 0x0, 0x2, 0x8e, 0xff, 0xff, 0xff, 0xff,
    0xc0, 0x0, 0x0, 0x0, 0x0, 0x0, 0x0, 0x0,
    0x0, 0x6e, 0xff, 0xff, 0xff, 0xf4, 0x18, 0x99,
    0x99, 0x81, 0x0, 0x0, 0x0, 0x0, 0x1, 0xdf,
    0xff, 0xff, 0xf8, 0x4f, 0xff, 0xff, 0xf5, 0x0,
    0x0, 0x0, 0x0, 0x0, 0x4f, 0xff, 0xff, 0xfa,
    0x3f, 0xff, 0xff, 0xf7, 0x0, 0x0, 0x0, 0x0,
    0x0, 0x1f, 0xff, 0xff, 0xfb, 0x2f, 0xff, 0xff,
    0xfd, 0x0, 0x0, 0x0, 0x0, 0x0, 0x3f, 0xff,
    0xff, 0xf9, 0xf, 0xff, 0xff, 0xff, 0xa0, 0x0,
    0x0, 0x0, 0x0, 0xbf, 0xff, 0xff, 0xf7, 0xa,
    0xff, 0xff, 0xff, 0xfd, 0x61, 0x0, 0x0, 0x3b,
    0xff, 0xff, 0xff, 0xf3, 0x3, 0xff, 0xff, 0xff,
    0xff, 0xff, 0xed, 0xde, 0xff, 0xff, 0xff, 0xff,
    0xc0, 0x0, 0x8f, 0xff, 0xff, 0xff, 0xff, 0xff,
    0xff, 0xff, 0xff, 0xff, 0xff, 0x30, 0x0, 0xa,
    0xff, 0xff, 0xff, 0xff, 0xff, 0xff, 0xff, 0xff,
    0xff, 0xf6, 0x0, 0x0, 0x0, 0x8f, 0xff, 0xff,
    0xff, 0xff, 0xff, 0xff, 0xff, 0xfe, 0x50, 0x0,
    0x0, 0x0, 0x2, 0xaf, 0xff, 0xff, 0xff, 0xff,
    0xff, 0xff, 0x91, 0x0, 0x0, 0x0, 0x0, 0x0,
    0x1, 0x69, 0xce, 0xff, 0xfe, 0xc9, 0x50, 0x0,
    0x0, 0x0,

    /* U+0054 "T" */
    0x8f, 0xff, 0xff, 0xff, 0xff, 0xff, 0xff, 0xff,
    0xff, 0xff, 0xff, 0xff, 0xf9, 0xaf, 0xff, 0xff,
    0xff, 0xff, 0xff, 0xff, 0xff, 0xff, 0xff, 0xff,
    0xff, 0xfb, 0xaf, 0xff, 0xff, 0xff, 0xff, 0xff,
    0xff, 0xff, 0xff, 0xff, 0xff, 0xff, 0xfb, 0xaf,
    0xff, 0xff, 0xff, 0xff, 0xff, 0xff, 0xff, 0xff,
    0xff, 0xff, 0xff, 0xfb, 0xaf, 0xff, 0xff, 0xff,
    0xff, 0xff, 0xff, 0xff, 0xff, 0xff, 0xff, 0xff,
    0xfb, 0x7d, 0xdd, 0xdd, 0xdd, 0xdf, 0xff, 0xff,
    0xff, 0xed, 0xdd, 0xdd, 0xdd, 0xd7, 0x0, 0x0,
    0x0, 0x0, 0x7, 0xff, 0xff, 0xff, 0x40, 0x0,
    0x0, 0x0, 0x0, 0x0, 0x0, 0x0, 0x0, 0x7,
    0xff, 0xff, 0xff, 0x40, 0x0, 0x0, 0x0, 0x0,
    0x0, 0x0, 0x0, 0x0, 0x7, 0xff, 0xff, 0xff,
    0x40, 0x0, 0x0, 0x0, 0x0, 0x0, 0x0, 0x0,
    0x0, 0x7, 0xff, 0xff, 0xff, 0x40, 0x0, 0x0,
    0x0, 0x0, 0x0, 0x0, 0x0, 0x0, 0x7, 0xff,
    0xff, 0xff, 0x40, 0x0, 0x0, 0x0, 0x0, 0x0,
    0x0, 0x0, 0x0, 0x7, 0xff, 0xff, 0xff, 0x40,
    0x0, 0x0, 0x0, 0x0, 0x0, 0x0, 0x0, 0x0,
    0x7, 0xff, 0xff, 0xff, 0x40, 0x0, 0x0, 0x0,
    0x0, 0x0, 0x0, 0x0, 0x0, 0x7, 0xff, 0xff,
    0xff, 0x40, 0x0, 0x0, 0x0, 0x0, 0x0, 0x0,
    0x0, 0x0, 0x7, 0xff, 0xff, 0xff, 0x40, 0x0,
    0x0, 0x0, 0x0, 0x0, 0x0, 0x0, 0x0, 0x7,
    0xff, 0xff, 0xff, 0x40, 0x0, 0x0, 0x0, 0x0,
    0x0, 0x0, 0x0, 0x0, 0x7, 0xff, 0xff, 0xff,
    0x40, 0x0, 0x0, 0x0, 0x0, 0x0, 0x0, 0x0,
    0x0, 0x7, 0xff, 0xff, 0xff, 0x40, 0x0, 0x0,
    0x0, 0x0, 0x0, 0x0, 0x0, 0x0, 0x7, 0xff,
    0xff, 0xff, 0x40, 0x0, 0x0, 0x0, 0x0, 0x0,
    0x0, 0x0, 0x0, 0x7, 0xff, 0xff, 0xff, 0x40,
    0x0, 0x0, 0x0, 0x0, 0x0, 0x0, 0x0, 0x0,
    0x7, 0xff, 0xff, 0xff, 0x40, 0x0, 0x0, 0x0,
    0x0, 0x0, 0x0, 0x0, 0x0, 0x7, 0xff, 0xff,
    0xff, 0x40, 0x0, 0x0, 0x0, 0x0, 0x0, 0x0,
    0x0, 0x0, 0x7, 0xff, 0xff, 0xff, 0x40, 0x0,
    0x0, 0x0, 0x0, 0x0, 0x0, 0x0, 0x0, 0x7,
    0xff, 0xff, 0xff, 0x40, 0x0, 0x0, 0x0, 0x0,
    0x0, 0x0, 0x0, 0x0, 0x7, 0xff, 0xff, 0xff,
    0x40, 0x0, 0x0, 0x0, 0x0, 0x0, 0x0, 0x0,
    0x0, 0x7, 0xff, 0xff, 0xff, 0x40, 0x0, 0x0,
    0x0, 0x0, 0x0, 0x0, 0x0, 0x0, 0x7, 0xff,
    0xff, 0xff, 0x40, 0x0, 0x0, 0x0, 0x0, 0x0,
    0x0, 0x0, 0x0, 0x7, 0xff, 0xff, 0xff, 0x40,
    0x0, 0x0, 0x0, 0x0, 0x0, 0x0, 0x0, 0x0,
    0x7, 0xff, 0xff, 0xff, 0x40, 0x0, 0x0, 0x0,
    0x0, 0x0, 0x0, 0x0, 0x0, 0x7, 0xff, 0xff,
    0xff, 0x40, 0x0, 0x0, 0x0, 0x0, 0x0, 0x0,
    0x0, 0x0, 0x7, 0xff, 0xff, 0xff, 0x40, 0x0,
    0x0, 0x0, 0x0, 0x0, 0x0, 0x0, 0x0, 0x7,
    0xff, 0xff, 0xff, 0x40, 0x0, 0x0, 0x0, 0x0,
    0x0, 0x0, 0x0, 0x0, 0x7, 0xff, 0xff, 0xff,
    0x40, 0x0, 0x0, 0x0, 0x0, 0x0, 0x0, 0x0,
    0x0, 0x6, 0xff, 0xff, 0xff, 0x30, 0x0, 0x0,
    0x0, 0x0,

    /* U+0055 "U" */
    0x3f, 0xff, 0xff, 0xf5, 0x0, 0x0, 0x0, 0x0,
    0x0, 0x2f, 0xff, 0xff, 0xf7, 0x5f, 0xff, 0xff,
    0xf7, 0x0, 0x0, 0x0, 0x0, 0x0, 0x3f, 0xff,
    0xff, 0xf8, 0x5f, 0xff, 0xff, 0xf7, 0x0, 0x0,
    0x0, 0x0, 0x0, 0x3f, 0xff, 0xff, 0xf8, 0x5f,
    0xff, 0xff, 0xf7, 0x0, 0x0, 0x0, 0x0, 0x0,
    0x3f, 0xff, 0xff, 0xf8, 0x5f, 0xff, 0xff, 0xf7,
    0x0, 0x0, 0x0, 0x0, 0x0, 0x3f, 0xff, 0xff,
    0xf8, 0x5f, 0xff, 0xff, 0xf7, 0x0, 0x0, 0x0,
    0x0, 0x0, 0x3f, 0xff, 0xff, 0xf8, 0x5f, 0xff,
    0xff, 0xf7, 0x0, 0x0, 0x0, 0x0, 0x0, 0x3f,
    0xff, 0xff, 0xf8, 0x5f, 0xff, 0xff, 0xf7, 0x0,
    0x0, 0x0, 0x0, 0x0, 0x3f, 0xff, 0xff, 0xf8,
    0x5f, 0xff, 0xff, 0xf7, 0x0, 0x0, 0x0, 0x0,
    0x0, 0x3f, 0xff, 0xff, 0xf8, 0x5f, 0xff, 0xff,
    0xf7, 0x0, 0x0, 0x0, 0x0, 0x0, 0x3f, 0xff,
    0xff, 0xf8, 0x5f, 0xff, 0xff, 0xf7, 0x0, 0x0,
    0x0, 0x0, 0x0, 0x3f, 0xff, 0xff, 0xf8, 0x5f,
    0xff, 0xff, 0xf7, 0x0, 0x0, 0x0, 0x0, 0x0,
    0x3f, 0xff, 0xff, 0xf8, 0x5f, 0xff, 0xff, 0xf7,
    0x0, 0x0, 0x0, 0x0, 0x0, 0x3f, 0xff, 0xff,
    0xf8, 0x5f, 0xff, 0xff, 0xf7, 0x0, 0x0, 0x0,
    0x0, 0x0, 0x3f, 0xff, 0xff, 0xf8, 0x5f, 0xff,
    0xff, 0xf7, 0x0, 0x0, 0x0, 0x0, 0x0, 0x3f,
    0xff, 0xff, 0xf8, 0x5f, 0xff, 0xff, 0xf7, 0x0,
    0x0, 0x0, 0x0, 0x0, 0x3f, 0xff, 0xff, 0xf8,
    0x5f, 0xff, 0xff, 0xf7, 0x0, 0x0, 0x0, 0x0,
    0x0, 0x3f, 0xff, 0xff, 0xf8, 0x5f, 0xff, 0xff,
    0xf7, 0x0, 0x0, 0x0, 0x0, 0x0, 0x3f, 0xff,
    0xff, 0xf8, 0x5f, 0xff, 0xff, 0xf7, 0x0, 0x0,
    0x0, 0x0, 0x0, 0x3f, 0xff, 0xff, 0xf8, 0x5f,
    0xff, 0xff, 0xf7, 0x0, 0x0, 0x0, 0x0, 0x0,
    0x3f, 0xff, 0xff, 0xf8, 0x5f, 0xff, 0xff, 0xf7,
    0x0, 0x0, 0x0, 0x0, 0x0, 0x3f, 0xff, 0xff,
    0xf8, 0x5f, 0xff, 0xff, 0xf7, 0x0, 0x0, 0x0,
    0x0, 0x0, 0x3f, 0xff, 0xff, 0xf8, 0x4f, 0xff,
    0xff, 0xf7, 0x0, 0x0, 0x0, 0x0, 0x0, 0x3f,
    0xff, 0xff, 0xf8, 0x4f, 0xff, 0xff, 0xf8, 0x0,
    0x0, 0x0, 0x0, 0x0, 0x4f, 0xff, 0xff, 0xf7,
    0x2f, 0xff, 0xff, 0xfc, 0x0, 0x0, 0x0, 0x0,
    0x0, 0x8f, 0xff, 0xff, 0xf6, 0xf, 0xff, 0xff,
    0xff, 0x30, 0x0, 0x0, 0x0, 0x0, 0xef, 0xff,
    0xff, 0xf2, 0xa, 0xff, 0xff, 0xff, 0xd1, 0x0,
    0x0, 0x0, 0xa, 0xff, 0xff, 0xff, 0xe0, 0x4,
    0xff, 0xff, 0xff, 0xfe, 0x50, 0x0, 0x4, 0xcf,
    0xff, 0xff, 0xff, 0x70, 0x0, 0xbf, 0xff, 0xff,
    0xff, 0xff, 0xdd, 0xff, 0xff, 0xff, 0xff, 0xfe,
    0x0, 0x0, 0x1e, 0xff, 0xff, 0xff, 0xff, 0xff,
    0xff, 0xff, 0xff, 0xff, 0xf4, 0x0, 0x0, 0x3,
    0xff, 0xff, 0xff, 0xff, 0xff, 0xff, 0xff, 0xff,
    0xff, 0x60, 0x0, 0x0, 0x0, 0x2d, 0xff, 0xff,
    0xff, 0xff, 0xff, 0xff, 0xff, 0xf5, 0x0, 0x0,
    0x0, 0x0, 0x0, 0x7e, 0xff, 0xff, 0xff, 0xff,
    0xff, 0xf9, 0x10, 0x0, 0x0, 0x0, 0x0, 0x0,
    0x0, 0x59, 0xce, 0xff, 0xed, 0xa6, 0x10, 0x0,
    0x0, 0x0,

    /* U+0056 "V" */
    0x9f, 0xff, 0xff, 0xf7, 0x0, 0x0, 0x0, 0x0,
    0x0, 0x0, 0x7f, 0xff, 0xff, 0xf7, 0x6f, 0xff,
    0xff, 0xfd, 0x0, 0x0, 0x0, 0x0, 0x0, 0x0,
    0xcf, 0xff, 0xff, 0xf5, 0x1f, 0xff, 0xff, 0xff,
    0x10, 0x0, 0x0, 0x0, 0x0, 0x0, 0xff, 0xff,
    0xff, 0xf0, 0xc, 0xff, 0xff, 0xff, 0x50, 0x0,
    0x0, 0x0, 0x0, 0x4, 0xff, 0xff, 0xff, 0xb0,
    0x8, 0xff, 0xff, 0xff, 0xa0, 0x0, 0x0, 0x0,
    0x0, 0x9, 0xff, 0xff, 0xff, 0x60, 0x3, 0xff,
    0xff, 0xff, 0xe0, 0x0, 0x0, 0x0, 0x0, 0xd,
    0xff, 0xff, 0xff, 0x10, 0x0, 0xef, 0xff, 0xff,
    0xf2, 0x0, 0x0, 0x0, 0x0, 0x1f, 0xff, 0xff,
    0xfc, 0x0, 0x0, 0x9f, 0xff, 0xff, 0xf6, 0x0,
    0x0, 0x0, 0x0, 0x5f, 0xff, 0xff, 0xf7, 0x0,
    0x0, 0x4f, 0xff, 0xff, 0xfb, 0x0, 0x0, 0x0,
    0x0, 0xaf, 0xff, 0xff, 0xf2, 0x0, 0x0, 0xf,
    0xff, 0xff, 0xff, 0x0, 0x0, 0x0, 0x0, 0xef,
    0xff, 0xff, 0xd0, 0x0, 0x0, 0xb, 0xff, 0xff,
    0xff, 0x30, 0x0, 0x0, 0x2, 0xff, 0xff, 0xff,
    0x90, 0x0, 0x0, 0x6, 0xff, 0xff, 0xff, 0x80,
    0x0, 0x0, 0x6, 0xff, 0xff, 0xff, 0x40, 0x0,
    0x0, 0x1, 0xff, 0xff, 0xff, 0xc0, 0x0, 0x0,
    0xb, 0xff, 0xff, 0xfe, 0x0, 0x0, 0x0, 0x0,
    0xcf, 0xff, 0xff, 0xf0, 0x0, 0x0, 0xf, 0xff,
    0xff, 0xfa, 0x0, 0x0, 0x0, 0x0, 0x7f, 0xff,
    0xff, 0xf5, 0x0, 0x0, 0x3f, 0xff, 0xff, 0xf5,
    0x0, 0x0, 0x0, 0x0, 0x3f, 0xff, 0xff, 0xf9,
    0x0, 0x0, 0x7f, 0xff, 0xff, 0xf0, 0x0, 0x0,
    0x0, 0x0, 0xe, 0xff, 0xff, 0xfd, 0x0, 0x0,
    0xbf, 0xff, 0xff, 0xb0, 0x0, 0x0, 0x0, 0x0,
    0x9, 0xff, 0xff, 0xff, 0x10, 0x0, 0xff, 0xff,
    0xff, 0x60, 0x0, 0x0, 0x0, 0x0, 0x4, 0xff,
    0xff, 0xff, 0x60, 0x4, 0xff, 0xff, 0xff, 0x10,
    0x0, 0x0, 0x0, 0x0, 0x0, 0xff, 0xff, 0xff,
    0xa0, 0x8, 0xff, 0xff, 0xfd, 0x0, 0x0, 0x0,
    0x0, 0x0, 0x0, 0xbf, 0xff, 0xff, 0xe0, 0xc,
    0xff, 0xff, 0xf8, 0x0, 0x0, 0x0, 0x0, 0x0,
    0x0, 0x6f, 0xff, 0xff, 0xf3, 0x1f, 0xff, 0xff,
    0xf3, 0x0, 0x0, 0x0, 0x0, 0x0, 0x0, 0x1f,
    0xff, 0xff, 0xf7, 0x5f, 0xff, 0xff, 0xe0, 0x0,
    0x0, 0x0, 0x0, 0x0, 0x0, 0xc, 0xff, 0xff,
    0xfb, 0x9f, 0xff, 0xff, 0x90, 0x0, 0x0, 0x0,
    0x0, 0x0, 0x0, 0x7, 0xff, 0xff, 0xff, 0xef,
    0xff, 0xff, 0x40, 0x0, 0x0, 0x0, 0x0, 0x0,
    0x0, 0x2, 0xff, 0xff, 0xff, 0xff, 0xff, 0xff,
    0x0, 0x0, 0x0, 0x0, 0x0, 0x0, 0x0, 0x0,
    0xef, 0xff, 0xff, 0xff, 0xff, 0xfa, 0x0, 0x0,
    0x0, 0x0, 0x0, 0x0, 0x0, 0x0, 0x9f, 0xff,
    0xff, 0xff, 0xff, 0xf5, 0x0, 0x0, 0x0, 0x0,
    0x0, 0x0, 0x0, 0x0, 0x4f, 0xff, 0xff, 0xff,
    0xff, 0xf1, 0x0, 0x0, 0x0, 0x0, 0x0, 0x0,
    0x0, 0x0, 0xf, 0xff, 0xff, 0xff, 0xff, 0xc0,
    0x0, 0x0, 0x0, 0x0, 0x0, 0x0, 0x0, 0x0,
    0xa, 0xff, 0xff, 0xff, 0xff, 0x70, 0x0, 0x0,
    0x0, 0x0, 0x0, 0x0, 0x0, 0x0, 0x6, 0xff,
    0xff, 0xff, 0xff, 0x20, 0x0, 0x0, 0x0, 0x0,
    0x0, 0x0, 0x0, 0x0, 0x1, 0xff, 0xff, 0xff,
    0xfd, 0x0, 0x0, 0x0, 0x0, 0x0, 0x0, 0x0,
    0x0, 0x0, 0x0, 0xbf, 0xff, 0xff, 0xf7, 0x0,
    0x0, 0x0, 0x0, 0x0,

    /* U+0057 "W" */
    0xbf, 0xff, 0xff, 0xf3, 0x0, 0x0, 0x0, 0x0,
    0x6f, 0xff, 0xff, 0xf8, 0x0, 0x0, 0x0, 0x0,
    0xc, 0xff, 0xff, 0xfd, 0x9, 0xff, 0xff, 0xff,
    0x70, 0x0, 0x0, 0x0, 0xb, 0xff, 0xff, 0xff,
    0xd0, 0x0, 0x0, 0x0, 0x1, 0xff, 0xff, 0xff,
    0xb0, 0x5f, 0xff, 0xff, 0xfb, 0x0, 0x0, 0x0,
    0x0, 0xef, 0xff, 0xff, 0xff, 0x10, 0x0, 0x0,
    0x0, 0x5f, 0xff, 0xff, 0xf7, 0x1, 0xff, 0xff,
    0xff, 0xf0, 0x0, 0x0, 0x0, 0x2f, 0xff, 0xff,
    0xff, 0xf5, 0x0, 0x0, 0x0, 0x8, 0xff, 0xff,
    0xff, 0x40, 0xc, 0xff, 0xff, 0xff, 0x30, 0x0,
    0x0, 0x6, 0xff, 0xff, 0xff, 0xff, 0x90, 0x0,
    0x0, 0x0, 0xcf, 0xff, 0xff, 0xf0, 0x0, 0x8f,
    0xff, 0xff, 0xf6, 0x0, 0x0, 0x0, 0x9f, 0xff,
    0xff, 0xff, 0xfd, 0x0, 0x0, 0x0, 0xf, 0xff,
    0xff, 0xfc, 0x0, 0x4, 0xff, 0xff, 0xff, 0xa0,
    0x0, 0x0, 0xd, 0xff, 0xff, 0xff, 0xff, 0xf1,
    0x0, 0x0, 0x3, 0xff, 0xff, 0xff, 0x80, 0x0,
    0xf, 0xff, 0xff, 0xfe, 0x0, 0x0, 0x1, 0xff,
    0xff, 0xff, 0xff, 0xff, 0x50, 0x0, 0x0, 0x7f,
    0xff, 0xff, 0xf4, 0x0, 0x0, 0xcf, 0xff, 0xff,
    0xf2, 0x0, 0x0, 0x4f, 0xff, 0xff, 0xff, 0xff,
    0xf9, 0x0, 0x0, 0xa, 0xff, 0xff, 0xff, 0x10,
    0x0, 0x8, 0xff, 0xff, 0xff, 0x50, 0x0, 0x8,
    0xff, 0xff, 0xff, 0xff, 0xff, 0xd0, 0x0, 0x0,
    0xef, 0xff, 0xff, 0xd0, 0x0, 0x0, 0x4f, 0xff,
    0xff, 0xf9, 0x0, 0x0, 0xbf, 0xff, 0xff, 0xff,
    0xff, 0xff, 0x10, 0x0, 0x2f, 0xff, 0xff, 0xf9,
    0x0, 0x0, 0x0, 0xff, 0xff, 0xff, 0xd0, 0x0,
    0xf, 0xff, 0xff, 0xff, 0xff, 0xff, 0xf5, 0x0,
    0x5, 0xff, 0xff, 0xff, 0x50, 0x0, 0x0, 0xb,
    0xff, 0xff, 0xff, 0x10, 0x3, 0xff, 0xff, 0xff,
    0xff, 0xff, 0xff, 0x90, 0x0, 0x9f, 0xff, 0xff,
    0xf1, 0x0, 0x0, 0x0, 0x7f, 0xff, 0xff, 0xf4,
    0x0, 0x6f, 0xff, 0xff, 0xba, 0xff, 0xff, 0xfd,
    0x0, 0xd, 0xff, 0xff, 0xfd, 0x0, 0x0, 0x0,
    0x3, 0xff, 0xff, 0xff, 0x80, 0xa, 0xff, 0xff,
    0xf7, 0x6f, 0xff, 0xff, 0xf1, 0x0, 0xff, 0xff,
    0xff, 0x90, 0x0, 0x0, 0x0, 0xf, 0xff, 0xff,
    0xfc, 0x0, 0xef, 0xff, 0xff, 0x43, 0xff, 0xff,
    0xff, 0x50, 0x4f, 0xff, 0xff, 0xf6, 0x0, 0x0,
    0x0, 0x0, 0xbf, 0xff, 0xff, 0xf0, 0x1f, 0xff,
    0xff, 0xf0, 0xf, 0xff, 0xff, 0xf9, 0x7, 0xff,
    0xff, 0xff, 0x20, 0x0, 0x0, 0x0, 0x7, 0xff,
    0xff, 0xff, 0x35, 0xff, 0xff, 0xfd, 0x0, 0xbf,
    0xff, 0xff, 0xc0, 0xbf, 0xff, 0xff, 0xe0, 0x0,
    0x0, 0x0, 0x0, 0x2f, 0xff, 0xff, 0xf7, 0x8f,
    0xff, 0xff, 0x90, 0x7, 0xff, 0xff, 0xff, 0x1f,
    0xff, 0xff, 0xfa, 0x0, 0x0, 0x0, 0x0, 0x0,
    0xef, 0xff, 0xff, 0xbc, 0xff, 0xff, 0xf6, 0x0,
    0x3f, 0xff, 0xff, 0xf7, 0xff, 0xff, 0xff, 0x60,
    0x0, 0x0, 0x0, 0x0, 0xa, 0xff, 0xff, 0xff,
    0xff, 0xff, 0xff, 0x20, 0x0, 0xff, 0xff, 0xff,
    0xff, 0xff, 0xff, 0xf3, 0x0, 0x0, 0x0, 0x0,
    0x0, 0x6f, 0xff, 0xff, 0xff, 0xff, 0xff, 0xf0,
    0x0, 0xc, 0xff, 0xff, 0xff, 0xff, 0xff, 0xff,
    0x0, 0x0, 0x0, 0x0, 0x0, 0x2, 0xff, 0xff,
    0xff, 0xff, 0xff, 0xfb, 0x0, 0x0, 0x8f, 0xff,
    0xff, 0xff, 0xff, 0xff, 0xb0, 0x0, 0x0, 0x0,
    0x0, 0x0, 0xe, 0xff, 0xff, 0xff, 0xff, 0xff,
    0x80, 0x0, 0x4, 0xff, 0xff, 0xff, 0xff, 0xff,
    0xf7, 0x0, 0x0, 0x0, 0x0, 0x0, 0x0, 0xaf,
    0xff, 0xff, 0xff, 0xff, 0xf4, 0x0, 0x0, 0x1f,
    0xff, 0xff, 0xff, 0xff, 0xff, 0x30, 0x0, 0x0,
    0x0, 0x0, 0x0, 0x5, 0xff, 0xff, 0xff, 0xff,
    0xff, 0x10, 0x0, 0x0, 0xdf, 0xff, 0xff, 0xff,
    0xff, 0xf0, 0x0, 0x0, 0x0, 0x0, 0x0, 0x0,
    0x1f, 0xff, 0xff, 0xff, 0xff, 0xd0, 0x0, 0x0,
    0x9, 0xff, 0xff, 0xff, 0xff, 0xfc, 0x0, 0x0,
    0x0, 0x0, 0x0, 0x0, 0x0, 0xdf, 0xff, 0xff,
    0xff, 0xfa, 0x0, 0x0, 0x0, 0x5f, 0xff, 0xff,
    0xff, 0xff, 0x80, 0x0, 0x0, 0x0, 0x0, 0x0,
    0x0, 0x9, 0xff, 0xff, 0xff, 0xff, 0x60, 0x0,
    0x0, 0x1, 0xff, 0xff, 0xff, 0xff, 0xf4, 0x0,
    0x0, 0x0, 0x0, 0x0, 0x0, 0x0, 0x5f, 0xff,
    0xff, 0xff, 0xf2, 0x0, 0x0, 0x0, 0xe, 0xff,
    0xff, 0xff, 0xff, 0x0, 0x0, 0x0, 0x0, 0x0,
    0x0, 0x0, 0x1, 0xff, 0xff, 0xff, 0xff, 0x0,
    0x0, 0x0, 0x0, 0xaf, 0xff, 0xff, 0xff, 0xc0,
    0x0, 0x0, 0x0, 0x0, 0x0, 0x0, 0x0, 0xd,
    0xff, 0xff, 0xff, 0xb0, 0x0, 0x0, 0x0, 0x6,
    0xff, 0xff, 0xff, 0xf8, 0x0, 0x0, 0x0, 0x0,
    0x0, 0x0, 0x0, 0x0, 0x9f, 0xff, 0xff, 0xf8,
    0x0, 0x0, 0x0, 0x0, 0x2f, 0xff, 0xff, 0xff,
    0x50, 0x0, 0x0, 0x0, 0x0, 0x0, 0x0, 0x0,
    0x4, 0xff, 0xff, 0xff, 0x40, 0x0, 0x0, 0x0,
    0x0, 0xdf, 0xff, 0xff, 0xe1, 0x0, 0x0, 0x0,
    0x0,

    /* U+0058 "X" */
    0x7f, 0xff, 0xff, 0xfc, 0x0, 0x0, 0x0, 0x0,
    0x0, 0x0, 0x7f, 0xff, 0xff, 0xfb, 0x1e, 0xff,
    0xff, 0xff, 0x60, 0x0, 0x0, 0x0, 0x0, 0x2,
    0xff, 0xff, 0xff, 0xf4, 0x6, 0xff, 0xff, 0xff,
    0xe1, 0x0, 0x0, 0x0, 0x0, 0xa, 0xff, 0xff,
    0xff, 0xb0, 0x0, 0xdf, 0xff, 0xff, 0xf8, 0x0,
    0x0, 0x0, 0x0, 0x3f, 0xff, 0xff, 0xff, 0x20,
    0x0, 0x4f, 0xff, 0xff, 0xff, 0x20, 0x0, 0x0,
    0x0, 0xcf, 0xff, 0xff, 0xf8, 0x0, 0x0, 0xb,
    0xff, 0xff, 0xff, 0xb0, 0x0, 0x0, 0x5, 0xff,
    0xff, 0xff, 0xe0, 0x0, 0x0, 0x2, 0xff, 0xff,
    0xff, 0xf4, 0x0, 0x0, 0xe, 0xff, 0xff, 0xff,
    0x60, 0x0, 0x0, 0x0, 0x8f, 0xff, 0xff, 0xfd,
    0x0, 0x0, 0x8f, 0xff, 0xff, 0xfd, 0x0, 0x0,
    0x0, 0x0, 0xe, 0xff, 0xff, 0xff, 0x60, 0x1,
    0xff, 0xff, 0xff, 0xf4, 0x0, 0x0, 0x0, 0x0,
    0x6, 0xff, 0xff, 0xff, 0xe0, 0xa, 0xff, 0xff,
    0xff, 0xa0, 0x0, 0x0, 0x0, 0x0, 0x0, 0xcf,
    0xff, 0xff, 0xf8, 0x3f, 0xff, 0xff, 0xff, 0x20,
    0x0, 0x0, 0x0, 0x0, 0x0, 0x3f, 0xff, 0xff,
    0xff, 0xdf, 0xff, 0xff, 0xf8, 0x0, 0x0, 0x0,
    0x0, 0x0, 0x0, 0xa, 0xff, 0xff, 0xff, 0xff,
    0xff, 0xff, 0xe0, 0x0, 0x0, 0x0, 0x0, 0x0,
    0x0, 0x1, 0xff, 0xff, 0xff, 0xff, 0xff, 0xff,
    0x50, 0x0, 0x0, 0x0, 0x0, 0x0, 0x0, 0x0,
    0x8f, 0xff, 0xff, 0xff, 0xff, 0xfc, 0x0, 0x0,
    0x0, 0x0, 0x0, 0x0, 0x0, 0x0, 0xe, 0xff,
    0xff, 0xff, 0xff, 0xf3, 0x0, 0x0, 0x0, 0x0,
    0x0, 0x0, 0x0, 0x0, 0x5, 0xff, 0xff, 0xff,
    0xff, 0xa0, 0x0, 0x0, 0x0, 0x0, 0x0, 0x0,
    0x0, 0x0, 0x5, 0xff, 0xff, 0xff, 0xff, 0xa0,
    0x0, 0x0, 0x0, 0x0, 0x0, 0x0, 0x0, 0x0,
    0xe, 0xff, 0xff, 0xff, 0xff, 0xf3, 0x0, 0x0,
    0x0, 0x0, 0x0, 0x0, 0x0, 0x0, 0x8f, 0xff,
    0xff, 0xff, 0xff, 0xfc, 0x0, 0x0, 0x0, 0x0,
    0x0, 0x0, 0x0, 0x1, 0xff, 0xff, 0xff, 0xff,
    0xff, 0xff, 0x50, 0x0, 0x0, 0x0, 0x0, 0x0,
    0x0, 0xa, 0xff, 0xff, 0xff, 0xff, 0xff, 0xff,
    0xe0, 0x0, 0x0, 0x0, 0x0, 0x0, 0x0, 0x3f,
    0xff, 0xff, 0xff, 0xdf, 0xff, 0xff, 0xf8, 0x0,
    0x0, 0x0, 0x0, 0x0, 0x0, 0xcf, 0xff, 0xff,
    0xf9, 0x3f, 0xff, 0xff, 0xff, 0x20, 0x0, 0x0,
    0x0, 0x0, 0x6, 0xff, 0xff, 0xff, 0xe1, 0xa,
    0xff, 0xff, 0xff, 0xa0, 0x0, 0x0, 0x0, 0x0,
    0xe, 0xff, 0xff, 0xff, 0x60, 0x1, 0xff, 0xff,
    0xff, 0xf3, 0x0, 0x0, 0x0, 0x0, 0x8f, 0xff,
    0xff, 0xfd, 0x0, 0x0, 0x8f, 0xff, 0xff, 0xfc,
    0x0, 0x0, 0x0, 0x2, 0xff, 0xff, 0xff, 0xf4,
    0x0, 0x0, 0xe, 0xff, 0xff, 0xff, 0x60, 0x0,
    0x0, 0xb, 0xff, 0xff, 0xff, 0xa0, 0x0, 0x0,
    0x6, 0xff, 0xff, 0xff, 0xe0, 0x0, 0x0, 0x4f,
    0xff, 0xff, 0xff, 0x20, 0x0, 0x0, 0x0, 0xcf,
    0xff, 0xff, 0xf8, 0x0, 0x0, 0xdf, 0xff, 0xff,
    0xf8, 0x0, 0x0, 0x0, 0x0, 0x3f, 0xff, 0xff,
    0xff, 0x20, 0x6, 0xff, 0xff, 0xff, 0xe0, 0x0,
    0x0, 0x0, 0x0, 0xa, 0xff, 0xff, 0xff, 0xb0,
    0x1e, 0xff, 0xff, 0xff, 0x50, 0x0, 0x0, 0x0,
    0x0, 0x1, 0xff, 0xff, 0xff, 0xf4, 0x6f, 0xff,
    0xff, 0xfb, 0x0, 0x0, 0x0, 0x0, 0x0, 0x0,
    0x7f, 0xff, 0xff, 0xfb,

    /* U+0059 "Y" */
    0x7f, 0xff, 0xff, 0xf9, 0x0, 0x0, 0x0, 0x0,
    0x0, 0x1, 0xef, 0xff, 0xff, 0xf2, 0x2f, 0xff,
    0xff, 0xff, 0x20, 0x0, 0x0, 0x0, 0x0, 0x9,
    0xff, 0xff, 0xff, 0xc0, 0xa, 0xff, 0xff, 0xff,
    0x90, 0x0, 0x0, 0x0, 0x0, 0x1f, 0xff, 0xff,
    0xff, 0x40, 0x2, 0xff, 0xff, 0xff, 0xf1, 0x0,
    0x0, 0x0, 0x0, 0x8f, 0xff, 0xff, 0xfc, 0x0,
    0x0, 0xaf, 0xff, 0xff, 0xf8, 0x0, 0x0, 0x0,
    0x0, 0xef, 0xff, 0xff, 0xf4, 0x0, 0x0, 0x2f,
    0xff, 0xff, 0xff, 0x10, 0x0, 0x0, 0x7, 0xff,
    0xff, 0xff, 0xc0, 0x0, 0x0, 0xa, 0xff, 0xff,
    0xff, 0x70, 0x0, 0x0, 0xe, 0xff, 0xff, 0xff,
    0x40, 0x0, 0x0, 0x2, 0xff, 0xff, 0xff, 0xe0,
    0x0, 0x0, 0x6f, 0xff, 0xff, 0xfc, 0x0, 0x0,
    0x0, 0x0, 0xaf, 0xff, 0xff, 0xf7, 0x0, 0x0,
    0xdf, 0xff, 0xff, 0xf4, 0x0, 0x0, 0x0, 0x0,
    0x3f, 0xff, 0xff, 0xfe, 0x0, 0x5, 0xff, 0xff,
    0xff, 0xc0, 0x0, 0x0, 0x0, 0x0, 0xb, 0xff,
    0xff, 0xff, 0x60, 0xd, 0xff, 0xff, 0xff, 0x40,
    0x0, 0x0, 0x0, 0x0, 0x3, 0xff, 0xff, 0xff,
    0xd0, 0x4f, 0xff, 0xff, 0xfc, 0x0, 0x0, 0x0,
    0x0, 0x0, 0x0, 0xbf, 0xff, 0xff, 0xf5, 0xcf,
    0xff, 0xff, 0xf4, 0x0, 0x0, 0x0, 0x0, 0x0,
    0x0, 0x3f, 0xff, 0xff, 0xfe, 0xff, 0xff, 0xff,
    0xc0, 0x0, 0x0, 0x0, 0x0, 0x0, 0x0, 0xb,
    0xff, 0xff, 0xff, 0xff, 0xff, 0xff, 0x50, 0x0,
    0x0, 0x0, 0x0, 0x0, 0x0, 0x3, 0xff, 0xff,
    0xff, 0xff, 0xff, 0xfd, 0x0, 0x0, 0x0, 0x0,
    0x0, 0x0, 0x0, 0x0, 0xbf, 0xff, 0xff, 0xff,
    0xff, 0xf5, 0x0, 0x0, 0x0, 0x0, 0x0, 0x0,
    0x0, 0x0, 0x4f, 0xff, 0xff, 0xff, 0xff, 0xd0,
    0x0, 0x0, 0x0, 0x0, 0x0, 0x0, 0x0, 0x0,
    0xc, 0xff, 0xff, 0xff, 0xff, 0x50, 0x0, 0x0,
    0x0, 0x0, 0x0, 0x0, 0x0, 0x0, 0x4, 0xff,
    0xff, 0xff, 0xfd, 0x0, 0x0, 0x0, 0x0, 0x0,
    0x0, 0x0, 0x0, 0x0, 0x0, 0xcf, 0xff, 0xff,
    0xf5, 0x0, 0x0, 0x0, 0x0, 0x0, 0x0, 0x0,
    0x0, 0x0, 0x0, 0x9f, 0xff, 0xff, 0xf2, 0x0,
    0x0, 0x0, 0x0, 0x0, 0x0, 0x0, 0x0, 0x0,
    0x0, 0x9f, 0xff, 0xff, 0xf2, 0x0, 0x0, 0x0,
    0x0, 0x0, 0x0, 0x0, 0x0, 0x0, 0x0, 0x9f,
    0xff, 0xff, 0xf2, 0x0, 0x0, 0x0, 0x0, 0x0,
    0x0, 0x0, 0x0, 0x0, 0x0, 0x9f, 0xff, 0xff,
    0xf2, 0x0, 0x0, 0x0, 0x0, 0x0, 0x0, 0x0,
    0x0, 0x0, 0x0, 0x9f, 0xff, 0xff, 0xf2, 0x0,
    0x0, 0x0, 0x0, 0x0, 0x0, 0x0, 0x0, 0x0,
    0x0, 0x9f, 0xff, 0xff, 0xf2, 0x0, 0x0, 0x0,
    0x0, 0x0, 0x0, 0x0, 0x0, 0x0, 0x0, 0x9f,
    0xff, 0xff, 0xf2, 0x0, 0x0, 0x0, 0x0, 0x0,
    0x0, 0x0, 0x0, 0x0, 0x0, 0x9f, 0xff, 0xff,
    0xf2, 0x0, 0x0, 0x0, 0x0, 0x0, 0x0, 0x0,
    0x0, 0x0, 0x0, 0x9f, 0xff, 0xff, 0xf2, 0x0,
    0x0, 0x0, 0x0, 0x0, 0x0, 0x0, 0x0, 0x0,
    0x0, 0x9f, 0xff, 0xff, 0xf2, 0x0, 0x0, 0x0,
    0x0, 0x0, 0x0, 0x0, 0x0, 0x0, 0x0, 0x9f,
    0xff, 0xff, 0xf2, 0x0, 0x0, 0x0, 0x0, 0x0,
    0x0, 0x0, 0x0, 0x0, 0x0, 0x9f, 0xff, 0xff,
    0xf2, 0x0, 0x0, 0x0, 0x0, 0x0, 0x0, 0x0,
    0x0, 0x0, 0x0, 0x7f, 0xff, 0xff, 0xf1, 0x0,
    0x0, 0x0, 0x0, 0x0,

    /* U+005A "Z" */
    0x5f, 0xff, 0xff, 0xff, 0xff, 0xff, 0xff, 0xff,
    0xff, 0xff, 0xff, 0xfc, 0x7f, 0xff, 0xff, 0xff,
    0xff, 0xff, 0xff, 0xff, 0xff, 0xff, 0xff, 0xfe,
    0x7f, 0xff, 0xff, 0xff, 0xff, 0xff, 0xff, 0xff,
    0xff, 0xff, 0xff, 0xfe, 0x7f, 0xff, 0xff, 0xff,
    0xff, 0xff, 0xff, 0xff, 0xff, 0xff, 0xff, 0xfe,
    0x7f, 0xff, 0xff, 0xff, 0xff, 0xff, 0xff, 0xff,
    0xff, 0xff, 0xff, 0xfe, 0x4c, 0xcc, 0xcc, 0xcc,
    0xcc, 0xcc, 0xcc, 0xcc, 0xff, 0xff, 0xff, 0xfe,
    0x0, 0x0, 0x0, 0x0, 0x0, 0x0, 0x0, 0x1,
    0xef, 0xff, 0xff, 0xf9, 0x0, 0x0, 0x0, 0x0,
    0x0, 0x0, 0x0, 0xb, 0xff, 0xff, 0xff, 0xe0,
    0x0, 0x0, 0x0, 0x0, 0x0, 0x0, 0x0, 0x7f,
    0xff, 0xff, 0xff, 0x30, 0x0, 0x0, 0x0, 0x0,
    0x0, 0x0, 0x3, 0xff, 0xff, 0xff, 0xf7, 0x0,
    0x0, 0x0, 0x0, 0x0, 0x0, 0x0, 0xd, 0xff,
    0xff, 0xff, 0xc0, 0x0, 0x0, 0x0, 0x0, 0x0,
    0x0, 0x0, 0xaf, 0xff, 0xff, 0xfe, 0x10, 0x0,
    0x0, 0x0, 0x0, 0x0, 0x0, 0x5, 0xff, 0xff,
    0xff, 0xf5, 0x0, 0x0, 0x0, 0x0, 0x0, 0x0,
    0x0, 0x2f, 0xff, 0xff, 0xff, 0x90, 0x0, 0x0,
    0x0, 0x0, 0x0, 0x0, 0x0, 0xcf, 0xff, 0xff,
    0xfd, 0x0, 0x0, 0x0, 0x0, 0x0, 0x0, 0x0,
    0x8, 0xff, 0xff, 0xff, 0xf2, 0x0, 0x0, 0x0,
    0x0, 0x0, 0x0, 0x0, 0x4f, 0xff, 0xff, 0xff,
    0x60, 0x0, 0x0, 0x0, 0x0, 0x0, 0x0, 0x1,
    0xef, 0xff, 0xff, 0xfb, 0x0, 0x0, 0x0, 0x0,
    0x0, 0x0, 0x0, 0xb, 0xff, 0xff, 0xff, 0xe1,
    0x0, 0x0, 0x0, 0x0, 0x0, 0x0, 0x0, 0x6f,
    0xff, 0xff, 0xff, 0x40, 0x0, 0x0, 0x0, 0x0,
    0x0, 0x0, 0x2, 0xff, 0xff, 0xff, 0xf8, 0x0,
    0x0, 0x0, 0x0, 0x0, 0x0, 0x0, 0xd, 0xff,
    0xff, 0xff, 0xc0, 0x0, 0x0, 0x0, 0x0, 0x0,
    0x0, 0x0, 0x9f, 0xff, 0xff, 0xff, 0x20, 0x0,
    0x0, 0x0, 0x0, 0x0, 0x0, 0x5, 0xff, 0xff,
    0xff, 0xf5, 0x0, 0x0, 0x0, 0x0, 0x0, 0x0,
    0x0, 0x1e, 0xff, 0xff, 0xff, 0xa0, 0x0, 0x0,
    0x0, 0x0, 0x0, 0x0, 0x0, 0xcf, 0xff, 0xff,
    0xfd, 0x0, 0x0, 0x0, 0x0, 0x0, 0x0, 0x0,
    0x7, 0xff, 0xff, 0xff, 0xf3, 0x0, 0x0, 0x0,
    0x0, 0x0, 0x0, 0x0, 0x2f, 0xff, 0xff, 0xff,
    0x70, 0x0, 0x0, 0x0, 0x0, 0x0, 0x0, 0x0,
    0x7f, 0xff, 0xff, 0xff, 0xdc, 0xcc, 0xcc, 0xcc,
    0xcc, 0xcc, 0xcc, 0xc9, 0x7f, 0xff, 0xff, 0xff,
    0xff, 0xff, 0xff, 0xff, 0xff, 0xff, 0xff, 0xfe,
    0x7f, 0xff, 0xff, 0xff, 0xff, 0xff, 0xff, 0xff,
    0xff, 0xff, 0xff, 0xfe, 0x7f, 0xff, 0xff, 0xff,
    0xff, 0xff, 0xff, 0xff, 0xff, 0xff, 0xff, 0xfe,
    0x7f, 0xff, 0xff, 0xff, 0xff, 0xff, 0xff, 0xff,
    0xff, 0xff, 0xff, 0xfe, 0x6f, 0xff, 0xff, 0xff,
    0xff, 0xff, 0xff, 0xff, 0xff, 0xff, 0xff, 0xfd,

    /* U+005B "[" */
    0x3f, 0xff, 0xff, 0xff, 0xff, 0xff, 0xf2, 0x5f,
    0xff, 0xff, 0xff, 0xff, 0xff, 0xf3, 0x5f, 0xff,
    0xff, 0xff, 0xff, 0xff, 0xf3, 0x5f, 0xff, 0xff,
    0xff, 0xff, 0xff, 0xf3, 0x5f, 0xff, 0xff, 0xff,
    0xff, 0xff, 0xf3, 0x5f, 0xff, 0xff, 0xfe, 0xcc,
    0xcc, 0xc1, 0x5f, 0xff, 0xff, 0xf7, 0x0, 0x0,
    0x0, 0x5f, 0xff, 0xff, 0xf7, 0x0, 0x0, 0x0,
    0x5f, 0xff, 0xff, 0xf7, 0x0, 0x0, 0x0, 0x5f,
    0xff, 0xff, 0xf7, 0x0, 0x0, 0x0, 0x5f, 0xff,
    0xff, 0xf7, 0x0, 0x0, 0x0, 0x5f, 0xff, 0xff,
    0xf7, 0x0, 0x0, 0x0, 0x5f, 0xff, 0xff, 0xf7,
    0x0, 0x0, 0x0, 0x5f, 0xff, 0xff, 0xf7, 0x0,
    0x0, 0x0, 0x5f, 0xff, 0xff, 0xf7, 0x0, 0x0,
    0x0, 0x5f, 0xff, 0xff, 0xf7, 0x0, 0x0, 0x0,
    0x5f, 0xff, 0xff, 0xf7, 0x0, 0x0, 0x0, 0x5f,
    0xff, 0xff, 0xf7, 0x0, 0x0, 0x0, 0x5f, 0xff,
    0xff, 0xf7, 0x0, 0x0, 0x0, 0x5f, 0xff, 0xff,
    0xf7, 0x0, 0x0, 0x0, 0x5f, 0xff, 0xff, 0xf7,
    0x0, 0x0, 0x0, 0x5f, 0xff, 0xff, 0xf7, 0x0,
    0x0, 0x0, 0x5f, 0xff, 0xff, 0xf7, 0x0, 0x0,
    0x0, 0x5f, 0xff, 0xff, 0xf7, 0x0, 0x0, 0x0,
    0x5f, 0xff, 0xff, 0xf7, 0x0, 0x0, 0x0, 0x5f,
    0xff, 0xff, 0xf7, 0x0, 0x0, 0x0, 0x5f, 0xff,
    0xff, 0xf7, 0x0, 0x0, 0x0, 0x5f, 0xff, 0xff,
    0xf7, 0x0, 0x0, 0x0, 0x5f, 0xff, 0xff, 0xf7,
    0x0, 0x0, 0x0, 0x5f, 0xff, 0xff, 0xf7, 0x0,
    0x0, 0x0, 0x5f, 0xff, 0xff, 0xf7, 0x0, 0x0,
    0x0, 0x5f, 0xff, 0xff, 0xf7, 0x0, 0x0, 0x0,
    0x5f, 0xff, 0xff, 0xf7, 0x0, 0x0, 0x0, 0x5f,
    0xff, 0xff, 0xf7, 0x0, 0x0, 0x0, 0x5f, 0xff,
    0xff, 0xf7, 0x0, 0x0, 0x0, 0x5f, 0xff, 0xff,
    0xf7, 0x0, 0x0, 0x0, 0x5f, 0xff, 0xff, 0xf7,
    0x0, 0x0, 0x0, 0x5f, 0xff, 0xff, 0xf7, 0x0,
    0x0, 0x0, 0x5f, 0xff, 0xff, 0xf7, 0x0, 0x0,
    0x0, 0x5f, 0xff, 0xff, 0xfe, 0xdd, 0xdd, 0xc2,
    0x5f, 0xff, 0xff, 0xff, 0xff, 0xff, 0xf4, 0x5f,
    0xff, 0xff, 0xff, 0xff, 0xff, 0xf4, 0x5f, 0xff,
    0xff, 0xff, 0xff, 0xff, 0xf4, 0x5f, 0xff, 0xff,
    0xff, 0xff, 0xff, 0xf4, 0x3f, 0xff, 0xff, 0xff,
    0xff, 0xff, 0xf2,

    /* U+005C "\\" */
    0x7f, 0xff, 0xff, 0xf2, 0x0, 0x0, 0x0, 0x0,
    0x0, 0x0, 0x3f, 0xff, 0xff, 0xf9, 0x0, 0x0,
    0x0, 0x0, 0x0, 0x0, 0xd, 0xff, 0xff, 0xfe,
    0x0, 0x0, 0x0, 0x0, 0x0, 0x0, 0x7, 0xff,
    0xff, 0xff, 0x50, 0x0, 0x0, 0x0, 0x0, 0x0,
    0x1, 0xff, 0xff, 0xff, 0xb0, 0x0, 0x0, 0x0,
    0x0, 0x0, 0x0, 0xbf, 0xff, 0xff, 0xf1, 0x0,
    0x0, 0x0, 0x0, 0x0, 0x0, 0x5f, 0xff, 0xff,
    0xf7, 0x0, 0x0, 0x0, 0x0, 0x0, 0x0, 0xe,
    0xff, 0xff, 0xfd, 0x0, 0x0, 0x0, 0x0, 0x0,
    0x0, 0x9, 0xff, 0xff, 0xff, 0x30, 0x0, 0x0,
    0x0, 0x0, 0x0, 0x3, 0xff, 0xff, 0xff, 0x90,
    0x0, 0x0, 0x0, 0x0, 0x0, 0x0, 0xdf, 0xff,
    0xff, 0xe0, 0x0, 0x0, 0x0, 0x0, 0x0, 0x0,
    0x7f, 0xff, 0xff, 0xf5, 0x0, 0x0, 0x0, 0x0,
    0x0, 0x0, 0x1f, 0xff, 0xff, 0xfb, 0x0, 0x0,
    0x0, 0x0, 0x0, 0x0, 0xb, 0xff, 0xff, 0xff,
    0x10, 0x0, 0x0, 0x0, 0x0, 0x0, 0x5, 0xff,
    0xff, 0xff, 0x70, 0x0, 0x0, 0x0, 0x0, 0x0,
    0x0, 0xef, 0xff, 0xff, 0xd0, 0x0, 0x0, 0x0,
    0x0, 0x0, 0x0, 0x9f, 0xff, 0xff, 0xf3, 0x0,
    0x0, 0x0, 0x0, 0x0, 0x0, 0x3f, 0xff, 0xff,
    0xf9, 0x0, 0x0, 0x0, 0x0, 0x0, 0x0, 0xd,
    0xff, 0xff, 0xfe, 0x0, 0x0, 0x0, 0x0, 0x0,
    0x0, 0x7, 0xff, 0xff, 0xff, 0x50, 0x0, 0x0,
    0x0, 0x0, 0x0, 0x1, 0xff, 0xff, 0xff, 0xb0,
    0x0, 0x0, 0x0, 0x0, 0x0, 0x0, 0xbf, 0xff,
    0xff, 0xf1, 0x0, 0x0, 0x0, 0x0, 0x0, 0x0,
    0x5f, 0xff, 0xff, 0xf7, 0x0, 0x0, 0x0, 0x0,
    0x0, 0x0, 0xe, 0xff, 0xff, 0xfd, 0x0, 0x0,
    0x0, 0x0, 0x0, 0x0, 0x9, 0xff, 0xff, 0xff,
    0x30, 0x0, 0x0, 0x0, 0x0, 0x0, 0x3, 0xff,
    0xff, 0xff, 0x90, 0x0, 0x0, 0x0, 0x0, 0x0,
    0x0, 0xdf, 0xff, 0xff, 0xf0, 0x0, 0x0, 0x0,
    0x0, 0x0, 0x0, 0x7f, 0xff, 0xff, 0xf5, 0x0,
    0x0, 0x0, 0x0, 0x0, 0x0, 0x1f, 0xff, 0xff,
    0xfb, 0x0, 0x0, 0x0, 0x0, 0x0, 0x0, 0xb,
    0xff, 0xff, 0xff, 0x10, 0x0, 0x0, 0x0, 0x0,
    0x0, 0x5, 0xff, 0xff, 0xff, 0x70, 0x0, 0x0,
    0x0, 0x0, 0x0, 0x0, 0xef, 0xff, 0xff, 0xd0,
    0x0, 0x0, 0x0, 0x0, 0x0, 0x0, 0x9f, 0xff,
    0xff, 0xf3, 0x0, 0x0, 0x0, 0x0, 0x0, 0x0,
    0x2f, 0xff, 0xff, 0xf7,

    /* U+005D "]" */
    0x2f, 0xff, 0xff, 0xff, 0xff, 0xff, 0xf4, 0x3f,
    0xff, 0xff, 0xff, 0xff, 0xff, 0xf5, 0x3f, 0xff,
    0xff, 0xff, 0xff, 0xff, 0xf5, 0x3f, 0xff, 0xff,
    0xff, 0xff, 0xff, 0xf5, 0x3f, 0xff, 0xff, 0xff,
    0xff, 0xff, 0xf5, 0x1c, 0xcc, 0xcc, 0xef, 0xff,
    0xff, 0xf5, 0x0, 0x0, 0x0, 0x7f, 0xff, 0xff,
    0xf5, 0x0, 0x0, 0x0, 0x7f, 0xff, 0xff, 0xf5,
    0x0, 0x0, 0x0, 0x7f, 0xff, 0xff, 0xf5, 0x0,
    0x0, 0x0, 0x7f, 0xff, 0xff, 0xf5, 0x0, 0x0,
    0x0, 0x7f, 0xff, 0xff, 0xf5, 0x0, 0x0, 0x0,
    0x7f, 0xff, 0xff, 0xf5, 0x0, 0x0, 0x0, 0x7f,
    0xff, 0xff, 0xf5, 0x0, 0x0, 0x0, 0x7f, 0xff,
    0xff, 0xf5, 0x0, 0x0, 0x0, 0x7f, 0xff, 0xff,
    0xf5, 0x0, 0x0, 0x0, 0x7f, 0xff, 0xff, 0xf5,
    0x0, 0x0, 0x0, 0x7f, 0xff, 0xff, 0xf5, 0x0,
    0x0, 0x0, 0x7f, 0xff, 0xff, 0xf5, 0x0, 0x0,
    0x0, 0x7f, 0xff, 0xff, 0xf5, 0x0, 0x0, 0x0,
    0x7f, 0xff, 0xff, 0xf5, 0x0, 0x0, 0x0, 0x7f,
    0xff, 0xff, 0xf5, 0x0, 0x0, 0x0, 0x7f, 0xff,
    0xff, 0xf5, 0x0, 0x0, 0x0, 0x7f, 0xff, 0xff,
    0xf5, 0x0, 0x0, 0x0, 0x7f, 0xff, 0xff, 0xf5,
    0x0, 0x0, 0x0, 0x7f, 0xff, 0xff, 0xf5, 0x0,
    0x0, 0x0, 0x7f, 0xff, 0xff, 0xf5, 0x0, 0x0,
    0x0, 0x7f, 0xff, 0xff, 0xf5, 0x0, 0x0, 0x0,
    0x7f, 0xff, 0xff, 0xf5, 0x0, 0x0, 0x0, 0x7f,
    0xff, 0xff, 0xf5, 0x0, 0x0, 0x0, 0x7f, 0xff,
    0xff, 0xf5, 0x0, 0x0, 0x0, 0x7f, 0xff, 0xff,
    0xf5, 0x0, 0x0, 0x0, 0x7f, 0xff, 0xff, 0xf5,
    0x0, 0x0, 0x0, 0x7f, 0xff, 0xff, 0xf5, 0x0,
    0x0, 0x0, 0x7f, 0xff, 0xff, 0xf5, 0x0, 0x0,
    0x0, 0x7f, 0xff, 0xff, 0xf5, 0x0, 0x0, 0x0,
    0x7f, 0xff, 0xff, 0xf5, 0x0, 0x0, 0x0, 0x7f,
    0xff, 0xff, 0xf5, 0x0, 0x0, 0x0, 0x7f, 0xff,
    0xff, 0xf5, 0x0, 0x0, 0x0, 0x7f, 0xff, 0xff,
    0xf5, 0x1c, 0xdd, 0xdd, 0xef, 0xff, 0xff, 0xf5,
    0x3f, 0xff, 0xff, 0xff, 0xff, 0xff, 0xf5, 0x3f,
    0xff, 0xff, 0xff, 0xff, 0xff, 0xf5, 0x3f, 0xff,
    0xff, 0xff, 0xff, 0xff, 0xf5, 0x3f, 0xff, 0xff,
    0xff, 0xff, 0xff, 0xf5, 0x2f, 0xff, 0xff, 0xff,
    0xff, 0xff, 0xf4,

    /* U+005E "^" */
    0x0, 0x0, 0x0, 0x4, 0x88, 0x88, 0x71, 0x0,
    0x0, 0x0, 0x0, 0x0, 0x0, 0x0, 0xef, 0xff,
    0xff, 0x70, 0x0, 0x0, 0x0, 0x0, 0x0, 0x0,
    0x4f, 0xff, 0xff, 0xfd, 0x0, 0x0, 0x0, 0x0,
    0x0, 0x0, 0xa, 0xff, 0xff, 0xff, 0xf3, 0x0,
    0x0, 0x0, 0x0, 0x0, 0x0, 0xff, 0xff, 0xff,
    0xff, 0x90, 0x0, 0x0, 0x0, 0x0, 0x0, 0x6f,
    0xff, 0xff, 0xff, 0xfe, 0x0, 0x0, 0x0, 0x0,
    0x0, 0xb, 0xff, 0xff, 0xff, 0xff, 0xf5, 0x0,
    0x0, 0x0, 0x0, 0x1, 0xff, 0xff, 0xfe, 0xff,
    0xff, 0xb0, 0x0, 0x0, 0x0, 0x0, 0x7f, 0xff,
    0xfe, 0x4f, 0xff, 0xff, 0x10, 0x0, 0x0, 0x0,
    0xd, 0xff, 0xff, 0x90, 0xef, 0xff, 0xf7, 0x0,
    0x0, 0x0, 0x3, 0xff, 0xff, 0xf4, 0x9, 0xff,
    0xff, 0xd0, 0x0, 0x0, 0x0, 0x8f, 0xff, 0xfe,
    0x0, 0x4f, 0xff, 0xff, 0x20, 0x0, 0x0, 0xe,
    0xff, 0xff, 0x90, 0x0, 0xef, 0xff, 0xf8, 0x0,
    0x0, 0x4, 0xff, 0xff, 0xf4, 0x0, 0x9, 0xff,
    0xff, 0xe0, 0x0, 0x0, 0xaf, 0xff, 0xfe, 0x0,
    0x0, 0x4f, 0xff, 0xff, 0x40, 0x0, 0xf, 0xff,
    0xff, 0x90, 0x0, 0x0, 0xef, 0xff, 0xfa, 0x0,
    0x5, 0xff, 0xff, 0xf4, 0x0, 0x0, 0x9, 0xff,
    0xff, 0xf1, 0x0, 0xbf, 0xff, 0xff, 0x0, 0x0,
    0x0, 0x4f, 0xff, 0xff, 0x60, 0x1f, 0xff, 0xff,
    0xa0, 0x0, 0x0, 0x0, 0xef, 0xff, 0xfc, 0x4,
    0xff, 0xff, 0xf4, 0x0, 0x0, 0x0, 0x8, 0xff,
    0xff, 0xf0,

    /* U+005F "_" */
    0x1, 0x22, 0x22, 0x22, 0x22, 0x22, 0x22, 0x22,
    0x22, 0x22, 0x22, 0x21, 0x0, 0xff, 0xff, 0xff,
    0xff, 0xff, 0xff, 0xff, 0xff, 0xff, 0xff, 0xff,
    0xf2, 0x1f, 0xff, 0xff, 0xff, 0xff, 0xff, 0xff,
    0xff, 0xff, 0xff, 0xff, 0xff, 0x31, 0xff, 0xff,
    0xff, 0xff, 0xff, 0xff, 0xff, 0xff, 0xff, 0xff,
    0xff, 0xf3, 0x1f, 0xff, 0xff, 0xff, 0xff, 0xff,
    0xff, 0xff, 0xff, 0xff, 0xff, 0xff, 0x30, 0xff,
    0xff, 0xff, 0xff, 0xff, 0xff, 0xff, 0xff, 0xff,
    0xff, 0xff, 0xf1,

    /* U+0060 "`" */
    0x8f, 0xff, 0xfe, 0x40, 0x2, 0xff, 0xff, 0xfd,
    0x0, 0x6, 0xff, 0xff, 0xf6, 0x0, 0xb, 0xff,
    0xff, 0xe0, 0x0, 0x1e, 0xff, 0xff, 0x70, 0x0,
    0x4f, 0xff, 0xfd,

    /* U+0061 "a" */
    0x0, 0x0, 0x0, 0x27, 0xbd, 0xef, 0xfd, 0xa6,
    0x10, 0x0, 0x0, 0x0, 0x0, 0x3, 0xcf, 0xff,
    0xff, 0xff, 0xff, 0xff, 0x91, 0x0, 0x0, 0x0,
    0x8, 0xff, 0xff, 0xff, 0xff, 0xff, 0xff, 0xff,
    0xe4, 0x0, 0x0, 0x9, 0xff, 0xff, 0xff, 0xff,
    0xff, 0xff, 0xff, 0xff, 0xf4, 0x0, 0x5, 0xff,
    0xff, 0xff, 0xff, 0xff, 0xff, 0xff, 0xff, 0xff,
    0xe1, 0x0, 0xdf, 0xff, 0xff, 0xff, 0xfe, 0xde,
    0xff, 0xff, 0xff, 0xff, 0x80, 0x1f, 0xff, 0xff,
    0xff, 0xb2, 0x0, 0x2, 0xcf, 0xff, 0xff, 0xfd,
    0x1, 0x8b, 0xdf, 0xff, 0xe0, 0x0, 0x0, 0x1,
    0xff, 0xff, 0xff, 0xf0, 0x0, 0x0, 0x1, 0x32,
    0x0, 0x0, 0x0, 0xc, 0xff, 0xff, 0xff, 0x10,
    0x0, 0x0, 0x0, 0x0, 0x0, 0x0, 0x0, 0xbf,
    0xff, 0xff, 0xf1, 0x0, 0x0, 0x5, 0x9c, 0xef,
    0xff, 0xff, 0xff, 0xff, 0xff, 0xff, 0x10, 0x0,
    0x6e, 0xff, 0xff, 0xff, 0xff, 0xff, 0xff, 0xff,
    0xff, 0xf1, 0x0, 0xaf, 0xff, 0xff, 0xff, 0xff,
    0xff, 0xff, 0xff, 0xff, 0xff, 0x10, 0x8f, 0xff,
    0xff, 0xff, 0xff, 0xff, 0xff, 0xff, 0xff, 0xff,
    0xf1, 0x2f, 0xff, 0xff, 0xff, 0xc5, 0x20, 0x0,
    0xb, 0xff, 0xff, 0xff, 0x17, 0xff, 0xff, 0xff,
    0x90, 0x0, 0x0, 0x0, 0xbf, 0xff, 0xff, 0xf1,
    0xaf, 0xff, 0xff, 0xf1, 0x0, 0x0, 0x0, 0xb,
    0xff, 0xff, 0xff, 0x1c, 0xff, 0xff, 0xff, 0x10,
    0x0, 0x0, 0x1, 0xff, 0xff, 0xff, 0xf1, 0xbf,
    0xff, 0xff, 0xf6, 0x0, 0x0, 0x0, 0xbf, 0xff,
    0xff, 0xff, 0x19, 0xff, 0xff, 0xff, 0xf7, 0x20,
    0x26, 0xdf, 0xff, 0xff, 0xff, 0xf1, 0x5f, 0xff,
    0xff, 0xff, 0xff, 0xff, 0xff, 0xff, 0xff, 0xff,
    0xff, 0x10, 0xdf, 0xff, 0xff, 0xff, 0xff, 0xff,
    0xff, 0xff, 0xff, 0xff, 0xf1, 0x3, 0xff, 0xff,
    0xff, 0xff, 0xff, 0xff, 0xed, 0xff, 0xff, 0xff,
    0x10, 0x2, 0xcf, 0xff, 0xff, 0xff, 0xff, 0xd2,
    0xbf, 0xff, 0xff, 0xf1, 0x0, 0x0, 0x49, 0xde,
    0xfe, 0xda, 0x50, 0x9, 0xff, 0xff, 0xff, 0x0,

    /* U+0062 "b" */
    0x5f, 0xff, 0xff, 0xf4, 0x0, 0x0, 0x0, 0x0,
    0x0, 0x0, 0x0, 0x0, 0x6f, 0xff, 0xff, 0xf5,
    0x0, 0x0, 0x0, 0x0, 0x0, 0x0, 0x0, 0x0,
    0x6f, 0xff, 0xff, 0xf5, 0x0, 0x0, 0x0, 0x0,
    0x0, 0x0, 0x0, 0x0, 0x6f, 0xff, 0xff, 0xf5,
    0x0, 0x0, 0x0, 0x0, 0x0, 0x0, 0x0, 0x0,
    0x6f, 0xff, 0xff, 0xf5, 0x0, 0x0, 0x0, 0x0,
    0x0, 0x0, 0x0, 0x0, 0x6f, 0xff, 0xff, 0xf5,
    0x0, 0x0, 0x0, 0x0, 0x0, 0x0, 0x0, 0x0,
    0x6f, 0xff, 0xff, 0xf5, 0x0, 0x0, 0x0, 0x0,
    0x0, 0x0, 0x0, 0x0, 0x6f, 0xff, 0xff, 0xf5,
    0x0, 0x0, 0x0, 0x0, 0x0, 0x0, 0x0, 0x0,
    0x6f, 0xff, 0xff, 0xf5, 0x0, 0x0, 0x0, 0x0,
    0x0, 0x0, 0x0, 0x0, 0x6f, 0xff, 0xff, 0xf5,
    0x2, 0x9d, 0xff, 0xeb, 0x61, 0x0, 0x0, 0x0,
    0x6f, 0xff, 0xff, 0xf5, 0x7f, 0xff, 0xff, 0xff,
    0xff, 0x70, 0x0, 0x0, 0x6f, 0xff, 0xff, 0xfc,
    0xff, 0xff, 0xff, 0xff, 0xff, 0xfa, 0x0, 0x0,
    0x6f, 0xff, 0xff, 0xff, 0xff, 0xff, 0xff, 0xff,
    0xff, 0xff, 0x90, 0x0, 0x6f, 0xff, 0xff, 0xff,
    0xff, 0xff, 0xff, 0xff, 0xff, 0xff, 0xf5, 0x0,
    0x6f, 0xff, 0xff, 0xff, 0xff, 0xfd, 0xef, 0xff,
    0xff, 0xff, 0xfd, 0x0, 0x6f, 0xff, 0xff, 0xff,
    0xf8, 0x0, 0x3, 0xdf, 0xff, 0xff, 0xff, 0x40,
    0x6f, 0xff, 0xff, 0xff, 0x90, 0x0, 0x0, 0x1e,
    0xff, 0xff, 0xff, 0x90, 0x6f, 0xff, 0xff, 0xff,
    0x10, 0x0, 0x0, 0x7, 0xff, 0xff, 0xff, 0xd0,
    0x6f, 0xff, 0xff, 0xfb, 0x0, 0x0, 0x0, 0x1,
    0xff, 0xff, 0xff, 0xf0, 0x6f, 0xff, 0xff, 0xf8,
    0x0, 0x0, 0x0, 0x0, 0xef, 0xff, 0xff, 0xf1,
    0x6f, 0xff, 0xff, 0xf7, 0x0, 0x0, 0x0, 0x0,
    0xdf, 0xff, 0xff, 0xf2, 0x6f, 0xff, 0xff, 0xf6,
    0x0, 0x0, 0x0, 0x0, 0xcf, 0xff, 0xff, 0xf3,
    0x6f, 0xff, 0xff, 0xf7, 0x0, 0x0, 0x0, 0x0,
    0xcf, 0xff, 0xff, 0xf2, 0x6f, 0xff, 0xff, 0xf8,
    0x0, 0x0, 0x0, 0x0, 0xef, 0xff, 0xff, 0xf1,
    0x6f, 0xff, 0xff, 0xfb, 0x0, 0x0, 0x0, 0x1,
    0xff, 0xff, 0xff, 0xf0, 0x6f, 0xff, 0xff, 0xff,
    0x10, 0x0, 0x0, 0x7, 0xff, 0xff, 0xff, 0xc0,
    0x6f, 0xff, 0xff, 0xff, 0x90, 0x0, 0x0, 0x1e,
    0xff, 0xff, 0xff, 0x90, 0x6f, 0xff, 0xff, 0xff,
    0xf8, 0x0, 0x3, 0xdf, 0xff, 0xff, 0xff, 0x40,
    0x6f, 0xff, 0xff, 0xff, 0xff, 0xfd, 0xef, 0xff,
    0xff, 0xff, 0xfd, 0x0, 0x6f, 0xff, 0xff, 0xff,
    0xff, 0xff, 0xff, 0xff, 0xff, 0xff, 0xf4, 0x0,
    0x6f, 0xff, 0xff, 0xff, 0xff, 0xff, 0xff, 0xff,
    0xff, 0xff, 0x90, 0x0, 0x6f, 0xff, 0xff, 0xfc,
    0xff, 0xff, 0xff, 0xff, 0xff, 0xfa, 0x0, 0x0,
    0x6f, 0xff, 0xff, 0xf5, 0x6f, 0xff, 0xff, 0xff,
    0xff, 0x60, 0x0, 0x0, 0x5f, 0xff, 0xff, 0xf4,
    0x2, 0x8d, 0xff, 0xeb, 0x61, 0x0, 0x0, 0x0,

    /* U+0063 "c" */
    0x0, 0x0, 0x0, 0x1, 0x7a, 0xdf, 0xfe, 0xd9,
    0x50, 0x0, 0x0, 0x0, 0x0, 0x0, 0x1, 0x9f,
    0xff, 0xff, 0xff, 0xff, 0xfe, 0x60, 0x0, 0x0,
    0x0, 0x0, 0x4e, 0xff, 0xff, 0xff, 0xff, 0xff,
    0xff, 0xfc, 0x10, 0x0, 0x0, 0x4, 0xff, 0xff,
    0xff, 0xff, 0xff, 0xff, 0xff, 0xff, 0xd1, 0x0,
    0x0, 0x1f, 0xff, 0xff, 0xff, 0xff, 0xff, 0xff,
    0xff, 0xff, 0xfc, 0x0, 0x0, 0xaf, 0xff, 0xff,
    0xff, 0xfe, 0xdf, 0xff, 0xff, 0xff, 0xff, 0x60,
    0x2, 0xff, 0xff, 0xff, 0xfb, 0x20, 0x0, 0x5e,
    0xff, 0xff, 0xff, 0xd0, 0x7, 0xff, 0xff, 0xff,
    0xc0, 0x0, 0x0, 0x2, 0xff, 0xff, 0xff, 0xf2,
    0xb, 0xff, 0xff, 0xff, 0x40, 0x0, 0x0, 0x0,
    0x8f, 0xff, 0xff, 0xf4, 0xe, 0xff, 0xff, 0xff,
    0x0, 0x0, 0x0, 0x0, 0x3c, 0xa8, 0x53, 0x10,
    0xf, 0xff, 0xff, 0xfc, 0x0, 0x0, 0x0, 0x0,
    0x0, 0x0, 0x0, 0x0, 0x1f, 0xff, 0xff, 0xfb,
    0x0, 0x0, 0x0, 0x0, 0x0, 0x0, 0x0, 0x0,
    0x1f, 0xff, 0xff, 0xfb, 0x0, 0x0, 0x0, 0x0,
    0x0, 0x0, 0x0, 0x0, 0xf, 0xff, 0xff, 0xfb,
    0x0, 0x0, 0x0, 0x0, 0x0, 0x0, 0x0, 0x0,
    0xf, 0xff, 0xff, 0xfc, 0x0, 0x0, 0x0, 0x0,
    0x0, 0x0, 0x0, 0x0, 0xe, 0xff, 0xff, 0xff,
    0x0, 0x0, 0x0, 0x0, 0x38, 0x63, 0x10, 0x0,
    0xa, 0xff, 0xff, 0xff, 0x40, 0x0, 0x0, 0x0,
    0xaf, 0xff, 0xfe, 0xc1, 0x6, 0xff, 0xff, 0xff,
    0xc0, 0x0, 0x0, 0x3, 0xff, 0xff, 0xff, 0xf1,
    0x1, 0xff, 0xff, 0xff, 0xfb, 0x20, 0x0, 0x5e,
    0xff, 0xff, 0xff, 0xd0, 0x0, 0x9f, 0xff, 0xff,
    0xff, 0xfe, 0xdf, 0xff, 0xff, 0xff, 0xff, 0x60,
    0x0, 0xe, 0xff, 0xff, 0xff, 0xff, 0xff, 0xff,
    0xff, 0xff, 0xfc, 0x0, 0x0, 0x3, 0xff, 0xff,
    0xff, 0xff, 0xff, 0xff, 0xff, 0xff, 0xe2, 0x0,
    0x0, 0x0, 0x3e, 0xff, 0xff, 0xff, 0xff, 0xff,
    0xff, 0xfd, 0x20, 0x0, 0x0, 0x0, 0x1, 0x9f,
    0xff, 0xff, 0xff, 0xff, 0xff, 0x70, 0x0, 0x0,
    0x0, 0x0, 0x0, 0x1, 0x6a, 0xdf, 0xfe, 0xda,
    0x50, 0x0, 0x0, 0x0,

    /* U+0064 "d" */
    0x0, 0x0, 0x0, 0x0, 0x0, 0x0, 0x0, 0x0,
    0x1f, 0xff, 0xff, 0xf7, 0x0, 0x0, 0x0, 0x0,
    0x0, 0x0, 0x0, 0x0, 0x3f, 0xff, 0xff, 0xf9,
    0x0, 0x0, 0x0, 0x0, 0x0, 0x0, 0x0, 0x0,
    0x3f, 0xff, 0xff, 0xf9, 0x0, 0x0, 0x0, 0x0,
    0x0, 0x0, 0x0, 0x0, 0x3f, 0xff, 0xff, 0xf9,
    0x0, 0x0, 0x0, 0x0, 0x0, 0x0, 0x0, 0x0,
    0x3f, 0xff, 0xff, 0xf9, 0x0, 0x0, 0x0, 0x0,
    0x0, 0x0, 0x0, 0x0, 0x3f, 0xff, 0xff, 0xf9,
    0x0, 0x0, 0x0, 0x0, 0x0, 0x0, 0x0, 0x0,
    0x3f, 0xff, 0xff, 0xf9, 0x0, 0x0, 0x0, 0x0,
    0x0, 0x0, 0x0, 0x0, 0x3f, 0xff, 0xff, 0xf9,
    0x0, 0x0, 0x0, 0x0, 0x0, 0x0, 0x0, 0x0,
    0x3f, 0xff, 0xff, 0xf9, 0x0, 0x0, 0x0, 0x6,
    0xad, 0xff, 0xd9, 0x30, 0x3f, 0xff, 0xff, 0xf9,
    0x0, 0x0, 0x5, 0xef, 0xff, 0xff, 0xff, 0xf9,
    0x3f, 0xff, 0xff, 0xf9, 0x0, 0x0, 0x9f, 0xff,
    0xff, 0xff, 0xff, 0xff, 0xcf, 0xff, 0xff, 0xf9,
    0x0, 0x7, 0xff, 0xff, 0xff, 0xff, 0xff, 0xff,
    0xff, 0xff, 0xff, 0xf9, 0x0, 0x3f, 0xff, 0xff,
    0xff, 0xff, 0xff, 0xff, 0xff, 0xff, 0xff, 0xf9,
    0x0, 0xcf, 0xff, 0xff, 0xff, 0xfe, 0xde, 0xff,
    0xff, 0xff, 0xff, 0xf9, 0x2, 0xff, 0xff, 0xff,
    0xfe, 0x40, 0x0, 0x6f, 0xff, 0xff, 0xff, 0xf9,
    0x7, 0xff, 0xff, 0xff, 0xf3, 0x0, 0x0, 0x6,
    0xff, 0xff, 0xff, 0xf9, 0xa, 0xff, 0xff, 0xff,
    0x90, 0x0, 0x0, 0x0, 0xef, 0xff, 0xff, 0xf9,
    0xd, 0xff, 0xff, 0xff, 0x40, 0x0, 0x0, 0x0,
    0x9f, 0xff, 0xff, 0xf9, 0xf, 0xff, 0xff, 0xff,
    0x0, 0x0, 0x0, 0x0, 0x6f, 0xff, 0xff, 0xf9,
    0xf, 0xff, 0xff, 0xfe, 0x0, 0x0, 0x0, 0x0,
    0x4f, 0xff, 0xff, 0xf9, 0xf, 0xff, 0xff, 0xfe,
    0x0, 0x0, 0x0, 0x0, 0x3f, 0xff, 0xff, 0xf9,
    0xf, 0xff, 0xff, 0xfe, 0x0, 0x0, 0x0, 0x0,
    0x4f, 0xff, 0xff, 0xf9, 0xf, 0xff, 0xff, 0xff,
    0x0, 0x0, 0x0, 0x0, 0x6f, 0xff, 0xff, 0xf9,
    0xd, 0xff, 0xff, 0xff, 0x30, 0x0, 0x0, 0x0,
    0x9f, 0xff, 0xff, 0xf9, 0xa, 0xff, 0xff, 0xff,
    0x90, 0x0, 0x0, 0x0, 0xef, 0xff, 0xff, 0xf9,
    0x6, 0xff, 0xff, 0xff, 0xf2, 0x0, 0x0, 0x6,
    0xff, 0xff, 0xff, 0xf9, 0x1, 0xff, 0xff, 0xff,
    0xfe, 0x40, 0x0, 0x6f, 0xff, 0xff, 0xff, 0xf9,
    0x0, 0xbf, 0xff, 0xff, 0xff, 0xfe, 0xdf, 0xff,
    0xff, 0xff, 0xff, 0xf9, 0x0, 0x2f, 0xff, 0xff,
    0xff, 0xff, 0xff, 0xff, 0xff, 0xff, 0xff, 0xf9,
    0x0, 0x7, 0xff, 0xff, 0xff, 0xff, 0xff, 0xff,
    0xff, 0xff, 0xff, 0xf9, 0x0, 0x0, 0x8f, 0xff,
    0xff, 0xff, 0xff, 0xff, 0xcf, 0xff, 0xff, 0xf9,
    0x0, 0x0, 0x5, 0xef, 0xff, 0xff, 0xff, 0xf8,
    0x3f, 0xff, 0xff, 0xf9, 0x0, 0x0, 0x0, 0x6,
    0xae, 0xff, 0xd9, 0x30, 0x1f, 0xff, 0xff, 0xf7,

    /* U+0065 "e" */
    0x0, 0x0, 0x0, 0x1, 0x7b, 0xef, 0xfe, 0xc8,
    0x40, 0x0, 0x0, 0x0, 0x0, 0x0, 0x1, 0x9f,
    0xff, 0xff, 0xff, 0xff, 0xfd, 0x40, 0x0, 0x0,
    0x0, 0x0, 0x2e, 0xff, 0xff, 0xff, 0xff, 0xff,
    0xff, 0xf8, 0x0, 0x0, 0x0, 0x2, 0xef, 0xff,
    0xff, 0xff, 0xff, 0xff, 0xff, 0xff, 0x80, 0x0,
    0x0, 0xd, 0xff, 0xff, 0xff, 0xff, 0xff, 0xff,
    0xff, 0xff, 0xf5, 0x0, 0x0, 0x8f, 0xff, 0xff,
    0xff, 0xfe, 0xef, 0xff, 0xff, 0xff, 0xfe, 0x0,
    0x0, 0xff, 0xff, 0xff, 0xfa, 0x20, 0x0, 0x6f,
    0xff, 0xff, 0xff, 0x60, 0x5, 0xff, 0xff, 0xff,
    0xa0, 0x0, 0x0, 0x4, 0xff, 0xff, 0xff, 0xc0,
    0x9, 0xff, 0xff, 0xff, 0x20, 0x0, 0x0, 0x0,
    0xbf, 0xff, 0xff, 0xf0, 0xd, 0xff, 0xff, 0xfe,
    0x0, 0x0, 0x0, 0x0, 0x8f, 0xff, 0xff, 0xf4,
    0xe, 0xff, 0xff, 0xff, 0xff, 0xff, 0xff, 0xff,
    0xff, 0xff, 0xff, 0xf6, 0xf, 0xff, 0xff, 0xff,
    0xff, 0xff, 0xff, 0xff, 0xff, 0xff, 0xff, 0xf8,
    0xf, 0xff, 0xff, 0xff, 0xff, 0xff, 0xff, 0xff,
    0xff, 0xff, 0xff, 0xf8, 0xf, 0xff, 0xff, 0xff,
    0xff, 0xff, 0xff, 0xff, 0xff, 0xff, 0xff, 0xf8,
    0xe, 0xff, 0xff, 0xff, 0x66, 0x66, 0x66, 0x66,
    0x66, 0x66, 0x66, 0x62, 0xb, 0xff, 0xff, 0xff,
    0x10, 0x0, 0x0, 0x0, 0x0, 0x0, 0x0, 0x0,
    0x8, 0xff, 0xff, 0xff, 0x60, 0x0, 0x0, 0x0,
    0x0, 0x41, 0x0, 0x0, 0x3, 0xff, 0xff, 0xff,
    0xe1, 0x0, 0x0, 0x0, 0x4, 0xfd, 0x10, 0x0,
    0x0, 0xcf, 0xff, 0xff, 0xfe, 0x50, 0x0, 0x1,
    0x8f, 0xff, 0xd1, 0x0, 0x0, 0x5f, 0xff, 0xff,
    0xff, 0xff, 0xdc, 0xdf, 0xff, 0xff, 0xfd, 0x10,
    0x0, 0xa, 0xff, 0xff, 0xff, 0xff, 0xff, 0xff,
    0xff, 0xff, 0xff, 0xa0, 0x0, 0x0, 0xcf, 0xff,
    0xff, 0xff, 0xff, 0xff, 0xff, 0xff, 0xfd, 0x10,
    0x0, 0x0, 0x1b, 0xff, 0xff, 0xff, 0xff, 0xff,
    0xff, 0xff, 0xc1, 0x0, 0x0, 0x0, 0x0, 0x6e,
    0xff, 0xff, 0xff, 0xff, 0xff, 0xe6, 0x0, 0x0,
    0x0, 0x0, 0x0, 0x0, 0x49, 0xce, 0xff, 0xec,
    0x94, 0x0, 0x0, 0x0,

    /* U+0066 "f" */
    0x0, 0x0, 0x0, 0x2, 0x7b, 0xde, 0xff, 0xfb,
    0x0, 0x0, 0x0, 0x1b, 0xff, 0xff, 0xff, 0xff,
    0xc0, 0x0, 0x0, 0xc, 0xff, 0xff, 0xff, 0xff,
    0xfc, 0x0, 0x0, 0x6, 0xff, 0xff, 0xff, 0xff,
    0xff, 0xc0, 0x0, 0x0, 0xbf, 0xff, 0xff, 0xff,
    0xff, 0xfb, 0x0, 0x0, 0xf, 0xff, 0xff, 0xff,
    0xa3, 0x22, 0x0, 0x0, 0x0, 0xff, 0xff, 0xff,
    0xe0, 0x0, 0x0, 0x0, 0x0, 0x1f, 0xff, 0xff,
    0xfb, 0x0, 0x0, 0x0, 0x0, 0x2, 0xff, 0xff,
    0xff, 0xb0, 0x0, 0x0, 0xa, 0xff, 0xff, 0xff,
    0xff, 0xff, 0xff, 0xff, 0xf1, 0xcf, 0xff, 0xff,
    0xff, 0xff, 0xff, 0xff, 0xff, 0x2c, 0xff, 0xff,
    0xff, 0xff, 0xff, 0xff, 0xff, 0xf2, 0xcf, 0xff,
    0xff, 0xff, 0xff, 0xff, 0xff, 0xff, 0x2c, 0xff,
    0xff, 0xff, 0xff, 0xff, 0xff, 0xff, 0xf2, 0x6b,
    0xbc, 0xff, 0xff, 0xff, 0xeb, 0xbb, 0xba, 0x0,
    0x0, 0x1f, 0xff, 0xff, 0xfa, 0x0, 0x0, 0x0,
    0x0, 0x1, 0xff, 0xff, 0xff, 0xa0, 0x0, 0x0,
    0x0, 0x0, 0x1f, 0xff, 0xff, 0xfa, 0x0, 0x0,
    0x0, 0x0, 0x1, 0xff, 0xff, 0xff, 0xa0, 0x0,
    0x0, 0x0, 0x0, 0x1f, 0xff, 0xff, 0xfa, 0x0,
    0x0, 0x0, 0x0, 0x1, 0xff, 0xff, 0xff, 0xa0,
    0x0, 0x0, 0x0, 0x0, 0x1f, 0xff, 0xff, 0xfa,
    0x0, 0x0, 0x0, 0x0, 0x1, 0xff, 0xff, 0xff,
    0xa0, 0x0, 0x0, 0x0, 0x0, 0x1f, 0xff, 0xff,
    0xfa, 0x0, 0x0, 0x0, 0x0, 0x1, 0xff, 0xff,
    0xff, 0xa0, 0x0, 0x0, 0x0, 0x0, 0x1f, 0xff,
    0xff, 0xfa, 0x0, 0x0, 0x0, 0x0, 0x1, 0xff,
    0xff, 0xff, 0xa0, 0x0, 0x0, 0x0, 0x0, 0x1f,
    0xff, 0xff, 0xfa, 0x0, 0x0, 0x0, 0x0, 0x1,
    0xff, 0xff, 0xff, 0xa0, 0x0, 0x0, 0x0, 0x0,
    0x1f, 0xff, 0xff, 0xfa, 0x0, 0x0, 0x0, 0x0,
    0x1, 0xff, 0xff, 0xff, 0xa0, 0x0, 0x0, 0x0,
    0x0, 0x1f, 0xff, 0xff, 0xfa, 0x0, 0x0, 0x0,
    0x0, 0x1, 0xff, 0xff, 0xff, 0xa0, 0x0, 0x0,
    0x0, 0x0, 0xf, 0xff, 0xff, 0xf9, 0x0, 0x0,
    0x0,

    /* U+0067 "g" */
    0x0, 0x0, 0x0, 0x17, 0xbe, 0xfe, 0xd9, 0x30,
    0x5f, 0xff, 0xff, 0xf4, 0x0, 0x0, 0x7, 0xff,
    0xff, 0xff, 0xff, 0xfa, 0x7f, 0xff, 0xff, 0xf5,
    0x0, 0x0, 0xbf, 0xff, 0xff, 0xff, 0xff, 0xff,
    0xff, 0xff, 0xff, 0xf5, 0x0, 0xa, 0xff, 0xff,
    0xff, 0xff, 0xff, 0xff, 0xff, 0xff, 0xff, 0xf5,
    0x0, 0x5f, 0xff, 0xff, 0xff, 0xff, 0xff, 0xff,
    0xff, 0xff, 0xff, 0xf5, 0x0, 0xef, 0xff, 0xff,
    0xff, 0xfe, 0xdf, 0xff, 0xff, 0xff, 0xff, 0xf5,
    0x5, 0xff, 0xff, 0xff, 0xfd, 0x30, 0x0, 0x8f,
    0xff, 0xff, 0xff, 0xf5, 0xa, 0xff, 0xff, 0xff,
    0xe1, 0x0, 0x0, 0x8, 0xff, 0xff, 0xff, 0xf5,
    0xd, 0xff, 0xff, 0xff, 0x60, 0x0, 0x0, 0x0,
    0xff, 0xff, 0xff, 0xf5, 0xf, 0xff, 0xff, 0xff,
    0x0, 0x0, 0x0, 0x0, 0xbf, 0xff, 0xff, 0xf5,
    0x1f, 0xff, 0xff, 0xfc, 0x0, 0x0, 0x0, 0x0,
    0x8f, 0xff, 0xff, 0xf5, 0x2f, 0xff, 0xff, 0xfa,
    0x0, 0x0, 0x0, 0x0, 0x7f, 0xff, 0xff, 0xf5,
    0x3f, 0xff, 0xff, 0xf9, 0x0, 0x0, 0x0, 0x0,
    0x7f, 0xff, 0xff, 0xf5, 0x3f, 0xff, 0xff, 0xf9,
    0x0, 0x0, 0x0, 0x0, 0x7f, 0xff, 0xff, 0xf5,
    0x2f, 0xff, 0xff, 0xfa, 0x0, 0x0, 0x0, 0x0,
    0x8f, 0xff, 0xff, 0xf5, 0x1f, 0xff, 0xff, 0xfd,
    0x0, 0x0, 0x0, 0x0, 0x9f, 0xff, 0xff, 0xf5,
    0xf, 0xff, 0xff, 0xff, 0x10, 0x0, 0x0, 0x0,
    0xcf, 0xff, 0xff, 0xf5, 0xc, 0xff, 0xff, 0xff,
    0x90, 0x0, 0x0, 0x2, 0xff, 0xff, 0xff, 0xf5,
    0x7, 0xff, 0xff, 0xff, 0xf6, 0x0, 0x0, 0x1d,
    0xff, 0xff, 0xff, 0xf5, 0x2, 0xff, 0xff, 0xff,
    0xff, 0xc7, 0x69, 0xff, 0xff, 0xff, 0xff, 0xf5,
    0x0, 0xaf, 0xff, 0xff, 0xff, 0xff, 0xff, 0xff,
    0xff, 0xff, 0xff, 0xf5, 0x0, 0x1e, 0xff, 0xff,
    0xff, 0xff, 0xff, 0xff, 0xff, 0xff, 0xff, 0xf5,
    0x0, 0x2, 0xef, 0xff, 0xff, 0xff, 0xff, 0xff,
    0xff, 0xff, 0xff, 0xf5, 0x0, 0x0, 0x19, 0xff,
    0xff, 0xff, 0xff, 0xfb, 0x8f, 0xff, 0xff, 0xf4,
    0x0, 0x0, 0x0, 0x17, 0xbe, 0xff, 0xda, 0x40,
    0x9f, 0xff, 0xff, 0xf3, 0x0, 0x0, 0x0, 0x0,
    0x0, 0x0, 0x0, 0x0, 0xdf, 0xff, 0xff, 0xf1,
    0x0, 0x0, 0x0, 0x0, 0x0, 0x0, 0x0, 0x7,
    0xff, 0xff, 0xff, 0xe0, 0x0, 0x0, 0x0, 0x0,
    0x0, 0x0, 0x1, 0x8f, 0xff, 0xff, 0xff, 0x90,
    0x0, 0x0, 0x0, 0x7c, 0xa9, 0x89, 0xcf, 0xff,
    0xff, 0xff, 0xff, 0x30, 0x0, 0x0, 0x0, 0xbf,
    0xff, 0xff, 0xff, 0xff, 0xff, 0xff, 0xfa, 0x0,
    0x0, 0x0, 0x0, 0xbf, 0xff, 0xff, 0xff, 0xff,
    0xff, 0xff, 0xd1, 0x0, 0x0, 0x0, 0x0, 0xcf,
    0xff, 0xff, 0xff, 0xff, 0xff, 0xfd, 0x10, 0x0,
    0x0, 0x0, 0x0, 0xcf, 0xff, 0xff, 0xff, 0xff,
    0xff, 0x80, 0x0, 0x0, 0x0, 0x0, 0x0, 0xdf,
    0xff, 0xff, 0xff, 0xfd, 0x71, 0x0, 0x0, 0x0,
    0x0, 0x0, 0x0, 0x25, 0x67, 0x76, 0x53, 0x0,
    0x0, 0x0, 0x0, 0x0,

    /* U+0068 "h" */
    0x6f, 0xff, 0xff, 0xf2, 0x0, 0x0, 0x0, 0x0,
    0x0, 0x0, 0x0, 0x8f, 0xff, 0xff, 0xf4, 0x0,
    0x0, 0x0, 0x0, 0x0, 0x0, 0x0, 0x8f, 0xff,
    0xff, 0xf4, 0x0, 0x0, 0x0, 0x0, 0x0, 0x0,
    0x0, 0x8f, 0xff, 0xff, 0xf4, 0x0, 0x0, 0x0,
    0x0, 0x0, 0x0, 0x0, 0x8f, 0xff, 0xff, 0xf4,
    0x0, 0x0, 0x0, 0x0, 0x0, 0x0, 0x0, 0x8f,
    0xff, 0xff, 0xf4, 0x0, 0x0, 0x0, 0x0, 0x0,
    0x0, 0x0, 0x8f, 0xff, 0xff, 0xf4, 0x0, 0x0,
    0x0, 0x0, 0x0, 0x0, 0x0, 0x8f, 0xff, 0xff,
    0xf4, 0x0, 0x0, 0x0, 0x0, 0x0, 0x0, 0x0,
    0x8f, 0xff, 0xff, 0xf4, 0x0, 0x0, 0x0, 0x0,
    0x0, 0x0, 0x0, 0x8f, 0xff, 0xff, 0xf4, 0x1,
    0x7c, 0xef, 0xec, 0x71, 0x0, 0x0, 0x8f, 0xff,
    0xff, 0xf4, 0x4e, 0xff, 0xff, 0xff, 0xff, 0x70,
    0x0, 0x8f, 0xff, 0xff, 0xf9, 0xff, 0xff, 0xff,
    0xff, 0xff, 0xfa, 0x0, 0x8f, 0xff, 0xff, 0xff,
    0xff, 0xff, 0xff, 0xff, 0xff, 0xff, 0x70, 0x8f,
    0xff, 0xff, 0xff, 0xff, 0xff, 0xff, 0xff, 0xff,
    0xff, 0xf1, 0x8f, 0xff, 0xff, 0xff, 0xff, 0xdd,
    0xff, 0xff, 0xff, 0xff, 0xf6, 0x8f, 0xff, 0xff,
    0xff, 0xc2, 0x0, 0x8, 0xff, 0xff, 0xff, 0xfa,
    0x8f, 0xff, 0xff, 0xfe, 0x10, 0x0, 0x0, 0x9f,
    0xff, 0xff, 0xfc, 0x8f, 0xff, 0xff, 0xf8, 0x0,
    0x0, 0x0, 0x1f, 0xff, 0xff, 0xfe, 0x8f, 0xff,
    0xff, 0xf5, 0x0, 0x0, 0x0, 0xe, 0xff, 0xff,
    0xfe, 0x8f, 0xff, 0xff, 0xf4, 0x0, 0x0, 0x0,
    0xd, 0xff, 0xff, 0xfe, 0x8f, 0xff, 0xff, 0xf4,
    0x0, 0x0, 0x0, 0xd, 0xff, 0xff, 0xfe, 0x8f,
    0xff, 0xff, 0xf4, 0x0, 0x0, 0x0, 0xd, 0xff,
    0xff, 0xfe, 0x8f, 0xff, 0xff, 0xf4, 0x0, 0x0,
    0x0, 0xd, 0xff, 0xff, 0xfe, 0x8f, 0xff, 0xff,
    0xf4, 0x0, 0x0, 0x0, 0xd, 0xff, 0xff, 0xfe,
    0x8f, 0xff, 0xff, 0xf4, 0x0, 0x0, 0x0, 0xd,
    0xff, 0xff, 0xfe, 0x8f, 0xff, 0xff, 0xf4, 0x0,
    0x0, 0x0, 0xd, 0xff, 0xff, 0xfe, 0x8f, 0xff,
    0xff, 0xf4, 0x0, 0x0, 0x0, 0xd, 0xff, 0xff,
    0xfe, 0x8f, 0xff, 0xff, 0xf4, 0x0, 0x0, 0x0,
    0xd, 0xff, 0xff, 0xfe, 0x8f, 0xff, 0xff, 0xf4,
    0x0, 0x0, 0x0, 0xd, 0xff, 0xff, 0xfe, 0x8f,
    0xff, 0xff, 0xf4, 0x0, 0x0, 0x0, 0xd, 0xff,
    0xff, 0xfe, 0x8f, 0xff, 0xff, 0xf4, 0x0, 0x0,
    0x0, 0xd, 0xff, 0xff, 0xfe, 0x8f, 0xff, 0xff,
    0xf4, 0x0, 0x0, 0x0, 0xd, 0xff, 0xff, 0xfe,
    0x8f, 0xff, 0xff, 0xf4, 0x0, 0x0, 0x0, 0xd,
    0xff, 0xff, 0xfe, 0x6f, 0xff, 0xff, 0xf3, 0x0,
    0x0, 0x0, 0xc, 0xff, 0xff, 0xfc,

    /* U+0069 "i" */
    0x1, 0xae, 0xfc, 0x30, 0xd, 0xff, 0xff, 0xf3,
    0x6f, 0xff, 0xff, 0xfb, 0x9f, 0xff, 0xff, 0xfe,
    0x8f, 0xff, 0xff, 0xfd, 0x3f, 0xff, 0xff, 0xf8,
    0x8, 0xff, 0xff, 0xc0, 0x0, 0x37, 0x85, 0x0,
    0x0, 0x0, 0x0, 0x0, 0x0, 0x0, 0x0, 0x0,
    0x3f, 0xff, 0xff, 0xf5, 0x5f, 0xff, 0xff, 0xf7,
    0x5f, 0xff, 0xff, 0xf7, 0x5f, 0xff, 0xff, 0xf7,
    0x5f, 0xff, 0xff, 0xf7, 0x5f, 0xff, 0xff, 0xf7,
    0x5f, 0xff, 0xff, 0xf7, 0x5f, 0xff, 0xff, 0xf7,
    0x5f, 0xff, 0xff, 0xf7, 0x5f, 0xff, 0xff, 0xf7,
    0x5f, 0xff, 0xff, 0xf7, 0x5f, 0xff, 0xff, 0xf7,
    0x5f, 0xff, 0xff, 0xf7, 0x5f, 0xff, 0xff, 0xf7,
    0x5f, 0xff, 0xff, 0xf7, 0x5f, 0xff, 0xff, 0xf7,
    0x5f, 0xff, 0xff, 0xf7, 0x5f, 0xff, 0xff, 0xf7,
    0x5f, 0xff, 0xff, 0xf7, 0x5f, 0xff, 0xff, 0xf7,
    0x5f, 0xff, 0xff, 0xf7, 0x5f, 0xff, 0xff, 0xf7,
    0x5f, 0xff, 0xff, 0xf7, 0x5f, 0xff, 0xff, 0xf7,
    0x3f, 0xff, 0xff, 0xf5,

    /* U+006A "j" */
    0x0, 0x0, 0x0, 0x1a, 0xff, 0xb3, 0x0, 0x0,
    0x0, 0xd, 0xff, 0xff, 0xf3, 0x0, 0x0, 0x6,
    0xff, 0xff, 0xff, 0xa0, 0x0, 0x0, 0x9f, 0xff,
    0xff, 0xfd, 0x0, 0x0, 0x9, 0xff, 0xff, 0xff,
    0xc0, 0x0, 0x0, 0x4f, 0xff, 0xff, 0xf7, 0x0,
    0x0, 0x0, 0x8f, 0xff, 0xfb, 0x0, 0x0, 0x0,
    0x0, 0x38, 0x84, 0x0, 0x0, 0x0, 0x0, 0x0,
    0x0, 0x0, 0x0, 0x0, 0x0, 0x0, 0x0, 0x0,
    0x0, 0x0, 0x0, 0x2, 0xff, 0xff, 0xff, 0x60,
    0x0, 0x0, 0x4f, 0xff, 0xff, 0xf8, 0x0, 0x0,
    0x4, 0xff, 0xff, 0xff, 0x80, 0x0, 0x0, 0x4f,
    0xff, 0xff, 0xf8, 0x0, 0x0, 0x4, 0xff, 0xff,
    0xff, 0x80, 0x0, 0x0, 0x3f, 0xff, 0xff, 0xf8,
    0x0, 0x0, 0x3, 0xff, 0xff, 0xff, 0x80, 0x0,
    0x0, 0x3f, 0xff, 0xff, 0xf8, 0x0, 0x0, 0x3,
    0xff, 0xff, 0xff, 0x80, 0x0, 0x0, 0x3f, 0xff,
    0xff, 0xf8, 0x0, 0x0, 0x3, 0xff, 0xff, 0xff,
    0x80, 0x0, 0x0, 0x3f, 0xff, 0xff, 0xf8, 0x0,
    0x0, 0x3, 0xff, 0xff, 0xff, 0x80, 0x0, 0x0,
    0x3f, 0xff, 0xff, 0xf8, 0x0, 0x0, 0x3, 0xff,
    0xff, 0xff, 0x80, 0x0, 0x0, 0x3f, 0xff, 0xff,
    0xf8, 0x0, 0x0, 0x3, 0xff, 0xff, 0xff, 0x80,
    0x0, 0x0, 0x3f, 0xff, 0xff, 0xf8, 0x0, 0x0,
    0x3, 0xff, 0xff, 0xff, 0x80, 0x0, 0x0, 0x3f,
    0xff, 0xff, 0xf8, 0x0, 0x0, 0x3, 0xff, 0xff,
    0xff, 0x80, 0x0, 0x0, 0x2f, 0xff, 0xff, 0xf8,
    0x0, 0x0, 0x2, 0xff, 0xff, 0xff, 0x80, 0x0,
    0x0, 0x2f, 0xff, 0xff, 0xf8, 0x0, 0x0, 0x2,
    0xff, 0xff, 0xff, 0x70, 0x0, 0x0, 0x3f, 0xff,
    0xff, 0xf7, 0x0, 0x0, 0x6, 0xff, 0xff, 0xff,
    0x60, 0x0, 0x1, 0xdf, 0xff, 0xff, 0xf4, 0x12,
    0x47, 0xef, 0xff, 0xff, 0xff, 0x2d, 0xff, 0xff,
    0xff, 0xff, 0xff, 0xd0, 0xef, 0xff, 0xff, 0xff,
    0xff, 0xf7, 0xe, 0xff, 0xff, 0xff, 0xff, 0xfd,
    0x0, 0xef, 0xff, 0xff, 0xff, 0xfc, 0x10, 0xd,
    0xff, 0xff, 0xff, 0xb5, 0x0, 0x0, 0x57, 0x76,
    0x42, 0x0, 0x0, 0x0, 0x0,

    /* U+006B "k" */
    0x6f, 0xff, 0xff, 0xf2, 0x0, 0x0, 0x0, 0x0,
    0x0, 0x0, 0x0, 0x8, 0xff, 0xff, 0xff, 0x40,
    0x0, 0x0, 0x0, 0x0, 0x0, 0x0, 0x0, 0x8f,
    0xff, 0xff, 0xf4, 0x0, 0x0, 0x0, 0x0, 0x0,
    0x0, 0x0, 0x8, 0xff, 0xff, 0xff, 0x40, 0x0,
    0x0, 0x0, 0x0, 0x0, 0x0, 0x0, 0x8f, 0xff,
    0xff, 0xf4, 0x0, 0x0, 0x0, 0x0, 0x0, 0x0,
    0x0, 0x8, 0xff, 0xff, 0xff, 0x40, 0x0, 0x0,
    0x0, 0x0, 0x0, 0x0, 0x0, 0x8f, 0xff, 0xff,
    0xf4, 0x0, 0x0, 0x0, 0x0, 0x0, 0x0, 0x0,
    0x8, 0xff, 0xff, 0xff, 0x40, 0x0, 0x0, 0x0,
    0x0, 0x0, 0x0, 0x0, 0x8f, 0xff, 0xff, 0xf4,
    0x0, 0x0, 0x0, 0x0, 0x0, 0x0, 0x0, 0x8,
    0xff, 0xff, 0xff, 0x40, 0x0, 0x0, 0x2e, 0xff,
    0xff, 0xff, 0x80, 0x8f, 0xff, 0xff, 0xf4, 0x0,
    0x0, 0x1d, 0xff, 0xff, 0xff, 0xd0, 0x8, 0xff,
    0xff, 0xff, 0x40, 0x0, 0xb, 0xff, 0xff, 0xff,
    0xf2, 0x0, 0x8f, 0xff, 0xff, 0xf4, 0x0, 0x9,
    0xff, 0xff, 0xff, 0xf5, 0x0, 0x8, 0xff, 0xff,
    0xff, 0x40, 0x7, 0xff, 0xff, 0xff, 0xf9, 0x0,
    0x0, 0x8f, 0xff, 0xff, 0xf4, 0x5, 0xff, 0xff,
    0xff, 0xfc, 0x0, 0x0, 0x8, 0xff, 0xff, 0xff,
    0x43, 0xff, 0xff, 0xff, 0xfe, 0x10, 0x0, 0x0,
    0x8f, 0xff, 0xff, 0xf5, 0xef, 0xff, 0xff, 0xff,
    0x40, 0x0, 0x0, 0x8, 0xff, 0xff, 0xff, 0xff,
    0xff, 0xff, 0xff, 0x80, 0x0, 0x0, 0x0, 0x8f,
    0xff, 0xff, 0xff, 0xff, 0xff, 0xff, 0xfa, 0x0,
    0x0, 0x0, 0x8, 0xff, 0xff, 0xff, 0xff, 0xff,
    0xff, 0xff, 0xf2, 0x0, 0x0, 0x0, 0x8f, 0xff,
    0xff, 0xff, 0xff, 0xff, 0xff, 0xff, 0x90, 0x0,
    0x0, 0x8, 0xff, 0xff, 0xff, 0xff, 0xff, 0xff,
    0xff, 0xff, 0x10, 0x0, 0x0, 0x8f, 0xff, 0xff,
    0xff, 0xff, 0x6f, 0xff, 0xff, 0xf8, 0x0, 0x0,
    0x8, 0xff, 0xff, 0xff, 0xff, 0x60, 0xbf, 0xff,
    0xff, 0xe0, 0x0, 0x0, 0x8f, 0xff, 0xff, 0xff,
    0x90, 0x4, 0xff, 0xff, 0xff, 0x60, 0x0, 0x8,
    0xff, 0xff, 0xff, 0xc0, 0x0, 0xd, 0xff, 0xff,
    0xfe, 0x0, 0x0, 0x8f, 0xff, 0xff, 0xf4, 0x0,
    0x0, 0x7f, 0xff, 0xff, 0xf5, 0x0, 0x8, 0xff,
    0xff, 0xff, 0x40, 0x0, 0x1, 0xff, 0xff, 0xff,
    0xd0, 0x0, 0x8f, 0xff, 0xff, 0xf4, 0x0, 0x0,
    0x9, 0xff, 0xff, 0xff, 0x40, 0x8, 0xff, 0xff,
    0xff, 0x40, 0x0, 0x0, 0x3f, 0xff, 0xff, 0xfc,
    0x0, 0x8f, 0xff, 0xff, 0xf4, 0x0, 0x0, 0x0,
    0xcf, 0xff, 0xff, 0xf3, 0x8, 0xff, 0xff, 0xff,
    0x40, 0x0, 0x0, 0x5, 0xff, 0xff, 0xff, 0xb0,
    0x8f, 0xff, 0xff, 0xf4, 0x0, 0x0, 0x0, 0xe,
    0xff, 0xff, 0xff, 0x26, 0xff, 0xff, 0xff, 0x30,
    0x0, 0x0, 0x0, 0x7f, 0xff, 0xff, 0xf8,

    /* U+006C "l" */
    0x6f, 0xff, 0xff, 0xf2, 0x8f, 0xff, 0xff, 0xf4,
    0x8f, 0xff, 0xff, 0xf4, 0x8f, 0xff, 0xff, 0xf4,
    0x8f, 0xff, 0xff, 0xf4, 0x8f, 0xff, 0xff, 0xf4,
    0x8f, 0xff, 0xff, 0xf4, 0x8f, 0xff, 0xff, 0xf4,
    0x8f, 0xff, 0xff, 0xf4, 0x8f, 0xff, 0xff, 0xf4,
    0x8f, 0xff, 0xff, 0xf4, 0x8f, 0xff, 0xff, 0xf4,
    0x8f, 0xff, 0xff, 0xf4, 0x8f, 0xff, 0xff, 0xf4,
    0x8f, 0xff, 0xff, 0xf4, 0x8f, 0xff, 0xff, 0xf4,
    0x8f, 0xff, 0xff, 0xf4, 0x8f, 0xff, 0xff, 0xf4,
    0x8f, 0xff, 0xff, 0xf4, 0x8f, 0xff, 0xff, 0xf4,
    0x8f, 0xff, 0xff, 0xf4, 0x8f, 0xff, 0xff, 0xf4,
    0x8f, 0xff, 0xff, 0xf4, 0x8f, 0xff, 0xff, 0xf4,
    0x8f, 0xff, 0xff, 0xf4, 0x8f, 0xff, 0xff, 0xf4,
    0x8f, 0xff, 0xff, 0xf4, 0x8f, 0xff, 0xff, 0xf4,
    0x8f, 0xff, 0xff, 0xf4, 0x8f, 0xff, 0xff, 0xf4,
    0x8f, 0xff, 0xff, 0xf4, 0x8f, 0xff, 0xff, 0xf4,
    0x8f, 0xff, 0xff, 0xf4, 0x6f, 0xff, 0xff, 0xf3,

    /* U+006D "m" */
    0x6f, 0xff, 0xff, 0xf2, 0x1, 0x7c, 0xef, 0xfc,
    0x82, 0x0, 0x0, 0x0, 0x4a, 0xdf, 0xfd, 0x94,
    0x0, 0x0, 0x8f, 0xff, 0xff, 0xf4, 0x4e, 0xff,
    0xff, 0xff, 0xff, 0x70, 0x0, 0x2d, 0xff, 0xff,
    0xff, 0xff, 0xb1, 0x0, 0x8f, 0xff, 0xff, 0xf9,
    0xff, 0xff, 0xff, 0xff, 0xff, 0xf9, 0x2, 0xef,
    0xff, 0xff, 0xff, 0xff, 0xfd, 0x0, 0x8f, 0xff,
    0xff, 0xff, 0xff, 0xff, 0xff, 0xff, 0xff, 0xff,
    0x5c, 0xff, 0xff, 0xff, 0xff, 0xff, 0xff, 0x90,
    0x8f, 0xff, 0xff, 0xff, 0xff, 0xff, 0xff, 0xff,
    0xff, 0xff, 0xff, 0xff, 0xff, 0xff, 0xff, 0xff,
    0xff, 0xf1, 0x8f, 0xff, 0xff, 0xff, 0xff, 0xed,
    0xff, 0xff, 0xff, 0xff, 0xff, 0xff, 0xed, 0xff,
    0xff, 0xff, 0xff, 0xf6, 0x8f, 0xff, 0xff, 0xff,
    0xb2, 0x0, 0x1b, 0xff, 0xff, 0xff, 0xff, 0xe4,
    0x0, 0x7, 0xff, 0xff, 0xff, 0xfa, 0x8f, 0xff,
    0xff, 0xfd, 0x0, 0x0, 0x0, 0xdf, 0xff, 0xff,
    0xff, 0x30, 0x0, 0x0, 0x9f, 0xff, 0xff, 0xfc,
    0x8f, 0xff, 0xff, 0xf7, 0x0, 0x0, 0x0, 0x6f,
    0xff, 0xff, 0xfc, 0x0, 0x0, 0x0, 0x2f, 0xff,
    0xff, 0xfd, 0x8f, 0xff, 0xff, 0xf4, 0x0, 0x0,
    0x0, 0x3f, 0xff, 0xff, 0xf9, 0x0, 0x0, 0x0,
    0xf, 0xff, 0xff, 0xfd, 0x8f, 0xff, 0xff, 0xf4,
    0x0, 0x0, 0x0, 0x2f, 0xff, 0xff, 0xf9, 0x0,
    0x0, 0x0, 0xf, 0xff, 0xff, 0xfd, 0x8f, 0xff,
    0xff, 0xf4, 0x0, 0x0, 0x0, 0x2f, 0xff, 0xff,
    0xf9, 0x0, 0x0, 0x0, 0xf, 0xff, 0xff, 0xfd,
    0x8f, 0xff, 0xff, 0xf4, 0x0, 0x0, 0x0, 0x2f,
    0xff, 0xff, 0xf9, 0x0, 0x0, 0x0, 0xf, 0xff,
    0xff, 0xfd, 0x8f, 0xff, 0xff, 0xf4, 0x0, 0x0,
    0x0, 0x2f, 0xff, 0xff, 0xf9, 0x0, 0x0, 0x0,
    0xf, 0xff, 0xff, 0xfd, 0x8f, 0xff, 0xff, 0xf4,
    0x0, 0x0, 0x0, 0x2f, 0xff, 0xff, 0xf9, 0x0,
    0x0, 0x0, 0xf, 0xff, 0xff, 0xfd, 0x8f, 0xff,
    0xff, 0xf4, 0x0, 0x0, 0x0, 0x2f, 0xff, 0xff,
    0xf9, 0x0, 0x0, 0x0, 0xf, 0xff, 0xff, 0xfd,
    0x8f, 0xff, 0xff, 0xf4, 0x0, 0x0, 0x0, 0x2f,
    0xff, 0xff, 0xf9, 0x0, 0x0, 0x0, 0xf, 0xff,
    0xff, 0xfd, 0x8f, 0xff, 0xff, 0xf4, 0x0, 0x0,
    0x0, 0x2f, 0xff, 0xff, 0xf9, 0x0, 0x0, 0x0,
    0xf, 0xff, 0xff, 0xfd, 0x8f, 0xff, 0xff, 0xf4,
    0x0, 0x0, 0x0, 0x2f, 0xff, 0xff, 0xf9, 0x0,
    0x0, 0x0, 0xf, 0xff, 0xff, 0xfd, 0x8f, 0xff,
    0xff, 0xf4, 0x0, 0x0, 0x0, 0x2f, 0xff, 0xff,
    0xf9, 0x0, 0x0, 0x0, 0xf, 0xff, 0xff, 0xfd,
    0x8f, 0xff, 0xff, 0xf4, 0x0, 0x0, 0x0, 0x2f,
    0xff, 0xff, 0xf9, 0x0, 0x0, 0x0, 0xf, 0xff,
    0xff, 0xfd, 0x8f, 0xff, 0xff, 0xf4, 0x0, 0x0,
    0x0, 0x2f, 0xff, 0xff, 0xf9, 0x0, 0x0, 0x0,
    0xf, 0xff, 0xff, 0xfd, 0x8f, 0xff, 0xff, 0xf4,
    0x0, 0x0, 0x0, 0x2f, 0xff, 0xff, 0xf9, 0x0,
    0x0, 0x0, 0xf, 0xff, 0xff, 0xfd, 0x8f, 0xff,
    0xff, 0xf4, 0x0, 0x0, 0x0, 0x2f, 0xff, 0xff,
    0xf9, 0x0, 0x0, 0x0, 0xf, 0xff, 0xff, 0xfd,
    0x6f, 0xff, 0xff, 0xf3, 0x0, 0x0, 0x0, 0x1f,
    0xff, 0xff, 0xf7, 0x0, 0x0, 0x0, 0xd, 0xff,
    0xff, 0xfb,

    /* U+006E "n" */
    0x6f, 0xff, 0xff, 0xf2, 0x2, 0x8c, 0xef, 0xec,
    0x71, 0x0, 0x0, 0x8f, 0xff, 0xff, 0xf4, 0x6f,
    0xff, 0xff, 0xff, 0xff, 0x70, 0x0, 0x8f, 0xff,
    0xff, 0xfb, 0xff, 0xff, 0xff, 0xff, 0xff, 0xfa,
    0x0, 0x8f, 0xff, 0xff, 0xff, 0xff, 0xff, 0xff,
    0xff, 0xff, 0xff, 0x70, 0x8f, 0xff, 0xff, 0xff,
    0xff, 0xff, 0xff, 0xff, 0xff, 0xff, 0xf1, 0x8f,
    0xff, 0xff, 0xff, 0xff, 0xdd, 0xff, 0xff, 0xff,
    0xff, 0xf6, 0x8f, 0xff, 0xff, 0xff, 0xc2, 0x0,
    0x8, 0xff, 0xff, 0xff, 0xfa, 0x8f, 0xff, 0xff,
    0xfe, 0x10, 0x0, 0x0, 0x9f, 0xff, 0xff, 0xfc,
    0x8f, 0xff, 0xff, 0xf8, 0x0, 0x0, 0x0, 0x1f,
    0xff, 0xff, 0xfe, 0x8f, 0xff, 0xff, 0xf5, 0x0,
    0x0, 0x0, 0xe, 0xff, 0xff, 0xfe, 0x8f, 0xff,
    0xff, 0xf4, 0x0, 0x0, 0x0, 0xd, 0xff, 0xff,
    0xfe, 0x8f, 0xff, 0xff, 0xf4, 0x0, 0x0, 0x0,
    0xd, 0xff, 0xff, 0xfe, 0x8f, 0xff, 0xff, 0xf4,
    0x0, 0x0, 0x0, 0xd, 0xff, 0xff, 0xfe, 0x8f,
    0xff, 0xff, 0xf4, 0x0, 0x0, 0x0, 0xd, 0xff,
    0xff, 0xfe, 0x8f, 0xff, 0xff, 0xf4, 0x0, 0x0,
    0x0, 0xd, 0xff, 0xff, 0xfe, 0x8f, 0xff, 0xff,
    0xf4, 0x0, 0x0, 0x0, 0xd, 0xff, 0xff, 0xfe,
    0x8f, 0xff, 0xff, 0xf4, 0x0, 0x0, 0x0, 0xd,
    0xff, 0xff, 0xfe, 0x8f, 0xff, 0xff, 0xf4, 0x0,
    0x0, 0x0, 0xd, 0xff, 0xff, 0xfe, 0x8f, 0xff,
    0xff, 0xf4, 0x0, 0x0, 0x0, 0xd, 0xff, 0xff,
    0xfe, 0x8f, 0xff, 0xff, 0xf4, 0x0, 0x0, 0x0,
    0xd, 0xff, 0xff, 0xfe, 0x8f, 0xff, 0xff, 0xf4,
    0x0, 0x0, 0x0, 0xd, 0xff, 0xff, 0xfe, 0x8f,
    0xff, 0xff, 0xf4, 0x0, 0x0, 0x0, 0xd, 0xff,
    0xff, 0xfe, 0x8f, 0xff, 0xff, 0xf4, 0x0, 0x0,
    0x0, 0xd, 0xff, 0xff, 0xfe, 0x8f, 0xff, 0xff,
    0xf4, 0x0, 0x0, 0x0, 0xd, 0xff, 0xff, 0xfe,
    0x6f, 0xff, 0xff, 0xf3, 0x0, 0x0, 0x0, 0xc,
    0xff, 0xff, 0xfc,

    /* U+006F "o" */
    0x0, 0x0, 0x0, 0x1, 0x6a, 0xdf, 0xfe, 0xda,
    0x50, 0x0, 0x0, 0x0, 0x0, 0x0, 0x1, 0x9f,
    0xff, 0xff, 0xff, 0xff, 0xfe, 0x60, 0x0, 0x0,
    0x0, 0x0, 0x3e, 0xff, 0xff, 0xff, 0xff, 0xff,
    0xff, 0xfb, 0x10, 0x0, 0x0, 0x3, 0xff, 0xff,
    0xff, 0xff, 0xff, 0xff, 0xff, 0xff, 0xc0, 0x0,
    0x0, 0x1e, 0xff, 0xff, 0xff, 0xff, 0xff, 0xff,
    0xff, 0xff, 0xfa, 0x0, 0x0, 0x9f, 0xff, 0xff,
    0xff, 0xfe, 0xdf, 0xff, 0xff, 0xff, 0xff, 0x30,
    0x1, 0xff, 0xff, 0xff, 0xfc, 0x30, 0x0, 0x6f,
    0xff, 0xff, 0xff, 0xb0, 0x7, 0xff, 0xff, 0xff,
    0xd1, 0x0, 0x0, 0x4, 0xff, 0xff, 0xff, 0xf1,
    0xa, 0xff, 0xff, 0xff, 0x50, 0x0, 0x0, 0x0,
    0xaf, 0xff, 0xff, 0xf5, 0xe, 0xff, 0xff, 0xff,
    0x0, 0x0, 0x0, 0x0, 0x4f, 0xff, 0xff, 0xf9,
    0xf, 0xff, 0xff, 0xfc, 0x0, 0x0, 0x0, 0x0,
    0x1f, 0xff, 0xff, 0xfb, 0x1f, 0xff, 0xff, 0xfb,
    0x0, 0x0, 0x0, 0x0, 0xf, 0xff, 0xff, 0xfc,
    0x1f, 0xff, 0xff, 0xfb, 0x0, 0x0, 0x0, 0x0,
    0xf, 0xff, 0xff, 0xfd, 0xf, 0xff, 0xff, 0xfb,
    0x0, 0x0, 0x0, 0x0, 0xf, 0xff, 0xff, 0xfc,
    0xf, 0xff, 0xff, 0xfd, 0x0, 0x0, 0x0, 0x0,
    0x1f, 0xff, 0xff, 0xfb, 0xd, 0xff, 0xff, 0xff,
    0x0, 0x0, 0x0, 0x0, 0x5f, 0xff, 0xff, 0xf8,
    0x9, 0xff, 0xff, 0xff, 0x50, 0x0, 0x0, 0x0,
    0xbf, 0xff, 0xff, 0xf5, 0x5, 0xff, 0xff, 0xff,
    0xe1, 0x0, 0x0, 0x4, 0xff, 0xff, 0xff, 0xf1,
    0x0, 0xff, 0xff, 0xff, 0xfd, 0x30, 0x0, 0x6f,
    0xff, 0xff, 0xff, 0xa0, 0x0, 0x8f, 0xff, 0xff,
    0xff, 0xfe, 0xdf, 0xff, 0xff, 0xff, 0xff, 0x30,
    0x0, 0xd, 0xff, 0xff, 0xff, 0xff, 0xff, 0xff,
    0xff, 0xff, 0xf9, 0x0, 0x0, 0x2, 0xef, 0xff,
    0xff, 0xff, 0xff, 0xff, 0xff, 0xff, 0xc0, 0x0,
    0x0, 0x0, 0x2d, 0xff, 0xff, 0xff, 0xff, 0xff,
    0xff, 0xfb, 0x0, 0x0, 0x0, 0x0, 0x0, 0x8f,
    0xff, 0xff, 0xff, 0xff, 0xfe, 0x60, 0x0, 0x0,
    0x0, 0x0, 0x0, 0x1, 0x6a, 0xdf, 0xfe, 0xd9,
    0x50, 0x0, 0x0, 0x0,

    /* U+0070 "p" */
    0x3f, 0xff, 0xff, 0xf5, 0x1, 0x7c, 0xef, 0xec,
    0x71, 0x0, 0x0, 0x0, 0x5f, 0xff, 0xff, 0xf7,
    0x5f, 0xff, 0xff, 0xff, 0xff, 0x80, 0x0, 0x0,
    0x5f, 0xff, 0xff, 0xfc, 0xff, 0xff, 0xff, 0xff,
    0xff, 0xfc, 0x0, 0x0, 0x5f, 0xff, 0xff, 0xff,
    0xff, 0xff, 0xff, 0xff, 0xff, 0xff, 0xb0, 0x0,
    0x5f, 0xff, 0xff, 0xff, 0xff, 0xff, 0xff, 0xff,
    0xff, 0xff, 0xf6, 0x0, 0x5f, 0xff, 0xff, 0xff,
    0xff, 0xfd, 0xdf, 0xff, 0xff, 0xff, 0xfe, 0x0,
    0x5f, 0xff, 0xff, 0xff, 0xf9, 0x10, 0x2, 0xbf,
    0xff, 0xff, 0xff, 0x50, 0x5f, 0xff, 0xff, 0xff,
    0xb0, 0x0, 0x0, 0xd, 0xff, 0xff, 0xff, 0xa0,
    0x5f, 0xff, 0xff, 0xff, 0x20, 0x0, 0x0, 0x4,
    0xff, 0xff, 0xff, 0xe0, 0x5f, 0xff, 0xff, 0xfd,
    0x0, 0x0, 0x0, 0x0, 0xff, 0xff, 0xff, 0xf2,
    0x5f, 0xff, 0xff, 0xfa, 0x0, 0x0, 0x0, 0x0,
    0xcf, 0xff, 0xff, 0xf3, 0x5f, 0xff, 0xff, 0xf8,
    0x0, 0x0, 0x0, 0x0, 0xaf, 0xff, 0xff, 0xf5,
    0x5f, 0xff, 0xff, 0xf8, 0x0, 0x0, 0x0, 0x0,
    0x9f, 0xff, 0xff, 0xf5, 0x5f, 0xff, 0xff, 0xf8,
    0x0, 0x0, 0x0, 0x0, 0xaf, 0xff, 0xff, 0xf5,
    0x5f, 0xff, 0xff, 0xfa, 0x0, 0x0, 0x0, 0x0,
    0xcf, 0xff, 0xff, 0xf3, 0x5f, 0xff, 0xff, 0xfd,
    0x0, 0x0, 0x0, 0x0, 0xff, 0xff, 0xff, 0xf2,
    0x5f, 0xff, 0xff, 0xff, 0x20, 0x0, 0x0, 0x5,
    0xff, 0xff, 0xff, 0xf0, 0x5f, 0xff, 0xff, 0xff,
    0xb0, 0x0, 0x0, 0x1d, 0xff, 0xff, 0xff, 0xb0,
    0x5f, 0xff, 0xff, 0xff, 0xf9, 0x10, 0x2, 0xcf,
    0xff, 0xff, 0xff, 0x70, 0x5f, 0xff, 0xff, 0xff,
    0xff, 0xfd, 0xdf, 0xff, 0xff, 0xff, 0xff, 0x10,
    0x5f, 0xff, 0xff, 0xff, 0xff, 0xff, 0xff, 0xff,
    0xff, 0xff, 0xf7, 0x0, 0x5f, 0xff, 0xff, 0xff,
    0xff, 0xff, 0xff, 0xff, 0xff, 0xff, 0xb0, 0x0,
    0x5f, 0xff, 0xff, 0xfc, 0xff, 0xff, 0xff, 0xff,
    0xff, 0xfc, 0x10, 0x0, 0x5f, 0xff, 0xff, 0xf7,
    0x5f, 0xff, 0xff, 0xff, 0xff, 0x80, 0x0, 0x0,
    0x5f, 0xff, 0xff, 0xf7, 0x1, 0x8d, 0xff, 0xeb,
    0x71, 0x0, 0x0, 0x0, 0x5f, 0xff, 0xff, 0xf7,
    0x0, 0x0, 0x0, 0x0, 0x0, 0x0, 0x0, 0x0,
    0x5f, 0xff, 0xff, 0xf7, 0x0, 0x0, 0x0, 0x0,
    0x0, 0x0, 0x0, 0x0, 0x5f, 0xff, 0xff, 0xf7,
    0x0, 0x0, 0x0, 0x0, 0x0, 0x0, 0x0, 0x0,
    0x5f, 0xff, 0xff, 0xf7, 0x0, 0x0, 0x0, 0x0,
    0x0, 0x0, 0x0, 0x0, 0x5f, 0xff, 0xff, 0xf7,
    0x0, 0x0, 0x0, 0x0, 0x0, 0x0, 0x0, 0x0,
    0x5f, 0xff, 0xff, 0xf7, 0x0, 0x0, 0x0, 0x0,
    0x0, 0x0, 0x0, 0x0, 0x5f, 0xff, 0xff, 0xf7,
    0x0, 0x0, 0x0, 0x0, 0x0, 0x0, 0x0, 0x0,
    0x5f, 0xff, 0xff, 0xf7, 0x0, 0x0, 0x0, 0x0,
    0x0, 0x0, 0x0, 0x0, 0x3f, 0xff, 0xff, 0xf5,
    0x0, 0x0, 0x0, 0x0, 0x0, 0x0, 0x0, 0x0,

    /* U+0071 "q" */
    0x0, 0x0, 0x0, 0x6, 0xbe, 0xff, 0xd9, 0x30,
    0x1f, 0xff, 0xff, 0xf7, 0x0, 0x0, 0x5, 0xef,
    0xff, 0xff, 0xff, 0xf8, 0x3f, 0xff, 0xff, 0xf9,
    0x0, 0x0, 0x8f, 0xff, 0xff, 0xff, 0xff, 0xff,
    0xcf, 0xff, 0xff, 0xf9, 0x0, 0x7, 0xff, 0xff,
    0xff, 0xff, 0xff, 0xff, 0xff, 0xff, 0xff, 0xf9,
    0x0, 0x2f, 0xff, 0xff, 0xff, 0xff, 0xff, 0xff,
    0xff, 0xff, 0xff, 0xf9, 0x0, 0xbf, 0xff, 0xff,
    0xff, 0xfe, 0xdf, 0xff, 0xff, 0xff, 0xff, 0xf9,
    0x1, 0xff, 0xff, 0xff, 0xfe, 0x40, 0x0, 0x7f,
    0xff, 0xff, 0xff, 0xf9, 0x6, 0xff, 0xff, 0xff,
    0xf2, 0x0, 0x0, 0x6, 0xff, 0xff, 0xff, 0xf9,
    0xa, 0xff, 0xff, 0xff, 0x90, 0x0, 0x0, 0x0,
    0xef, 0xff, 0xff, 0xf9, 0xd, 0xff, 0xff, 0xff,
    0x30, 0x0, 0x0, 0x0, 0x9f, 0xff, 0xff, 0xf9,
    0xf, 0xff, 0xff, 0xff, 0x0, 0x0, 0x0, 0x0,
    0x6f, 0xff, 0xff, 0xf9, 0xf, 0xff, 0xff, 0xfe,
    0x0, 0x0, 0x0, 0x0, 0x4f, 0xff, 0xff, 0xf9,
    0xf, 0xff, 0xff, 0xfe, 0x0, 0x0, 0x0, 0x0,
    0x3f, 0xff, 0xff, 0xf9, 0xf, 0xff, 0xff, 0xfe,
    0x0, 0x0, 0x0, 0x0, 0x4f, 0xff, 0xff, 0xf9,
    0xf, 0xff, 0xff, 0xff, 0x0, 0x0, 0x0, 0x0,
    0x6f, 0xff, 0xff, 0xf9, 0xd, 0xff, 0xff, 0xff,
    0x40, 0x0, 0x0, 0x0, 0x9f, 0xff, 0xff, 0xf9,
    0xa, 0xff, 0xff, 0xff, 0x90, 0x0, 0x0, 0x0,
    0xef, 0xff, 0xff, 0xf9, 0x7, 0xff, 0xff, 0xff,
    0xf3, 0x0, 0x0, 0x7, 0xff, 0xff, 0xff, 0xf9,
    0x2, 0xff, 0xff, 0xff, 0xfe, 0x50, 0x0, 0x6f,
    0xff, 0xff, 0xff, 0xf9, 0x0, 0xcf, 0xff, 0xff,
    0xff, 0xfe, 0xde, 0xff, 0xff, 0xff, 0xff, 0xf9,
    0x0, 0x3f, 0xff, 0xff, 0xff, 0xff, 0xff, 0xff,
    0xff, 0xff, 0xff, 0xf9, 0x0, 0x7, 0xff, 0xff,
    0xff, 0xff, 0xff, 0xff, 0xff, 0xff, 0xff, 0xf9,
    0x0, 0x0, 0x9f, 0xff, 0xff, 0xff, 0xff, 0xff,
    0xcf, 0xff, 0xff, 0xf9, 0x0, 0x0, 0x5, 0xef,
    0xff, 0xff, 0xff, 0xf9, 0x3f, 0xff, 0xff, 0xf9,
    0x0, 0x0, 0x0, 0x6, 0xae, 0xff, 0xda, 0x30,
    0x3f, 0xff, 0xff, 0xf9, 0x0, 0x0, 0x0, 0x0,
    0x0, 0x0, 0x0, 0x0, 0x3f, 0xff, 0xff, 0xf9,
    0x0, 0x0, 0x0, 0x0, 0x0, 0x0, 0x0, 0x0,
    0x3f, 0xff, 0xff, 0xf9, 0x0, 0x0, 0x0, 0x0,
    0x0, 0x0, 0x0, 0x0, 0x3f, 0xff, 0xff, 0xf9,
    0x0, 0x0, 0x0, 0x0, 0x0, 0x0, 0x0, 0x0,
    0x3f, 0xff, 0xff, 0xf9, 0x0, 0x0, 0x0, 0x0,
    0x0, 0x0, 0x0, 0x0, 0x3f, 0xff, 0xff, 0xf9,
    0x0, 0x0, 0x0, 0x0, 0x0, 0x0, 0x0, 0x0,
    0x3f, 0xff, 0xff, 0xf9, 0x0, 0x0, 0x0, 0x0,
    0x0, 0x0, 0x0, 0x0, 0x3f, 0xff, 0xff, 0xf9,
    0x0, 0x0, 0x0, 0x0, 0x0, 0x0, 0x0, 0x0,
    0x3f, 0xff, 0xff, 0xf9, 0x0, 0x0, 0x0, 0x0,
    0x0, 0x0, 0x0, 0x0, 0x1f, 0xff, 0xff, 0xf7,

    /* U+0072 "r" */
    0x6f, 0xff, 0xff, 0xf2, 0x2, 0x9d, 0xfe, 0xb4,
    0x8f, 0xff, 0xff, 0xf4, 0x6f, 0xff, 0xff, 0xfc,
    0x8f, 0xff, 0xff, 0xfa, 0xff, 0xff, 0xff, 0xf9,
    0x8f, 0xff, 0xff, 0xff, 0xff, 0xff, 0xff, 0xf6,
    0x8f, 0xff, 0xff, 0xff, 0xff, 0xff, 0xff, 0xf3,
    0x8f, 0xff, 0xff, 0xff, 0xff, 0xff, 0xff, 0xf0,
    0x8f, 0xff, 0xff, 0xff, 0xff, 0xff, 0xff, 0xd0,
    0x8f, 0xff, 0xff, 0xff, 0xfa, 0x40, 0x1, 0x20,
    0x8f, 0xff, 0xff, 0xff, 0x50, 0x0, 0x0, 0x0,
    0x8f, 0xff, 0xff, 0xfa, 0x0, 0x0, 0x0, 0x0,
    0x8f, 0xff, 0xff, 0xf5, 0x0, 0x0, 0x0, 0x0,
    0x8f, 0xff, 0xff, 0xf4, 0x0, 0x0, 0x0, 0x0,
    0x8f, 0xff, 0xff, 0xf4, 0x0, 0x0, 0x0, 0x0,
    0x8f, 0xff, 0xff, 0xf4, 0x0, 0x0, 0x0, 0x0,
    0x8f, 0xff, 0xff, 0xf4, 0x0, 0x0, 0x0, 0x0,
    0x8f, 0xff, 0xff, 0xf4, 0x0, 0x0, 0x0, 0x0,
    0x8f, 0xff, 0xff, 0xf4, 0x0, 0x0, 0x0, 0x0,
    0x8f, 0xff, 0xff, 0xf4, 0x0, 0x0, 0x0, 0x0,
    0x8f, 0xff, 0xff, 0xf4, 0x0, 0x0, 0x0, 0x0,
    0x8f, 0xff, 0xff, 0xf4, 0x0, 0x0, 0x0, 0x0,
    0x8f, 0xff, 0xff, 0xf4, 0x0, 0x0, 0x0, 0x0,
    0x8f, 0xff, 0xff, 0xf4, 0x0, 0x0, 0x0, 0x0,
    0x8f, 0xff, 0xff, 0xf4, 0x0, 0x0, 0x0, 0x0,
    0x8f, 0xff, 0xff, 0xf4, 0x0, 0x0, 0x0, 0x0,
    0x6f, 0xff, 0xff, 0xf3, 0x0, 0x0, 0x0, 0x0,

    /* U+0073 "s" */
    0x0, 0x0, 0x0, 0x59, 0xce, 0xff, 0xec, 0x94,
    0x0, 0x0, 0x0, 0x0, 0x0, 0x6e, 0xff, 0xff,
    0xff, 0xff, 0xff, 0xe7, 0x0, 0x0, 0x0, 0xb,
    0xff, 0xff, 0xff, 0xff, 0xff, 0xff, 0xff, 0xc1,
    0x0, 0x0, 0xbf, 0xff, 0xff, 0xff, 0xff, 0xff,
    0xff, 0xff, 0xfc, 0x0, 0x5, 0xff, 0xff, 0xff,
    0xff, 0xff, 0xff, 0xff, 0xff, 0xff, 0x70, 0xb,
    0xff, 0xff, 0xff, 0xd7, 0x55, 0x7d, 0xff, 0xff,
    0xff, 0xe0, 0xe, 0xff, 0xff, 0xfc, 0x0, 0x0,
    0x0, 0x8f, 0xff, 0xff, 0xf2, 0xf, 0xff, 0xff,
    0xf8, 0x0, 0x0, 0x0, 0xf, 0xff, 0xff, 0xf3,
    0xf, 0xff, 0xff, 0xfe, 0x30, 0x0, 0x0, 0x3,
    0x44, 0x44, 0x40, 0xc, 0xff, 0xff, 0xff, 0xfc,
    0x73, 0x0, 0x0, 0x0, 0x0, 0x0, 0x5, 0xff,
    0xff, 0xff, 0xff, 0xff, 0xfb, 0x61, 0x0, 0x0,
    0x0, 0x0, 0xaf, 0xff, 0xff, 0xff, 0xff, 0xff,
    0xff, 0xb4, 0x0, 0x0, 0x0, 0x7, 0xff, 0xff,
    0xff, 0xff, 0xff, 0xff, 0xff, 0xc2, 0x0, 0x0,
    0x0, 0x29, 0xff, 0xff, 0xff, 0xff, 0xff, 0xff,
    0xff, 0x30, 0x0, 0x0, 0x0, 0x16, 0xcf, 0xff,
    0xff, 0xff, 0xff, 0xff, 0xe0, 0x0, 0x0, 0x0,
    0x0, 0x1, 0x6a, 0xef, 0xff, 0xff, 0xff, 0xf5,
    0x1, 0x22, 0x22, 0x10, 0x0, 0x0, 0x4, 0xdf,
    0xff, 0xff, 0xf9, 0x4f, 0xff, 0xff, 0xf2, 0x0,
    0x0, 0x0, 0x2f, 0xff, 0xff, 0xfa, 0x4f, 0xff,
    0xff, 0xf8, 0x0, 0x0, 0x0, 0x4f, 0xff, 0xff,
    0xf9, 0x1f, 0xff, 0xff, 0xff, 0xa4, 0x10, 0x27,
    0xff, 0xff, 0xff, 0xf6, 0xa, 0xff, 0xff, 0xff,
    0xff, 0xff, 0xff, 0xff, 0xff, 0xff, 0xf1, 0x1,
    0xef, 0xff, 0xff, 0xff, 0xff, 0xff, 0xff, 0xff,
    0xff, 0x70, 0x0, 0x3e, 0xff, 0xff, 0xff, 0xff,
    0xff, 0xff, 0xff, 0xf8, 0x0, 0x0, 0x1, 0x8f,
    0xff, 0xff, 0xff, 0xff, 0xff, 0xfd, 0x40, 0x0,
    0x0, 0x0, 0x0, 0x49, 0xcd, 0xff, 0xfe, 0xb8,
    0x30, 0x0, 0x0,

    /* U+0074 "t" */
    0x0, 0x3, 0xff, 0xff, 0xff, 0x20, 0x0, 0x0,
    0x0, 0x4, 0xff, 0xff, 0xff, 0x30, 0x0, 0x0,
    0x0, 0x4, 0xff, 0xff, 0xff, 0x30, 0x0, 0x0,
    0x0, 0x4, 0xff, 0xff, 0xff, 0x30, 0x0, 0x0,
    0x0, 0x4, 0xff, 0xff, 0xff, 0x30, 0x0, 0x0,
    0x0, 0x5, 0xff, 0xff, 0xff, 0x40, 0x0, 0x0,
    0xbf, 0xff, 0xff, 0xff, 0xff, 0xff, 0xff, 0xf8,
    0xdf, 0xff, 0xff, 0xff, 0xff, 0xff, 0xff, 0xfa,
    0xdf, 0xff, 0xff, 0xff, 0xff, 0xff, 0xff, 0xfa,
    0xdf, 0xff, 0xff, 0xff, 0xff, 0xff, 0xff, 0xfa,
    0xdf, 0xff, 0xff, 0xff, 0xff, 0xff, 0xff, 0xfa,
    0x46, 0x69, 0xff, 0xff, 0xff, 0x96, 0x66, 0x62,
    0x0, 0x4, 0xff, 0xff, 0xff, 0x30, 0x0, 0x0,
    0x0, 0x4, 0xff, 0xff, 0xff, 0x30, 0x0, 0x0,
    0x0, 0x4, 0xff, 0xff, 0xff, 0x30, 0x0, 0x0,
    0x0, 0x4, 0xff, 0xff, 0xff, 0x30, 0x0, 0x0,
    0x0, 0x4, 0xff, 0xff, 0xff, 0x30, 0x0, 0x0,
    0x0, 0x4, 0xff, 0xff, 0xff, 0x30, 0x0, 0x0,
    0x0, 0x4, 0xff, 0xff, 0xff, 0x30, 0x0, 0x0,
    0x0, 0x4, 0xff, 0xff, 0xff, 0x30, 0x0, 0x0,
    0x0, 0x4, 0xff, 0xff, 0xff, 0x30, 0x0, 0x0,
    0x0, 0x4, 0xff, 0xff, 0xff, 0x30, 0x0, 0x0,
    0x0, 0x4, 0xff, 0xff, 0xff, 0x40, 0x0, 0x0,
    0x0, 0x4, 0xff, 0xff, 0xff, 0x70, 0x0, 0x0,
    0x0, 0x4, 0xff, 0xff, 0xff, 0xe2, 0x0, 0x0,
    0x0, 0x3, 0xff, 0xff, 0xff, 0xff, 0xdc, 0xc0,
    0x0, 0x1, 0xff, 0xff, 0xff, 0xff, 0xff, 0xf2,
    0x0, 0x0, 0xdf, 0xff, 0xff, 0xff, 0xff, 0xf2,
    0x0, 0x0, 0x5f, 0xff, 0xff, 0xff, 0xff, 0xf2,
    0x0, 0x0, 0x7, 0xff, 0xff, 0xff, 0xff, 0xf2,
    0x0, 0x0, 0x0, 0x17, 0xbd, 0xff, 0xff, 0xf1,

    /* U+0075 "u" */
    0x9f, 0xff, 0xff, 0xe0, 0x0, 0x0, 0x0, 0xf,
    0xff, 0xff, 0xf8, 0xbf, 0xff, 0xff, 0xf0, 0x0,
    0x0, 0x0, 0x1f, 0xff, 0xff, 0xfa, 0xbf, 0xff,
    0xff, 0xf0, 0x0, 0x0, 0x0, 0x1f, 0xff, 0xff,
    0xfa, 0xbf, 0xff, 0xff, 0xf0, 0x0, 0x0, 0x0,
    0x1f, 0xff, 0xff, 0xfa, 0xbf, 0xff, 0xff, 0xf0,
    0x0, 0x0, 0x0, 0x1f, 0xff, 0xff, 0xfa, 0xbf,
    0xff, 0xff, 0xf0, 0x0, 0x0, 0x0, 0x1f, 0xff,
    0xff, 0xfa, 0xbf, 0xff, 0xff, 0xf0, 0x0, 0x0,
    0x0, 0x1f, 0xff, 0xff, 0xfa, 0xbf, 0xff, 0xff,
    0xf0, 0x0, 0x0, 0x0, 0x1f, 0xff, 0xff, 0xfa,
    0xbf, 0xff, 0xff, 0xf0, 0x0, 0x0, 0x0, 0x1f,
    0xff, 0xff, 0xfa, 0xbf, 0xff, 0xff, 0xf0, 0x0,
    0x0, 0x0, 0x1f, 0xff, 0xff, 0xfa, 0xbf, 0xff,
    0xff, 0xf0, 0x0, 0x0, 0x0, 0x1f, 0xff, 0xff,
    0xfa, 0xbf, 0xff, 0xff, 0xf0, 0x0, 0x0, 0x0,
    0x1f, 0xff, 0xff, 0xfa, 0xbf, 0xff, 0xff, 0xf0,
    0x0, 0x0, 0x0, 0x1f, 0xff, 0xff, 0xfa, 0xbf,
    0xff, 0xff, 0xf0, 0x0, 0x0, 0x0, 0x1f, 0xff,
    0xff, 0xfa, 0xbf, 0xff, 0xff, 0xf0, 0x0, 0x0,
    0x0, 0x1f, 0xff, 0xff, 0xfa, 0xbf, 0xff, 0xff,
    0xf1, 0x0, 0x0, 0x0, 0x1f, 0xff, 0xff, 0xfa,
    0xbf, 0xff, 0xff, 0xf4, 0x0, 0x0, 0x0, 0x5f,
    0xff, 0xff, 0xfa, 0xaf, 0xff, 0xff, 0xfa, 0x0,
    0x0, 0x0, 0xcf, 0xff, 0xff, 0xfa, 0x8f, 0xff,
    0xff, 0xff, 0x80, 0x0, 0x1b, 0xff, 0xff, 0xff,
    0xfa, 0x4f, 0xff, 0xff, 0xff, 0xff, 0xcd, 0xff,
    0xff, 0xff, 0xff, 0xfa, 0xe, 0xff, 0xff, 0xff,
    0xff, 0xff, 0xff, 0xff, 0xff, 0xff, 0xfa, 0x6,
    0xff, 0xff, 0xff, 0xff, 0xff, 0xff, 0xff, 0xff,
    0xff, 0xfa, 0x0, 0x9f, 0xff, 0xff, 0xff, 0xff,
    0xff, 0xcf, 0xff, 0xff, 0xfa, 0x0, 0x7, 0xff,
    0xff, 0xff, 0xff, 0xfa, 0x2f, 0xff, 0xff, 0xfa,
    0x0, 0x0, 0x17, 0xce, 0xfe, 0xd9, 0x30, 0xf,
    0xff, 0xff, 0xf8,

    /* U+0076 "v" */
    0xef, 0xff, 0xff, 0xf5, 0x0, 0x0, 0x0, 0x6,
    0xff, 0xff, 0xff, 0xda, 0xff, 0xff, 0xff, 0xa0,
    0x0, 0x0, 0x0, 0xbf, 0xff, 0xff, 0xfa, 0x5f,
    0xff, 0xff, 0xfe, 0x0, 0x0, 0x0, 0xf, 0xff,
    0xff, 0xff, 0x50, 0xff, 0xff, 0xff, 0xf3, 0x0,
    0x0, 0x3, 0xff, 0xff, 0xff, 0xf0, 0xb, 0xff,
    0xff, 0xff, 0x70, 0x0, 0x0, 0x8f, 0xff, 0xff,
    0xfa, 0x0, 0x6f, 0xff, 0xff, 0xfb, 0x0, 0x0,
    0xc, 0xff, 0xff, 0xff, 0x50, 0x1, 0xff, 0xff,
    0xff, 0xf0, 0x0, 0x0, 0xff, 0xff, 0xff, 0xf1,
    0x0, 0xb, 0xff, 0xff, 0xff, 0x40, 0x0, 0x5f,
    0xff, 0xff, 0xfb, 0x0, 0x0, 0x6f, 0xff, 0xff,
    0xf8, 0x0, 0x9, 0xff, 0xff, 0xff, 0x60, 0x0,
    0x1, 0xff, 0xff, 0xff, 0xd0, 0x0, 0xdf, 0xff,
    0xff, 0xf1, 0x0, 0x0, 0xc, 0xff, 0xff, 0xff,
    0x10, 0x1f, 0xff, 0xff, 0xfc, 0x0, 0x0, 0x0,
    0x7f, 0xff, 0xff, 0xf5, 0x6, 0xff, 0xff, 0xff,
    0x60, 0x0, 0x0, 0x2, 0xff, 0xff, 0xff, 0x90,
    0xaf, 0xff, 0xff, 0xf1, 0x0, 0x0, 0x0, 0xd,
    0xff, 0xff, 0xfe, 0xe, 0xff, 0xff, 0xfc, 0x0,
    0x0, 0x0, 0x0, 0x7f, 0xff, 0xff, 0xf5, 0xff,
    0xff, 0xff, 0x70, 0x0, 0x0, 0x0, 0x2, 0xff,
    0xff, 0xff, 0xef, 0xff, 0xff, 0xf2, 0x0, 0x0,
    0x0, 0x0, 0xd, 0xff, 0xff, 0xff, 0xff, 0xff,
    0xfd, 0x0, 0x0, 0x0, 0x0, 0x0, 0x8f, 0xff,
    0xff, 0xff, 0xff, 0xff, 0x80, 0x0, 0x0, 0x0,
    0x0, 0x3, 0xff, 0xff, 0xff, 0xff, 0xff, 0xf3,
    0x0, 0x0, 0x0, 0x0, 0x0, 0xe, 0xff, 0xff,
    0xff, 0xff, 0xfd, 0x0, 0x0, 0x0, 0x0, 0x0,
    0x0, 0x8f, 0xff, 0xff, 0xff, 0xff, 0x80, 0x0,
    0x0, 0x0, 0x0, 0x0, 0x3, 0xff, 0xff, 0xff,
    0xff, 0xf3, 0x0, 0x0, 0x0, 0x0, 0x0, 0x0,
    0xe, 0xff, 0xff, 0xff, 0xfe, 0x0, 0x0, 0x0,
    0x0, 0x0, 0x0, 0x0, 0x9f, 0xff, 0xff, 0xff,
    0x90, 0x0, 0x0, 0x0, 0x0, 0x0, 0x0, 0x3,
    0xff, 0xff, 0xff, 0xf3, 0x0, 0x0, 0x0, 0x0,

    /* U+0077 "w" */
    0xef, 0xff, 0xff, 0xe0, 0x0, 0x0, 0x0, 0x9f,
    0xff, 0xff, 0xa0, 0x0, 0x0, 0x0, 0x6f, 0xff,
    0xff, 0xf6, 0xbf, 0xff, 0xff, 0xf4, 0x0, 0x0,
    0x0, 0xef, 0xff, 0xff, 0xf0, 0x0, 0x0, 0x0,
    0xbf, 0xff, 0xff, 0xf3, 0x6f, 0xff, 0xff, 0xf7,
    0x0, 0x0, 0x2, 0xff, 0xff, 0xff, 0xf4, 0x0,
    0x0, 0x0, 0xff, 0xff, 0xff, 0xe0, 0x1f, 0xff,
    0xff, 0xfb, 0x0, 0x0, 0x6, 0xff, 0xff, 0xff,
    0xf8, 0x0, 0x0, 0x3, 0xff, 0xff, 0xff, 0xa0,
    0xd, 0xff, 0xff, 0xff, 0x0, 0x0, 0xa, 0xff,
    0xff, 0xff, 0xfc, 0x0, 0x0, 0x7, 0xff, 0xff,
    0xff, 0x50, 0x8, 0xff, 0xff, 0xff, 0x30, 0x0,
    0xd, 0xff, 0xff, 0xff, 0xff, 0x0, 0x0, 0xb,
    0xff, 0xff, 0xff, 0x10, 0x4, 0xff, 0xff, 0xff,
    0x60, 0x0, 0x1f, 0xff, 0xff, 0xff, 0xff, 0x40,
    0x0, 0xf, 0xff, 0xff, 0xfc, 0x0, 0x0, 0xff,
    0xff, 0xff, 0xa0, 0x0, 0x5f, 0xff, 0xff, 0xff,
    0xff, 0x80, 0x0, 0x3f, 0xff, 0xff, 0xf7, 0x0,
    0x0, 0xaf, 0xff, 0xff, 0xe0, 0x0, 0x9f, 0xff,
    0xff, 0xff, 0xff, 0xc0, 0x0, 0x7f, 0xff, 0xff,
    0xf2, 0x0, 0x0, 0x6f, 0xff, 0xff, 0xf2, 0x0,
    0xdf, 0xff, 0xff, 0xff, 0xff, 0xf1, 0x0, 0xbf,
    0xff, 0xff, 0xe0, 0x0, 0x0, 0x1f, 0xff, 0xff,
    0xf5, 0x1, 0xff, 0xff, 0xff, 0xff, 0xff, 0xf5,
    0x0, 0xff, 0xff, 0xff, 0x90, 0x0, 0x0, 0xc,
    0xff, 0xff, 0xf9, 0x5, 0xff, 0xff, 0xfc, 0xff,
    0xff, 0xf9, 0x3, 0xff, 0xff, 0xff, 0x40, 0x0,
    0x0, 0x8, 0xff, 0xff, 0xfd, 0x9, 0xff, 0xff,
    0xf3, 0xff, 0xff, 0xfd, 0x7, 0xff, 0xff, 0xff,
    0x0, 0x0, 0x0, 0x3, 0xff, 0xff, 0xff, 0x1d,
    0xff, 0xff, 0xe0, 0xcf, 0xff, 0xff, 0x1b, 0xff,
    0xff, 0xfb, 0x0, 0x0, 0x0, 0x0, 0xef, 0xff,
    0xff, 0x6f, 0xff, 0xff, 0xa0, 0x7f, 0xff, 0xff,
    0x6f, 0xff, 0xff, 0xf6, 0x0, 0x0, 0x0, 0x0,
    0xaf, 0xff, 0xff, 0xef, 0xff, 0xff, 0x60, 0x3f,
    0xff, 0xff, 0xef, 0xff, 0xff, 0xf1, 0x0, 0x0,
    0x0, 0x0, 0x5f, 0xff, 0xff, 0xff, 0xff, 0xff,
    0x20, 0xe, 0xff, 0xff, 0xff, 0xff, 0xff, 0xd0,
    0x0, 0x0, 0x0, 0x0, 0x1f, 0xff, 0xff, 0xff,
    0xff, 0xfe, 0x0, 0x9, 0xff, 0xff, 0xff, 0xff,
    0xff, 0x80, 0x0, 0x0, 0x0, 0x0, 0xc, 0xff,
    0xff, 0xff, 0xff, 0xfa, 0x0, 0x5, 0xff, 0xff,
    0xff, 0xff, 0xff, 0x30, 0x0, 0x0, 0x0, 0x0,
    0x7, 0xff, 0xff, 0xff, 0xff, 0xf6, 0x0, 0x1,
    0xff, 0xff, 0xff, 0xff, 0xfe, 0x0, 0x0, 0x0,
    0x0, 0x0, 0x3, 0xff, 0xff, 0xff, 0xff, 0xf2,
    0x0, 0x0, 0xcf, 0xff, 0xff, 0xff, 0xfa, 0x0,
    0x0, 0x0, 0x0, 0x0, 0x0, 0xef, 0xff, 0xff,
    0xff, 0xe0, 0x0, 0x0, 0x7f, 0xff, 0xff, 0xff,
    0xf5, 0x0, 0x0, 0x0, 0x0, 0x0, 0x0, 0x9f,
    0xff, 0xff, 0xff, 0xa0, 0x0, 0x0, 0x3f, 0xff,
    0xff, 0xff, 0xf1, 0x0, 0x0, 0x0, 0x0, 0x0,
    0x0, 0x5f, 0xff, 0xff, 0xff, 0x60, 0x0, 0x0,
    0xe, 0xff, 0xff, 0xff, 0xc0, 0x0, 0x0, 0x0,
    0x0, 0x0, 0x0, 0xe, 0xff, 0xff, 0xff, 0x10,
    0x0, 0x0, 0x9, 0xff, 0xff, 0xff, 0x60, 0x0,
    0x0, 0x0,

    /* U+0078 "x" */
    0xd, 0xff, 0xff, 0xff, 0x40, 0x0, 0x0, 0x0,
    0xd, 0xff, 0xff, 0xff, 0x90, 0x5f, 0xff, 0xff,
    0xfe, 0x0, 0x0, 0x0, 0x8, 0xff, 0xff, 0xff,
    0xf2, 0x0, 0xaf, 0xff, 0xff, 0xf9, 0x0, 0x0,
    0x3, 0xff, 0xff, 0xff, 0xf7, 0x0, 0x1, 0xef,
    0xff, 0xff, 0xf4, 0x0, 0x0, 0xdf, 0xff, 0xff,
    0xfc, 0x0, 0x0, 0x5, 0xff, 0xff, 0xff, 0xd0,
    0x0, 0x8f, 0xff, 0xff, 0xff, 0x20, 0x0, 0x0,
    0xa, 0xff, 0xff, 0xff, 0x90, 0x3f, 0xff, 0xff,
    0xff, 0x70, 0x0, 0x0, 0x0, 0x1e, 0xff, 0xff,
    0xff, 0x4d, 0xff, 0xff, 0xff, 0xc0, 0x0, 0x0,
    0x0, 0x0, 0x5f, 0xff, 0xff, 0xff, 0xff, 0xff,
    0xff, 0xf2, 0x0, 0x0, 0x0, 0x0, 0x0, 0xaf,
    0xff, 0xff, 0xff, 0xff, 0xff, 0xf7, 0x0, 0x0,
    0x0, 0x0, 0x0, 0x1, 0xef, 0xff, 0xff, 0xff,
    0xff, 0xfc, 0x0, 0x0, 0x0, 0x0, 0x0, 0x0,
    0x5, 0xff, 0xff, 0xff, 0xff, 0xff, 0x20, 0x0,
    0x0, 0x0, 0x0, 0x0, 0x0, 0xb, 0xff, 0xff,
    0xff, 0xff, 0x80, 0x0, 0x0, 0x0, 0x0, 0x0,
    0x0, 0x0, 0x3f, 0xff, 0xff, 0xff, 0xf0, 0x0,
    0x0, 0x0, 0x0, 0x0, 0x0, 0x0, 0xb, 0xff,
    0xff, 0xff, 0xff, 0x70, 0x0, 0x0, 0x0, 0x0,
    0x0, 0x0, 0x5, 0xff, 0xff, 0xff, 0xff, 0xff,
    0x20, 0x0, 0x0, 0x0, 0x0, 0x0, 0x1, 0xef,
    0xff, 0xff, 0xff, 0xff, 0xfc, 0x0, 0x0, 0x0,
    0x0, 0x0, 0x0, 0xbf, 0xff, 0xff, 0xff, 0xff,
    0xff, 0xf7, 0x0, 0x0, 0x0, 0x0, 0x0, 0x5f,
    0xff, 0xff, 0xff, 0xff, 0xff, 0xff, 0xf2, 0x0,
    0x0, 0x0, 0x0, 0x1e, 0xff, 0xff, 0xff, 0xa7,
    0xff, 0xff, 0xff, 0xc0, 0x0, 0x0, 0x0, 0xa,
    0xff, 0xff, 0xff, 0xe1, 0xc, 0xff, 0xff, 0xff,
    0x70, 0x0, 0x0, 0x5, 0xff, 0xff, 0xff, 0xf5,
    0x0, 0x2f, 0xff, 0xff, 0xff, 0x20, 0x0, 0x1,
    0xef, 0xff, 0xff, 0xfb, 0x0, 0x0, 0x7f, 0xff,
    0xff, 0xfc, 0x0, 0x0, 0xaf, 0xff, 0xff, 0xfe,
    0x10, 0x0, 0x0, 0xcf, 0xff, 0xff, 0xf7, 0x0,
    0x5f, 0xff, 0xff, 0xff, 0x50, 0x0, 0x0, 0x3,
    0xff, 0xff, 0xff, 0xf2, 0xd, 0xff, 0xff, 0xff,
    0xa0, 0x0, 0x0, 0x0, 0x7, 0xff, 0xff, 0xff,
    0x90,

    /* U+0079 "y" */
    0x1f, 0xff, 0xff, 0xfe, 0x0, 0x0, 0x0, 0x0,
    0x8f, 0xff, 0xff, 0xf4, 0xd, 0xff, 0xff, 0xff,
    0x40, 0x0, 0x0, 0x0, 0xef, 0xff, 0xff, 0xf1,
    0x8, 0xff, 0xff, 0xff, 0x80, 0x0, 0x0, 0x2,
    0xff, 0xff, 0xff, 0xb0, 0x3, 0xff, 0xff, 0xff,
    0xc0, 0x0, 0x0, 0x6, 0xff, 0xff, 0xff, 0x60,
    0x0, 0xef, 0xff, 0xff, 0xf0, 0x0, 0x0, 0xa,
    0xff, 0xff, 0xff, 0x10, 0x0, 0x9f, 0xff, 0xff,
    0xf4, 0x0, 0x0, 0xe, 0xff, 0xff, 0xfb, 0x0,
    0x0, 0x3f, 0xff, 0xff, 0xf9, 0x0, 0x0, 0x2f,
    0xff, 0xff, 0xf6, 0x0, 0x0, 0xe, 0xff, 0xff,
    0xfd, 0x0, 0x0, 0x6f, 0xff, 0xff, 0xf1, 0x0,
    0x0, 0x9, 0xff, 0xff, 0xff, 0x10, 0x0, 0xbf,
    0xff, 0xff, 0xb0, 0x0, 0x0, 0x4, 0xff, 0xff,
    0xff, 0x50, 0x0, 0xef, 0xff, 0xff, 0x60, 0x0,
    0x0, 0x0, 0xef, 0xff, 0xff, 0x90, 0x3, 0xff,
    0xff, 0xff, 0x10, 0x0, 0x0, 0x0, 0x9f, 0xff,
    0xff, 0xd0, 0x7, 0xff, 0xff, 0xfc, 0x0, 0x0,
    0x0, 0x0, 0x4f, 0xff, 0xff, 0xf1, 0xb, 0xff,
    0xff, 0xf6, 0x0, 0x0, 0x0, 0x0, 0xe, 0xff,
    0xff, 0xf5, 0xf, 0xff, 0xff, 0xf1, 0x0, 0x0,
    0x0, 0x0, 0xa, 0xff, 0xff, 0xf9, 0x3f, 0xff,
    0xff, 0xc0, 0x0, 0x0, 0x0, 0x0, 0x4, 0xff,
    0xff, 0xfe, 0x7f, 0xff, 0xff, 0x60, 0x0, 0x0,
    0x0, 0x0, 0x0, 0xff, 0xff, 0xff, 0xef, 0xff,
    0xff, 0x10, 0x0, 0x0, 0x0, 0x0, 0x0, 0xaf,
    0xff, 0xff, 0xff, 0xff, 0xfc, 0x0, 0x0, 0x0,
    0x0, 0x0, 0x0, 0x5f, 0xff, 0xff, 0xff, 0xff,
    0xf7, 0x0, 0x0, 0x0, 0x0, 0x0, 0x0, 0xf,
    0xff, 0xff, 0xff, 0xff, 0xf1, 0x0, 0x0, 0x0,
    0x0, 0x0, 0x0, 0xa, 0xff, 0xff, 0xff, 0xff,
    0xc0, 0x0, 0x0, 0x0, 0x0, 0x0, 0x0, 0x5,
    0xff, 0xff, 0xff, 0xff, 0x70, 0x0, 0x0, 0x0,
    0x0, 0x0, 0x0, 0x0, 0xff, 0xff, 0xff, 0xff,
    0x10, 0x0, 0x0, 0x0, 0x0, 0x0, 0x0, 0x0,
    0xaf, 0xff, 0xff, 0xfc, 0x0, 0x0, 0x0, 0x0,
    0x0, 0x0, 0x0, 0x0, 0x5f, 0xff, 0xff, 0xf7,
    0x0, 0x0, 0x0, 0x0, 0x0, 0x0, 0x0, 0x0,
    0x6f, 0xff, 0xff, 0xf2, 0x0, 0x0, 0x0, 0x0,
    0x0, 0x0, 0x0, 0x0, 0xcf, 0xff, 0xff, 0xc0,
    0x0, 0x0, 0x0, 0x0, 0x0, 0x0, 0x0, 0x6,
    0xff, 0xff, 0xff, 0x60, 0x0, 0x0, 0x0, 0x0,
    0x0, 0x1, 0x24, 0xaf, 0xff, 0xff, 0xfe, 0x0,
    0x0, 0x0, 0x0, 0x0, 0x0, 0xef, 0xff, 0xff,
    0xff, 0xff, 0xf8, 0x0, 0x0, 0x0, 0x0, 0x0,
    0x0, 0xff, 0xff, 0xff, 0xff, 0xff, 0xe0, 0x0,
    0x0, 0x0, 0x0, 0x0, 0x0, 0xff, 0xff, 0xff,
    0xff, 0xff, 0x40, 0x0, 0x0, 0x0, 0x0, 0x0,
    0x0, 0xff, 0xff, 0xff, 0xff, 0xe4, 0x0, 0x0,
    0x0, 0x0, 0x0, 0x0, 0x0, 0xff, 0xff, 0xff,
    0xd7, 0x10, 0x0, 0x0, 0x0, 0x0, 0x0, 0x0,
    0x0, 0x67, 0x75, 0x41, 0x0, 0x0, 0x0, 0x0,
    0x0, 0x0, 0x0, 0x0,

    /* U+007A "z" */
    0x7f, 0xff, 0xff, 0xff, 0xff, 0xff, 0xff, 0xff,
    0xff, 0xf7, 0x9f, 0xff, 0xff, 0xff, 0xff, 0xff,
    0xff, 0xff, 0xff, 0xf8, 0x9f, 0xff, 0xff, 0xff,
    0xff, 0xff, 0xff, 0xff, 0xff, 0xf8, 0x9f, 0xff,
    0xff, 0xff, 0xff, 0xff, 0xff, 0xff, 0xff, 0xf8,
    0x9f, 0xff, 0xff, 0xff, 0xff, 0xff, 0xff, 0xff,
    0xff, 0xf8, 0x8f, 0xff, 0xff, 0xff, 0xff, 0xff,
    0xff, 0xff, 0xff, 0xf8, 0x1, 0x11, 0x11, 0x11,
    0x11, 0x2e, 0xff, 0xff, 0xff, 0xf2, 0x0, 0x0,
    0x0, 0x0, 0x0, 0xbf, 0xff, 0xff, 0xff, 0x30,
    0x0, 0x0, 0x0, 0x0, 0xa, 0xff, 0xff, 0xff,
    0xf4, 0x0, 0x0, 0x0, 0x0, 0x0, 0x8f, 0xff,
    0xff, 0xff, 0x60, 0x0, 0x0, 0x0, 0x0, 0x6,
    0xff, 0xff, 0xff, 0xf7, 0x0, 0x0, 0x0, 0x0,
    0x0, 0x4f, 0xff, 0xff, 0xff, 0x90, 0x0, 0x0,
    0x0, 0x0, 0x3, 0xff, 0xff, 0xff, 0xfa, 0x0,
    0x0, 0x0, 0x0, 0x0, 0x2e, 0xff, 0xff, 0xff,
    0xb0, 0x0, 0x0, 0x0, 0x0, 0x1, 0xdf, 0xff,
    0xff, 0xfc, 0x0, 0x0, 0x0, 0x0, 0x0, 0xc,
    0xff, 0xff, 0xff, 0xd1, 0x0, 0x0, 0x0, 0x0,
    0x0, 0xbf, 0xff, 0xff, 0xfe, 0x10, 0x0, 0x0,
    0x0, 0x0, 0x9, 0xff, 0xff, 0xff, 0xe2, 0x0,
    0x0, 0x0, 0x0, 0x0, 0x7f, 0xff, 0xff, 0xff,
    0x52, 0x22, 0x22, 0x22, 0x22, 0x20, 0xdf, 0xff,
    0xff, 0xff, 0xff, 0xff, 0xff, 0xff, 0xff, 0xfb,
    0xdf, 0xff, 0xff, 0xff, 0xff, 0xff, 0xff, 0xff,
    0xff, 0xfc, 0xdf, 0xff, 0xff, 0xff, 0xff, 0xff,
    0xff, 0xff, 0xff, 0xfc, 0xdf, 0xff, 0xff, 0xff,
    0xff, 0xff, 0xff, 0xff, 0xff, 0xfc, 0xdf, 0xff,
    0xff, 0xff, 0xff, 0xff, 0xff, 0xff, 0xff, 0xfc,
    0xcf, 0xff, 0xff, 0xff, 0xff, 0xff, 0xff, 0xff,
    0xff, 0xfa,

    /* U+007B "{" */
    0x0, 0x0, 0x0, 0x18, 0xcf, 0xff, 0xff, 0xf4,
    0x0, 0x0, 0x4, 0xff, 0xff, 0xff, 0xff, 0xf6,
    0x0, 0x0, 0x1f, 0xff, 0xff, 0xff, 0xff, 0xf6,
    0x0, 0x0, 0x8f, 0xff, 0xff, 0xff, 0xff, 0xf6,
    0x0, 0x0, 0xbf, 0xff, 0xff, 0xff, 0xff, 0xf6,
    0x0, 0x0, 0xdf, 0xff, 0xff, 0xff, 0xfc, 0xc3,
    0x0, 0x0, 0xdf, 0xff, 0xff, 0xfb, 0x10, 0x0,
    0x0, 0x0, 0xdf, 0xff, 0xff, 0xf2, 0x0, 0x0,
    0x0, 0x0, 0xdf, 0xff, 0xff, 0xf0, 0x0, 0x0,
    0x0, 0x0, 0xdf, 0xff, 0xff, 0xe0, 0x0, 0x0,
    0x0, 0x0, 0xdf, 0xff, 0xff, 0xe0, 0x0, 0x0,
    0x0, 0x0, 0xdf, 0xff, 0xff, 0xe0, 0x0, 0x0,
    0x0, 0x0, 0xdf, 0xff, 0xff, 0xe0, 0x0, 0x0,
    0x0, 0x0, 0xdf, 0xff, 0xff, 0xe0, 0x0, 0x0,
    0x0, 0x0, 0xdf, 0xff, 0xff, 0xe0, 0x0, 0x0,
    0x0, 0x0, 0xdf, 0xff, 0xff, 0xe0, 0x0, 0x0,
    0x0, 0x0, 0xff, 0xff, 0xff, 0xe0, 0x0, 0x0,
    0x0, 0x2, 0xff, 0xff, 0xff, 0xd0, 0x0, 0x0,
    0x0, 0xa, 0xff, 0xff, 0xff, 0xb0, 0x0, 0x0,
    0x6, 0xcf, 0xff, 0xff, 0xff, 0x60, 0x0, 0x0,
    0x4f, 0xff, 0xff, 0xff, 0xfe, 0x10, 0x0, 0x0,
    0x5f, 0xff, 0xff, 0xff, 0xe3, 0x0, 0x0, 0x0,
    0x5f, 0xff, 0xff, 0xff, 0x50, 0x0, 0x0, 0x0,
    0x5f, 0xff, 0xff, 0xff, 0xf6, 0x0, 0x0, 0x0,
    0x3f, 0xff, 0xff, 0xff, 0xff, 0x20, 0x0, 0x0,
    0x1, 0x7f, 0xff, 0xff, 0xff, 0x80, 0x0, 0x0,
    0x0, 0x7, 0xff, 0xff, 0xff, 0xb0, 0x0, 0x0,
    0x0, 0x0, 0xff, 0xff, 0xff, 0xd0, 0x0, 0x0,
    0x0, 0x0, 0xef, 0xff, 0xff, 0xe0, 0x0, 0x0,
    0x0, 0x0, 0xdf, 0xff, 0xff, 0xe0, 0x0, 0x0,
    0x0, 0x0, 0xdf, 0xff, 0xff, 0xe0, 0x0, 0x0,
    0x0, 0x0, 0xdf, 0xff, 0xff, 0xe0, 0x0, 0x0,
    0x0, 0x0, 0xdf, 0xff, 0xff, 0xe0, 0x0, 0x0,
    0x0, 0x0, 0xdf, 0xff, 0xff, 0xe0, 0x0, 0x0,
    0x0, 0x0, 0xdf, 0xff, 0xff, 0xe0, 0x0, 0x0,
    0x0, 0x0, 0xdf, 0xff, 0xff, 0xe0, 0x0, 0x0,
    0x0, 0x0, 0xdf, 0xff, 0xff, 0xf0, 0x0, 0x0,
    0x0, 0x0, 0xdf, 0xff, 0xff, 0xf2, 0x0, 0x0,
    0x0, 0x0, 0xdf, 0xff, 0xff, 0xfc, 0x10, 0x0,
    0x0, 0x0, 0xdf, 0xff, 0xff, 0xff, 0xfd, 0xd3,
    0x0, 0x0, 0xbf, 0xff, 0xff, 0xff, 0xff, 0xf6,
    0x0, 0x0, 0x7f, 0xff, 0xff, 0xff, 0xff, 0xf6,
    0x0, 0x0, 0x1f, 0xff, 0xff, 0xff, 0xff, 0xf6,
    0x0, 0x0, 0x4, 0xff, 0xff, 0xff, 0xff, 0xf6,
    0x0, 0x0, 0x0, 0x18, 0xcf, 0xff, 0xff, 0xf4,

    /* U+007C "|" */
    0x3, 0x33, 0x33, 0x30, 0x7f, 0xff, 0xff, 0xf3,
    0x8f, 0xff, 0xff, 0xf4, 0x8f, 0xff, 0xff, 0xf4,
    0x8f, 0xff, 0xff, 0xf4, 0x8f, 0xff, 0xff, 0xf4,
    0x8f, 0xff, 0xff, 0xf4, 0x8f, 0xff, 0xff, 0xf4,
    0x8f, 0xff, 0xff, 0xf4, 0x8f, 0xff, 0xff, 0xf4,
    0x8f, 0xff, 0xff, 0xf4, 0x8f, 0xff, 0xff, 0xf4,
    0x8f, 0xff, 0xff, 0xf4, 0x8f, 0xff, 0xff, 0xf4,
    0x8f, 0xff, 0xff, 0xf4, 0x8f, 0xff, 0xff, 0xf4,
    0x8f, 0xff, 0xff, 0xf4, 0x8f, 0xff, 0xff, 0xf4,
    0x8f, 0xff, 0xff, 0xf4, 0x8f, 0xff, 0xff, 0xf4,
    0x8f, 0xff, 0xff, 0xf4, 0x8f, 0xff, 0xff, 0xf4,
    0x8f, 0xff, 0xff, 0xf4, 0x8f, 0xff, 0xff, 0xf4,
    0x8f, 0xff, 0xff, 0xf4, 0x8f, 0xff, 0xff, 0xf4,
    0x8f, 0xff, 0xff, 0xf4, 0x8f, 0xff, 0xff, 0xf4,
    0x8f, 0xff, 0xff, 0xf4, 0x8f, 0xff, 0xff, 0xf4,
    0x8f, 0xff, 0xff, 0xf4, 0x8f, 0xff, 0xff, 0xf4,
    0x8f, 0xff, 0xff, 0xf4, 0x8f, 0xff, 0xff, 0xf4,
    0x8f, 0xff, 0xff, 0xf4, 0x8f, 0xff, 0xff, 0xf4,
    0x8f, 0xff, 0xff, 0xf4, 0x8f, 0xff, 0xff, 0xf4,
    0x8f, 0xff, 0xff, 0xf4, 0x8f, 0xff, 0xff, 0xf4,
    0x6f, 0xff, 0xff, 0xf2,

    /* U+007D "}" */
    0x3f, 0xff, 0xff, 0xfc, 0x81, 0x0, 0x0, 0x0,
    0x5f, 0xff, 0xff, 0xff, 0xff, 0x40, 0x0, 0x0,
    0x5f, 0xff, 0xff, 0xff, 0xff, 0xf1, 0x0, 0x0,
    0x5f, 0xff, 0xff, 0xff, 0xff, 0xf8, 0x0, 0x0,
    0x5f, 0xff, 0xff, 0xff, 0xff, 0xfc, 0x0, 0x0,
    0x2c, 0xcf, 0xff, 0xff, 0xff, 0xfe, 0x0, 0x0,
    0x0, 0x0, 0xbf, 0xff, 0xff, 0xfe, 0x0, 0x0,
    0x0, 0x0, 0x1f, 0xff, 0xff, 0xfe, 0x0, 0x0,
    0x0, 0x0, 0xe, 0xff, 0xff, 0xfe, 0x0, 0x0,
    0x0, 0x0, 0xd, 0xff, 0xff, 0xfe, 0x0, 0x0,
    0x0, 0x0, 0xd, 0xff, 0xff, 0xfe, 0x0, 0x0,
    0x0, 0x0, 0xd, 0xff, 0xff, 0xfe, 0x0, 0x0,
    0x0, 0x0, 0xd, 0xff, 0xff, 0xfe, 0x0, 0x0,
    0x0, 0x0, 0xd, 0xff, 0xff, 0xfe, 0x0, 0x0,
    0x0, 0x0, 0xd, 0xff, 0xff, 0xfe, 0x0, 0x0,
    0x0, 0x0, 0xd, 0xff, 0xff, 0xfe, 0x0, 0x0,
    0x0, 0x0, 0xd, 0xff, 0xff, 0xff, 0x0, 0x0,
    0x0, 0x0, 0xc, 0xff, 0xff, 0xff, 0x30, 0x0,
    0x0, 0x0, 0xa, 0xff, 0xff, 0xff, 0xa0, 0x0,
    0x0, 0x0, 0x6, 0xff, 0xff, 0xff, 0xfc, 0x60,
    0x0, 0x0, 0x0, 0xef, 0xff, 0xff, 0xff, 0xf5,
    0x0, 0x0, 0x0, 0x3e, 0xff, 0xff, 0xff, 0xf6,
    0x0, 0x0, 0x0, 0x5, 0xff, 0xff, 0xff, 0xf6,
    0x0, 0x0, 0x0, 0x6f, 0xff, 0xff, 0xff, 0xf6,
    0x0, 0x0, 0x1, 0xff, 0xff, 0xff, 0xff, 0xf4,
    0x0, 0x0, 0x7, 0xff, 0xff, 0xff, 0xf8, 0x20,
    0x0, 0x0, 0xb, 0xff, 0xff, 0xff, 0x70, 0x0,
    0x0, 0x0, 0xc, 0xff, 0xff, 0xff, 0x10, 0x0,
    0x0, 0x0, 0xd, 0xff, 0xff, 0xff, 0x0, 0x0,
    0x0, 0x0, 0xd, 0xff, 0xff, 0xfe, 0x0, 0x0,
    0x0, 0x0, 0xd, 0xff, 0xff, 0xfe, 0x0, 0x0,
    0x0, 0x0, 0xd, 0xff, 0xff, 0xfe, 0x0, 0x0,
    0x0, 0x0, 0xd, 0xff, 0xff, 0xfe, 0x0, 0x0,
    0x0, 0x0, 0xd, 0xff, 0xff, 0xfe, 0x0, 0x0,
    0x0, 0x0, 0xd, 0xff, 0xff, 0xfe, 0x0, 0x0,
    0x0, 0x0, 0xd, 0xff, 0xff, 0xfe, 0x0, 0x0,
    0x0, 0x0, 0xe, 0xff, 0xff, 0xfe, 0x0, 0x0,
    0x0, 0x0, 0x1f, 0xff, 0xff, 0xfe, 0x0, 0x0,
    0x0, 0x1, 0xbf, 0xff, 0xff, 0xfe, 0x0, 0x0,
    0x2d, 0xdf, 0xff, 0xff, 0xff, 0xfd, 0x0, 0x0,
    0x5f, 0xff, 0xff, 0xff, 0xff, 0xfc, 0x0, 0x0,
    0x5f, 0xff, 0xff, 0xff, 0xff, 0xf8, 0x0, 0x0,
    0x5f, 0xff, 0xff, 0xff, 0xff, 0xf1, 0x0, 0x0,
    0x5f, 0xff, 0xff, 0xff, 0xff, 0x40, 0x0, 0x0,
    0x3f, 0xff, 0xff, 0xfc, 0x81, 0x0, 0x0, 0x0,

    /* U+007E "~" */
    0x0, 0x0, 0x17, 0xbc, 0xc8, 0x20, 0x0, 0x0,
    0x0, 0x0, 0x0, 0x0, 0x0, 0x8, 0xff, 0xff,
    0xff, 0xf9, 0x0, 0x0, 0x0, 0x88, 0x0, 0x0,
    0x0, 0xcf, 0xff, 0xff, 0xff, 0xff, 0xe6, 0x0,
    0x8, 0xff, 0xd3, 0x0, 0xa, 0xff, 0xff, 0xff,
    0xff, 0xff, 0xff, 0xfd, 0xef, 0xff, 0xff, 0x90,
    0x3f, 0xff, 0xff, 0xff, 0xff, 0xff, 0xff, 0xff,
    0xff, 0xff, 0xff, 0xf0, 0x5f, 0xff, 0xff, 0xff,
    0xff, 0xff, 0xff, 0xff, 0xff, 0xff, 0xff, 0x70,
    0x3, 0xdf, 0xfd, 0x40, 0x15, 0xcf, 0xff, 0xff,
    0xff, 0xff, 0xfa, 0x0, 0x0, 0x9, 0xd1, 0x0,
    0x0, 0x5, 0xef, 0xff, 0xff, 0xff, 0x80, 0x0,
    0x0, 0x0, 0x0, 0x0, 0x0, 0x0, 0x7, 0xcf,
    0xfd, 0x92, 0x0, 0x0
};


/*---------------------
 *  GLYPH DESCRIPTION
 *--------------------*/

static const lv_font_fmt_txt_glyph_dsc_t glyph_dsc[] = {
    {.bitmap_index = 0, .adv_w = 0, .box_w = 0, .box_h = 0, .ofs_x = 0, .ofs_y = 0} /* id = 0 reserved */,
    {.bitmap_index = 0, .adv_w = 154, .box_w = 0, .box_h = 0, .ofs_x = 0, .ofs_y = 0},
    {.bitmap_index = 0, .adv_w = 264, .box_w = 8, .box_h = 34, .ofs_x = 4, .ofs_y = 0},
    {.bitmap_index = 136, .adv_w = 276, .box_w = 17, .box_h = 11, .ofs_x = 0, .ofs_y = 23},
    {.bitmap_index = 230, .adv_w = 528, .box_w = 29, .box_h = 31, .ofs_x = 2, .ofs_y = 1},
    {.bitmap_index = 680, .adv_w = 439, .box_w = 25, .box_h = 42, .ofs_x = 1, .ofs_y = -4},
    {.bitmap_index = 1205, .adv_w = 634, .box_w = 35, .box_h = 34, .ofs_x = 2, .ofs_y = 0},
    {.bitmap_index = 1800, .adv_w = 541, .box_w = 31, .box_h = 34, .ofs_x = 1, .ofs_y = 0},
    {.bitmap_index = 2327, .adv_w = 129, .box_w = 8, .box_h = 11, .ofs_x = 0, .ofs_y = 23},
    {.bitmap_index = 2371, .adv_w = 266, .box_w = 14, .box_h = 41, .ofs_x = -1, .ofs_y = -4},
    {.bitmap_index = 2658, .adv_w = 266, .box_w = 14, .box_h = 41, .ofs_x = 3, .ofs_y = -4},
    {.bitmap_index = 2945, .adv_w = 306, .box_w = 18, .box_h = 17, .ofs_x = 1, .ofs_y = 19},
    {.bitmap_index = 3098, .adv_w = 373, .box_w = 21, .box_h = 21, .ofs_x = 1, .ofs_y = 4},
    {.bitmap_index = 3319, .adv_w = 204, .box_w = 9, .box_h = 13, .ofs_x = 1, .ofs_y = -5},
    {.bitmap_index = 3378, .adv_w = 314, .box_w = 18, .box_h = 6, .ofs_x = 1, .ofs_y = 11},
    {.bitmap_index = 3432, .adv_w = 207, .box_w = 9, .box_h = 8, .ofs_x = 2, .ofs_y = 0},
    {.bitmap_index = 3468, .adv_w = 363, .box_w = 21, .box_h = 34, .ofs_x = 0, .ofs_y = 0},
    {.bitmap_index = 3825, .adv_w = 438, .box_w = 24, .box_h = 34, .ofs_x = 2, .ofs_y = 0},
    {.bitmap_index = 4233, .adv_w = 272, .box_w = 14, .box_h = 34, .ofs_x = 1, .ofs_y = 0},
    {.bitmap_index = 4471, .adv_w = 430, .box_w = 24, .box_h = 34, .ofs_x = 1, .ofs_y = 0},
    {.bitmap_index = 4879, .adv_w = 415, .box_w = 23, .box_h = 34, .ofs_x = 1, .ofs_y = 0},
    {.bitmap_index = 5270, .adv_w = 465, .box_w = 26, .box_h = 34, .ofs_x = 1, .ofs_y = 0},
    {.bitmap_index = 5712, .adv_w = 414, .box_w = 23, .box_h = 34, .ofs_x = 2, .ofs_y = 0},
    {.bitmap_index = 6103, .adv_w = 412, .box_w = 23, .box_h = 34, .ofs_x = 2, .ofs_y = 0},
    {.bitmap_index = 6494, .adv_w = 381, .box_w = 24, .box_h = 34, .ofs_x = 0, .ofs_y = 0},
    {.bitmap_index = 6902, .adv_w = 415, .box_w = 24, .box_h = 34, .ofs_x = 1, .ofs_y = 0},
    {.bitmap_index = 7310, .adv_w = 408, .box_w = 23, .box_h = 34, .ofs_x = 1, .ofs_y = 0},
    {.bitmap_index = 7701, .adv_w = 280, .box_w = 9, .box_h = 23, .ofs_x = 4, .ofs_y = 0},
    {.bitmap_index = 7805, .adv_w = 243, .box_w = 10, .box_h = 28, .ofs_x = 3, .ofs_y = -5},
    {.bitmap_index = 7945, .adv_w = 373, .box_w = 21, .box_h = 24, .ofs_x = 1, .ofs_y = 1},
    {.bitmap_index = 8197, .adv_w = 373, .box_w = 21, .box_h = 15, .ofs_x = 1, .ofs_y = 7},
    {.bitmap_index = 8355, .adv_w = 373, .box_w = 21, .box_h = 24, .ofs_x = 1, .ofs_y = 1},
    {.bitmap_index = 8607, .adv_w = 400, .box_w = 23, .box_h = 34, .ofs_x = 1, .ofs_y = 0},
    {.bitmap_index = 8998, .adv_w = 629, .box_w = 37, .box_h = 36, .ofs_x = 1, .ofs_y = -4},
    {.bitmap_index = 9664, .adv_w = 515, .box_w = 30, .box_h = 34, .ofs_x = 1, .ofs_y = 0},
    {.bitmap_index = 10174, .adv_w = 476, .box_w = 26, .box_h = 34, .ofs_x = 2, .ofs_y = 0},
    {.bitmap_index = 10616, .adv_w = 467, .box_w = 26, .box_h = 34, .ofs_x = 2, .ofs_y = 0},
    {.bitmap_index = 11058, .adv_w = 475, .box_w = 26, .box_h = 34, .ofs_x = 2, .ofs_y = 0},
    {.bitmap_index = 11500, .adv_w = 449, .box_w = 25, .box_h = 34, .ofs_x = 2, .ofs_y = 0},
    {.bitmap_index = 11925, .adv_w = 430, .box_w = 25, .box_h = 34, .ofs_x = 2, .ofs_y = 0},
    {.bitmap_index = 12350, .adv_w = 470, .box_w = 26, .box_h = 34, .ofs_x = 2, .ofs_y = 0},
    {.bitmap_index = 12792, .adv_w = 482, .box_w = 26, .box_h = 34, .ofs_x = 2, .ofs_y = 0},
    {.bitmap_index = 13234, .adv_w = 202, .box_w = 8, .box_h = 34, .ofs_x = 2, .ofs_y = 0},
    {.bitmap_index = 13370, .adv_w = 448, .box_w = 26, .box_h = 34, .ofs_x = 0, .ofs_y = 0},
    {.bitmap_index = 13812, .adv_w = 481, .box_w = 28, .box_h = 34, .ofs_x = 2, .ofs_y = 0},
    {.bitmap_index = 14288, .adv_w = 439, .box_w = 25, .box_h = 34, .ofs_x = 2, .ofs_y = 0},
    {.bitmap_index = 14713, .adv_w = 549, .box_w = 30, .box_h = 34, .ofs_x = 2, .ofs_y = 0},
    {.bitmap_index = 15223, .adv_w = 511, .box_w = 27, .box_h = 34, .ofs_x = 2, .ofs_y = 0},
    {.bitmap_index = 15682, .adv_w = 477, .box_w = 26, .box_h = 34, .ofs_x = 2, .ofs_y = 0},
    {.bitmap_index = 16124, .adv_w = 458, .box_w = 26, .box_h = 34, .ofs_x = 2, .ofs_y = 0},
    {.bitmap_index = 16566, .adv_w = 455, .box_w = 26, .box_h = 39, .ofs_x = 1, .ofs_y = -5},
    {.bitmap_index = 17073, .adv_w = 472, .box_w = 26, .box_h = 34, .ofs_x = 2, .ofs_y = 0},
    {.bitmap_index = 17515, .adv_w = 457, .box_w = 26, .box_h = 34, .ofs_x = 1, .ofs_y = 0},
    {.bitmap_index = 17957, .adv_w = 449, .box_w = 26, .box_h = 34, .ofs_x = 1, .ofs_y = 0},
    {.bitmap_index = 18399, .adv_w = 483, .box_w = 26, .box_h = 34, .ofs_x = 2, .ofs_y = 0},
    {.bitmap_index = 18841, .adv_w = 478, .box_w = 28, .box_h = 34, .ofs_x = 1, .ofs_y = 0},
    {.bitmap_index = 19317, .adv_w = 674, .box_w = 41, .box_h = 34, .ofs_x = 1, .ofs_y = 0},
    {.bitmap_index = 20014, .adv_w = 485, .box_w = 28, .box_h = 34, .ofs_x = 1, .ofs_y = 0},
    {.bitmap_index = 20490, .adv_w = 474, .box_w = 28, .box_h = 34, .ofs_x = 1, .ofs_y = 0},
    {.bitmap_index = 20966, .adv_w = 428, .box_w = 24, .box_h = 34, .ofs_x = 1, .ofs_y = 0},
    {.bitmap_index = 21374, .adv_w = 319, .box_w = 14, .box_h = 45, .ofs_x = 1, .ofs_y = -7},
    {.bitmap_index = 21689, .adv_w = 363, .box_w = 20, .box_h = 34, .ofs_x = 2, .ofs_y = 0},
    {.bitmap_index = 22029, .adv_w = 319, .box_w = 14, .box_h = 45, .ofs_x = 5, .ofs_y = -7},
    {.bitmap_index = 22344, .adv_w = 363, .box_w = 21, .box_h = 20, .ofs_x = 1, .ofs_y = 14},
    {.bitmap_index = 22554, .adv_w = 402, .box_w = 25, .box_h = 6, .ofs_x = 0, .ofs_y = 0},
    {.bitmap_index = 22629, .adv_w = 179, .box_w = 9, .box_h = 6, .ofs_x = 1, .ofs_y = 28},
    {.bitmap_index = 22656, .adv_w = 406, .box_w = 23, .box_h = 25, .ofs_x = 1, .ofs_y = 0},
    {.bitmap_index = 22944, .adv_w = 435, .box_w = 24, .box_h = 34, .ofs_x = 2, .ofs_y = 0},
    {.bitmap_index = 23352, .adv_w = 412, .box_w = 24, .box_h = 25, .ofs_x = 1, .ofs_y = 0},
    {.bitmap_index = 23652, .adv_w = 435, .box_w = 24, .box_h = 34, .ofs_x = 1, .ofs_y = 0},
    {.bitmap_index = 24060, .adv_w = 419, .box_w = 24, .box_h = 25, .ofs_x = 1, .ofs_y = 0},
    {.bitmap_index = 24360, .adv_w = 297, .box_w = 17, .box_h = 34, .ofs_x = 1, .ofs_y = 0},
    {.bitmap_index = 24649, .adv_w = 427, .box_w = 24, .box_h = 35, .ofs_x = 1, .ofs_y = -10},
    {.bitmap_index = 25069, .adv_w = 420, .box_w = 22, .box_h = 34, .ofs_x = 2, .ofs_y = 0},
    {.bitmap_index = 25443, .adv_w = 196, .box_w = 8, .box_h = 35, .ofs_x = 2, .ofs_y = 0},
    {.bitmap_index = 25583, .adv_w = 195, .box_w = 13, .box_h = 45, .ofs_x = -3, .ofs_y = -10},
    {.bitmap_index = 25876, .adv_w = 409, .box_w = 23, .box_h = 34, .ofs_x = 2, .ofs_y = 0},
    {.bitmap_index = 26267, .adv_w = 187, .box_w = 8, .box_h = 34, .ofs_x = 2, .ofs_y = 0},
    {.bitmap_index = 26403, .adv_w = 641, .box_w = 36, .box_h = 25, .ofs_x = 2, .ofs_y = 0},
    {.bitmap_index = 26853, .adv_w = 420, .box_w = 22, .box_h = 25, .ofs_x = 2, .ofs_y = 0},
    {.bitmap_index = 27128, .adv_w = 428, .box_w = 24, .box_h = 25, .ofs_x = 1, .ofs_y = 0},
    {.bitmap_index = 27428, .adv_w = 436, .box_w = 24, .box_h = 34, .ofs_x = 2, .ofs_y = -9},
    {.bitmap_index = 27836, .adv_w = 436, .box_w = 24, .box_h = 34, .ofs_x = 1, .ofs_y = -9},
    {.bitmap_index = 28244, .adv_w = 294, .box_w = 16, .box_h = 25, .ofs_x = 2, .ofs_y = 0},
    {.bitmap_index = 28444, .adv_w = 386, .box_w = 22, .box_h = 25, .ofs_x = 1, .ofs_y = 0},
    {.bitmap_index = 28719, .adv_w = 292, .box_w = 16, .box_h = 31, .ofs_x = 1, .ofs_y = 0},
    {.bitmap_index = 28967, .adv_w = 419, .box_w = 22, .box_h = 25, .ofs_x = 2, .ofs_y = 0},
    {.bitmap_index = 29242, .adv_w = 399, .box_w = 23, .box_h = 25, .ofs_x = 1, .ofs_y = 0},
    {.bitmap_index = 29530, .adv_w = 601, .box_w = 36, .box_h = 25, .ofs_x = 1, .ofs_y = 0},
    {.bitmap_index = 29980, .adv_w = 413, .box_w = 25, .box_h = 25, .ofs_x = 0, .ofs_y = 0},
    {.bitmap_index = 30293, .adv_w = 387, .box_w = 24, .box_h = 35, .ofs_x = 0, .ofs_y = -10},
    {.bitmap_index = 30713, .adv_w = 353, .box_w = 20, .box_h = 25, .ofs_x = 1, .ofs_y = 0},
    {.bitmap_index = 30963, .adv_w = 289, .box_w = 16, .box_h = 45, .ofs_x = 1, .ofs_y = -7},
    {.bitmap_index = 31323, .adv_w = 156, .box_w = 8, .box_h = 41, .ofs_x = 1, .ofs_y = -4},
    {.bitmap_index = 31487, .adv_w = 289, .box_w = 16, .box_h = 45, .ofs_x = 1, .ofs_y = -7},
    {.bitmap_index = 31847, .adv_w = 410, .box_w = 24, .box_h = 9, .ofs_x = 1, .ofs_y = 10}
};

/*---------------------
 *  CHARACTER MAPPING
 *--------------------*/



/*Collect the unicode lists and glyph_id offsets*/
static const lv_font_fmt_txt_cmap_t cmaps[] =
{
    {
        .range_start = 32, .range_length = 95, .glyph_id_start = 1,
        .unicode_list = NULL, .glyph_id_ofs_list = NULL, .list_length = 0, .type = LV_FONT_FMT_TXT_CMAP_FORMAT0_TINY
    }
};

/*-----------------
 *    KERNING
 *----------------*/


/*Map glyph_ids to kern left classes*/
static const uint8_t kern_left_class_mapping[] =
{
    0, 0, 0, 1, 0, 0, 0, 0,
    1, 0, 0, 0, 0, 2, 3, 2,
    4, 5, 6, 7, 8, 9, 5, 10,
    11, 5, 12, 0, 0, 0, 0, 0,
    0, 0, 13, 14, 15, 14, 16, 17,
    15, 18, 19, 20, 21, 22, 0, 23,
    15, 24, 25, 26, 27, 28, 20, 29,
    29, 30, 31, 0, 0, 0, 0, 0,
    0, 0, 32, 33, 34, 0, 35, 36,
    37, 33, 38, 0, 39, 40, 33, 33,
    3, 33, 37, 41, 42, 43, 0, 44,
    44, 45, 44, 0, 0, 0, 0, 0
};

/*Map glyph_ids to kern right classes*/
static const uint8_t kern_right_class_mapping[] =
{
    0, 0, 0, 1, 0, 0, 0, 0,
    1, 0, 0, 0, 0, 2, 3, 2,
    4, 5, 6, 0, 7, 8, 0, 0,
    9, 0, 0, 10, 10, 0, 0, 0,
    11, 0, 12, 13, 14, 13, 13, 13,
    14, 15, 0, 16, 17, 0, 0, 13,
    14, 13, 14, 0, 18, 19, 20, 21,
    21, 22, 23, 24, 0, 0, 0, 0,
    0, 0, 25, 26, 3, 3, 3, 27,
    28, 26, 29, 30, 26, 31, 32, 32,
    3, 32, 28, 32, 33, 27, 34, 35,
    35, 36, 35, 37, 0, 0, 0, 0
};

/*Kern values between classes*/
static const int8_t kern_class_values[] =
{
    0, 0, 0, 0, 0, 0, 0, -17,
    0, 0, 0, 0, 0, 0, 0, 0,
    0, 0, 0, 0, 0, 0, 0, 0,
    0, 0, 0, 0, 0, 0, 0, 0,
    0, 0, 0, 0, 0, 0, 0, 0,
    0, -20, 0, 0, 0, 0, 0, 0,
    0, 0, 0, 0, 0, 0, 0, 0,
    0, 0, 0, 0, 0, 0, 0, 0,
    0, 0, 0, 0, 0, 0, 0, 0,
    0, 0, -22, -12, 0, -5, 0, 0,
    0, 0, -61, 0, 0, 0, 0, 0,
    0, 0, 0, 0, -17, 0, 0, 0,
    0, 0, 0, 0, -11, 0, 0, 0,
    0, 0, 0, 0, -22, -22, 0, 0,
    0, -57, 0, 0, 0, 0, 0, 0,
    0, 0, -67, 0, -17, 0, -5, 0,
    0, 0, 0, 0, 0, 11, 0, -71,
    0, -13, -58, 0, 0, 0, -22, -38,
    0, -23, 0, 0, 0, 0, 0, 0,
    0, -8, 0, 0, 0, 0, 0, 0,
    0, 0, 0, 0, 0, 0, 0, 0,
    0, 0, 0, 0, 0, 0, 0, 0,
    0, 0, 0, 0, 0, 0, 0, 0,
    0, 0, 0, 0, 0, 0, 5, 0,
    0, 0, 0, 0, 0, 0, 0, 0,
    0, 0, 0, 0, 0, 0, 0, 0,
    0, 0, 0, 0, 0, 0, 0, 0,
    0, 0, 0, 0, 0, 0, 0, 0,
    0, 0, 0, -5, -11, 0, 0, 0,
    0, 0, 0, 0, 0, 0, 0, 0,
    0, 0, 0, 0, 0, 0, 0, 0,
    0, 0, 0, 0, 0, 0, 0, 0,
    0, 0, 0, 0, 0, 0, 0, 0,
    -2, 0, 0, 0, 0, 0, 0, 0,
    0, 0, 0, 0, 0, 0, 0, 0,
    0, 0, 0, 0, 0, 0, 0, 0,
    0, 0, 0, 0, 0, 0, 0, 0,
    -28, 0, 0, 0, 0, -74, 0, 0,
    -55, 0, 0, 0, 0, 0, 0, 0,
    0, 0, 0, 0, 0, 0, 0, 0,
    0, 0, 0, 0, 0, 0, 0, 0,
    0, 0, 0, 0, 0, 0, 0, 0,
    0, 0, -5, 0, 0, 0, 0, 0,
    0, 0, 0, 0, 0, 0, 0, 0,
    0, 0, 0, 0, 0, 0, 0, 0,
    0, 0, 0, 0, 0, 0, 0, 0,
    0, 0, 0, -51, 0, -77, 0, 5,
    0, 0, 0, 0, 0, 0, 0, 0,
    0, 0, 0, 0, 0, 0, 0, 0,
    0, 0, 0, 0, 0, 0, 0, 0,
    0, 0, 0, 0, 0, 0, 0, 0,
    0, 0, 0, 0, -15, 0, 0, 0,
    0, 0, 0, 0, 0, 0, 0, 0,
    0, 0, 0, 0, 0, 0, 0, 0,
    0, 0, 0, 0, 0, 0, 0, 0,
    0, 0, 0, 0, -76, 0, -13, 6,
    0, 0, 0, 0, 0, 0, 0, 0,
    0, -16, 0, 1, 0, -34, -66, -11,
    -15, 0, -68, 6, 0, 0, -22, -16,
    0, 0, 0, 0, 0, 0, -41, 0,
    0, 0, -5, 0, 0, 0, 0, 0,
    0, 0, 0, 0, -29, 0, -1, 0,
    0, 0, 0, -15, 0, -20, -22, -31,
    0, -2, 0, -5, -10, 0, 0, 0,
    0, -6, -5, -2, 0, 0, 0, -2,
    -1, 0, 0, 0, 0, 0, 0, 0,
    0, -12, 0, 0, 0, 6, 0, 0,
    -6, 0, -12, 0, -21, 0, -2, 0,
    0, -7, 0, 0, 0, 0, 0, 0,
    0, 0, 0, 0, 0, 0, 0, 0,
    0, 0, 0, 0, 0, 0, 0, 0,
    0, 0, 0, 0, 0, 0, 0, 5,
    0, 0, 0, 0, 0, 0, 0, 0,
    0, 0, 0, 0, 0, 0, 0, 0,
    0, -71, -45, -44, 0, 0, 0, 0,
    0, -11, 0, -60, 0, -1, 0, -48,
    0, 0, 0, 0, 0, 0, 0, 0,
    -38, 0, 0, -35, 0, 0, 0, -22,
    -41, -28, -43, -44, -22, 0, 0, 0,
    0, 0, 0, 0, 0, 0, 0, 0,
    2, 0, 0, 0, 0, 0, 0, 0,
    0, 0, 0, 0, 0, 0, 0, 0,
    0, 0, 0, 0, 0, 0, 0, 0,
    0, 0, 0, 0, 0, 0, 0, 0,
    0, 0, 0, 0, 0, 0, 0, 0,
    -2, 0, 0, 0, 0, 0, 0, 0,
    0, 0, 0, 0, 0, 0, 0, 0,
    0, 0, 0, 0, 0, 0, 0, 0,
    -5, 0, -8, 0, 0, 0, 0, 0,
    0, 0, -15, 0, -5, 0, 0, 0,
    0, 0, 0, 0, 0, 0, 0, 0,
    0, 0, 0, 0, 0, 0, 0, 0,
    0, 0, 0, 0, 0, 0, -28, 0,
    0, 0, 0, 0, 0, 0, 0, 8,
    0, -22, 0, -18, 0, -17, 0, 0,
    0, 4, 0, 0, 0, 0, 0, -22,
    0, 0, 0, 0, -11, 0, -38, 0,
    0, -77, 0, 0, 0, 0, 0, 0,
    0, 0, 0, 0, 13, 0, -6, 0,
    0, 0, 0, -64, 0, -32, 0, -40,
    0, 0, 0, -13, 0, 0, 0, 0,
    0, 0, 0, -22, 0, 11, 0, 0,
    0, 0, 0, 0, 0, 0, 0, 0,
    0, 0, -5, 0, 0, 0, 0, 0,
    0, 0, 0, 0, 0, 0, 0, 0,
    0, 0, 0, 0, 0, 0, 0, 0,
    0, 0, 0, 0, -11, -22, 0, 0,
    0, 0, 0, 0, 0, 0, -43, 0,
    0, 0, -22, 0, 0, 0, 0, -15,
    -27, -27, 0, -5, 0, 0, -16, 0,
    0, 0, 0, -15, 0, 0, 0, 0,
    0, -2, -1, 0, 0, 0, 0, 0,
    0, 0, 0, -21, 0, 0, 0, 6,
    0, 0, -11, 0, -28, -28, -40, 0,
    -2, 0, 0, -7, 0, 0, 0, 0,
    0, 0, 0, 0, 0, 0, 0, -5,
    0, 0, 0, 0, 0, 0, 0, 0,
    12, 0, 0, 0, 0, 0, 0, -1,
    0, -17, 4, -22, 0, 0, 0, 0,
    0, 0, 0, 0, 0, 0, 0, 0,
    0, 0, 0, -5, 0, 0, 0, 0,
    0, 0, 0, 0, 0, 0, 0, 0,
    0, 2, 0, 0, -6, 0, -16, -30,
    -22, 0, -5, 0, 0, 0, 0, 0,
    0, 0, 0, 0, 0, 0, 0, 0,
    -55, -65, 0, 0, 0, 0, 0, 0,
    0, 0, -49, 0, -22, 0, -38, 0,
    -5, 0, 0, 0, 0, 0, 0, -28,
    0, -2, -49, -5, 0, 0, -44, -48,
    -36, -43, -42, 0, 0, -46, -48, -50,
    0, 0, 0, 0, 0, -40, 0, -78,
    -5, -25, 0, -38, -8, -17, 0, 0,
    0, 0, 0, 0, -46, 0, 0, -45,
    0, 0, 0, -12, -37, -15, -16, 0,
    0, 0, 0, -26, 0, 0, 0, 0,
    0, 0, -5, 0, 0, -2, -22, 0,
    -11, 0, -21, 0, 0, 0, 0, 0,
    0, -16, 0, 0, -32, 0, 0, 0,
    0, -5, 0, -28, 0, 0, 0, -72,
    -61, -50, 0, 0, 0, 0, 0, -56,
    0, -96, -5, -27, 0, -52, 0, -22,
    0, 0, 0, 0, 0, 0, -51, 0,
    -32, -71, 0, 0, 0, -41, -44, -32,
    -28, -32, -22, -18, 0, 0, 0, 0,
    0, 0, 0, 0, 0, 0, 0, 0,
    0, 0, 0, 0, 0, -28, 0, 0,
    0, -33, 0, 0, 0, -8, 0, 0,
    0, 0, 0, 0, 0, -11, 0, 0,
    -32, -6, -2, -5, 0, 0, 0, 0,
    0, 0, 0, 0, 0, 0, 0, 0,
    0, 0, 0, 0, 0, 0, 0, 0,
    0, -1, 0, 0, 0, 0, 0, 0,
    0, 0, -17, 0, 0, -22, -18, -5,
    0, 0, 0, 0, 0, 0, 0, 0,
    0, 0, 0, 0, 0, 0, 0, 0,
    0, 0, 0, 0, 0, 0, 0, 0,
    0, 0, 0, 0, 0, 0, 0, -10,
    -17, 5, -33, -15, 0, 0, 0, 0,
    0, 0, 0, 0, -2, 0, 0, 0,
    0, 0, 0, 0, 0, 0, 0, 0,
    0, 0, -4, 0, -9, 0, 0, 0,
    0, 0, -5, 0, -22, -18, 0, 5,
    -41, -24, -11, 0, 0, 0, 0, 0,
    0, 6, 0, 0, 0, 0, 0, 0,
    0, 0, 0, 0, 0, 0, 0, -5,
    0, 0, -15, 0, 0, 0, 0, -10,
    0, 0, 0, 0, -5, 0, 0, 0,
    0, 0, 0, 0, 0, 0, 0, 0,
    0, 0, 0, 0, 0, 0, 0, 0,
    0, 0, 0, 0, 0, 0, 0, 0,
    0, 2, 0, 0, -2, 0, 0, 0,
    0, 0, 0, 0, 0, 0, 0, 0,
    0, 0, 0, 0, 0, 0, 0, 0,
    0, 0, 0, 0, 0, 0, 0, 0,
    0, 0, 0, 0, 0, 0, -11, 0,
    0, 0, 0, 0, 0, 0, 0, 0,
    -35, 0, 0, 0, 0, 0, 0, 0,
    0, 0, 0, 0, 0, 0, 0, 0,
    0, 0, 0, 0, 0, 0, -17, 0,
    0, -25, 0, 0, 0, 0, -8, 0,
    0, 0, 0, 0, 0, 0, 0, 0,
    0, 0, 0, 0, 0, 0, 0, 0,
    0, 0, 0, 0, 0, 0, 0, 0,
    0, 0, 0, 0, 2, 0, 0, 0,
    0, 0, 0, 0, 0, 0, 0, 0,
    14, -31, -10, 0, 0, 0, 0, 0,
    0, 0, 6, 0, 0, 0, 0, 0,
    0, 0, 0, 0, 0, 0, 0, 0,
    -5, 0, 5, -18, 0, 0, 0, 0,
    -6, 0, 8, 0, 5, -8, 0, 0,
    0, 0, 0, 0, 0, 0, 0, -2,
    0, 0, 0, 0, 0, 0, 0, 0,
    0, 0, 0, 0, 0, 0, 0, -1,
    0, 0, 0, 0, 0, -5, 0, -28,
    -11, 0, 0, 0, -5, 0, 0, 0,
    0, 0, 0, 0, 0, 0, 0, 0,
    0, 0, 0, 0, 0, 0, 0, 0,
    0, 0, 0, 0, 0, -2, 0, 0,
    0, 0, 0, 0, 0, 0, 0, 0,
    -28, -25, -23, 0, 0, 0, 0, 0,
    -17, 0, 0, 0, 0, 0, 0, 0,
    0, 0, 0, 0, 0, 0, 0, -21,
    0, 0, -25, 0, 0, 1, 0, -28,
    0, 0, 0, 0, 0, 0, -28, 0,
    0, 0, 0, 0, 0, -17, 0, 0,
    0, 0, 0, 0, 0, 0, 0, 0,
    0, 0, 0, 0, -1, 0, 0, -22,
    0, 0, 0, 0, -5, 0, 0, 0,
    0
};


/*Collect the kern class' data in one place*/
static const lv_font_fmt_txt_kern_classes_t kern_classes =
{
    .class_pair_values   = kern_class_values,
    .left_class_mapping  = kern_left_class_mapping,
    .right_class_mapping = kern_right_class_mapping,
    .left_class_cnt      = 45,
    .right_class_cnt     = 37,
};

/*--------------------
 *  ALL CUSTOM DATA
 *--------------------*/

#if LVGL_VERSION_MAJOR == 8
/*Store all the custom data of the font*/
static  lv_font_fmt_txt_glyph_cache_t cache;
#endif

#if LVGL_VERSION_MAJOR >= 8
static const lv_font_fmt_txt_dsc_t font_dsc = {
#else
static lv_font_fmt_txt_dsc_t font_dsc = {
#endif
    .glyph_bitmap = glyph_bitmap,
    .glyph_dsc = glyph_dsc,
    .cmaps = cmaps,
    .kern_dsc = &kern_classes,
    .kern_scale = 16,
    .cmap_num = 1,
    .bpp = 4,
    .kern_classes = 1,
    .bitmap_format = 0,
#if LVGL_VERSION_MAJOR == 8
    .cache = &cache
#endif
};



/*-----------------
 *  PUBLIC FONT
 *----------------*/

/*Initialize a public general font descriptor*/
#if LVGL_VERSION_MAJOR >= 8
const lv_font_t lv_font_barlow_bold_48 = {
#else
lv_font_t lv_font_barlow_bold_48 = {
#endif
    .get_glyph_dsc = lv_font_get_glyph_dsc_fmt_txt,    /*Function pointer to get glyph's data*/
    .get_glyph_bitmap = lv_font_get_bitmap_fmt_txt,    /*Function pointer to get glyph's bitmap*/
    .line_height = 48,          /*The maximum line height required by the font*/
    .base_line = 10,             /*Baseline measured from the bottom of the line*/
#if !(LVGL_VERSION_MAJOR == 6 && LVGL_VERSION_MINOR == 0)
    .subpx = LV_FONT_SUBPX_NONE,
#endif
#if LV_VERSION_CHECK(7, 4, 0) || LVGL_VERSION_MAJOR >= 8
    .underline_position = -4,
    .underline_thickness = 2,
#endif
    .dsc = &font_dsc,          /*The custom font data. Will be accessed by `get_glyph_bitmap/dsc` */
#if LV_VERSION_CHECK(8, 2, 0) || LVGL_VERSION_MAJOR >= 9
    .fallback = NULL,
#endif
    .user_data = NULL,
};



#endif /*#if LV_FONT_BARLOW_BOLD_48*/

